scope_or_phase,key_family,key,writer_pid,writer_start,reader_pid,reader_start
tstoreread_cold__,splmode,tstoreread_cold__splmode_T-STORE-READ_tsr:full_0_ff5224c56da2e3d2,34228,2026-10-06T10:55:39.541069,34228,2026-10-06T10:55:39.541069
tstoreread_cold__,splmode,tstoreread_cold__splmode_T-STORE-READ_tsr:full_1_ff5224c56da2e3d2,34228,2026-10-06T10:55:39.541069,34228,2026-10-06T10:55:39.541069
tstoreread_cold__,splmode,tstoreread_cold__splmode_T-STORE-READ_tsr:full_2_ff5224c56da2e3d2,34228,2026-10-06T10:55:39.541069,34228,2026-10-06T10:55:39.541069
tstoreread_cold__,splmode,tstoreread_cold__splmode_T-STORE-READ_tsr:full_3_ff5224c56da2e3d2,34228,2026-10-06T10:55:39.541069,34228,2026-10-06T10:55:39.541069
tstoreread_cold__,splmode,tstoreread_cold__splmode_T-STORE-READ_tsr:full_4_ff5224c56da2e3d2,34228,2026-10-06T10:55:39.541069,34228,2026-10-06T10:55:39.541069
tstoreread_cold__,splmode,tstoreread_cold__splmode_T-STORE-READ_tsr:full_5_ff5224c56da2e3d2,34228,2026-10-06T10:55:39.541069,34228,2026-10-06T10:55:39.541069
tstoreread_cold__,splmode,tstoreread_cold__splmode_T-STORE-READ_tsr:full_6_ff5224c56da2e3d2,34228,2026-10-06T10:55:39.541069,34228,2026-10-06T10:55:39.541069
tstoreread_cold__,splmode,tstoreread_cold__splmode_T-STORE-READ_tsr:full_7_ff5224c56da2e3d2,34228,2026-10-06T10:55:39.541069,34228,2026-10-06T10:55:39.541069
tstoreread_cold__,splmode,tstoreread_cold__splmode_T-STORE-READ_tsr:full_8_ff5224c56da2e3d2,34228,2026-10-06T10:55:39.541069,34228,2026-10-06T10:55:39.541069
tstoreread_cold__,splmode,tstoreread_cold__splmode_T-STORE-READ_tsr:full_9_ff5224c56da2e3d2,34228,2026-10-06T10:55:39.541069,34228,2026-10-06T10:55:39.541069
tstoreread_cold__,splmode,tstoreread_cold__splmode_T-STORE-READ_tsr:full_10_ff5224c56da2e3d2,34228,2026-10-06T10:55:39.541069,34228,2026-10-06T10:55:39.541069
tstoreread_cold__,splmode,tstoreread_cold__splmode_T-STORE-READ_tsr:full_11_ff5224c56da2e3d2,34228,2026-10-06T10:55:39.541069,34228,2026-10-06T10:55:39.541069
tstoreread_cold__,splmode,tstoreread_cold__splmode_T-STORE-READ_tsr:full_12_ff5224c56da2e3d2,34228,2026-10-06T10:55:39.541069,34228,2026-10-06T10:55:39.541069
tstoreread_cold__,splmode,tstoreread_cold__splmode_T-STORE-READ_tsr:full_13_ff5224c56da2e3d2,34228,2026-10-06T10:55:39.541069,34228,2026-10-06T10:55:39.541069
tstoreread_cold__,splmode,tstoreread_cold__splmode_T-STORE-READ_tsr:full_14_ff5224c56da2e3d2,34228,2026-10-06T10:55:39.541069,34228,2026-10-06T10:55:39.541069
tstoreread_cold__,splmode,tstoreread_cold__splmode_T-STORE-READ_tsr:full_15_ff5224c56da2e3d2,34228,2026-10-06T10:55:39.541069,34228,2026-10-06T10:55:39.541069
tstoreread_cold__,splmode,tstoreread_cold__splmode_T-STORE-READ_tsr:full_16_ff5224c56da2e3d2,34228,2026-10-06T10:55:39.541069,34228,2026-10-06T10:55:39.541069
tstoreread_cold__,splmode,tstoreread_cold__splmode_T-STORE-READ_tsr:full_17_ff5224c56da2e3d2,34228,2026-10-06T10:55:39.541069,34228,2026-10-06T10:55:39.541069
tstoreread_cold__,splmode,tstoreread_cold__splmode_T-STORE-READ_tsr:full_18_ff5224c56da2e3d2,34228,2026-10-06T10:55:39.541069,34228,2026-10-06T10:55:39.541069
tstoreread_cold__,splmode,tstoreread_cold__splmode_T-STORE-READ_tsr:full_19_ff5224c56da2e3d2,34228,2026-10-06T10:55:39.541069,34228,2026-10-06T10:55:39.541069
tstoreread_cold__,splmode,tstoreread_cold__splmode_T-STORE-READ_tsr:full_20_ff5224c56da2e3d2,34228,2026-10-06T10:55:39.541069,34228,2026-10-06T10:55:39.541069
tstoreread_cold__,splmode,tstoreread_cold__splmode_T-STORE-READ_tsr:full_21_ff5224c56da2e3d2,34228,2026-10-06T10:55:39.541069,34228,2026-10-06T10:55:39.541069
tstoreread_cold__,splmode,tstoreread_cold__splmode_T-STORE-READ_tsr:full_22_ff5224c56da2e3d2,34228,2026-10-06T10:55:39.541069,34228,2026-10-06T10:55:39.541069
tstoreread_cold__,splmode,tstoreread_cold__splmode_T-STORE-READ_tsr:full_23_ff5224c56da2e3d2,34228,2026-10-06T10:55:39.541069,34228,2026-10-06T10:55:39.541069
tstoreread_cold__,splmode,tstoreread_cold__splmode_T-STORE-READ_tsr:full_24_ff5224c56da2e3d2,34228,2026-10-06T10:55:39.541069,34228,2026-10-06T10:55:39.541069
tstoreread_cold__,splmode,tstoreread_cold__splmode_T-STORE-READ_tsr:full_25_ff5224c56da2e3d2,34228,2026-10-06T10:55:39.541069,34228,2026-10-06T10:55:39.541069
tstoreread_cold__,splmode,tstoreread_cold__splmode_T-STORE-READ_tsr:full_26_ff5224c56da2e3d2,34228,2026-10-06T10:55:39.541069,34228,2026-10-06T10:55:39.541069
tstoreread_cold__,splmode,tstoreread_cold__splmode_T-STORE-READ_tsr:full_27_ff5224c56da2e3d2,34228,2026-10-06T10:55:39.541069,34228,2026-10-06T10:55:39.541069
tstoreread_cold__,splmode,tstoreread_cold__splmode_T-STORE-READ_tsr:full_28_ff5224c56da2e3d2,34228,2026-10-06T10:55:39.541069,34228,2026-10-06T10:55:39.541069
tstoreread_cold__,splmode,tstoreread_cold__splmode_T-STORE-READ_tsr:full_29_ff5224c56da2e3d2,34228,2026-10-06T10:55:39.541069,34228,2026-10-06T10:55:39.541069
tstoreread_cold__,splmode,tstoreread_cold__splmode_T-STORE-READ_tsr:full_30_ff5224c56da2e3d2,34228,2026-10-06T10:55:39.541069,34228,2026-10-06T10:55:39.541069
tstoreread_cold__,splmode,tstoreread_cold__splmode_T-STORE-READ_tsr:full_31_ff5224c56da2e3d2,34228,2026-10-06T10:55:39.541069,34228,2026-10-06T10:55:39.541069
tstoreread_cold__,splmode,tstoreread_cold__splmode_T-STORE-READ_tsr:full_32_ff5224c56da2e3d2,34228,2026-10-06T10:55:39.541069,34228,2026-10-06T10:55:39.541069
tstoreread_cold__,splmode,tstoreread_cold__splmode_T-STORE-READ_tsr:full_33_ff5224c56da2e3d2,34228,2026-10-06T10:55:39.541069,34228,2026-10-06T10:55:39.541069
tstoreread_cold__,splmode,tstoreread_cold__splmode_T-STORE-READ_tsr:full_34_ff5224c56da2e3d2,34228,2026-10-06T10:55:39.541069,34228,2026-10-06T10:55:39.541069
tstoreread_cold__,splmode,tstoreread_cold__splmode_T-STORE-READ_tsr:full_35_ff5224c56da2e3d2,34228,2026-10-06T10:55:39.541069,34228,2026-10-06T10:55:39.541069
tstoreread_cold__,splmode,tstoreread_cold__splmode_T-STORE-READ_tsr:full_36_ff5224c56da2e3d2,34228,2026-10-06T10:55:39.541069,34228,2026-10-06T10:55:39.541069
tstoreread_cold__,splmode,tstoreread_cold__splmode_T-STORE-READ_tsr:full_37_ff5224c56da2e3d2,34228,2026-10-06T10:55:39.541069,34228,2026-10-06T10:55:39.541069
tstoreread_cold__,splmode,tstoreread_cold__splmode_T-STORE-READ_tsr:full_38_ff5224c56da2e3d2,34228,2026-10-06T10:55:39.541069,34228,2026-10-06T10:55:39.541069
tstoreread_cold__,splmode,tstoreread_cold__splmode_T-STORE-READ_tsr:full_39_ff5224c56da2e3d2,34228,2026-10-06T10:55:39.541069,34228,2026-10-06T10:55:39.541069
tstoreread_cold__,splmode,tstoreread_cold__splmode_T-STORE-READ_tsr:full_40_ff5224c56da2e3d2,34228,2026-10-06T10:55:39.541069,34228,2026-10-06T10:55:39.541069
tstoreread_cold__,splmode,tstoreread_cold__splmode_T-STORE-READ_tsr:full_41_ff5224c56da2e3d2,34228,2026-10-06T10:55:39.541069,34228,2026-10-06T10:55:39.541069
tstoreread_cold__,splmode,tstoreread_cold__splmode_T-STORE-READ_tsr:full_42_ff5224c56da2e3d2,34228,2026-10-06T10:55:39.541069,34228,2026-10-06T10:55:39.541069
tstoreread_cold__,splmode,tstoreread_cold__splmode_T-STORE-READ_tsr:full_43_ff5224c56da2e3d2,34228,2026-10-06T10:55:39.541069,34228,2026-10-06T10:55:39.541069
tstoreread_cold__,splmode,tstoreread_cold__splmode_T-STORE-READ_tsr:full_44_ff5224c56da2e3d2,34228,2026-10-06T10:55:39.541069,34228,2026-10-06T10:55:39.541069
tstoreread_cold__,splmode,tstoreread_cold__splmode_T-STORE-READ_tsr:full_45_ff5224c56da2e3d2,34228,2026-10-06T10:55:39.541069,34228,2026-10-06T10:55:39.541069
tstoreread_cold__,splmode,tstoreread_cold__splmode_T-STORE-READ_tsr:full_46_ff5224c56da2e3d2,34228,2026-10-06T10:55:39.541069,34228,2026-10-06T10:55:39.541069
tstoreread_cold__,splmode,tstoreread_cold__splmode_T-STORE-READ_tsr:full_47_ff5224c56da2e3d2,34228,2026-10-06T10:55:39.541069,34228,2026-10-06T10:55:39.541069
tstoreread_cold__,splmode,tstoreread_cold__splmode_T-STORE-READ_tsr:full_48_ff5224c56da2e3d2,34228,2026-10-06T10:55:39.541069,34228,2026-10-06T10:55:39.541069
tstoreread_cold__,splmode,tstoreread_cold__splmode_T-STORE-READ_tsr:full_49_ff5224c56da2e3d2,34228,2026-10-06T10:55:39.541069,34228,2026-10-06T10:55:39.541069
tstoreread_cold__,splmode,tstoreread_cold__splmode_T-STORE-READ_tsr:full_50_ff5224c56da2e3d2,34228,2026-10-06T10:55:39.541069,34228,2026-10-06T10:55:39.541069
tstoreread_cold__,splmode,tstoreread_cold__splmode_T-STORE-READ_tsr:full_51_ff5224c56da2e3d2,34228,2026-10-06T10:55:39.541069,34228,2026-10-06T10:55:39.541069
tstoreread_cold__,splmode,tstoreread_cold__splmode_T-STORE-READ_tsr:full_52_ff5224c56da2e3d2,34228,2026-10-06T10:55:39.541069,34228,2026-10-06T10:55:39.541069
tstoreread_cold__,splmode,tstoreread_cold__splmode_T-STORE-READ_tsr:full_53_ff5224c56da2e3d2,34228,2026-10-06T10:55:39.541069,34228,2026-10-06T10:55:39.541069
tstoreread_cold__,splmode,tstoreread_cold__splmode_T-STORE-READ_tsr:full_54_ff5224c56da2e3d2,34228,2026-10-06T10:55:39.541069,34228,2026-10-06T10:55:39.541069
tstoreread_cold__,splmode,tstoreread_cold__splmode_T-STORE-READ_tsr:full_55_ff5224c56da2e3d2,34228,2026-10-06T10:55:39.541069,34228,2026-10-06T10:55:39.541069
tstoreread_cold__,splmode,tstoreread_cold__splmode_T-STORE-READ_tsr:full_56_ff5224c56da2e3d2,34228,2026-10-06T10:55:39.541069,34228,2026-10-06T10:55:39.541069
tstoreread_cold__,splmode,tstoreread_cold__splmode_T-STORE-READ_tsr:full_57_ff5224c56da2e3d2,34228,2026-10-06T10:55:39.541069,34228,2026-10-06T10:55:39.541069
tstoreread_cold__,splmode,tstoreread_cold__splmode_T-STORE-READ_tsr:full_58_ff5224c56da2e3d2,34228,2026-10-06T10:55:39.541069,34228,2026-10-06T10:55:39.541069
tstoreread_cold__,splmode,tstoreread_cold__splmode_T-STORE-READ_tsr:full_59_ff5224c56da2e3d2,34228,2026-10-06T10:55:39.541069,34228,2026-10-06T10:55:39.541069
tstoreread_cold__,splmode,tstoreread_cold__splmode_T-STORE-READ_tsr:full_60_ff5224c56da2e3d2,34228,2026-10-06T10:55:39.541069,34228,2026-10-06T10:55:39.541069
tstoreread_cold__,splmode,tstoreread_cold__splmode_T-STORE-READ_tsr:full_61_ff5224c56da2e3d2,34228,2026-10-06T10:55:39.541069,34228,2026-10-06T10:55:39.541069
tstoreread_cold__,splmode,tstoreread_cold__splmode_T-STORE-READ_tsr:full_62_ff5224c56da2e3d2,34228,2026-10-06T10:55:39.541069,34228,2026-10-06T10:55:39.541069
tstoreread_cold__,splmode,tstoreread_cold__splmode_T-STORE-READ_tsr:full_63_ff5224c56da2e3d2,34228,2026-10-06T10:55:39.541069,34228,2026-10-06T10:55:39.541069
tstoreread_cold__,splmode,tstoreread_cold__splmode_T-STORE-READ_tsr:full_64_ff5224c56da2e3d2,34228,2026-10-06T10:55:39.541069,34228,2026-10-06T10:55:39.541069
tstoreread_cold__,splmode,tstoreread_cold__splmode_T-STORE-READ_tsr:full_65_ff5224c56da2e3d2,34228,2026-10-06T10:55:39.541069,34228,2026-10-06T10:55:39.541069
tstoreread_cold__,splmode,tstoreread_cold__splmode_T-STORE-READ_tsr:full_66_ff5224c56da2e3d2,34228,2026-10-06T10:55:39.541069,34228,2026-10-06T10:55:39.541069
tstoreread_cold__,splmode,tstoreread_cold__splmode_T-STORE-READ_tsr:full_67_ff5224c56da2e3d2,34228,2026-10-06T10:55:39.541069,34228,2026-10-06T10:55:39.541069
tstoreread_cold__,splmode,tstoreread_cold__splmode_T-STORE-READ_tsr:full_68_ff5224c56da2e3d2,34228,2026-10-06T10:55:39.541069,34228,2026-10-06T10:55:39.541069
tstoreread_cold__,splmode,tstoreread_cold__splmode_T-STORE-READ_tsr:full_69_ff5224c56da2e3d2,34228,2026-10-06T10:55:39.541069,34228,2026-10-06T10:55:39.541069
tstoreread_cold__,splmode,tstoreread_cold__splmode_T-STORE-READ_tsr:full_70_ff5224c56da2e3d2,34228,2026-10-06T10:55:39.541069,34228,2026-10-06T10:55:39.541069
tstoreread_cold__,splmode,tstoreread_cold__splmode_T-STORE-READ_tsr:full_71_ff5224c56da2e3d2,34228,2026-10-06T10:55:39.541069,34228,2026-10-06T10:55:39.541069
tstoreread_cold__,splmode,tstoreread_cold__splmode_T-STORE-READ_tsr:full_72_ff5224c56da2e3d2,34228,2026-10-06T10:55:39.541069,34228,2026-10-06T10:55:39.541069
tstoreread_cold__,splmode,tstoreread_cold__splmode_T-STORE-READ_tsr:full_73_ff5224c56da2e3d2,34228,2026-10-06T10:55:39.541069,34228,2026-10-06T10:55:39.541069
tstoreread_cold__,splmode,tstoreread_cold__splmode_T-STORE-READ_tsr:full_74_ff5224c56da2e3d2,34228,2026-10-06T10:55:39.541069,34228,2026-10-06T10:55:39.541069
tstoreread_cold__,splmode,tstoreread_cold__splmode_T-STORE-READ_tsr:full_75_ff5224c56da2e3d2,34228,2026-10-06T10:55:39.541069,34228,2026-10-06T10:55:39.541069
tstoreread_cold__,splmode,tstoreread_cold__splmode_T-STORE-READ_tsr:full_76_ff5224c56da2e3d2,34228,2026-10-06T10:55:39.541069,34228,2026-10-06T10:55:39.541069
tstoreread_cold__,splmode,tstoreread_cold__splmode_T-STORE-READ_tsr:full_77_ff5224c56da2e3d2,34228,2026-10-06T10:55:39.541069,34228,2026-10-06T10:55:39.541069
tstoreread_cold__,splmode,tstoreread_cold__splmode_T-STORE-READ_tsr:full_78_ff5224c56da2e3d2,34228,2026-10-06T10:55:39.541069,34228,2026-10-06T10:55:39.541069
tstoreread_cold__,splmode,tstoreread_cold__splmode_T-STORE-READ_tsr:full_79_ff5224c56da2e3d2,34228,2026-10-06T10:55:39.541069,34228,2026-10-06T10:55:39.541069
tstoreread_cold__,splmode,tstoreread_cold__splmode_T-STORE-READ_tsr:full_80_ff5224c56da2e3d2,34228,2026-10-06T10:55:39.541069,34228,2026-10-06T10:55:39.541069
tstoreread_cold__,splmode,tstoreread_cold__splmode_T-STORE-READ_tsr:full_81_ff5224c56da2e3d2,34228,2026-10-06T10:55:39.541069,34228,2026-10-06T10:55:39.541069
tstoreread_cold__,splmode,tstoreread_cold__splmode_T-STORE-READ_tsr:full_82_ff5224c56da2e3d2,34228,2026-10-06T10:55:39.541069,34228,2026-10-06T10:55:39.541069
tstoreread_cold__,splmode,tstoreread_cold__splmode_T-STORE-READ_tsr:full_83_ff5224c56da2e3d2,34228,2026-10-06T10:55:39.541069,34228,2026-10-06T10:55:39.541069
tstoreread_cold__,splmode,tstoreread_cold__splmode_T-STORE-READ_tsr:full_84_ff5224c56da2e3d2,34228,2026-10-06T10:55:39.541069,34228,2026-10-06T10:55:39.541069
tstoreread_cold__,splmode,tstoreread_cold__splmode_T-STORE-READ_tsr:full_85_ff5224c56da2e3d2,34228,2026-10-06T10:55:39.541069,34228,2026-10-06T10:55:39.541069
tstoreread_cold__,splmode,tstoreread_cold__splmode_T-STORE-READ_tsr:full_86_ff5224c56da2e3d2,34228,2026-10-06T10:55:39.541069,34228,2026-10-06T10:55:39.541069
tstoreread_cold__,splmode,tstoreread_cold__splmode_T-STORE-READ_tsr:full_87_ff5224c56da2e3d2,34228,2026-10-06T10:55:39.541069,34228,2026-10-06T10:55:39.541069
tstoreread_cold__,splmode,tstoreread_cold__splmode_T-STORE-READ_tsr:full_88_ff5224c56da2e3d2,34228,2026-10-06T10:55:39.541069,34228,2026-10-06T10:55:39.541069
tstoreread_cold__,splmode,tstoreread_cold__splmode_T-STORE-READ_tsr:full_89_ff5224c56da2e3d2,34228,2026-10-06T10:55:39.541069,34228,2026-10-06T10:55:39.541069
tstoreread_cold__,splmode,tstoreread_cold__splmode_T-STORE-READ_tsr:full_90_ff5224c56da2e3d2,34228,2026-10-06T10:55:39.541069,34228,2026-10-06T10:55:39.541069
tstoreread_cold__,splmode,tstoreread_cold__splmode_T-STORE-READ_tsr:full_91_ff5224c56da2e3d2,34228,2026-10-06T10:55:39.541069,34228,2026-10-06T10:55:39.541069
tstoreread_cold__,splmode,tstoreread_cold__splmode_T-STORE-READ_tsr:full_92_ff5224c56da2e3d2,34228,2026-10-06T10:55:39.541069,34228,2026-10-06T10:55:39.541069
tstoreread_cold__,splmode,tstoreread_cold__splmode_T-STORE-READ_tsr:full_93_ff5224c56da2e3d2,34228,2026-10-06T10:55:39.541069,34228,2026-10-06T10:55:39.541069
tstoreread_cold__,splmode,tstoreread_cold__splmode_T-STORE-READ_tsr:full_94_ff5224c56da2e3d2,34228,2026-10-06T10:55:39.541069,34228,2026-10-06T10:55:39.541069
tstoreread_cold__,splmode,tstoreread_cold__splmode_T-STORE-READ_tsr:full_95_ff5224c56da2e3d2,34228,2026-10-06T10:55:39.541069,34228,2026-10-06T10:55:39.541069
tstoreread_cold__,splmode,tstoreread_cold__splmode_T-STORE-READ_tsr:full_96_ff5224c56da2e3d2,34228,2026-10-06T10:55:39.541069,34228,2026-10-06T10:55:39.541069
tstoreread_cold__,splmode,tstoreread_cold__splmode_T-STORE-READ_tsr:full_97_ff5224c56da2e3d2,34228,2026-10-06T10:55:39.541069,34228,2026-10-06T10:55:39.541069
tstoreread_cold__,splmode,tstoreread_cold__splmode_T-STORE-READ_tsr:full_98_ff5224c56da2e3d2,34228,2026-10-06T10:55:39.541069,34228,2026-10-06T10:55:39.541069
tstoreread_cold__,splmode,tstoreread_cold__splmode_T-STORE-READ_tsr:full_99_ff5224c56da2e3d2,34228,2026-10-06T10:55:39.541069,34228,2026-10-06T10:55:39.541069
tstoreread_cold__,splmode,tstoreread_cold__splmode_T-STORE-READ_tsr:full_100_ff5224c56da2e3d2,34228,2026-10-06T10:55:39.541069,34228,2026-10-06T10:55:39.541069
tstoreread_cold__,splmode,tstoreread_cold__splmode_T-STORE-READ_tsr:full_101_ff5224c56da2e3d2,34228,2026-10-06T10:55:39.541069,34228,2026-10-06T10:55:39.541069
tstoreread_cold__,splmode,tstoreread_cold__splmode_T-STORE-READ_tsr:full_102_ff5224c56da2e3d2,34228,2026-10-06T10:55:39.541069,34228,2026-10-06T10:55:39.541069
tstoreread_cold__,splmode,tstoreread_cold__splmode_T-STORE-READ_tsr:full_103_ff5224c56da2e3d2,34228,2026-10-06T10:55:39.541069,34228,2026-10-06T10:55:39.541069
tstoreread_cold__,splmode,tstoreread_cold__splmode_T-STORE-READ_tsr:full_104_ff5224c56da2e3d2,34228,2026-10-06T10:55:39.541069,34228,2026-10-06T10:55:39.541069
tstoreread_cold__,splmode,tstoreread_cold__splmode_T-STORE-READ_tsr:full_105_ff5224c56da2e3d2,34228,2026-10-06T10:55:39.541069,34228,2026-10-06T10:55:39.541069
tstoreread_cold__,splmode,tstoreread_cold__splmode_T-STORE-READ_tsr:full_106_ff5224c56da2e3d2,34228,2026-10-06T10:55:39.541069,34228,2026-10-06T10:55:39.541069
tstoreread_cold__,splmode,tstoreread_cold__splmode_T-STORE-READ_tsr:full_107_ff5224c56da2e3d2,34228,2026-10-06T10:55:39.541069,34228,2026-10-06T10:55:39.541069
tstoreread_cold__,splmode,tstoreread_cold__splmode_T-STORE-READ_tsr:full_108_ff5224c56da2e3d2,34228,2026-10-06T10:55:39.541069,34228,2026-10-06T10:55:39.541069
tstoreread_cold__,splmode,tstoreread_cold__splmode_T-STORE-READ_tsr:full_109_ff5224c56da2e3d2,34228,2026-10-06T10:55:39.541069,34228,2026-10-06T10:55:39.541069
tstoreread_cold__,splmode,tstoreread_cold__splmode_T-STORE-READ_tsr:full_110_ff5224c56da2e3d2,34228,2026-10-06T10:55:39.541069,34228,2026-10-06T10:55:39.541069
tstoreread_cold__,splmode,tstoreread_cold__splmode_T-STORE-READ_tsr:full_111_ff5224c56da2e3d2,34228,2026-10-06T10:55:39.541069,34228,2026-10-06T10:55:39.541069
tstoreread_cold__,splmode,tstoreread_cold__splmode_T-STORE-READ_tsr:full_112_ff5224c56da2e3d2,34228,2026-10-06T10:55:39.541069,34228,2026-10-06T10:55:39.541069
tstoreread_cold__,splmode,tstoreread_cold__splmode_T-STORE-READ_tsr:full_113_ff5224c56da2e3d2,34228,2026-10-06T10:55:39.541069,34228,2026-10-06T10:55:39.541069
tstoreread_cold__,splmode,tstoreread_cold__splmode_T-STORE-READ_tsr:full_114_ff5224c56da2e3d2,34228,2026-10-06T10:55:39.541069,34228,2026-10-06T10:55:39.541069
tstoreread_cold__,splmode,tstoreread_cold__splmode_T-STORE-READ_tsr:full_115_ff5224c56da2e3d2,34228,2026-10-06T10:55:39.541069,34228,2026-10-06T10:55:39.541069
tstoreread_cold__,splmode,tstoreread_cold__splmode_T-STORE-READ_tsr:full_116_ff5224c56da2e3d2,34228,2026-10-06T10:55:39.541069,34228,2026-10-06T10:55:39.541069
tstoreread_cold__,splmode,tstoreread_cold__splmode_T-STORE-READ_tsr:full_117_ff5224c56da2e3d2,34228,2026-10-06T10:55:39.541069,34228,2026-10-06T10:55:39.541069
tstoreread_cold__,splmode,tstoreread_cold__splmode_T-STORE-READ_tsr:full_118_ff5224c56da2e3d2,34228,2026-10-06T10:55:39.541069,34228,2026-10-06T10:55:39.541069
tstoreread_cold__,splmode,tstoreread_cold__splmode_T-STORE-READ_tsr:full_119_ff5224c56da2e3d2,34228,2026-10-06T10:55:39.541069,34228,2026-10-06T10:55:39.541069
tstoreread_cold__,splmode,tstoreread_cold__splmode_T-STORE-READ_tsr:full_120_ff5224c56da2e3d2,34228,2026-10-06T10:55:39.541069,34228,2026-10-06T10:55:39.541069
tstoreread_cold__,splmode,tstoreread_cold__splmode_T-STORE-READ_tsr:full_121_ff5224c56da2e3d2,34228,2026-10-06T10:55:39.541069,34228,2026-10-06T10:55:39.541069
tstoreread_cold__,splmode,tstoreread_cold__splmode_T-STORE-READ_tsr:full_122_ff5224c56da2e3d2,34228,2026-10-06T10:55:39.541069,34228,2026-10-06T10:55:39.541069
tstoreread_cold__,splmode,tstoreread_cold__splmode_T-STORE-READ_tsr:full_123_ff5224c56da2e3d2,34228,2026-10-06T10:55:39.541069,34228,2026-10-06T10:55:39.541069
tstoreread_cold__,splmode,tstoreread_cold__splmode_T-STORE-READ_tsr:full_124_ff5224c56da2e3d2,34228,2026-10-06T10:55:39.541069,34228,2026-10-06T10:55:39.541069
tstoreread_cold__,splmode,tstoreread_cold__splmode_T-STORE-READ_tsr:full_125_ff5224c56da2e3d2,34228,2026-10-06T10:55:39.541069,34228,2026-10-06T10:55:39.541069
tstoreread_cold__,splmode,tstoreread_cold__splmode_T-STORE-READ_tsr:full_126_ff5224c56da2e3d2,34228,2026-10-06T10:55:39.541069,34228,2026-10-06T10:55:39.541069
tstoreread_cold__,splmode,tstoreread_cold__splmode_T-STORE-READ_tsr:full_127_ff5224c56da2e3d2,34228,2026-10-06T10:55:39.541069,34228,2026-10-06T10:55:39.541069
tstoreread_cold__,splmode,tstoreread_cold__splmode_T-STORE-READ_tsr:full_128_ff5224c56da2e3d2,34228,2026-10-06T10:55:39.541069,34228,2026-10-06T10:55:39.541069
tstoreread_cold__,splmode,tstoreread_cold__splmode_T-STORE-READ_tsr:full_129_ff5224c56da2e3d2,34228,2026-10-06T10:55:39.541069,34228,2026-10-06T10:55:39.541069
tstoreread_cold__,splmode,tstoreread_cold__splmode_T-STORE-READ_tsr:full_130_ff5224c56da2e3d2,34228,2026-10-06T10:55:39.541069,34228,2026-10-06T10:55:39.541069
tstoreread_cold__,splmode,tstoreread_cold__splmode_T-STORE-READ_tsr:full_131_ff5224c56da2e3d2,34228,2026-10-06T10:55:39.541069,34228,2026-10-06T10:55:39.541069
tstoreread_cold__,splmode,tstoreread_cold__splmode_T-STORE-READ_tsr:full_132_ff5224c56da2e3d2,34228,2026-10-06T10:55:39.541069,34228,2026-10-06T10:55:39.541069
tstoreread_cold__,splmode,tstoreread_cold__splmode_T-STORE-READ_tsr:full_133_ff5224c56da2e3d2,34228,2026-10-06T10:55:39.541069,34228,2026-10-06T10:55:39.541069
tstoreread_cold__,splmode,tstoreread_cold__splmode_T-STORE-READ_tsr:full_134_ff5224c56da2e3d2,34228,2026-10-06T10:55:39.541069,34228,2026-10-06T10:55:39.541069
tstoreread_cold__,splmode,tstoreread_cold__splmode_T-STORE-READ_tsr:full_135_ff5224c56da2e3d2,34228,2026-10-06T10:55:39.541069,34228,2026-10-06T10:55:39.541069
tstoreread_cold__,splmode,tstoreread_cold__splmode_T-STORE-READ_tsr:full_136_ff5224c56da2e3d2,34228,2026-10-06T10:55:39.541069,34228,2026-10-06T10:55:39.541069
tstoreread_cold__,splmode,tstoreread_cold__splmode_T-STORE-READ_tsr:full_137_ff5224c56da2e3d2,34228,2026-10-06T10:55:39.541069,34228,2026-10-06T10:55:39.541069
tstoreread_cold__,splmode,tstoreread_cold__splmode_T-STORE-READ_tsr:full_138_ff5224c56da2e3d2,34228,2026-10-06T10:55:39.541069,34228,2026-10-06T10:55:39.541069
tstoreread_cold__,splmode,tstoreread_cold__splmode_T-STORE-READ_tsr:full_139_ff5224c56da2e3d2,34228,2026-10-06T10:55:39.541069,34228,2026-10-06T10:55:39.541069
tstoreread_cold__,splmode,tstoreread_cold__splmode_T-STORE-READ_tsr:full_140_ff5224c56da2e3d2,34228,2026-10-06T10:55:39.541069,34228,2026-10-06T10:55:39.541069
tstoreread_cold__,splmode,tstoreread_cold__splmode_T-STORE-READ_tsr:full_141_ff5224c56da2e3d2,34228,2026-10-06T10:55:39.541069,34228,2026-10-06T10:55:39.541069
tstoreread_cold__,splmode,tstoreread_cold__splmode_T-STORE-READ_tsr:full_142_ff5224c56da2e3d2,34228,2026-10-06T10:55:39.541069,34228,2026-10-06T10:55:39.541069
tstoreread_cold__,splmode,tstoreread_cold__splmode_T-STORE-READ_tsr:full_143_ff5224c56da2e3d2,34228,2026-10-06T10:55:39.541069,34228,2026-10-06T10:55:39.541069
tstoreread_cold__,splmode,tstoreread_cold__splmode_T-STORE-READ_tsr:full_144_ff5224c56da2e3d2,34228,2026-10-06T10:55:39.541069,34228,2026-10-06T10:55:39.541069
tstoreread_cold__,splmode,tstoreread_cold__splmode_T-STORE-READ_tsr:full_145_ff5224c56da2e3d2,34228,2026-10-06T10:55:39.541069,34228,2026-10-06T10:55:39.541069
tstoreread_cold__,splmode,tstoreread_cold__splmode_T-STORE-READ_tsr:full_0_ff5224c56da2e3d2,34228,2026-10-06T10:55:39.541069,34228,2026-10-06T10:55:39.541069
tstoreread_cold__,splmode,tstoreread_cold__splmode_T-STORE-READ_tsr:full_1_ff5224c56da2e3d2,34228,2026-10-06T10:55:39.541069,34228,2026-10-06T10:55:39.541069
tstoreread_cold__,splmode,tstoreread_cold__splmode_T-STORE-READ_tsr:full_2_ff5224c56da2e3d2,34228,2026-10-06T10:55:39.541069,34228,2026-10-06T10:55:39.541069
tstoreread_cold__,splmode,tstoreread_cold__splmode_T-STORE-READ_tsr:full_3_ff5224c56da2e3d2,34228,2026-10-06T10:55:39.541069,34228,2026-10-06T10:55:39.541069
tstoreread_cold__,splmode,tstoreread_cold__splmode_T-STORE-READ_tsr:full_4_ff5224c56da2e3d2,34228,2026-10-06T10:55:39.541069,34228,2026-10-06T10:55:39.541069
tstoreread_cold__,splmode,tstoreread_cold__splmode_T-STORE-READ_tsr:full_5_ff5224c56da2e3d2,34228,2026-10-06T10:55:39.541069,34228,2026-10-06T10:55:39.541069
tstoreread_cold__,splmode,tstoreread_cold__splmode_T-STORE-READ_tsr:full_6_ff5224c56da2e3d2,34228,2026-10-06T10:55:39.541069,34228,2026-10-06T10:55:39.541069
tstoreread_cold__,splmode,tstoreread_cold__splmode_T-STORE-READ_tsr:full_7_ff5224c56da2e3d2,34228,2026-10-06T10:55:39.541069,34228,2026-10-06T10:55:39.541069
tstoreread_cold__,splmode,tstoreread_cold__splmode_T-STORE-READ_tsr:full_8_ff5224c56da2e3d2,34228,2026-10-06T10:55:39.541069,34228,2026-10-06T10:55:39.541069
tstoreread_cold__,splmode,tstoreread_cold__splmode_T-STORE-READ_tsr:full_9_ff5224c56da2e3d2,34228,2026-10-06T10:55:39.541069,34228,2026-10-06T10:55:39.541069
tstoreread_cold__,splmode,tstoreread_cold__splmode_T-STORE-READ_tsr:full_10_ff5224c56da2e3d2,34228,2026-10-06T10:55:39.541069,34228,2026-10-06T10:55:39.541069
tstoreread_cold__,splmode,tstoreread_cold__splmode_T-STORE-READ_tsr:full_11_ff5224c56da2e3d2,34228,2026-10-06T10:55:39.541069,34228,2026-10-06T10:55:39.541069
tstoreread_cold__,splmode,tstoreread_cold__splmode_T-STORE-READ_tsr:full_12_ff5224c56da2e3d2,34228,2026-10-06T10:55:39.541069,34228,2026-10-06T10:55:39.541069
tstoreread_cold__,splmode,tstoreread_cold__splmode_T-STORE-READ_tsr:full_13_ff5224c56da2e3d2,34228,2026-10-06T10:55:39.541069,34228,2026-10-06T10:55:39.541069
tstoreread_cold__,splmode,tstoreread_cold__splmode_T-STORE-READ_tsr:full_14_ff5224c56da2e3d2,34228,2026-10-06T10:55:39.541069,34228,2026-10-06T10:55:39.541069
tstoreread_cold__,splmode,tstoreread_cold__splmode_T-STORE-READ_tsr:full_15_ff5224c56da2e3d2,34228,2026-10-06T10:55:39.541069,34228,2026-10-06T10:55:39.541069
tstoreread_cold__,splmode,tstoreread_cold__splmode_T-STORE-READ_tsr:full_16_ff5224c56da2e3d2,34228,2026-10-06T10:55:39.541069,34228,2026-10-06T10:55:39.541069
tstoreread_cold__,splmode,tstoreread_cold__splmode_T-STORE-READ_tsr:full_17_ff5224c56da2e3d2,34228,2026-10-06T10:55:39.541069,34228,2026-10-06T10:55:39.541069
tstoreread_cold__,splmode,tstoreread_cold__splmode_T-STORE-READ_tsr:full_18_ff5224c56da2e3d2,34228,2026-10-06T10:55:39.541069,34228,2026-10-06T10:55:39.541069
tstoreread_cold__,splmode,tstoreread_cold__splmode_T-STORE-READ_tsr:full_19_ff5224c56da2e3d2,34228,2026-10-06T10:55:39.541069,34228,2026-10-06T10:55:39.541069
tstoreread_cold__,splmode,tstoreread_cold__splmode_T-STORE-READ_tsr:full_20_ff5224c56da2e3d2,34228,2026-10-06T10:55:39.541069,34228,2026-10-06T10:55:39.541069
tstoreread_cold__,splmode,tstoreread_cold__splmode_T-STORE-READ_tsr:full_21_ff5224c56da2e3d2,34228,2026-10-06T10:55:39.541069,34228,2026-10-06T10:55:39.541069
tstoreread_cold__,splmode,tstoreread_cold__splmode_T-STORE-READ_tsr:full_22_ff5224c56da2e3d2,34228,2026-10-06T10:55:39.541069,34228,2026-10-06T10:55:39.541069
tstoreread_cold__,splmode,tstoreread_cold__splmode_T-STORE-READ_tsr:full_23_ff5224c56da2e3d2,34228,2026-10-06T10:55:39.541069,34228,2026-10-06T10:55:39.541069
tstoreread_cold__,splmode,tstoreread_cold__splmode_T-STORE-READ_tsr:full_24_ff5224c56da2e3d2,34228,2026-10-06T10:55:39.541069,34228,2026-10-06T10:55:39.541069
tstoreread_cold__,splmode,tstoreread_cold__splmode_T-STORE-READ_tsr:full_25_ff5224c56da2e3d2,34228,2026-10-06T10:55:39.541069,34228,2026-10-06T10:55:39.541069
tstoreread_cold__,splmode,tstoreread_cold__splmode_T-STORE-READ_tsr:full_26_ff5224c56da2e3d2,34228,2026-10-06T10:55:39.541069,34228,2026-10-06T10:55:39.541069
tstoreread_cold__,splmode,tstoreread_cold__splmode_T-STORE-READ_tsr:full_27_ff5224c56da2e3d2,34228,2026-10-06T10:55:39.541069,34228,2026-10-06T10:55:39.541069
tstoreread_cold__,splmode,tstoreread_cold__splmode_T-STORE-READ_tsr:full_28_ff5224c56da2e3d2,34228,2026-10-06T10:55:39.541069,34228,2026-10-06T10:55:39.541069
tstoreread_cold__,splmode,tstoreread_cold__splmode_T-STORE-READ_tsr:full_29_ff5224c56da2e3d2,34228,2026-10-06T10:55:39.541069,34228,2026-10-06T10:55:39.541069
tstoreread_cold__,splmode,tstoreread_cold__splmode_T-STORE-READ_tsr:full_30_ff5224c56da2e3d2,34228,2026-10-06T10:55:39.541069,34228,2026-10-06T10:55:39.541069
tstoreread_cold__,splmode,tstoreread_cold__splmode_T-STORE-READ_tsr:full_31_ff5224c56da2e3d2,34228,2026-10-06T10:55:39.541069,34228,2026-10-06T10:55:39.541069
tstoreread_cold__,splmode,tstoreread_cold__splmode_T-STORE-READ_tsr:full_32_ff5224c56da2e3d2,34228,2026-10-06T10:55:39.541069,34228,2026-10-06T10:55:39.541069
tstoreread_cold__,splmode,tstoreread_cold__splmode_T-STORE-READ_tsr:full_33_ff5224c56da2e3d2,34228,2026-10-06T10:55:39.541069,34228,2026-10-06T10:55:39.541069
tstoreread_cold__,splmode,tstoreread_cold__splmode_T-STORE-READ_tsr:full_34_ff5224c56da2e3d2,34228,2026-10-06T10:55:39.541069,34228,2026-10-06T10:55:39.541069
tstoreread_cold__,splmode,tstoreread_cold__splmode_T-STORE-READ_tsr:full_35_ff5224c56da2e3d2,34228,2026-10-06T10:55:39.541069,34228,2026-10-06T10:55:39.541069
tstoreread_cold__,splmode,tstoreread_cold__splmode_T-STORE-READ_tsr:full_36_ff5224c56da2e3d2,34228,2026-10-06T10:55:39.541069,34228,2026-10-06T10:55:39.541069
tstoreread_cold__,splmode,tstoreread_cold__splmode_T-STORE-READ_tsr:full_37_ff5224c56da2e3d2,34228,2026-10-06T10:55:39.541069,34228,2026-10-06T10:55:39.541069
tstoreread_cold__,splmode,tstoreread_cold__splmode_T-STORE-READ_tsr:full_38_ff5224c56da2e3d2,34228,2026-10-06T10:55:39.541069,34228,2026-10-06T10:55:39.541069
tstoreread_cold__,splmode,tstoreread_cold__splmode_T-STORE-READ_tsr:full_39_ff5224c56da2e3d2,34228,2026-10-06T10:55:39.541069,34228,2026-10-06T10:55:39.541069
tstoreread_cold__,splmode,tstoreread_cold__splmode_T-STORE-READ_tsr:full_40_ff5224c56da2e3d2,34228,2026-10-06T10:55:39.541069,34228,2026-10-06T10:55:39.541069
tstoreread_cold__,splmode,tstoreread_cold__splmode_T-STORE-READ_tsr:full_41_ff5224c56da2e3d2,34228,2026-10-06T10:55:39.541069,34228,2026-10-06T10:55:39.541069
tstoreread_cold__,splmode,tstoreread_cold__splmode_T-STORE-READ_tsr:full_42_ff5224c56da2e3d2,34228,2026-10-06T10:55:39.541069,34228,2026-10-06T10:55:39.541069
tstoreread_cold__,splmode,tstoreread_cold__splmode_T-STORE-READ_tsr:full_43_ff5224c56da2e3d2,34228,2026-10-06T10:55:39.541069,34228,2026-10-06T10:55:39.541069
tstoreread_cold__,splmode,tstoreread_cold__splmode_T-STORE-READ_tsr:full_44_ff5224c56da2e3d2,34228,2026-10-06T10:55:39.541069,34228,2026-10-06T10:55:39.541069
tstoreread_cold__,splmode,tstoreread_cold__splmode_T-STORE-READ_tsr:full_45_ff5224c56da2e3d2,34228,2026-10-06T10:55:39.541069,34228,2026-10-06T10:55:39.541069
tstoreread_cold__,splmode,tstoreread_cold__splmode_T-STORE-READ_tsr:full_46_ff5224c56da2e3d2,34228,2026-10-06T10:55:39.541069,34228,2026-10-06T10:55:39.541069
tstoreread_cold__,splmode,tstoreread_cold__splmode_T-STORE-READ_tsr:full_47_ff5224c56da2e3d2,34228,2026-10-06T10:55:39.541069,34228,2026-10-06T10:55:39.541069
tstoreread_cold__,splmode,tstoreread_cold__splmode_T-STORE-READ_tsr:full_48_ff5224c56da2e3d2,34228,2026-10-06T10:55:39.541069,34228,2026-10-06T10:55:39.541069
tstoreread_cold__,splmode,tstoreread_cold__splmode_T-STORE-READ_tsr:full_49_ff5224c56da2e3d2,34228,2026-10-06T10:55:39.541069,34228,2026-10-06T10:55:39.541069
tstoreread_cold__,splmode,tstoreread_cold__splmode_T-STORE-READ_tsr:full_50_ff5224c56da2e3d2,34228,2026-10-06T10:55:39.541069,34228,2026-10-06T10:55:39.541069
tstoreread_cold__,splmode,tstoreread_cold__splmode_T-STORE-READ_tsr:full_51_ff5224c56da2e3d2,34228,2026-10-06T10:55:39.541069,34228,2026-10-06T10:55:39.541069
tstoreread_cold__,splmode,tstoreread_cold__splmode_T-STORE-READ_tsr:full_52_ff5224c56da2e3d2,34228,2026-10-06T10:55:39.541069,34228,2026-10-06T10:55:39.541069
tstoreread_cold__,splmode,tstoreread_cold__splmode_T-STORE-READ_tsr:full_53_ff5224c56da2e3d2,34228,2026-10-06T10:55:39.541069,34228,2026-10-06T10:55:39.541069
tstoreread_cold__,splmode,tstoreread_cold__splmode_T-STORE-READ_tsr:full_54_ff5224c56da2e3d2,34228,2026-10-06T10:55:39.541069,34228,2026-10-06T10:55:39.541069
tstoreread_cold__,splmode,tstoreread_cold__splmode_T-STORE-READ_tsr:full_55_ff5224c56da2e3d2,34228,2026-10-06T10:55:39.541069,34228,2026-10-06T10:55:39.541069
tstoreread_cold__,splmode,tstoreread_cold__splmode_T-STORE-READ_tsr:full_56_ff5224c56da2e3d2,34228,2026-10-06T10:55:39.541069,34228,2026-10-06T10:55:39.541069
tstoreread_cold__,splmode,tstoreread_cold__splmode_T-STORE-READ_tsr:full_57_ff5224c56da2e3d2,34228,2026-10-06T10:55:39.541069,34228,2026-10-06T10:55:39.541069
tstoreread_cold__,splmode,tstoreread_cold__splmode_T-STORE-READ_tsr:full_58_ff5224c56da2e3d2,34228,2026-10-06T10:55:39.541069,34228,2026-10-06T10:55:39.541069
tstoreread_cold__,splmode,tstoreread_cold__splmode_T-STORE-READ_tsr:full_59_ff5224c56da2e3d2,34228,2026-10-06T10:55:39.541069,34228,2026-10-06T10:55:39.541069
tstoreread_cold__,splmode,tstoreread_cold__splmode_T-STORE-READ_tsr:full_60_ff5224c56da2e3d2,34228,2026-10-06T10:55:39.541069,34228,2026-10-06T10:55:39.541069
tstoreread_cold__,splmode,tstoreread_cold__splmode_T-STORE-READ_tsr:full_61_ff5224c56da2e3d2,34228,2026-10-06T10:55:39.541069,34228,2026-10-06T10:55:39.541069
tstoreread_cold__,splmode,tstoreread_cold__splmode_T-STORE-READ_tsr:full_62_ff5224c56da2e3d2,34228,2026-10-06T10:55:39.541069,34228,2026-10-06T10:55:39.541069
tstoreread_cold__,splmode,tstoreread_cold__splmode_T-STORE-READ_tsr:full_63_ff5224c56da2e3d2,34228,2026-10-06T10:55:39.541069,34228,2026-10-06T10:55:39.541069
tstoreread_cold__,splmode,tstoreread_cold__splmode_T-STORE-READ_tsr:full_64_ff5224c56da2e3d2,34228,2026-10-06T10:55:39.541069,34228,2026-10-06T10:55:39.541069
tstoreread_cold__,splmode,tstoreread_cold__splmode_T-STORE-READ_tsr:full_65_ff5224c56da2e3d2,34228,2026-10-06T10:55:39.541069,34228,2026-10-06T10:55:39.541069
tstoreread_cold__,splmode,tstoreread_cold__splmode_T-STORE-READ_tsr:full_66_ff5224c56da2e3d2,34228,2026-10-06T10:55:39.541069,34228,2026-10-06T10:55:39.541069
tstoreread_cold__,splmode,tstoreread_cold__splmode_T-STORE-READ_tsr:full_67_ff5224c56da2e3d2,34228,2026-10-06T10:55:39.541069,34228,2026-10-06T10:55:39.541069
tstoreread_cold__,splmode,tstoreread_cold__splmode_T-STORE-READ_tsr:full_68_ff5224c56da2e3d2,34228,2026-10-06T10:55:39.541069,34228,2026-10-06T10:55:39.541069
tstoreread_cold__,splmode,tstoreread_cold__splmode_T-STORE-READ_tsr:full_69_ff5224c56da2e3d2,34228,2026-10-06T10:55:39.541069,34228,2026-10-06T10:55:39.541069
tstoreread_cold__,splmode,tstoreread_cold__splmode_T-STORE-READ_tsr:full_70_ff5224c56da2e3d2,34228,2026-10-06T10:55:39.541069,34228,2026-10-06T10:55:39.541069
tstoreread_cold__,splmode,tstoreread_cold__splmode_T-STORE-READ_tsr:full_71_ff5224c56da2e3d2,34228,2026-10-06T10:55:39.541069,34228,2026-10-06T10:55:39.541069
tstoreread_cold__,splmode,tstoreread_cold__splmode_T-STORE-READ_tsr:full_72_ff5224c56da2e3d2,34228,2026-10-06T10:55:39.541069,34228,2026-10-06T10:55:39.541069
tstoreread_cold__,splmode,tstoreread_cold__splmode_T-STORE-READ_tsr:full_73_ff5224c56da2e3d2,34228,2026-10-06T10:55:39.541069,34228,2026-10-06T10:55:39.541069
tstoreread_cold__,splmode,tstoreread_cold__splmode_T-STORE-READ_tsr:full_74_ff5224c56da2e3d2,34228,2026-10-06T10:55:39.541069,34228,2026-10-06T10:55:39.541069
tstoreread_cold__,splmode,tstoreread_cold__splmode_T-STORE-READ_tsr:full_75_ff5224c56da2e3d2,34228,2026-10-06T10:55:39.541069,34228,2026-10-06T10:55:39.541069
tstoreread_cold__,splmode,tstoreread_cold__splmode_T-STORE-READ_tsr:full_76_ff5224c56da2e3d2,34228,2026-10-06T10:55:39.541069,34228,2026-10-06T10:55:39.541069
tstoreread_cold__,splmode,tstoreread_cold__splmode_T-STORE-READ_tsr:full_77_ff5224c56da2e3d2,34228,2026-10-06T10:55:39.541069,34228,2026-10-06T10:55:39.541069
tstoreread_cold__,splmode,tstoreread_cold__splmode_T-STORE-READ_tsr:full_78_ff5224c56da2e3d2,34228,2026-10-06T10:55:39.541069,34228,2026-10-06T10:55:39.541069
tstoreread_cold__,splmode,tstoreread_cold__splmode_T-STORE-READ_tsr:full_79_ff5224c56da2e3d2,34228,2026-10-06T10:55:39.541069,34228,2026-10-06T10:55:39.541069
tstoreread_cold__,splmode,tstoreread_cold__splmode_T-STORE-READ_tsr:full_80_ff5224c56da2e3d2,34228,2026-10-06T10:55:39.541069,34228,2026-10-06T10:55:39.541069
tstoreread_cold__,splmode,tstoreread_cold__splmode_T-STORE-READ_tsr:full_81_ff5224c56da2e3d2,34228,2026-10-06T10:55:39.541069,34228,2026-10-06T10:55:39.541069
tstoreread_cold__,splmode,tstoreread_cold__splmode_T-STORE-READ_tsr:full_82_ff5224c56da2e3d2,34228,2026-10-06T10:55:39.541069,34228,2026-10-06T10:55:39.541069
tstoreread_cold__,splmode,tstoreread_cold__splmode_T-STORE-READ_tsr:full_83_ff5224c56da2e3d2,34228,2026-10-06T10:55:39.541069,34228,2026-10-06T10:55:39.541069
tstoreread_cold__,splmode,tstoreread_cold__splmode_T-STORE-READ_tsr:full_84_ff5224c56da2e3d2,34228,2026-10-06T10:55:39.541069,34228,2026-10-06T10:55:39.541069
tstoreread_cold__,splmode,tstoreread_cold__splmode_T-STORE-READ_tsr:full_85_ff5224c56da2e3d2,34228,2026-10-06T10:55:39.541069,34228,2026-10-06T10:55:39.541069
tstoreread_cold__,splmode,tstoreread_cold__splmode_T-STORE-READ_tsr:full_86_ff5224c56da2e3d2,34228,2026-10-06T10:55:39.541069,34228,2026-10-06T10:55:39.541069
tstoreread_cold__,splmode,tstoreread_cold__splmode_T-STORE-READ_tsr:full_87_ff5224c56da2e3d2,34228,2026-10-06T10:55:39.541069,34228,2026-10-06T10:55:39.541069
tstoreread_cold__,splmode,tstoreread_cold__splmode_T-STORE-READ_tsr:full_88_ff5224c56da2e3d2,34228,2026-10-06T10:55:39.541069,34228,2026-10-06T10:55:39.541069
tstoreread_cold__,splmode,tstoreread_cold__splmode_T-STORE-READ_tsr:full_89_ff5224c56da2e3d2,34228,2026-10-06T10:55:39.541069,34228,2026-10-06T10:55:39.541069
tstoreread_cold__,splmode,tstoreread_cold__splmode_T-STORE-READ_tsr:full_90_ff5224c56da2e3d2,34228,2026-10-06T10:55:39.541069,34228,2026-10-06T10:55:39.541069
tstoreread_cold__,splmode,tstoreread_cold__splmode_T-STORE-READ_tsr:full_91_ff5224c56da2e3d2,34228,2026-10-06T10:55:39.541069,34228,2026-10-06T10:55:39.541069
tstoreread_cold__,splmode,tstoreread_cold__splmode_T-STORE-READ_tsr:full_92_ff5224c56da2e3d2,34228,2026-10-06T10:55:39.541069,34228,2026-10-06T10:55:39.541069
tstoreread_cold__,splmode,tstoreread_cold__splmode_T-STORE-READ_tsr:full_93_ff5224c56da2e3d2,34228,2026-10-06T10:55:39.541069,34228,2026-10-06T10:55:39.541069
tstoreread_cold__,splmode,tstoreread_cold__splmode_T-STORE-READ_tsr:full_94_ff5224c56da2e3d2,34228,2026-10-06T10:55:39.541069,34228,2026-10-06T10:55:39.541069
tstoreread_cold__,splmode,tstoreread_cold__splmode_T-STORE-READ_tsr:full_95_ff5224c56da2e3d2,34228,2026-10-06T10:55:39.541069,34228,2026-10-06T10:55:39.541069
tstoreread_cold__,splmode,tstoreread_cold__splmode_T-STORE-READ_tsr:full_96_ff5224c56da2e3d2,34228,2026-10-06T10:55:39.541069,34228,2026-10-06T10:55:39.541069
tstoreread_cold__,splmode,tstoreread_cold__splmode_T-STORE-READ_tsr:full_97_ff5224c56da2e3d2,34228,2026-10-06T10:55:39.541069,34228,2026-10-06T10:55:39.541069
tstoreread_cold__,splmode,tstoreread_cold__splmode_T-STORE-READ_tsr:full_98_ff5224c56da2e3d2,34228,2026-10-06T10:55:39.541069,34228,2026-10-06T10:55:39.541069
tstoreread_cold__,splmode,tstoreread_cold__splmode_T-STORE-READ_tsr:full_99_ff5224c56da2e3d2,34228,2026-10-06T10:55:39.541069,34228,2026-10-06T10:55:39.541069
tstoreread_cold__,splmode,tstoreread_cold__splmode_T-STORE-READ_tsr:full_100_ff5224c56da2e3d2,34228,2026-10-06T10:55:39.541069,34228,2026-10-06T10:55:39.541069
tstoreread_cold__,splmode,tstoreread_cold__splmode_T-STORE-READ_tsr:full_101_ff5224c56da2e3d2,34228,2026-10-06T10:55:39.541069,34228,2026-10-06T10:55:39.541069
tstoreread_cold__,splmode,tstoreread_cold__splmode_T-STORE-READ_tsr:full_102_ff5224c56da2e3d2,34228,2026-10-06T10:55:39.541069,34228,2026-10-06T10:55:39.541069
tstoreread_cold__,splmode,tstoreread_cold__splmode_T-STORE-READ_tsr:full_103_ff5224c56da2e3d2,34228,2026-10-06T10:55:39.541069,34228,2026-10-06T10:55:39.541069
tstoreread_cold__,splmode,tstoreread_cold__splmode_T-STORE-READ_tsr:full_104_ff5224c56da2e3d2,34228,2026-10-06T10:55:39.541069,34228,2026-10-06T10:55:39.541069
tstoreread_cold__,splmode,tstoreread_cold__splmode_T-STORE-READ_tsr:full_105_ff5224c56da2e3d2,34228,2026-10-06T10:55:39.541069,34228,2026-10-06T10:55:39.541069
tstoreread_cold__,splmode,tstoreread_cold__splmode_T-STORE-READ_tsr:full_106_ff5224c56da2e3d2,34228,2026-10-06T10:55:39.541069,34228,2026-10-06T10:55:39.541069
tstoreread_cold__,splmode,tstoreread_cold__splmode_T-STORE-READ_tsr:full_107_ff5224c56da2e3d2,34228,2026-10-06T10:55:39.541069,34228,2026-10-06T10:55:39.541069
tstoreread_cold__,splmode,tstoreread_cold__splmode_T-STORE-READ_tsr:full_108_ff5224c56da2e3d2,34228,2026-10-06T10:55:39.541069,34228,2026-10-06T10:55:39.541069
tstoreread_cold__,splmode,tstoreread_cold__splmode_T-STORE-READ_tsr:full_109_ff5224c56da2e3d2,34228,2026-10-06T10:55:39.541069,34228,2026-10-06T10:55:39.541069
tstoreread_cold__,splmode,tstoreread_cold__splmode_T-STORE-READ_tsr:full_110_ff5224c56da2e3d2,34228,2026-10-06T10:55:39.541069,34228,2026-10-06T10:55:39.541069
tstoreread_cold__,splmode,tstoreread_cold__splmode_T-STORE-READ_tsr:full_111_ff5224c56da2e3d2,34228,2026-10-06T10:55:39.541069,34228,2026-10-06T10:55:39.541069
tstoreread_cold__,splmode,tstoreread_cold__splmode_T-STORE-READ_tsr:full_112_ff5224c56da2e3d2,34228,2026-10-06T10:55:39.541069,34228,2026-10-06T10:55:39.541069
tstoreread_cold__,splmode,tstoreread_cold__splmode_T-STORE-READ_tsr:full_113_ff5224c56da2e3d2,34228,2026-10-06T10:55:39.541069,34228,2026-10-06T10:55:39.541069
tstoreread_cold__,splmode,tstoreread_cold__splmode_T-STORE-READ_tsr:full_114_ff5224c56da2e3d2,34228,2026-10-06T10:55:39.541069,34228,2026-10-06T10:55:39.541069
tstoreread_cold__,splmode,tstoreread_cold__splmode_T-STORE-READ_tsr:full_115_ff5224c56da2e3d2,34228,2026-10-06T10:55:39.541069,34228,2026-10-06T10:55:39.541069
tstoreread_cold__,splmode,tstoreread_cold__splmode_T-STORE-READ_tsr:full_116_ff5224c56da2e3d2,34228,2026-10-06T10:55:39.541069,34228,2026-10-06T10:55:39.541069
tstoreread_cold__,splmode,tstoreread_cold__splmode_T-STORE-READ_tsr:full_117_ff5224c56da2e3d2,34228,2026-10-06T10:55:39.541069,34228,2026-10-06T10:55:39.541069
tstoreread_cold__,splmode,tstoreread_cold__splmode_T-STORE-READ_tsr:full_118_ff5224c56da2e3d2,34228,2026-10-06T10:55:39.541069,34228,2026-10-06T10:55:39.541069
tstoreread_cold__,splmode,tstoreread_cold__splmode_T-STORE-READ_tsr:full_119_ff5224c56da2e3d2,34228,2026-10-06T10:55:39.541069,34228,2026-10-06T10:55:39.541069
tstoreread_cold__,splmode,tstoreread_cold__splmode_T-STORE-READ_tsr:full_120_ff5224c56da2e3d2,34228,2026-10-06T10:55:39.541069,34228,2026-10-06T10:55:39.541069
tstoreread_cold__,splmode,tstoreread_cold__splmode_T-STORE-READ_tsr:full_121_ff5224c56da2e3d2,34228,2026-10-06T10:55:39.541069,34228,2026-10-06T10:55:39.541069
tstoreread_cold__,splmode,tstoreread_cold__splmode_T-STORE-READ_tsr:full_122_ff5224c56da2e3d2,34228,2026-10-06T10:55:39.541069,34228,2026-10-06T10:55:39.541069
tstoreread_cold__,splmode,tstoreread_cold__splmode_T-STORE-READ_tsr:full_123_ff5224c56da2e3d2,34228,2026-10-06T10:55:39.541069,34228,2026-10-06T10:55:39.541069
tstoreread_cold__,splmode,tstoreread_cold__splmode_T-STORE-READ_tsr:full_124_ff5224c56da2e3d2,34228,2026-10-06T10:55:39.541069,34228,2026-10-06T10:55:39.541069
tstoreread_cold__,splmode,tstoreread_cold__splmode_T-STORE-READ_tsr:full_125_ff5224c56da2e3d2,34228,2026-10-06T10:55:39.541069,34228,2026-10-06T10:55:39.541069
tstoreread_cold__,splmode,tstoreread_cold__splmode_T-STORE-READ_tsr:full_126_ff5224c56da2e3d2,34228,2026-10-06T10:55:39.541069,34228,2026-10-06T10:55:39.541069
tstoreread_cold__,splmode,tstoreread_cold__splmode_T-STORE-READ_tsr:full_127_ff5224c56da2e3d2,34228,2026-10-06T10:55:39.541069,34228,2026-10-06T10:55:39.541069
tstoreread_cold__,splmode,tstoreread_cold__splmode_T-STORE-READ_tsr:full_128_ff5224c56da2e3d2,34228,2026-10-06T10:55:39.541069,34228,2026-10-06T10:55:39.541069
tstoreread_cold__,splmode,tstoreread_cold__splmode_T-STORE-READ_tsr:full_129_ff5224c56da2e3d2,34228,2026-10-06T10:55:39.541069,34228,2026-10-06T10:55:39.541069
tstoreread_cold__,splmode,tstoreread_cold__splmode_T-STORE-READ_tsr:full_130_ff5224c56da2e3d2,34228,2026-10-06T10:55:39.541069,34228,2026-10-06T10:55:39.541069
tstoreread_cold__,splmode,tstoreread_cold__splmode_T-STORE-READ_tsr:full_131_ff5224c56da2e3d2,34228,2026-10-06T10:55:39.541069,34228,2026-10-06T10:55:39.541069
tstoreread_cold__,splmode,tstoreread_cold__splmode_T-STORE-READ_tsr:full_132_ff5224c56da2e3d2,34228,2026-10-06T10:55:39.541069,34228,2026-10-06T10:55:39.541069
tstoreread_cold__,splmode,tstoreread_cold__splmode_T-STORE-READ_tsr:full_133_ff5224c56da2e3d2,34228,2026-10-06T10:55:39.541069,34228,2026-10-06T10:55:39.541069
tstoreread_cold__,splmode,tstoreread_cold__splmode_T-STORE-READ_tsr:full_134_ff5224c56da2e3d2,34228,2026-10-06T10:55:39.541069,34228,2026-10-06T10:55:39.541069
tstoreread_cold__,splmode,tstoreread_cold__splmode_T-STORE-READ_tsr:full_135_ff5224c56da2e3d2,34228,2026-10-06T10:55:39.541069,34228,2026-10-06T10:55:39.541069
tstoreread_cold__,splmode,tstoreread_cold__splmode_T-STORE-READ_tsr:full_136_ff5224c56da2e3d2,34228,2026-10-06T10:55:39.541069,34228,2026-10-06T10:55:39.541069
tstoreread_cold__,splmode,tstoreread_cold__splmode_T-STORE-READ_tsr:full_137_ff5224c56da2e3d2,34228,2026-10-06T10:55:39.541069,34228,2026-10-06T10:55:39.541069
tstoreread_cold__,splmode,tstoreread_cold__splmode_T-STORE-READ_tsr:full_138_ff5224c56da2e3d2,34228,2026-10-06T10:55:39.541069,34228,2026-10-06T10:55:39.541069
tstoreread_cold__,splmode,tstoreread_cold__splmode_T-STORE-READ_tsr:full_139_ff5224c56da2e3d2,34228,2026-10-06T10:55:39.541069,34228,2026-10-06T10:55:39.541069
tstoreread_cold__,splmode,tstoreread_cold__splmode_T-STORE-READ_tsr:full_140_ff5224c56da2e3d2,34228,2026-10-06T10:55:39.541069,34228,2026-10-06T10:55:39.541069
tstoreread_cold__,splmode,tstoreread_cold__splmode_T-STORE-READ_tsr:full_141_ff5224c56da2e3d2,34228,2026-10-06T10:55:39.541069,34228,2026-10-06T10:55:39.541069
tstoreread_cold__,splmode,tstoreread_cold__splmode_T-STORE-READ_tsr:full_142_ff5224c56da2e3d2,34228,2026-10-06T10:55:39.541069,34228,2026-10-06T10:55:39.541069
tstoreread_cold__,splmode,tstoreread_cold__splmode_T-STORE-READ_tsr:full_143_ff5224c56da2e3d2,34228,2026-10-06T10:55:39.541069,34228,2026-10-06T10:55:39.541069
tstoreread_cold__,splmode,tstoreread_cold__splmode_T-STORE-READ_tsr:full_144_ff5224c56da2e3d2,34228,2026-10-06T10:55:39.541069,34228,2026-10-06T10:55:39.541069
tstoreread_cold__,splmode,tstoreread_cold__splmode_T-STORE-READ_tsr:full_145_ff5224c56da2e3d2,34228,2026-10-06T10:55:39.541069,34228,2026-10-06T10:55:39.541069
tstoreread_warm__,splmode,tstoreread_warm__splmode_T-STORE-READ_tsr:full_0_ff5224c56da2e3d2,34228,2026-10-06T10:55:39.541069,34228,2026-10-06T10:55:39.541069
tstoreread_warm__,splmode,tstoreread_warm__splmode_T-STORE-READ_tsr:full_1_ff5224c56da2e3d2,34228,2026-10-06T10:55:39.541069,34228,2026-10-06T10:55:39.541069
tstoreread_warm__,splmode,tstoreread_warm__splmode_T-STORE-READ_tsr:full_2_ff5224c56da2e3d2,34228,2026-10-06T10:55:39.541069,34228,2026-10-06T10:55:39.541069
tstoreread_warm__,splmode,tstoreread_warm__splmode_T-STORE-READ_tsr:full_3_ff5224c56da2e3d2,34228,2026-10-06T10:55:39.541069,34228,2026-10-06T10:55:39.541069
tstoreread_warm__,splmode,tstoreread_warm__splmode_T-STORE-READ_tsr:full_4_ff5224c56da2e3d2,34228,2026-10-06T10:55:39.541069,34228,2026-10-06T10:55:39.541069
tstoreread_warm__,splmode,tstoreread_warm__splmode_T-STORE-READ_tsr:full_5_ff5224c56da2e3d2,34228,2026-10-06T10:55:39.541069,34228,2026-10-06T10:55:39.541069
tstoreread_warm__,splmode,tstoreread_warm__splmode_T-STORE-READ_tsr:full_6_ff5224c56da2e3d2,34228,2026-10-06T10:55:39.541069,34228,2026-10-06T10:55:39.541069
tstoreread_warm__,splmode,tstoreread_warm__splmode_T-STORE-READ_tsr:full_7_ff5224c56da2e3d2,34228,2026-10-06T10:55:39.541069,34228,2026-10-06T10:55:39.541069
tstoreread_warm__,splmode,tstoreread_warm__splmode_T-STORE-READ_tsr:full_8_ff5224c56da2e3d2,34228,2026-10-06T10:55:39.541069,34228,2026-10-06T10:55:39.541069
tstoreread_warm__,splmode,tstoreread_warm__splmode_T-STORE-READ_tsr:full_9_ff5224c56da2e3d2,34228,2026-10-06T10:55:39.541069,34228,2026-10-06T10:55:39.541069
tstoreread_warm__,splmode,tstoreread_warm__splmode_T-STORE-READ_tsr:full_10_ff5224c56da2e3d2,34228,2026-10-06T10:55:39.541069,34228,2026-10-06T10:55:39.541069
tstoreread_warm__,splmode,tstoreread_warm__splmode_T-STORE-READ_tsr:full_11_ff5224c56da2e3d2,34228,2026-10-06T10:55:39.541069,34228,2026-10-06T10:55:39.541069
tstoreread_warm__,splmode,tstoreread_warm__splmode_T-STORE-READ_tsr:full_12_ff5224c56da2e3d2,34228,2026-10-06T10:55:39.541069,34228,2026-10-06T10:55:39.541069
tstoreread_warm__,splmode,tstoreread_warm__splmode_T-STORE-READ_tsr:full_13_ff5224c56da2e3d2,34228,2026-10-06T10:55:39.541069,34228,2026-10-06T10:55:39.541069
tstoreread_warm__,splmode,tstoreread_warm__splmode_T-STORE-READ_tsr:full_14_ff5224c56da2e3d2,34228,2026-10-06T10:55:39.541069,34228,2026-10-06T10:55:39.541069
tstoreread_warm__,splmode,tstoreread_warm__splmode_T-STORE-READ_tsr:full_15_ff5224c56da2e3d2,34228,2026-10-06T10:55:39.541069,34228,2026-10-06T10:55:39.541069
tstoreread_warm__,splmode,tstoreread_warm__splmode_T-STORE-READ_tsr:full_16_ff5224c56da2e3d2,34228,2026-10-06T10:55:39.541069,34228,2026-10-06T10:55:39.541069
tstoreread_warm__,splmode,tstoreread_warm__splmode_T-STORE-READ_tsr:full_17_ff5224c56da2e3d2,34228,2026-10-06T10:55:39.541069,34228,2026-10-06T10:55:39.541069
tstoreread_warm__,splmode,tstoreread_warm__splmode_T-STORE-READ_tsr:full_18_ff5224c56da2e3d2,34228,2026-10-06T10:55:39.541069,34228,2026-10-06T10:55:39.541069
tstoreread_warm__,splmode,tstoreread_warm__splmode_T-STORE-READ_tsr:full_19_ff5224c56da2e3d2,34228,2026-10-06T10:55:39.541069,34228,2026-10-06T10:55:39.541069
tstoreread_warm__,splmode,tstoreread_warm__splmode_T-STORE-READ_tsr:full_20_ff5224c56da2e3d2,34228,2026-10-06T10:55:39.541069,34228,2026-10-06T10:55:39.541069
tstoreread_warm__,splmode,tstoreread_warm__splmode_T-STORE-READ_tsr:full_21_ff5224c56da2e3d2,34228,2026-10-06T10:55:39.541069,34228,2026-10-06T10:55:39.541069
tstoreread_warm__,splmode,tstoreread_warm__splmode_T-STORE-READ_tsr:full_22_ff5224c56da2e3d2,34228,2026-10-06T10:55:39.541069,34228,2026-10-06T10:55:39.541069
tstoreread_warm__,splmode,tstoreread_warm__splmode_T-STORE-READ_tsr:full_23_ff5224c56da2e3d2,34228,2026-10-06T10:55:39.541069,34228,2026-10-06T10:55:39.541069
tstoreread_warm__,splmode,tstoreread_warm__splmode_T-STORE-READ_tsr:full_24_ff5224c56da2e3d2,34228,2026-10-06T10:55:39.541069,34228,2026-10-06T10:55:39.541069
tstoreread_warm__,splmode,tstoreread_warm__splmode_T-STORE-READ_tsr:full_25_ff5224c56da2e3d2,34228,2026-10-06T10:55:39.541069,34228,2026-10-06T10:55:39.541069
tstoreread_warm__,splmode,tstoreread_warm__splmode_T-STORE-READ_tsr:full_26_ff5224c56da2e3d2,34228,2026-10-06T10:55:39.541069,34228,2026-10-06T10:55:39.541069
tstoreread_warm__,splmode,tstoreread_warm__splmode_T-STORE-READ_tsr:full_27_ff5224c56da2e3d2,34228,2026-10-06T10:55:39.541069,34228,2026-10-06T10:55:39.541069
tstoreread_warm__,splmode,tstoreread_warm__splmode_T-STORE-READ_tsr:full_28_ff5224c56da2e3d2,34228,2026-10-06T10:55:39.541069,34228,2026-10-06T10:55:39.541069
tstoreread_warm__,splmode,tstoreread_warm__splmode_T-STORE-READ_tsr:full_29_ff5224c56da2e3d2,34228,2026-10-06T10:55:39.541069,34228,2026-10-06T10:55:39.541069
tstoreread_warm__,splmode,tstoreread_warm__splmode_T-STORE-READ_tsr:full_30_ff5224c56da2e3d2,34228,2026-10-06T10:55:39.541069,34228,2026-10-06T10:55:39.541069
tstoreread_warm__,splmode,tstoreread_warm__splmode_T-STORE-READ_tsr:full_31_ff5224c56da2e3d2,34228,2026-10-06T10:55:39.541069,34228,2026-10-06T10:55:39.541069
tstoreread_warm__,splmode,tstoreread_warm__splmode_T-STORE-READ_tsr:full_32_ff5224c56da2e3d2,34228,2026-10-06T10:55:39.541069,34228,2026-10-06T10:55:39.541069
tstoreread_warm__,splmode,tstoreread_warm__splmode_T-STORE-READ_tsr:full_33_ff5224c56da2e3d2,34228,2026-10-06T10:55:39.541069,34228,2026-10-06T10:55:39.541069
tstoreread_warm__,splmode,tstoreread_warm__splmode_T-STORE-READ_tsr:full_34_ff5224c56da2e3d2,34228,2026-10-06T10:55:39.541069,34228,2026-10-06T10:55:39.541069
tstoreread_warm__,splmode,tstoreread_warm__splmode_T-STORE-READ_tsr:full_35_ff5224c56da2e3d2,34228,2026-10-06T10:55:39.541069,34228,2026-10-06T10:55:39.541069
tstoreread_warm__,splmode,tstoreread_warm__splmode_T-STORE-READ_tsr:full_36_ff5224c56da2e3d2,34228,2026-10-06T10:55:39.541069,34228,2026-10-06T10:55:39.541069
tstoreread_warm__,splmode,tstoreread_warm__splmode_T-STORE-READ_tsr:full_37_ff5224c56da2e3d2,34228,2026-10-06T10:55:39.541069,34228,2026-10-06T10:55:39.541069
tstoreread_warm__,splmode,tstoreread_warm__splmode_T-STORE-READ_tsr:full_38_ff5224c56da2e3d2,34228,2026-10-06T10:55:39.541069,34228,2026-10-06T10:55:39.541069
tstoreread_warm__,splmode,tstoreread_warm__splmode_T-STORE-READ_tsr:full_39_ff5224c56da2e3d2,34228,2026-10-06T10:55:39.541069,34228,2026-10-06T10:55:39.541069
tstoreread_warm__,splmode,tstoreread_warm__splmode_T-STORE-READ_tsr:full_40_ff5224c56da2e3d2,34228,2026-10-06T10:55:39.541069,34228,2026-10-06T10:55:39.541069
tstoreread_warm__,splmode,tstoreread_warm__splmode_T-STORE-READ_tsr:full_41_ff5224c56da2e3d2,34228,2026-10-06T10:55:39.541069,34228,2026-10-06T10:55:39.541069
tstoreread_warm__,splmode,tstoreread_warm__splmode_T-STORE-READ_tsr:full_42_ff5224c56da2e3d2,34228,2026-10-06T10:55:39.541069,34228,2026-10-06T10:55:39.541069
tstoreread_warm__,splmode,tstoreread_warm__splmode_T-STORE-READ_tsr:full_43_ff5224c56da2e3d2,34228,2026-10-06T10:55:39.541069,34228,2026-10-06T10:55:39.541069
tstoreread_warm__,splmode,tstoreread_warm__splmode_T-STORE-READ_tsr:full_44_ff5224c56da2e3d2,34228,2026-10-06T10:55:39.541069,34228,2026-10-06T10:55:39.541069
tstoreread_warm__,splmode,tstoreread_warm__splmode_T-STORE-READ_tsr:full_45_ff5224c56da2e3d2,34228,2026-10-06T10:55:39.541069,34228,2026-10-06T10:55:39.541069
tstoreread_warm__,splmode,tstoreread_warm__splmode_T-STORE-READ_tsr:full_46_ff5224c56da2e3d2,34228,2026-10-06T10:55:39.541069,34228,2026-10-06T10:55:39.541069
tstoreread_warm__,splmode,tstoreread_warm__splmode_T-STORE-READ_tsr:full_47_ff5224c56da2e3d2,34228,2026-10-06T10:55:39.541069,34228,2026-10-06T10:55:39.541069
tstoreread_warm__,splmode,tstoreread_warm__splmode_T-STORE-READ_tsr:full_48_ff5224c56da2e3d2,34228,2026-10-06T10:55:39.541069,34228,2026-10-06T10:55:39.541069
tstoreread_warm__,splmode,tstoreread_warm__splmode_T-STORE-READ_tsr:full_49_ff5224c56da2e3d2,34228,2026-10-06T10:55:39.541069,34228,2026-10-06T10:55:39.541069
tstoreread_warm__,splmode,tstoreread_warm__splmode_T-STORE-READ_tsr:full_50_ff5224c56da2e3d2,34228,2026-10-06T10:55:39.541069,34228,2026-10-06T10:55:39.541069
tstoreread_warm__,splmode,tstoreread_warm__splmode_T-STORE-READ_tsr:full_51_ff5224c56da2e3d2,34228,2026-10-06T10:55:39.541069,34228,2026-10-06T10:55:39.541069
tstoreread_warm__,splmode,tstoreread_warm__splmode_T-STORE-READ_tsr:full_52_ff5224c56da2e3d2,34228,2026-10-06T10:55:39.541069,34228,2026-10-06T10:55:39.541069
tstoreread_warm__,splmode,tstoreread_warm__splmode_T-STORE-READ_tsr:full_53_ff5224c56da2e3d2,34228,2026-10-06T10:55:39.541069,34228,2026-10-06T10:55:39.541069
tstoreread_warm__,splmode,tstoreread_warm__splmode_T-STORE-READ_tsr:full_54_ff5224c56da2e3d2,34228,2026-10-06T10:55:39.541069,34228,2026-10-06T10:55:39.541069
tstoreread_warm__,splmode,tstoreread_warm__splmode_T-STORE-READ_tsr:full_55_ff5224c56da2e3d2,34228,2026-10-06T10:55:39.541069,34228,2026-10-06T10:55:39.541069
tstoreread_warm__,splmode,tstoreread_warm__splmode_T-STORE-READ_tsr:full_56_ff5224c56da2e3d2,34228,2026-10-06T10:55:39.541069,34228,2026-10-06T10:55:39.541069
tstoreread_warm__,splmode,tstoreread_warm__splmode_T-STORE-READ_tsr:full_57_ff5224c56da2e3d2,34228,2026-10-06T10:55:39.541069,34228,2026-10-06T10:55:39.541069
tstoreread_warm__,splmode,tstoreread_warm__splmode_T-STORE-READ_tsr:full_58_ff5224c56da2e3d2,34228,2026-10-06T10:55:39.541069,34228,2026-10-06T10:55:39.541069
tstoreread_warm__,splmode,tstoreread_warm__splmode_T-STORE-READ_tsr:full_59_ff5224c56da2e3d2,34228,2026-10-06T10:55:39.541069,34228,2026-10-06T10:55:39.541069
tstoreread_warm__,splmode,tstoreread_warm__splmode_T-STORE-READ_tsr:full_60_ff5224c56da2e3d2,34228,2026-10-06T10:55:39.541069,34228,2026-10-06T10:55:39.541069
tstoreread_warm__,splmode,tstoreread_warm__splmode_T-STORE-READ_tsr:full_61_ff5224c56da2e3d2,34228,2026-10-06T10:55:39.541069,34228,2026-10-06T10:55:39.541069
tstoreread_warm__,splmode,tstoreread_warm__splmode_T-STORE-READ_tsr:full_62_ff5224c56da2e3d2,34228,2026-10-06T10:55:39.541069,34228,2026-10-06T10:55:39.541069
tstoreread_warm__,splmode,tstoreread_warm__splmode_T-STORE-READ_tsr:full_63_ff5224c56da2e3d2,34228,2026-10-06T10:55:39.541069,34228,2026-10-06T10:55:39.541069
tstoreread_warm__,splmode,tstoreread_warm__splmode_T-STORE-READ_tsr:full_64_ff5224c56da2e3d2,34228,2026-10-06T10:55:39.541069,34228,2026-10-06T10:55:39.541069
tstoreread_warm__,splmode,tstoreread_warm__splmode_T-STORE-READ_tsr:full_65_ff5224c56da2e3d2,34228,2026-10-06T10:55:39.541069,34228,2026-10-06T10:55:39.541069
tstoreread_warm__,splmode,tstoreread_warm__splmode_T-STORE-READ_tsr:full_66_ff5224c56da2e3d2,34228,2026-10-06T10:55:39.541069,34228,2026-10-06T10:55:39.541069
tstoreread_warm__,splmode,tstoreread_warm__splmode_T-STORE-READ_tsr:full_67_ff5224c56da2e3d2,34228,2026-10-06T10:55:39.541069,34228,2026-10-06T10:55:39.541069
tstoreread_warm__,splmode,tstoreread_warm__splmode_T-STORE-READ_tsr:full_68_ff5224c56da2e3d2,34228,2026-10-06T10:55:39.541069,34228,2026-10-06T10:55:39.541069
tstoreread_warm__,splmode,tstoreread_warm__splmode_T-STORE-READ_tsr:full_69_ff5224c56da2e3d2,34228,2026-10-06T10:55:39.541069,34228,2026-10-06T10:55:39.541069
tstoreread_warm__,splmode,tstoreread_warm__splmode_T-STORE-READ_tsr:full_70_ff5224c56da2e3d2,34228,2026-10-06T10:55:39.541069,34228,2026-10-06T10:55:39.541069
tstoreread_warm__,splmode,tstoreread_warm__splmode_T-STORE-READ_tsr:full_71_ff5224c56da2e3d2,34228,2026-10-06T10:55:39.541069,34228,2026-10-06T10:55:39.541069
tstoreread_warm__,splmode,tstoreread_warm__splmode_T-STORE-READ_tsr:full_72_ff5224c56da2e3d2,34228,2026-10-06T10:55:39.541069,34228,2026-10-06T10:55:39.541069
tstoreread_warm__,splmode,tstoreread_warm__splmode_T-STORE-READ_tsr:full_73_ff5224c56da2e3d2,34228,2026-10-06T10:55:39.541069,34228,2026-10-06T10:55:39.541069
tstoreread_warm__,splmode,tstoreread_warm__splmode_T-STORE-READ_tsr:full_74_ff5224c56da2e3d2,34228,2026-10-06T10:55:39.541069,34228,2026-10-06T10:55:39.541069
tstoreread_warm__,splmode,tstoreread_warm__splmode_T-STORE-READ_tsr:full_75_ff5224c56da2e3d2,34228,2026-10-06T10:55:39.541069,34228,2026-10-06T10:55:39.541069
tstoreread_warm__,splmode,tstoreread_warm__splmode_T-STORE-READ_tsr:full_76_ff5224c56da2e3d2,34228,2026-10-06T10:55:39.541069,34228,2026-10-06T10:55:39.541069
tstoreread_warm__,splmode,tstoreread_warm__splmode_T-STORE-READ_tsr:full_77_ff5224c56da2e3d2,34228,2026-10-06T10:55:39.541069,34228,2026-10-06T10:55:39.541069
tstoreread_warm__,splmode,tstoreread_warm__splmode_T-STORE-READ_tsr:full_78_ff5224c56da2e3d2,34228,2026-10-06T10:55:39.541069,34228,2026-10-06T10:55:39.541069
tstoreread_warm__,splmode,tstoreread_warm__splmode_T-STORE-READ_tsr:full_79_ff5224c56da2e3d2,34228,2026-10-06T10:55:39.541069,34228,2026-10-06T10:55:39.541069
tstoreread_warm__,splmode,tstoreread_warm__splmode_T-STORE-READ_tsr:full_80_ff5224c56da2e3d2,34228,2026-10-06T10:55:39.541069,34228,2026-10-06T10:55:39.541069
tstoreread_warm__,splmode,tstoreread_warm__splmode_T-STORE-READ_tsr:full_81_ff5224c56da2e3d2,34228,2026-10-06T10:55:39.541069,34228,2026-10-06T10:55:39.541069
tstoreread_warm__,splmode,tstoreread_warm__splmode_T-STORE-READ_tsr:full_82_ff5224c56da2e3d2,34228,2026-10-06T10:55:39.541069,34228,2026-10-06T10:55:39.541069
tstoreread_warm__,splmode,tstoreread_warm__splmode_T-STORE-READ_tsr:full_83_ff5224c56da2e3d2,34228,2026-10-06T10:55:39.541069,34228,2026-10-06T10:55:39.541069
tstoreread_warm__,splmode,tstoreread_warm__splmode_T-STORE-READ_tsr:full_84_ff5224c56da2e3d2,34228,2026-10-06T10:55:39.541069,34228,2026-10-06T10:55:39.541069
tstoreread_warm__,splmode,tstoreread_warm__splmode_T-STORE-READ_tsr:full_85_ff5224c56da2e3d2,34228,2026-10-06T10:55:39.541069,34228,2026-10-06T10:55:39.541069
tstoreread_warm__,splmode,tstoreread_warm__splmode_T-STORE-READ_tsr:full_86_ff5224c56da2e3d2,34228,2026-10-06T10:55:39.541069,34228,2026-10-06T10:55:39.541069
tstoreread_warm__,splmode,tstoreread_warm__splmode_T-STORE-READ_tsr:full_87_ff5224c56da2e3d2,34228,2026-10-06T10:55:39.541069,34228,2026-10-06T10:55:39.541069
tstoreread_warm__,splmode,tstoreread_warm__splmode_T-STORE-READ_tsr:full_88_ff5224c56da2e3d2,34228,2026-10-06T10:55:39.541069,34228,2026-10-06T10:55:39.541069
tstoreread_warm__,splmode,tstoreread_warm__splmode_T-STORE-READ_tsr:full_89_ff5224c56da2e3d2,34228,2026-10-06T10:55:39.541069,34228,2026-10-06T10:55:39.541069
tstoreread_warm__,splmode,tstoreread_warm__splmode_T-STORE-READ_tsr:full_90_ff5224c56da2e3d2,34228,2026-10-06T10:55:39.541069,34228,2026-10-06T10:55:39.541069
tstoreread_warm__,splmode,tstoreread_warm__splmode_T-STORE-READ_tsr:full_91_ff5224c56da2e3d2,34228,2026-10-06T10:55:39.541069,34228,2026-10-06T10:55:39.541069
tstoreread_warm__,splmode,tstoreread_warm__splmode_T-STORE-READ_tsr:full_92_ff5224c56da2e3d2,34228,2026-10-06T10:55:39.541069,34228,2026-10-06T10:55:39.541069
tstoreread_warm__,splmode,tstoreread_warm__splmode_T-STORE-READ_tsr:full_93_ff5224c56da2e3d2,34228,2026-10-06T10:55:39.541069,34228,2026-10-06T10:55:39.541069
tstoreread_warm__,splmode,tstoreread_warm__splmode_T-STORE-READ_tsr:full_94_ff5224c56da2e3d2,34228,2026-10-06T10:55:39.541069,34228,2026-10-06T10:55:39.541069
tstoreread_warm__,splmode,tstoreread_warm__splmode_T-STORE-READ_tsr:full_95_ff5224c56da2e3d2,34228,2026-10-06T10:55:39.541069,34228,2026-10-06T10:55:39.541069
tstoreread_warm__,splmode,tstoreread_warm__splmode_T-STORE-READ_tsr:full_96_ff5224c56da2e3d2,34228,2026-10-06T10:55:39.541069,34228,2026-10-06T10:55:39.541069
tstoreread_warm__,splmode,tstoreread_warm__splmode_T-STORE-READ_tsr:full_97_ff5224c56da2e3d2,34228,2026-10-06T10:55:39.541069,34228,2026-10-06T10:55:39.541069
tstoreread_warm__,splmode,tstoreread_warm__splmode_T-STORE-READ_tsr:full_98_ff5224c56da2e3d2,34228,2026-10-06T10:55:39.541069,34228,2026-10-06T10:55:39.541069
tstoreread_warm__,splmode,tstoreread_warm__splmode_T-STORE-READ_tsr:full_99_ff5224c56da2e3d2,34228,2026-10-06T10:55:39.541069,34228,2026-10-06T10:55:39.541069
tstoreread_warm__,splmode,tstoreread_warm__splmode_T-STORE-READ_tsr:full_100_ff5224c56da2e3d2,34228,2026-10-06T10:55:39.541069,34228,2026-10-06T10:55:39.541069
tstoreread_warm__,splmode,tstoreread_warm__splmode_T-STORE-READ_tsr:full_101_ff5224c56da2e3d2,34228,2026-10-06T10:55:39.541069,34228,2026-10-06T10:55:39.541069
tstoreread_warm__,splmode,tstoreread_warm__splmode_T-STORE-READ_tsr:full_102_ff5224c56da2e3d2,34228,2026-10-06T10:55:39.541069,34228,2026-10-06T10:55:39.541069
tstoreread_warm__,splmode,tstoreread_warm__splmode_T-STORE-READ_tsr:full_103_ff5224c56da2e3d2,34228,2026-10-06T10:55:39.541069,34228,2026-10-06T10:55:39.541069
tstoreread_warm__,splmode,tstoreread_warm__splmode_T-STORE-READ_tsr:full_104_ff5224c56da2e3d2,34228,2026-10-06T10:55:39.541069,34228,2026-10-06T10:55:39.541069
tstoreread_warm__,splmode,tstoreread_warm__splmode_T-STORE-READ_tsr:full_105_ff5224c56da2e3d2,34228,2026-10-06T10:55:39.541069,34228,2026-10-06T10:55:39.541069
tstoreread_warm__,splmode,tstoreread_warm__splmode_T-STORE-READ_tsr:full_106_ff5224c56da2e3d2,34228,2026-10-06T10:55:39.541069,34228,2026-10-06T10:55:39.541069
tstoreread_warm__,splmode,tstoreread_warm__splmode_T-STORE-READ_tsr:full_107_ff5224c56da2e3d2,34228,2026-10-06T10:55:39.541069,34228,2026-10-06T10:55:39.541069
tstoreread_warm__,splmode,tstoreread_warm__splmode_T-STORE-READ_tsr:full_108_ff5224c56da2e3d2,34228,2026-10-06T10:55:39.541069,34228,2026-10-06T10:55:39.541069
tstoreread_warm__,splmode,tstoreread_warm__splmode_T-STORE-READ_tsr:full_109_ff5224c56da2e3d2,34228,2026-10-06T10:55:39.541069,34228,2026-10-06T10:55:39.541069
tstoreread_warm__,splmode,tstoreread_warm__splmode_T-STORE-READ_tsr:full_110_ff5224c56da2e3d2,34228,2026-10-06T10:55:39.541069,34228,2026-10-06T10:55:39.541069
tstoreread_warm__,splmode,tstoreread_warm__splmode_T-STORE-READ_tsr:full_111_ff5224c56da2e3d2,34228,2026-10-06T10:55:39.541069,34228,2026-10-06T10:55:39.541069
tstoreread_warm__,splmode,tstoreread_warm__splmode_T-STORE-READ_tsr:full_112_ff5224c56da2e3d2,34228,2026-10-06T10:55:39.541069,34228,2026-10-06T10:55:39.541069
tstoreread_warm__,splmode,tstoreread_warm__splmode_T-STORE-READ_tsr:full_113_ff5224c56da2e3d2,34228,2026-10-06T10:55:39.541069,34228,2026-10-06T10:55:39.541069
tstoreread_warm__,splmode,tstoreread_warm__splmode_T-STORE-READ_tsr:full_114_ff5224c56da2e3d2,34228,2026-10-06T10:55:39.541069,34228,2026-10-06T10:55:39.541069
tstoreread_warm__,splmode,tstoreread_warm__splmode_T-STORE-READ_tsr:full_115_ff5224c56da2e3d2,34228,2026-10-06T10:55:39.541069,34228,2026-10-06T10:55:39.541069
tstoreread_warm__,splmode,tstoreread_warm__splmode_T-STORE-READ_tsr:full_116_ff5224c56da2e3d2,34228,2026-10-06T10:55:39.541069,34228,2026-10-06T10:55:39.541069
tstoreread_warm__,splmode,tstoreread_warm__splmode_T-STORE-READ_tsr:full_117_ff5224c56da2e3d2,34228,2026-10-06T10:55:39.541069,34228,2026-10-06T10:55:39.541069
tstoreread_warm__,splmode,tstoreread_warm__splmode_T-STORE-READ_tsr:full_118_ff5224c56da2e3d2,34228,2026-10-06T10:55:39.541069,34228,2026-10-06T10:55:39.541069
tstoreread_warm__,splmode,tstoreread_warm__splmode_T-STORE-READ_tsr:full_119_ff5224c56da2e3d2,34228,2026-10-06T10:55:39.541069,34228,2026-10-06T10:55:39.541069
tstoreread_warm__,splmode,tstoreread_warm__splmode_T-STORE-READ_tsr:full_120_ff5224c56da2e3d2,34228,2026-10-06T10:55:39.541069,34228,2026-10-06T10:55:39.541069
tstoreread_warm__,splmode,tstoreread_warm__splmode_T-STORE-READ_tsr:full_121_ff5224c56da2e3d2,34228,2026-10-06T10:55:39.541069,34228,2026-10-06T10:55:39.541069
tstoreread_warm__,splmode,tstoreread_warm__splmode_T-STORE-READ_tsr:full_122_ff5224c56da2e3d2,34228,2026-10-06T10:55:39.541069,34228,2026-10-06T10:55:39.541069
tstoreread_warm__,splmode,tstoreread_warm__splmode_T-STORE-READ_tsr:full_123_ff5224c56da2e3d2,34228,2026-10-06T10:55:39.541069,34228,2026-10-06T10:55:39.541069
tstoreread_warm__,splmode,tstoreread_warm__splmode_T-STORE-READ_tsr:full_124_ff5224c56da2e3d2,34228,2026-10-06T10:55:39.541069,34228,2026-10-06T10:55:39.541069
tstoreread_warm__,splmode,tstoreread_warm__splmode_T-STORE-READ_tsr:full_125_ff5224c56da2e3d2,34228,2026-10-06T10:55:39.541069,34228,2026-10-06T10:55:39.541069
tstoreread_warm__,splmode,tstoreread_warm__splmode_T-STORE-READ_tsr:full_126_ff5224c56da2e3d2,34228,2026-10-06T10:55:39.541069,34228,2026-10-06T10:55:39.541069
tstoreread_warm__,splmode,tstoreread_warm__splmode_T-STORE-READ_tsr:full_127_ff5224c56da2e3d2,34228,2026-10-06T10:55:39.541069,34228,2026-10-06T10:55:39.541069
tstoreread_warm__,splmode,tstoreread_warm__splmode_T-STORE-READ_tsr:full_128_ff5224c56da2e3d2,34228,2026-10-06T10:55:39.541069,34228,2026-10-06T10:55:39.541069
tstoreread_warm__,splmode,tstoreread_warm__splmode_T-STORE-READ_tsr:full_129_ff5224c56da2e3d2,34228,2026-10-06T10:55:39.541069,34228,2026-10-06T10:55:39.541069
tstoreread_warm__,splmode,tstoreread_warm__splmode_T-STORE-READ_tsr:full_130_ff5224c56da2e3d2,34228,2026-10-06T10:55:39.541069,34228,2026-10-06T10:55:39.541069
tstoreread_warm__,splmode,tstoreread_warm__splmode_T-STORE-READ_tsr:full_131_ff5224c56da2e3d2,34228,2026-10-06T10:55:39.541069,34228,2026-10-06T10:55:39.541069
tstoreread_warm__,splmode,tstoreread_warm__splmode_T-STORE-READ_tsr:full_132_ff5224c56da2e3d2,34228,2026-10-06T10:55:39.541069,34228,2026-10-06T10:55:39.541069
tstoreread_warm__,splmode,tstoreread_warm__splmode_T-STORE-READ_tsr:full_133_ff5224c56da2e3d2,34228,2026-10-06T10:55:39.541069,34228,2026-10-06T10:55:39.541069
tstoreread_warm__,splmode,tstoreread_warm__splmode_T-STORE-READ_tsr:full_134_ff5224c56da2e3d2,34228,2026-10-06T10:55:39.541069,34228,2026-10-06T10:55:39.541069
tstoreread_warm__,splmode,tstoreread_warm__splmode_T-STORE-READ_tsr:full_135_ff5224c56da2e3d2,34228,2026-10-06T10:55:39.541069,34228,2026-10-06T10:55:39.541069
tstoreread_warm__,splmode,tstoreread_warm__splmode_T-STORE-READ_tsr:full_136_ff5224c56da2e3d2,34228,2026-10-06T10:55:39.541069,34228,2026-10-06T10:55:39.541069
tstoreread_warm__,splmode,tstoreread_warm__splmode_T-STORE-READ_tsr:full_137_ff5224c56da2e3d2,34228,2026-10-06T10:55:39.541069,34228,2026-10-06T10:55:39.541069
tstoreread_warm__,splmode,tstoreread_warm__splmode_T-STORE-READ_tsr:full_138_ff5224c56da2e3d2,34228,2026-10-06T10:55:39.541069,34228,2026-10-06T10:55:39.541069
tstoreread_warm__,splmode,tstoreread_warm__splmode_T-STORE-READ_tsr:full_139_ff5224c56da2e3d2,34228,2026-10-06T10:55:39.541069,34228,2026-10-06T10:55:39.541069
tstoreread_warm__,splmode,tstoreread_warm__splmode_T-STORE-READ_tsr:full_140_ff5224c56da2e3d2,34228,2026-10-06T10:55:39.541069,34228,2026-10-06T10:55:39.541069
tstoreread_warm__,splmode,tstoreread_warm__splmode_T-STORE-READ_tsr:full_141_ff5224c56da2e3d2,34228,2026-10-06T10:55:39.541069,34228,2026-10-06T10:55:39.541069
tstoreread_warm__,splmode,tstoreread_warm__splmode_T-STORE-READ_tsr:full_142_ff5224c56da2e3d2,34228,2026-10-06T10:55:39.541069,34228,2026-10-06T10:55:39.541069
tstoreread_warm__,splmode,tstoreread_warm__splmode_T-STORE-READ_tsr:full_143_ff5224c56da2e3d2,34228,2026-10-06T10:55:39.541069,34228,2026-10-06T10:55:39.541069
tstoreread_warm__,splmode,tstoreread_warm__splmode_T-STORE-READ_tsr:full_144_ff5224c56da2e3d2,34228,2026-10-06T10:55:39.541069,34228,2026-10-06T10:55:39.541069
tstoreread_warm__,splmode,tstoreread_warm__splmode_T-STORE-READ_tsr:full_145_ff5224c56da2e3d2,34228,2026-10-06T10:55:39.541069,34228,2026-10-06T10:55:39.541069
tstoreread_warm__,splmode,tstoreread_warm__splmode_T-STORE-READ_tsr:full_0_ff5224c56da2e3d2,34228,2026-10-06T10:55:39.541069,34228,2026-10-06T10:55:39.541069
tstoreread_warm__,splmode,tstoreread_warm__splmode_T-STORE-READ_tsr:full_1_ff5224c56da2e3d2,34228,2026-10-06T10:55:39.541069,34228,2026-10-06T10:55:39.541069
tstoreread_warm__,splmode,tstoreread_warm__splmode_T-STORE-READ_tsr:full_2_ff5224c56da2e3d2,34228,2026-10-06T10:55:39.541069,34228,2026-10-06T10:55:39.541069
tstoreread_warm__,splmode,tstoreread_warm__splmode_T-STORE-READ_tsr:full_3_ff5224c56da2e3d2,34228,2026-10-06T10:55:39.541069,34228,2026-10-06T10:55:39.541069
tstoreread_warm__,splmode,tstoreread_warm__splmode_T-STORE-READ_tsr:full_4_ff5224c56da2e3d2,34228,2026-10-06T10:55:39.541069,34228,2026-10-06T10:55:39.541069
tstoreread_warm__,splmode,tstoreread_warm__splmode_T-STORE-READ_tsr:full_5_ff5224c56da2e3d2,34228,2026-10-06T10:55:39.541069,34228,2026-10-06T10:55:39.541069
tstoreread_warm__,splmode,tstoreread_warm__splmode_T-STORE-READ_tsr:full_6_ff5224c56da2e3d2,34228,2026-10-06T10:55:39.541069,34228,2026-10-06T10:55:39.541069
tstoreread_warm__,splmode,tstoreread_warm__splmode_T-STORE-READ_tsr:full_7_ff5224c56da2e3d2,34228,2026-10-06T10:55:39.541069,34228,2026-10-06T10:55:39.541069
tstoreread_warm__,splmode,tstoreread_warm__splmode_T-STORE-READ_tsr:full_8_ff5224c56da2e3d2,34228,2026-10-06T10:55:39.541069,34228,2026-10-06T10:55:39.541069
tstoreread_warm__,splmode,tstoreread_warm__splmode_T-STORE-READ_tsr:full_9_ff5224c56da2e3d2,34228,2026-10-06T10:55:39.541069,34228,2026-10-06T10:55:39.541069
tstoreread_warm__,splmode,tstoreread_warm__splmode_T-STORE-READ_tsr:full_10_ff5224c56da2e3d2,34228,2026-10-06T10:55:39.541069,34228,2026-10-06T10:55:39.541069
tstoreread_warm__,splmode,tstoreread_warm__splmode_T-STORE-READ_tsr:full_11_ff5224c56da2e3d2,34228,2026-10-06T10:55:39.541069,34228,2026-10-06T10:55:39.541069
tstoreread_warm__,splmode,tstoreread_warm__splmode_T-STORE-READ_tsr:full_12_ff5224c56da2e3d2,34228,2026-10-06T10:55:39.541069,34228,2026-10-06T10:55:39.541069
tstoreread_warm__,splmode,tstoreread_warm__splmode_T-STORE-READ_tsr:full_13_ff5224c56da2e3d2,34228,2026-10-06T10:55:39.541069,34228,2026-10-06T10:55:39.541069
tstoreread_warm__,splmode,tstoreread_warm__splmode_T-STORE-READ_tsr:full_14_ff5224c56da2e3d2,34228,2026-10-06T10:55:39.541069,34228,2026-10-06T10:55:39.541069
tstoreread_warm__,splmode,tstoreread_warm__splmode_T-STORE-READ_tsr:full_15_ff5224c56da2e3d2,34228,2026-10-06T10:55:39.541069,34228,2026-10-06T10:55:39.541069
tstoreread_warm__,splmode,tstoreread_warm__splmode_T-STORE-READ_tsr:full_16_ff5224c56da2e3d2,34228,2026-10-06T10:55:39.541069,34228,2026-10-06T10:55:39.541069
tstoreread_warm__,splmode,tstoreread_warm__splmode_T-STORE-READ_tsr:full_17_ff5224c56da2e3d2,34228,2026-10-06T10:55:39.541069,34228,2026-10-06T10:55:39.541069
tstoreread_warm__,splmode,tstoreread_warm__splmode_T-STORE-READ_tsr:full_18_ff5224c56da2e3d2,34228,2026-10-06T10:55:39.541069,34228,2026-10-06T10:55:39.541069
tstoreread_warm__,splmode,tstoreread_warm__splmode_T-STORE-READ_tsr:full_19_ff5224c56da2e3d2,34228,2026-10-06T10:55:39.541069,34228,2026-10-06T10:55:39.541069
tstoreread_warm__,splmode,tstoreread_warm__splmode_T-STORE-READ_tsr:full_20_ff5224c56da2e3d2,34228,2026-10-06T10:55:39.541069,34228,2026-10-06T10:55:39.541069
tstoreread_warm__,splmode,tstoreread_warm__splmode_T-STORE-READ_tsr:full_21_ff5224c56da2e3d2,34228,2026-10-06T10:55:39.541069,34228,2026-10-06T10:55:39.541069
tstoreread_warm__,splmode,tstoreread_warm__splmode_T-STORE-READ_tsr:full_22_ff5224c56da2e3d2,34228,2026-10-06T10:55:39.541069,34228,2026-10-06T10:55:39.541069
tstoreread_warm__,splmode,tstoreread_warm__splmode_T-STORE-READ_tsr:full_23_ff5224c56da2e3d2,34228,2026-10-06T10:55:39.541069,34228,2026-10-06T10:55:39.541069
tstoreread_warm__,splmode,tstoreread_warm__splmode_T-STORE-READ_tsr:full_24_ff5224c56da2e3d2,34228,2026-10-06T10:55:39.541069,34228,2026-10-06T10:55:39.541069
tstoreread_warm__,splmode,tstoreread_warm__splmode_T-STORE-READ_tsr:full_25_ff5224c56da2e3d2,34228,2026-10-06T10:55:39.541069,34228,2026-10-06T10:55:39.541069
tstoreread_warm__,splmode,tstoreread_warm__splmode_T-STORE-READ_tsr:full_26_ff5224c56da2e3d2,34228,2026-10-06T10:55:39.541069,34228,2026-10-06T10:55:39.541069
tstoreread_warm__,splmode,tstoreread_warm__splmode_T-STORE-READ_tsr:full_27_ff5224c56da2e3d2,34228,2026-10-06T10:55:39.541069,34228,2026-10-06T10:55:39.541069
tstoreread_warm__,splmode,tstoreread_warm__splmode_T-STORE-READ_tsr:full_28_ff5224c56da2e3d2,34228,2026-10-06T10:55:39.541069,34228,2026-10-06T10:55:39.541069
tstoreread_warm__,splmode,tstoreread_warm__splmode_T-STORE-READ_tsr:full_29_ff5224c56da2e3d2,34228,2026-10-06T10:55:39.541069,34228,2026-10-06T10:55:39.541069
tstoreread_warm__,splmode,tstoreread_warm__splmode_T-STORE-READ_tsr:full_30_ff5224c56da2e3d2,34228,2026-10-06T10:55:39.541069,34228,2026-10-06T10:55:39.541069
tstoreread_warm__,splmode,tstoreread_warm__splmode_T-STORE-READ_tsr:full_31_ff5224c56da2e3d2,34228,2026-10-06T10:55:39.541069,34228,2026-10-06T10:55:39.541069
tstoreread_warm__,splmode,tstoreread_warm__splmode_T-STORE-READ_tsr:full_32_ff5224c56da2e3d2,34228,2026-10-06T10:55:39.541069,34228,2026-10-06T10:55:39.541069
tstoreread_warm__,splmode,tstoreread_warm__splmode_T-STORE-READ_tsr:full_33_ff5224c56da2e3d2,34228,2026-10-06T10:55:39.541069,34228,2026-10-06T10:55:39.541069
tstoreread_warm__,splmode,tstoreread_warm__splmode_T-STORE-READ_tsr:full_34_ff5224c56da2e3d2,34228,2026-10-06T10:55:39.541069,34228,2026-10-06T10:55:39.541069
tstoreread_warm__,splmode,tstoreread_warm__splmode_T-STORE-READ_tsr:full_35_ff5224c56da2e3d2,34228,2026-10-06T10:55:39.541069,34228,2026-10-06T10:55:39.541069
tstoreread_warm__,splmode,tstoreread_warm__splmode_T-STORE-READ_tsr:full_36_ff5224c56da2e3d2,34228,2026-10-06T10:55:39.541069,34228,2026-10-06T10:55:39.541069
tstoreread_warm__,splmode,tstoreread_warm__splmode_T-STORE-READ_tsr:full_37_ff5224c56da2e3d2,34228,2026-10-06T10:55:39.541069,34228,2026-10-06T10:55:39.541069
tstoreread_warm__,splmode,tstoreread_warm__splmode_T-STORE-READ_tsr:full_38_ff5224c56da2e3d2,34228,2026-10-06T10:55:39.541069,34228,2026-10-06T10:55:39.541069
tstoreread_warm__,splmode,tstoreread_warm__splmode_T-STORE-READ_tsr:full_39_ff5224c56da2e3d2,34228,2026-10-06T10:55:39.541069,34228,2026-10-06T10:55:39.541069
tstoreread_warm__,splmode,tstoreread_warm__splmode_T-STORE-READ_tsr:full_40_ff5224c56da2e3d2,34228,2026-10-06T10:55:39.541069,34228,2026-10-06T10:55:39.541069
tstoreread_warm__,splmode,tstoreread_warm__splmode_T-STORE-READ_tsr:full_41_ff5224c56da2e3d2,34228,2026-10-06T10:55:39.541069,34228,2026-10-06T10:55:39.541069
tstoreread_warm__,splmode,tstoreread_warm__splmode_T-STORE-READ_tsr:full_42_ff5224c56da2e3d2,34228,2026-10-06T10:55:39.541069,34228,2026-10-06T10:55:39.541069
tstoreread_warm__,splmode,tstoreread_warm__splmode_T-STORE-READ_tsr:full_43_ff5224c56da2e3d2,34228,2026-10-06T10:55:39.541069,34228,2026-10-06T10:55:39.541069
tstoreread_warm__,splmode,tstoreread_warm__splmode_T-STORE-READ_tsr:full_44_ff5224c56da2e3d2,34228,2026-10-06T10:55:39.541069,34228,2026-10-06T10:55:39.541069
tstoreread_warm__,splmode,tstoreread_warm__splmode_T-STORE-READ_tsr:full_45_ff5224c56da2e3d2,34228,2026-10-06T10:55:39.541069,34228,2026-10-06T10:55:39.541069
tstoreread_warm__,splmode,tstoreread_warm__splmode_T-STORE-READ_tsr:full_46_ff5224c56da2e3d2,34228,2026-10-06T10:55:39.541069,34228,2026-10-06T10:55:39.541069
tstoreread_warm__,splmode,tstoreread_warm__splmode_T-STORE-READ_tsr:full_47_ff5224c56da2e3d2,34228,2026-10-06T10:55:39.541069,34228,2026-10-06T10:55:39.541069
tstoreread_warm__,splmode,tstoreread_warm__splmode_T-STORE-READ_tsr:full_48_ff5224c56da2e3d2,34228,2026-10-06T10:55:39.541069,34228,2026-10-06T10:55:39.541069
tstoreread_warm__,splmode,tstoreread_warm__splmode_T-STORE-READ_tsr:full_49_ff5224c56da2e3d2,34228,2026-10-06T10:55:39.541069,34228,2026-10-06T10:55:39.541069
tstoreread_warm__,splmode,tstoreread_warm__splmode_T-STORE-READ_tsr:full_50_ff5224c56da2e3d2,34228,2026-10-06T10:55:39.541069,34228,2026-10-06T10:55:39.541069
tstoreread_warm__,splmode,tstoreread_warm__splmode_T-STORE-READ_tsr:full_51_ff5224c56da2e3d2,34228,2026-10-06T10:55:39.541069,34228,2026-10-06T10:55:39.541069
tstoreread_warm__,splmode,tstoreread_warm__splmode_T-STORE-READ_tsr:full_52_ff5224c56da2e3d2,34228,2026-10-06T10:55:39.541069,34228,2026-10-06T10:55:39.541069
tstoreread_warm__,splmode,tstoreread_warm__splmode_T-STORE-READ_tsr:full_53_ff5224c56da2e3d2,34228,2026-10-06T10:55:39.541069,34228,2026-10-06T10:55:39.541069
tstoreread_warm__,splmode,tstoreread_warm__splmode_T-STORE-READ_tsr:full_54_ff5224c56da2e3d2,34228,2026-10-06T10:55:39.541069,34228,2026-10-06T10:55:39.541069
tstoreread_warm__,splmode,tstoreread_warm__splmode_T-STORE-READ_tsr:full_55_ff5224c56da2e3d2,34228,2026-10-06T10:55:39.541069,34228,2026-10-06T10:55:39.541069
tstoreread_warm__,splmode,tstoreread_warm__splmode_T-STORE-READ_tsr:full_56_ff5224c56da2e3d2,34228,2026-10-06T10:55:39.541069,34228,2026-10-06T10:55:39.541069
tstoreread_warm__,splmode,tstoreread_warm__splmode_T-STORE-READ_tsr:full_57_ff5224c56da2e3d2,34228,2026-10-06T10:55:39.541069,34228,2026-10-06T10:55:39.541069
tstoreread_warm__,splmode,tstoreread_warm__splmode_T-STORE-READ_tsr:full_58_ff5224c56da2e3d2,34228,2026-10-06T10:55:39.541069,34228,2026-10-06T10:55:39.541069
tstoreread_warm__,splmode,tstoreread_warm__splmode_T-STORE-READ_tsr:full_59_ff5224c56da2e3d2,34228,2026-10-06T10:55:39.541069,34228,2026-10-06T10:55:39.541069
tstoreread_warm__,splmode,tstoreread_warm__splmode_T-STORE-READ_tsr:full_60_ff5224c56da2e3d2,34228,2026-10-06T10:55:39.541069,34228,2026-10-06T10:55:39.541069
tstoreread_warm__,splmode,tstoreread_warm__splmode_T-STORE-READ_tsr:full_61_ff5224c56da2e3d2,34228,2026-10-06T10:55:39.541069,34228,2026-10-06T10:55:39.541069
tstoreread_warm__,splmode,tstoreread_warm__splmode_T-STORE-READ_tsr:full_62_ff5224c56da2e3d2,34228,2026-10-06T10:55:39.541069,34228,2026-10-06T10:55:39.541069
tstoreread_warm__,splmode,tstoreread_warm__splmode_T-STORE-READ_tsr:full_63_ff5224c56da2e3d2,34228,2026-10-06T10:55:39.541069,34228,2026-10-06T10:55:39.541069
tstoreread_warm__,splmode,tstoreread_warm__splmode_T-STORE-READ_tsr:full_64_ff5224c56da2e3d2,34228,2026-10-06T10:55:39.541069,34228,2026-10-06T10:55:39.541069
tstoreread_warm__,splmode,tstoreread_warm__splmode_T-STORE-READ_tsr:full_65_ff5224c56da2e3d2,34228,2026-10-06T10:55:39.541069,34228,2026-10-06T10:55:39.541069
tstoreread_warm__,splmode,tstoreread_warm__splmode_T-STORE-READ_tsr:full_66_ff5224c56da2e3d2,34228,2026-10-06T10:55:39.541069,34228,2026-10-06T10:55:39.541069
tstoreread_warm__,splmode,tstoreread_warm__splmode_T-STORE-READ_tsr:full_67_ff5224c56da2e3d2,34228,2026-10-06T10:55:39.541069,34228,2026-10-06T10:55:39.541069
tstoreread_warm__,splmode,tstoreread_warm__splmode_T-STORE-READ_tsr:full_68_ff5224c56da2e3d2,34228,2026-10-06T10:55:39.541069,34228,2026-10-06T10:55:39.541069
tstoreread_warm__,splmode,tstoreread_warm__splmode_T-STORE-READ_tsr:full_69_ff5224c56da2e3d2,34228,2026-10-06T10:55:39.541069,34228,2026-10-06T10:55:39.541069
tstoreread_warm__,splmode,tstoreread_warm__splmode_T-STORE-READ_tsr:full_70_ff5224c56da2e3d2,34228,2026-10-06T10:55:39.541069,34228,2026-10-06T10:55:39.541069
tstoreread_warm__,splmode,tstoreread_warm__splmode_T-STORE-READ_tsr:full_71_ff5224c56da2e3d2,34228,2026-10-06T10:55:39.541069,34228,2026-10-06T10:55:39.541069
tstoreread_warm__,splmode,tstoreread_warm__splmode_T-STORE-READ_tsr:full_72_ff5224c56da2e3d2,34228,2026-10-06T10:55:39.541069,34228,2026-10-06T10:55:39.541069
tstoreread_warm__,splmode,tstoreread_warm__splmode_T-STORE-READ_tsr:full_73_ff5224c56da2e3d2,34228,2026-10-06T10:55:39.541069,34228,2026-10-06T10:55:39.541069
tstoreread_warm__,splmode,tstoreread_warm__splmode_T-STORE-READ_tsr:full_74_ff5224c56da2e3d2,34228,2026-10-06T10:55:39.541069,34228,2026-10-06T10:55:39.541069
tstoreread_warm__,splmode,tstoreread_warm__splmode_T-STORE-READ_tsr:full_75_ff5224c56da2e3d2,34228,2026-10-06T10:55:39.541069,34228,2026-10-06T10:55:39.541069
tstoreread_warm__,splmode,tstoreread_warm__splmode_T-STORE-READ_tsr:full_76_ff5224c56da2e3d2,34228,2026-10-06T10:55:39.541069,34228,2026-10-06T10:55:39.541069
tstoreread_warm__,splmode,tstoreread_warm__splmode_T-STORE-READ_tsr:full_77_ff5224c56da2e3d2,34228,2026-10-06T10:55:39.541069,34228,2026-10-06T10:55:39.541069
tstoreread_warm__,splmode,tstoreread_warm__splmode_T-STORE-READ_tsr:full_78_ff5224c56da2e3d2,34228,2026-10-06T10:55:39.541069,34228,2026-10-06T10:55:39.541069
tstoreread_warm__,splmode,tstoreread_warm__splmode_T-STORE-READ_tsr:full_79_ff5224c56da2e3d2,34228,2026-10-06T10:55:39.541069,34228,2026-10-06T10:55:39.541069
tstoreread_warm__,splmode,tstoreread_warm__splmode_T-STORE-READ_tsr:full_80_ff5224c56da2e3d2,34228,2026-10-06T10:55:39.541069,34228,2026-10-06T10:55:39.541069
tstoreread_warm__,splmode,tstoreread_warm__splmode_T-STORE-READ_tsr:full_81_ff5224c56da2e3d2,34228,2026-10-06T10:55:39.541069,34228,2026-10-06T10:55:39.541069
tstoreread_warm__,splmode,tstoreread_warm__splmode_T-STORE-READ_tsr:full_82_ff5224c56da2e3d2,34228,2026-10-06T10:55:39.541069,34228,2026-10-06T10:55:39.541069
tstoreread_warm__,splmode,tstoreread_warm__splmode_T-STORE-READ_tsr:full_83_ff5224c56da2e3d2,34228,2026-10-06T10:55:39.541069,34228,2026-10-06T10:55:39.541069
tstoreread_warm__,splmode,tstoreread_warm__splmode_T-STORE-READ_tsr:full_84_ff5224c56da2e3d2,34228,2026-10-06T10:55:39.541069,34228,2026-10-06T10:55:39.541069
tstoreread_warm__,splmode,tstoreread_warm__splmode_T-STORE-READ_tsr:full_85_ff5224c56da2e3d2,34228,2026-10-06T10:55:39.541069,34228,2026-10-06T10:55:39.541069
tstoreread_warm__,splmode,tstoreread_warm__splmode_T-STORE-READ_tsr:full_86_ff5224c56da2e3d2,34228,2026-10-06T10:55:39.541069,34228,2026-10-06T10:55:39.541069
tstoreread_warm__,splmode,tstoreread_warm__splmode_T-STORE-READ_tsr:full_87_ff5224c56da2e3d2,34228,2026-10-06T10:55:39.541069,34228,2026-10-06T10:55:39.541069
tstoreread_warm__,splmode,tstoreread_warm__splmode_T-STORE-READ_tsr:full_88_ff5224c56da2e3d2,34228,2026-10-06T10:55:39.541069,34228,2026-10-06T10:55:39.541069
tstoreread_warm__,splmode,tstoreread_warm__splmode_T-STORE-READ_tsr:full_89_ff5224c56da2e3d2,34228,2026-10-06T10:55:39.541069,34228,2026-10-06T10:55:39.541069
tstoreread_warm__,splmode,tstoreread_warm__splmode_T-STORE-READ_tsr:full_90_ff5224c56da2e3d2,34228,2026-10-06T10:55:39.541069,34228,2026-10-06T10:55:39.541069
tstoreread_warm__,splmode,tstoreread_warm__splmode_T-STORE-READ_tsr:full_91_ff5224c56da2e3d2,34228,2026-10-06T10:55:39.541069,34228,2026-10-06T10:55:39.541069
tstoreread_warm__,splmode,tstoreread_warm__splmode_T-STORE-READ_tsr:full_92_ff5224c56da2e3d2,34228,2026-10-06T10:55:39.541069,34228,2026-10-06T10:55:39.541069
tstoreread_warm__,splmode,tstoreread_warm__splmode_T-STORE-READ_tsr:full_93_ff5224c56da2e3d2,34228,2026-10-06T10:55:39.541069,34228,2026-10-06T10:55:39.541069
tstoreread_warm__,splmode,tstoreread_warm__splmode_T-STORE-READ_tsr:full_94_ff5224c56da2e3d2,34228,2026-10-06T10:55:39.541069,34228,2026-10-06T10:55:39.541069
tstoreread_warm__,splmode,tstoreread_warm__splmode_T-STORE-READ_tsr:full_95_ff5224c56da2e3d2,34228,2026-10-06T10:55:39.541069,34228,2026-10-06T10:55:39.541069
tstoreread_warm__,splmode,tstoreread_warm__splmode_T-STORE-READ_tsr:full_96_ff5224c56da2e3d2,34228,2026-10-06T10:55:39.541069,34228,2026-10-06T10:55:39.541069
tstoreread_warm__,splmode,tstoreread_warm__splmode_T-STORE-READ_tsr:full_97_ff5224c56da2e3d2,34228,2026-10-06T10:55:39.541069,34228,2026-10-06T10:55:39.541069
tstoreread_warm__,splmode,tstoreread_warm__splmode_T-STORE-READ_tsr:full_98_ff5224c56da2e3d2,34228,2026-10-06T10:55:39.541069,34228,2026-10-06T10:55:39.541069
tstoreread_warm__,splmode,tstoreread_warm__splmode_T-STORE-READ_tsr:full_99_ff5224c56da2e3d2,34228,2026-10-06T10:55:39.541069,34228,2026-10-06T10:55:39.541069
tstoreread_warm__,splmode,tstoreread_warm__splmode_T-STORE-READ_tsr:full_100_ff5224c56da2e3d2,34228,2026-10-06T10:55:39.541069,34228,2026-10-06T10:55:39.541069
tstoreread_warm__,splmode,tstoreread_warm__splmode_T-STORE-READ_tsr:full_101_ff5224c56da2e3d2,34228,2026-10-06T10:55:39.541069,34228,2026-10-06T10:55:39.541069
tstoreread_warm__,splmode,tstoreread_warm__splmode_T-STORE-READ_tsr:full_102_ff5224c56da2e3d2,34228,2026-10-06T10:55:39.541069,34228,2026-10-06T10:55:39.541069
tstoreread_warm__,splmode,tstoreread_warm__splmode_T-STORE-READ_tsr:full_103_ff5224c56da2e3d2,34228,2026-10-06T10:55:39.541069,34228,2026-10-06T10:55:39.541069
tstoreread_warm__,splmode,tstoreread_warm__splmode_T-STORE-READ_tsr:full_104_ff5224c56da2e3d2,34228,2026-10-06T10:55:39.541069,34228,2026-10-06T10:55:39.541069
tstoreread_warm__,splmode,tstoreread_warm__splmode_T-STORE-READ_tsr:full_105_ff5224c56da2e3d2,34228,2026-10-06T10:55:39.541069,34228,2026-10-06T10:55:39.541069
tstoreread_warm__,splmode,tstoreread_warm__splmode_T-STORE-READ_tsr:full_106_ff5224c56da2e3d2,34228,2026-10-06T10:55:39.541069,34228,2026-10-06T10:55:39.541069
tstoreread_warm__,splmode,tstoreread_warm__splmode_T-STORE-READ_tsr:full_107_ff5224c56da2e3d2,34228,2026-10-06T10:55:39.541069,34228,2026-10-06T10:55:39.541069
tstoreread_warm__,splmode,tstoreread_warm__splmode_T-STORE-READ_tsr:full_108_ff5224c56da2e3d2,34228,2026-10-06T10:55:39.541069,34228,2026-10-06T10:55:39.541069
tstoreread_warm__,splmode,tstoreread_warm__splmode_T-STORE-READ_tsr:full_109_ff5224c56da2e3d2,34228,2026-10-06T10:55:39.541069,34228,2026-10-06T10:55:39.541069
tstoreread_warm__,splmode,tstoreread_warm__splmode_T-STORE-READ_tsr:full_110_ff5224c56da2e3d2,34228,2026-10-06T10:55:39.541069,34228,2026-10-06T10:55:39.541069
tstoreread_warm__,splmode,tstoreread_warm__splmode_T-STORE-READ_tsr:full_111_ff5224c56da2e3d2,34228,2026-10-06T10:55:39.541069,34228,2026-10-06T10:55:39.541069
tstoreread_warm__,splmode,tstoreread_warm__splmode_T-STORE-READ_tsr:full_112_ff5224c56da2e3d2,34228,2026-10-06T10:55:39.541069,34228,2026-10-06T10:55:39.541069
tstoreread_warm__,splmode,tstoreread_warm__splmode_T-STORE-READ_tsr:full_113_ff5224c56da2e3d2,34228,2026-10-06T10:55:39.541069,34228,2026-10-06T10:55:39.541069
tstoreread_warm__,splmode,tstoreread_warm__splmode_T-STORE-READ_tsr:full_114_ff5224c56da2e3d2,34228,2026-10-06T10:55:39.541069,34228,2026-10-06T10:55:39.541069
tstoreread_warm__,splmode,tstoreread_warm__splmode_T-STORE-READ_tsr:full_115_ff5224c56da2e3d2,34228,2026-10-06T10:55:39.541069,34228,2026-10-06T10:55:39.541069
tstoreread_warm__,splmode,tstoreread_warm__splmode_T-STORE-READ_tsr:full_116_ff5224c56da2e3d2,34228,2026-10-06T10:55:39.541069,34228,2026-10-06T10:55:39.541069
tstoreread_warm__,splmode,tstoreread_warm__splmode_T-STORE-READ_tsr:full_117_ff5224c56da2e3d2,34228,2026-10-06T10:55:39.541069,34228,2026-10-06T10:55:39.541069
tstoreread_warm__,splmode,tstoreread_warm__splmode_T-STORE-READ_tsr:full_118_ff5224c56da2e3d2,34228,2026-10-06T10:55:39.541069,34228,2026-10-06T10:55:39.541069
tstoreread_warm__,splmode,tstoreread_warm__splmode_T-STORE-READ_tsr:full_119_ff5224c56da2e3d2,34228,2026-10-06T10:55:39.541069,34228,2026-10-06T10:55:39.541069
tstoreread_warm__,splmode,tstoreread_warm__splmode_T-STORE-READ_tsr:full_120_ff5224c56da2e3d2,34228,2026-10-06T10:55:39.541069,34228,2026-10-06T10:55:39.541069
tstoreread_warm__,splmode,tstoreread_warm__splmode_T-STORE-READ_tsr:full_121_ff5224c56da2e3d2,34228,2026-10-06T10:55:39.541069,34228,2026-10-06T10:55:39.541069
tstoreread_warm__,splmode,tstoreread_warm__splmode_T-STORE-READ_tsr:full_122_ff5224c56da2e3d2,34228,2026-10-06T10:55:39.541069,34228,2026-10-06T10:55:39.541069
tstoreread_warm__,splmode,tstoreread_warm__splmode_T-STORE-READ_tsr:full_123_ff5224c56da2e3d2,34228,2026-10-06T10:55:39.541069,34228,2026-10-06T10:55:39.541069
tstoreread_warm__,splmode,tstoreread_warm__splmode_T-STORE-READ_tsr:full_124_ff5224c56da2e3d2,34228,2026-10-06T10:55:39.541069,34228,2026-10-06T10:55:39.541069
tstoreread_warm__,splmode,tstoreread_warm__splmode_T-STORE-READ_tsr:full_125_ff5224c56da2e3d2,34228,2026-10-06T10:55:39.541069,34228,2026-10-06T10:55:39.541069
tstoreread_warm__,splmode,tstoreread_warm__splmode_T-STORE-READ_tsr:full_126_ff5224c56da2e3d2,34228,2026-10-06T10:55:39.541069,34228,2026-10-06T10:55:39.541069
tstoreread_warm__,splmode,tstoreread_warm__splmode_T-STORE-READ_tsr:full_127_ff5224c56da2e3d2,34228,2026-10-06T10:55:39.541069,34228,2026-10-06T10:55:39.541069
tstoreread_warm__,splmode,tstoreread_warm__splmode_T-STORE-READ_tsr:full_128_ff5224c56da2e3d2,34228,2026-10-06T10:55:39.541069,34228,2026-10-06T10:55:39.541069
tstoreread_warm__,splmode,tstoreread_warm__splmode_T-STORE-READ_tsr:full_129_ff5224c56da2e3d2,34228,2026-10-06T10:55:39.541069,34228,2026-10-06T10:55:39.541069
tstoreread_warm__,splmode,tstoreread_warm__splmode_T-STORE-READ_tsr:full_130_ff5224c56da2e3d2,34228,2026-10-06T10:55:39.541069,34228,2026-10-06T10:55:39.541069
tstoreread_warm__,splmode,tstoreread_warm__splmode_T-STORE-READ_tsr:full_131_ff5224c56da2e3d2,34228,2026-10-06T10:55:39.541069,34228,2026-10-06T10:55:39.541069
tstoreread_warm__,splmode,tstoreread_warm__splmode_T-STORE-READ_tsr:full_132_ff5224c56da2e3d2,34228,2026-10-06T10:55:39.541069,34228,2026-10-06T10:55:39.541069
tstoreread_warm__,splmode,tstoreread_warm__splmode_T-STORE-READ_tsr:full_133_ff5224c56da2e3d2,34228,2026-10-06T10:55:39.541069,34228,2026-10-06T10:55:39.541069
tstoreread_warm__,splmode,tstoreread_warm__splmode_T-STORE-READ_tsr:full_134_ff5224c56da2e3d2,34228,2026-10-06T10:55:39.541069,34228,2026-10-06T10:55:39.541069
tstoreread_warm__,splmode,tstoreread_warm__splmode_T-STORE-READ_tsr:full_135_ff5224c56da2e3d2,34228,2026-10-06T10:55:39.541069,34228,2026-10-06T10:55:39.541069
tstoreread_warm__,splmode,tstoreread_warm__splmode_T-STORE-READ_tsr:full_136_ff5224c56da2e3d2,34228,2026-10-06T10:55:39.541069,34228,2026-10-06T10:55:39.541069
tstoreread_warm__,splmode,tstoreread_warm__splmode_T-STORE-READ_tsr:full_137_ff5224c56da2e3d2,34228,2026-10-06T10:55:39.541069,34228,2026-10-06T10:55:39.541069
tstoreread_warm__,splmode,tstoreread_warm__splmode_T-STORE-READ_tsr:full_138_ff5224c56da2e3d2,34228,2026-10-06T10:55:39.541069,34228,2026-10-06T10:55:39.541069
tstoreread_warm__,splmode,tstoreread_warm__splmode_T-STORE-READ_tsr:full_139_ff5224c56da2e3d2,34228,2026-10-06T10:55:39.541069,34228,2026-10-06T10:55:39.541069
tstoreread_warm__,splmode,tstoreread_warm__splmode_T-STORE-READ_tsr:full_140_ff5224c56da2e3d2,34228,2026-10-06T10:55:39.541069,34228,2026-10-06T10:55:39.541069
tstoreread_warm__,splmode,tstoreread_warm__splmode_T-STORE-READ_tsr:full_141_ff5224c56da2e3d2,34228,2026-10-06T10:55:39.541069,34228,2026-10-06T10:55:39.541069
tstoreread_warm__,splmode,tstoreread_warm__splmode_T-STORE-READ_tsr:full_142_ff5224c56da2e3d2,34228,2026-10-06T10:55:39.541069,34228,2026-10-06T10:55:39.541069
tstoreread_warm__,splmode,tstoreread_warm__splmode_T-STORE-READ_tsr:full_143_ff5224c56da2e3d2,34228,2026-10-06T10:55:39.541069,34228,2026-10-06T10:55:39.541069
tstoreread_warm__,splmode,tstoreread_warm__splmode_T-STORE-READ_tsr:full_144_ff5224c56da2e3d2,34228,2026-10-06T10:55:39.541069,34228,2026-10-06T10:55:39.541069
tstoreread_warm__,splmode,tstoreread_warm__splmode_T-STORE-READ_tsr:full_145_ff5224c56da2e3d2,34228,2026-10-06T10:55:39.541069,34228,2026-10-06T10:55:39.541069
tstoreread_warm__,splmode,tstoreread_warm__splmode_T-STORE-READ_tsr:full_0_ff5224c56da2e3d2,34228,2026-10-06T10:55:39.541069,34228,2026-10-06T10:55:39.541069
tstoreread_warm__,splmode,tstoreread_warm__splmode_T-STORE-READ_tsr:full_1_ff5224c56da2e3d2,34228,2026-10-06T10:55:39.541069,34228,2026-10-06T10:55:39.541069
tstoreread_warm__,splmode,tstoreread_warm__splmode_T-STORE-READ_tsr:full_2_ff5224c56da2e3d2,34228,2026-10-06T10:55:39.541069,34228,2026-10-06T10:55:39.541069
tstoreread_warm__,splmode,tstoreread_warm__splmode_T-STORE-READ_tsr:full_3_ff5224c56da2e3d2,34228,2026-10-06T10:55:39.541069,34228,2026-10-06T10:55:39.541069
tstoreread_warm__,splmode,tstoreread_warm__splmode_T-STORE-READ_tsr:full_4_ff5224c56da2e3d2,34228,2026-10-06T10:55:39.541069,34228,2026-10-06T10:55:39.541069
tstoreread_warm__,splmode,tstoreread_warm__splmode_T-STORE-READ_tsr:full_5_ff5224c56da2e3d2,34228,2026-10-06T10:55:39.541069,34228,2026-10-06T10:55:39.541069
tstoreread_warm__,splmode,tstoreread_warm__splmode_T-STORE-READ_tsr:full_6_ff5224c56da2e3d2,34228,2026-10-06T10:55:39.541069,34228,2026-10-06T10:55:39.541069
tstoreread_warm__,splmode,tstoreread_warm__splmode_T-STORE-READ_tsr:full_7_ff5224c56da2e3d2,34228,2026-10-06T10:55:39.541069,34228,2026-10-06T10:55:39.541069
tstoreread_warm__,splmode,tstoreread_warm__splmode_T-STORE-READ_tsr:full_8_ff5224c56da2e3d2,34228,2026-10-06T10:55:39.541069,34228,2026-10-06T10:55:39.541069
tstoreread_warm__,splmode,tstoreread_warm__splmode_T-STORE-READ_tsr:full_9_ff5224c56da2e3d2,34228,2026-10-06T10:55:39.541069,34228,2026-10-06T10:55:39.541069
tstoreread_warm__,splmode,tstoreread_warm__splmode_T-STORE-READ_tsr:full_10_ff5224c56da2e3d2,34228,2026-10-06T10:55:39.541069,34228,2026-10-06T10:55:39.541069
tstoreread_warm__,splmode,tstoreread_warm__splmode_T-STORE-READ_tsr:full_11_ff5224c56da2e3d2,34228,2026-10-06T10:55:39.541069,34228,2026-10-06T10:55:39.541069
tstoreread_warm__,splmode,tstoreread_warm__splmode_T-STORE-READ_tsr:full_12_ff5224c56da2e3d2,34228,2026-10-06T10:55:39.541069,34228,2026-10-06T10:55:39.541069
tstoreread_warm__,splmode,tstoreread_warm__splmode_T-STORE-READ_tsr:full_13_ff5224c56da2e3d2,34228,2026-10-06T10:55:39.541069,34228,2026-10-06T10:55:39.541069
tstoreread_warm__,splmode,tstoreread_warm__splmode_T-STORE-READ_tsr:full_14_ff5224c56da2e3d2,34228,2026-10-06T10:55:39.541069,34228,2026-10-06T10:55:39.541069
tstoreread_warm__,splmode,tstoreread_warm__splmode_T-STORE-READ_tsr:full_15_ff5224c56da2e3d2,34228,2026-10-06T10:55:39.541069,34228,2026-10-06T10:55:39.541069
tstoreread_warm__,splmode,tstoreread_warm__splmode_T-STORE-READ_tsr:full_16_ff5224c56da2e3d2,34228,2026-10-06T10:55:39.541069,34228,2026-10-06T10:55:39.541069
tstoreread_warm__,splmode,tstoreread_warm__splmode_T-STORE-READ_tsr:full_17_ff5224c56da2e3d2,34228,2026-10-06T10:55:39.541069,34228,2026-10-06T10:55:39.541069
tstoreread_warm__,splmode,tstoreread_warm__splmode_T-STORE-READ_tsr:full_18_ff5224c56da2e3d2,34228,2026-10-06T10:55:39.541069,34228,2026-10-06T10:55:39.541069
tstoreread_warm__,splmode,tstoreread_warm__splmode_T-STORE-READ_tsr:full_19_ff5224c56da2e3d2,34228,2026-10-06T10:55:39.541069,34228,2026-10-06T10:55:39.541069
tstoreread_warm__,splmode,tstoreread_warm__splmode_T-STORE-READ_tsr:full_20_ff5224c56da2e3d2,34228,2026-10-06T10:55:39.541069,34228,2026-10-06T10:55:39.541069
tstoreread_warm__,splmode,tstoreread_warm__splmode_T-STORE-READ_tsr:full_21_ff5224c56da2e3d2,34228,2026-10-06T10:55:39.541069,34228,2026-10-06T10:55:39.541069
tstoreread_warm__,splmode,tstoreread_warm__splmode_T-STORE-READ_tsr:full_22_ff5224c56da2e3d2,34228,2026-10-06T10:55:39.541069,34228,2026-10-06T10:55:39.541069
tstoreread_warm__,splmode,tstoreread_warm__splmode_T-STORE-READ_tsr:full_23_ff5224c56da2e3d2,34228,2026-10-06T10:55:39.541069,34228,2026-10-06T10:55:39.541069
tstoreread_warm__,splmode,tstoreread_warm__splmode_T-STORE-READ_tsr:full_24_ff5224c56da2e3d2,34228,2026-10-06T10:55:39.541069,34228,2026-10-06T10:55:39.541069
tstoreread_warm__,splmode,tstoreread_warm__splmode_T-STORE-READ_tsr:full_25_ff5224c56da2e3d2,34228,2026-10-06T10:55:39.541069,34228,2026-10-06T10:55:39.541069
tstoreread_warm__,splmode,tstoreread_warm__splmode_T-STORE-READ_tsr:full_26_ff5224c56da2e3d2,34228,2026-10-06T10:55:39.541069,34228,2026-10-06T10:55:39.541069
tstoreread_warm__,splmode,tstoreread_warm__splmode_T-STORE-READ_tsr:full_27_ff5224c56da2e3d2,34228,2026-10-06T10:55:39.541069,34228,2026-10-06T10:55:39.541069
tstoreread_warm__,splmode,tstoreread_warm__splmode_T-STORE-READ_tsr:full_28_ff5224c56da2e3d2,34228,2026-10-06T10:55:39.541069,34228,2026-10-06T10:55:39.541069
tstoreread_warm__,splmode,tstoreread_warm__splmode_T-STORE-READ_tsr:full_29_ff5224c56da2e3d2,34228,2026-10-06T10:55:39.541069,34228,2026-10-06T10:55:39.541069
tstoreread_warm__,splmode,tstoreread_warm__splmode_T-STORE-READ_tsr:full_30_ff5224c56da2e3d2,34228,2026-10-06T10:55:39.541069,34228,2026-10-06T10:55:39.541069
tstoreread_warm__,splmode,tstoreread_warm__splmode_T-STORE-READ_tsr:full_31_ff5224c56da2e3d2,34228,2026-10-06T10:55:39.541069,34228,2026-10-06T10:55:39.541069
tstoreread_warm__,splmode,tstoreread_warm__splmode_T-STORE-READ_tsr:full_32_ff5224c56da2e3d2,34228,2026-10-06T10:55:39.541069,34228,2026-10-06T10:55:39.541069
tstoreread_warm__,splmode,tstoreread_warm__splmode_T-STORE-READ_tsr:full_33_ff5224c56da2e3d2,34228,2026-10-06T10:55:39.541069,34228,2026-10-06T10:55:39.541069
tstoreread_warm__,splmode,tstoreread_warm__splmode_T-STORE-READ_tsr:full_34_ff5224c56da2e3d2,34228,2026-10-06T10:55:39.541069,34228,2026-10-06T10:55:39.541069
tstoreread_warm__,splmode,tstoreread_warm__splmode_T-STORE-READ_tsr:full_35_ff5224c56da2e3d2,34228,2026-10-06T10:55:39.541069,34228,2026-10-06T10:55:39.541069
tstoreread_warm__,splmode,tstoreread_warm__splmode_T-STORE-READ_tsr:full_36_ff5224c56da2e3d2,34228,2026-10-06T10:55:39.541069,34228,2026-10-06T10:55:39.541069
tstoreread_warm__,splmode,tstoreread_warm__splmode_T-STORE-READ_tsr:full_37_ff5224c56da2e3d2,34228,2026-10-06T10:55:39.541069,34228,2026-10-06T10:55:39.541069
tstoreread_warm__,splmode,tstoreread_warm__splmode_T-STORE-READ_tsr:full_38_ff5224c56da2e3d2,34228,2026-10-06T10:55:39.541069,34228,2026-10-06T10:55:39.541069
tstoreread_warm__,splmode,tstoreread_warm__splmode_T-STORE-READ_tsr:full_39_ff5224c56da2e3d2,34228,2026-10-06T10:55:39.541069,34228,2026-10-06T10:55:39.541069
tstoreread_warm__,splmode,tstoreread_warm__splmode_T-STORE-READ_tsr:full_40_ff5224c56da2e3d2,34228,2026-10-06T10:55:39.541069,34228,2026-10-06T10:55:39.541069
tstoreread_warm__,splmode,tstoreread_warm__splmode_T-STORE-READ_tsr:full_41_ff5224c56da2e3d2,34228,2026-10-06T10:55:39.541069,34228,2026-10-06T10:55:39.541069
tstoreread_warm__,splmode,tstoreread_warm__splmode_T-STORE-READ_tsr:full_42_ff5224c56da2e3d2,34228,2026-10-06T10:55:39.541069,34228,2026-10-06T10:55:39.541069
tstoreread_warm__,splmode,tstoreread_warm__splmode_T-STORE-READ_tsr:full_43_ff5224c56da2e3d2,34228,2026-10-06T10:55:39.541069,34228,2026-10-06T10:55:39.541069
tstoreread_warm__,splmode,tstoreread_warm__splmode_T-STORE-READ_tsr:full_44_ff5224c56da2e3d2,34228,2026-10-06T10:55:39.541069,34228,2026-10-06T10:55:39.541069
tstoreread_warm__,splmode,tstoreread_warm__splmode_T-STORE-READ_tsr:full_45_ff5224c56da2e3d2,34228,2026-10-06T10:55:39.541069,34228,2026-10-06T10:55:39.541069
tstoreread_warm__,splmode,tstoreread_warm__splmode_T-STORE-READ_tsr:full_46_ff5224c56da2e3d2,34228,2026-10-06T10:55:39.541069,34228,2026-10-06T10:55:39.541069
tstoreread_warm__,splmode,tstoreread_warm__splmode_T-STORE-READ_tsr:full_47_ff5224c56da2e3d2,34228,2026-10-06T10:55:39.541069,34228,2026-10-06T10:55:39.541069
tstoreread_warm__,splmode,tstoreread_warm__splmode_T-STORE-READ_tsr:full_48_ff5224c56da2e3d2,34228,2026-10-06T10:55:39.541069,34228,2026-10-06T10:55:39.541069
tstoreread_warm__,splmode,tstoreread_warm__splmode_T-STORE-READ_tsr:full_49_ff5224c56da2e3d2,34228,2026-10-06T10:55:39.541069,34228,2026-10-06T10:55:39.541069
tstoreread_warm__,splmode,tstoreread_warm__splmode_T-STORE-READ_tsr:full_50_ff5224c56da2e3d2,34228,2026-10-06T10:55:39.541069,34228,2026-10-06T10:55:39.541069
tstoreread_warm__,splmode,tstoreread_warm__splmode_T-STORE-READ_tsr:full_51_ff5224c56da2e3d2,34228,2026-10-06T10:55:39.541069,34228,2026-10-06T10:55:39.541069
tstoreread_warm__,splmode,tstoreread_warm__splmode_T-STORE-READ_tsr:full_52_ff5224c56da2e3d2,34228,2026-10-06T10:55:39.541069,34228,2026-10-06T10:55:39.541069
tstoreread_warm__,splmode,tstoreread_warm__splmode_T-STORE-READ_tsr:full_53_ff5224c56da2e3d2,34228,2026-10-06T10:55:39.541069,34228,2026-10-06T10:55:39.541069
tstoreread_warm__,splmode,tstoreread_warm__splmode_T-STORE-READ_tsr:full_54_ff5224c56da2e3d2,34228,2026-10-06T10:55:39.541069,34228,2026-10-06T10:55:39.541069
tstoreread_warm__,splmode,tstoreread_warm__splmode_T-STORE-READ_tsr:full_55_ff5224c56da2e3d2,34228,2026-10-06T10:55:39.541069,34228,2026-10-06T10:55:39.541069
tstoreread_warm__,splmode,tstoreread_warm__splmode_T-STORE-READ_tsr:full_56_ff5224c56da2e3d2,34228,2026-10-06T10:55:39.541069,34228,2026-10-06T10:55:39.541069
tstoreread_warm__,splmode,tstoreread_warm__splmode_T-STORE-READ_tsr:full_57_ff5224c56da2e3d2,34228,2026-10-06T10:55:39.541069,34228,2026-10-06T10:55:39.541069
tstoreread_warm__,splmode,tstoreread_warm__splmode_T-STORE-READ_tsr:full_58_ff5224c56da2e3d2,34228,2026-10-06T10:55:39.541069,34228,2026-10-06T10:55:39.541069
tstoreread_warm__,splmode,tstoreread_warm__splmode_T-STORE-READ_tsr:full_59_ff5224c56da2e3d2,34228,2026-10-06T10:55:39.541069,34228,2026-10-06T10:55:39.541069
tstoreread_warm__,splmode,tstoreread_warm__splmode_T-STORE-READ_tsr:full_60_ff5224c56da2e3d2,34228,2026-10-06T10:55:39.541069,34228,2026-10-06T10:55:39.541069
tstoreread_warm__,splmode,tstoreread_warm__splmode_T-STORE-READ_tsr:full_61_ff5224c56da2e3d2,34228,2026-10-06T10:55:39.541069,34228,2026-10-06T10:55:39.541069
tstoreread_warm__,splmode,tstoreread_warm__splmode_T-STORE-READ_tsr:full_62_ff5224c56da2e3d2,34228,2026-10-06T10:55:39.541069,34228,2026-10-06T10:55:39.541069
tstoreread_warm__,splmode,tstoreread_warm__splmode_T-STORE-READ_tsr:full_63_ff5224c56da2e3d2,34228,2026-10-06T10:55:39.541069,34228,2026-10-06T10:55:39.541069
tstoreread_warm__,splmode,tstoreread_warm__splmode_T-STORE-READ_tsr:full_64_ff5224c56da2e3d2,34228,2026-10-06T10:55:39.541069,34228,2026-10-06T10:55:39.541069
tstoreread_warm__,splmode,tstoreread_warm__splmode_T-STORE-READ_tsr:full_65_ff5224c56da2e3d2,34228,2026-10-06T10:55:39.541069,34228,2026-10-06T10:55:39.541069
tstoreread_warm__,splmode,tstoreread_warm__splmode_T-STORE-READ_tsr:full_66_ff5224c56da2e3d2,34228,2026-10-06T10:55:39.541069,34228,2026-10-06T10:55:39.541069
tstoreread_warm__,splmode,tstoreread_warm__splmode_T-STORE-READ_tsr:full_67_ff5224c56da2e3d2,34228,2026-10-06T10:55:39.541069,34228,2026-10-06T10:55:39.541069
tstoreread_warm__,splmode,tstoreread_warm__splmode_T-STORE-READ_tsr:full_68_ff5224c56da2e3d2,34228,2026-10-06T10:55:39.541069,34228,2026-10-06T10:55:39.541069
tstoreread_warm__,splmode,tstoreread_warm__splmode_T-STORE-READ_tsr:full_69_ff5224c56da2e3d2,34228,2026-10-06T10:55:39.541069,34228,2026-10-06T10:55:39.541069
tstoreread_warm__,splmode,tstoreread_warm__splmode_T-STORE-READ_tsr:full_70_ff5224c56da2e3d2,34228,2026-10-06T10:55:39.541069,34228,2026-10-06T10:55:39.541069
tstoreread_warm__,splmode,tstoreread_warm__splmode_T-STORE-READ_tsr:full_71_ff5224c56da2e3d2,34228,2026-10-06T10:55:39.541069,34228,2026-10-06T10:55:39.541069
tstoreread_warm__,splmode,tstoreread_warm__splmode_T-STORE-READ_tsr:full_72_ff5224c56da2e3d2,34228,2026-10-06T10:55:39.541069,34228,2026-10-06T10:55:39.541069
tstoreread_warm__,splmode,tstoreread_warm__splmode_T-STORE-READ_tsr:full_73_ff5224c56da2e3d2,34228,2026-10-06T10:55:39.541069,34228,2026-10-06T10:55:39.541069
tstoreread_warm__,splmode,tstoreread_warm__splmode_T-STORE-READ_tsr:full_74_ff5224c56da2e3d2,34228,2026-10-06T10:55:39.541069,34228,2026-10-06T10:55:39.541069
tstoreread_warm__,splmode,tstoreread_warm__splmode_T-STORE-READ_tsr:full_75_ff5224c56da2e3d2,34228,2026-10-06T10:55:39.541069,34228,2026-10-06T10:55:39.541069
tstoreread_warm__,splmode,tstoreread_warm__splmode_T-STORE-READ_tsr:full_76_ff5224c56da2e3d2,34228,2026-10-06T10:55:39.541069,34228,2026-10-06T10:55:39.541069
tstoreread_warm__,splmode,tstoreread_warm__splmode_T-STORE-READ_tsr:full_77_ff5224c56da2e3d2,34228,2026-10-06T10:55:39.541069,34228,2026-10-06T10:55:39.541069
tstoreread_warm__,splmode,tstoreread_warm__splmode_T-STORE-READ_tsr:full_78_ff5224c56da2e3d2,34228,2026-10-06T10:55:39.541069,34228,2026-10-06T10:55:39.541069
tstoreread_warm__,splmode,tstoreread_warm__splmode_T-STORE-READ_tsr:full_79_ff5224c56da2e3d2,34228,2026-10-06T10:55:39.541069,34228,2026-10-06T10:55:39.541069
tstoreread_warm__,splmode,tstoreread_warm__splmode_T-STORE-READ_tsr:full_80_ff5224c56da2e3d2,34228,2026-10-06T10:55:39.541069,34228,2026-10-06T10:55:39.541069
tstoreread_warm__,splmode,tstoreread_warm__splmode_T-STORE-READ_tsr:full_81_ff5224c56da2e3d2,34228,2026-10-06T10:55:39.541069,34228,2026-10-06T10:55:39.541069
tstoreread_warm__,splmode,tstoreread_warm__splmode_T-STORE-READ_tsr:full_82_ff5224c56da2e3d2,34228,2026-10-06T10:55:39.541069,34228,2026-10-06T10:55:39.541069
tstoreread_warm__,splmode,tstoreread_warm__splmode_T-STORE-READ_tsr:full_83_ff5224c56da2e3d2,34228,2026-10-06T10:55:39.541069,34228,2026-10-06T10:55:39.541069
tstoreread_warm__,splmode,tstoreread_warm__splmode_T-STORE-READ_tsr:full_84_ff5224c56da2e3d2,34228,2026-10-06T10:55:39.541069,34228,2026-10-06T10:55:39.541069
tstoreread_warm__,splmode,tstoreread_warm__splmode_T-STORE-READ_tsr:full_85_ff5224c56da2e3d2,34228,2026-10-06T10:55:39.541069,34228,2026-10-06T10:55:39.541069
tstoreread_warm__,splmode,tstoreread_warm__splmode_T-STORE-READ_tsr:full_86_ff5224c56da2e3d2,34228,2026-10-06T10:55:39.541069,34228,2026-10-06T10:55:39.541069
tstoreread_warm__,splmode,tstoreread_warm__splmode_T-STORE-READ_tsr:full_87_ff5224c56da2e3d2,34228,2026-10-06T10:55:39.541069,34228,2026-10-06T10:55:39.541069
tstoreread_warm__,splmode,tstoreread_warm__splmode_T-STORE-READ_tsr:full_88_ff5224c56da2e3d2,34228,2026-10-06T10:55:39.541069,34228,2026-10-06T10:55:39.541069
tstoreread_warm__,splmode,tstoreread_warm__splmode_T-STORE-READ_tsr:full_89_ff5224c56da2e3d2,34228,2026-10-06T10:55:39.541069,34228,2026-10-06T10:55:39.541069
tstoreread_warm__,splmode,tstoreread_warm__splmode_T-STORE-READ_tsr:full_90_ff5224c56da2e3d2,34228,2026-10-06T10:55:39.541069,34228,2026-10-06T10:55:39.541069
tstoreread_warm__,splmode,tstoreread_warm__splmode_T-STORE-READ_tsr:full_91_ff5224c56da2e3d2,34228,2026-10-06T10:55:39.541069,34228,2026-10-06T10:55:39.541069
tstoreread_warm__,splmode,tstoreread_warm__splmode_T-STORE-READ_tsr:full_92_ff5224c56da2e3d2,34228,2026-10-06T10:55:39.541069,34228,2026-10-06T10:55:39.541069
tstoreread_warm__,splmode,tstoreread_warm__splmode_T-STORE-READ_tsr:full_93_ff5224c56da2e3d2,34228,2026-10-06T10:55:39.541069,34228,2026-10-06T10:55:39.541069
tstoreread_warm__,splmode,tstoreread_warm__splmode_T-STORE-READ_tsr:full_94_ff5224c56da2e3d2,34228,2026-10-06T10:55:39.541069,34228,2026-10-06T10:55:39.541069
tstoreread_warm__,splmode,tstoreread_warm__splmode_T-STORE-READ_tsr:full_95_ff5224c56da2e3d2,34228,2026-10-06T10:55:39.541069,34228,2026-10-06T10:55:39.541069
tstoreread_warm__,splmode,tstoreread_warm__splmode_T-STORE-READ_tsr:full_96_ff5224c56da2e3d2,34228,2026-10-06T10:55:39.541069,34228,2026-10-06T10:55:39.541069
tstoreread_warm__,splmode,tstoreread_warm__splmode_T-STORE-READ_tsr:full_97_ff5224c56da2e3d2,34228,2026-10-06T10:55:39.541069,34228,2026-10-06T10:55:39.541069
tstoreread_warm__,splmode,tstoreread_warm__splmode_T-STORE-READ_tsr:full_98_ff5224c56da2e3d2,34228,2026-10-06T10:55:39.541069,34228,2026-10-06T10:55:39.541069
tstoreread_warm__,splmode,tstoreread_warm__splmode_T-STORE-READ_tsr:full_99_ff5224c56da2e3d2,34228,2026-10-06T10:55:39.541069,34228,2026-10-06T10:55:39.541069
tstoreread_warm__,splmode,tstoreread_warm__splmode_T-STORE-READ_tsr:full_100_ff5224c56da2e3d2,34228,2026-10-06T10:55:39.541069,34228,2026-10-06T10:55:39.541069
tstoreread_warm__,splmode,tstoreread_warm__splmode_T-STORE-READ_tsr:full_101_ff5224c56da2e3d2,34228,2026-10-06T10:55:39.541069,34228,2026-10-06T10:55:39.541069
tstoreread_warm__,splmode,tstoreread_warm__splmode_T-STORE-READ_tsr:full_102_ff5224c56da2e3d2,34228,2026-10-06T10:55:39.541069,34228,2026-10-06T10:55:39.541069
tstoreread_warm__,splmode,tstoreread_warm__splmode_T-STORE-READ_tsr:full_103_ff5224c56da2e3d2,34228,2026-10-06T10:55:39.541069,34228,2026-10-06T10:55:39.541069
tstoreread_warm__,splmode,tstoreread_warm__splmode_T-STORE-READ_tsr:full_104_ff5224c56da2e3d2,34228,2026-10-06T10:55:39.541069,34228,2026-10-06T10:55:39.541069
tstoreread_warm__,splmode,tstoreread_warm__splmode_T-STORE-READ_tsr:full_105_ff5224c56da2e3d2,34228,2026-10-06T10:55:39.541069,34228,2026-10-06T10:55:39.541069
tstoreread_warm__,splmode,tstoreread_warm__splmode_T-STORE-READ_tsr:full_106_ff5224c56da2e3d2,34228,2026-10-06T10:55:39.541069,34228,2026-10-06T10:55:39.541069
tstoreread_warm__,splmode,tstoreread_warm__splmode_T-STORE-READ_tsr:full_107_ff5224c56da2e3d2,34228,2026-10-06T10:55:39.541069,34228,2026-10-06T10:55:39.541069
tstoreread_warm__,splmode,tstoreread_warm__splmode_T-STORE-READ_tsr:full_108_ff5224c56da2e3d2,34228,2026-10-06T10:55:39.541069,34228,2026-10-06T10:55:39.541069
tstoreread_warm__,splmode,tstoreread_warm__splmode_T-STORE-READ_tsr:full_109_ff5224c56da2e3d2,34228,2026-10-06T10:55:39.541069,34228,2026-10-06T10:55:39.541069
tstoreread_warm__,splmode,tstoreread_warm__splmode_T-STORE-READ_tsr:full_110_ff5224c56da2e3d2,34228,2026-10-06T10:55:39.541069,34228,2026-10-06T10:55:39.541069
tstoreread_warm__,splmode,tstoreread_warm__splmode_T-STORE-READ_tsr:full_111_ff5224c56da2e3d2,34228,2026-10-06T10:55:39.541069,34228,2026-10-06T10:55:39.541069
tstoreread_warm__,splmode,tstoreread_warm__splmode_T-STORE-READ_tsr:full_112_ff5224c56da2e3d2,34228,2026-10-06T10:55:39.541069,34228,2026-10-06T10:55:39.541069
tstoreread_warm__,splmode,tstoreread_warm__splmode_T-STORE-READ_tsr:full_113_ff5224c56da2e3d2,34228,2026-10-06T10:55:39.541069,34228,2026-10-06T10:55:39.541069
tstoreread_warm__,splmode,tstoreread_warm__splmode_T-STORE-READ_tsr:full_114_ff5224c56da2e3d2,34228,2026-10-06T10:55:39.541069,34228,2026-10-06T10:55:39.541069
tstoreread_warm__,splmode,tstoreread_warm__splmode_T-STORE-READ_tsr:full_115_ff5224c56da2e3d2,34228,2026-10-06T10:55:39.541069,34228,2026-10-06T10:55:39.541069
tstoreread_warm__,splmode,tstoreread_warm__splmode_T-STORE-READ_tsr:full_116_ff5224c56da2e3d2,34228,2026-10-06T10:55:39.541069,34228,2026-10-06T10:55:39.541069
tstoreread_warm__,splmode,tstoreread_warm__splmode_T-STORE-READ_tsr:full_117_ff5224c56da2e3d2,34228,2026-10-06T10:55:39.541069,34228,2026-10-06T10:55:39.541069
tstoreread_warm__,splmode,tstoreread_warm__splmode_T-STORE-READ_tsr:full_118_ff5224c56da2e3d2,34228,2026-10-06T10:55:39.541069,34228,2026-10-06T10:55:39.541069
tstoreread_warm__,splmode,tstoreread_warm__splmode_T-STORE-READ_tsr:full_119_ff5224c56da2e3d2,34228,2026-10-06T10:55:39.541069,34228,2026-10-06T10:55:39.541069
tstoreread_warm__,splmode,tstoreread_warm__splmode_T-STORE-READ_tsr:full_120_ff5224c56da2e3d2,34228,2026-10-06T10:55:39.541069,34228,2026-10-06T10:55:39.541069
tstoreread_warm__,splmode,tstoreread_warm__splmode_T-STORE-READ_tsr:full_121_ff5224c56da2e3d2,34228,2026-10-06T10:55:39.541069,34228,2026-10-06T10:55:39.541069
tstoreread_warm__,splmode,tstoreread_warm__splmode_T-STORE-READ_tsr:full_122_ff5224c56da2e3d2,34228,2026-10-06T10:55:39.541069,34228,2026-10-06T10:55:39.541069
tstoreread_warm__,splmode,tstoreread_warm__splmode_T-STORE-READ_tsr:full_123_ff5224c56da2e3d2,34228,2026-10-06T10:55:39.541069,34228,2026-10-06T10:55:39.541069
tstoreread_warm__,splmode,tstoreread_warm__splmode_T-STORE-READ_tsr:full_124_ff5224c56da2e3d2,34228,2026-10-06T10:55:39.541069,34228,2026-10-06T10:55:39.541069
tstoreread_warm__,splmode,tstoreread_warm__splmode_T-STORE-READ_tsr:full_125_ff5224c56da2e3d2,34228,2026-10-06T10:55:39.541069,34228,2026-10-06T10:55:39.541069
tstoreread_warm__,splmode,tstoreread_warm__splmode_T-STORE-READ_tsr:full_126_ff5224c56da2e3d2,34228,2026-10-06T10:55:39.541069,34228,2026-10-06T10:55:39.541069
tstoreread_warm__,splmode,tstoreread_warm__splmode_T-STORE-READ_tsr:full_127_ff5224c56da2e3d2,34228,2026-10-06T10:55:39.541069,34228,2026-10-06T10:55:39.541069
tstoreread_warm__,splmode,tstoreread_warm__splmode_T-STORE-READ_tsr:full_128_ff5224c56da2e3d2,34228,2026-10-06T10:55:39.541069,34228,2026-10-06T10:55:39.541069
tstoreread_warm__,splmode,tstoreread_warm__splmode_T-STORE-READ_tsr:full_129_ff5224c56da2e3d2,34228,2026-10-06T10:55:39.541069,34228,2026-10-06T10:55:39.541069
tstoreread_warm__,splmode,tstoreread_warm__splmode_T-STORE-READ_tsr:full_130_ff5224c56da2e3d2,34228,2026-10-06T10:55:39.541069,34228,2026-10-06T10:55:39.541069
tstoreread_warm__,splmode,tstoreread_warm__splmode_T-STORE-READ_tsr:full_131_ff5224c56da2e3d2,34228,2026-10-06T10:55:39.541069,34228,2026-10-06T10:55:39.541069
tstoreread_warm__,splmode,tstoreread_warm__splmode_T-STORE-READ_tsr:full_132_ff5224c56da2e3d2,34228,2026-10-06T10:55:39.541069,34228,2026-10-06T10:55:39.541069
tstoreread_warm__,splmode,tstoreread_warm__splmode_T-STORE-READ_tsr:full_133_ff5224c56da2e3d2,34228,2026-10-06T10:55:39.541069,34228,2026-10-06T10:55:39.541069
tstoreread_warm__,splmode,tstoreread_warm__splmode_T-STORE-READ_tsr:full_134_ff5224c56da2e3d2,34228,2026-10-06T10:55:39.541069,34228,2026-10-06T10:55:39.541069
tstoreread_warm__,splmode,tstoreread_warm__splmode_T-STORE-READ_tsr:full_135_ff5224c56da2e3d2,34228,2026-10-06T10:55:39.541069,34228,2026-10-06T10:55:39.541069
tstoreread_warm__,splmode,tstoreread_warm__splmode_T-STORE-READ_tsr:full_136_ff5224c56da2e3d2,34228,2026-10-06T10:55:39.541069,34228,2026-10-06T10:55:39.541069
tstoreread_warm__,splmode,tstoreread_warm__splmode_T-STORE-READ_tsr:full_137_ff5224c56da2e3d2,34228,2026-10-06T10:55:39.541069,34228,2026-10-06T10:55:39.541069
tstoreread_warm__,splmode,tstoreread_warm__splmode_T-STORE-READ_tsr:full_138_ff5224c56da2e3d2,34228,2026-10-06T10:55:39.541069,34228,2026-10-06T10:55:39.541069
tstoreread_warm__,splmode,tstoreread_warm__splmode_T-STORE-READ_tsr:full_139_ff5224c56da2e3d2,34228,2026-10-06T10:55:39.541069,34228,2026-10-06T10:55:39.541069
tstoreread_warm__,splmode,tstoreread_warm__splmode_T-STORE-READ_tsr:full_140_ff5224c56da2e3d2,34228,2026-10-06T10:55:39.541069,34228,2026-10-06T10:55:39.541069
tstoreread_warm__,splmode,tstoreread_warm__splmode_T-STORE-READ_tsr:full_141_ff5224c56da2e3d2,34228,2026-10-06T10:55:39.541069,34228,2026-10-06T10:55:39.541069
tstoreread_warm__,splmode,tstoreread_warm__splmode_T-STORE-READ_tsr:full_142_ff5224c56da2e3d2,34228,2026-10-06T10:55:39.541069,34228,2026-10-06T10:55:39.541069
tstoreread_warm__,splmode,tstoreread_warm__splmode_T-STORE-READ_tsr:full_143_ff5224c56da2e3d2,34228,2026-10-06T10:55:39.541069,34228,2026-10-06T10:55:39.541069
tstoreread_warm__,splmode,tstoreread_warm__splmode_T-STORE-READ_tsr:full_144_ff5224c56da2e3d2,34228,2026-10-06T10:55:39.541069,34228,2026-10-06T10:55:39.541069
tstoreread_warm__,splmode,tstoreread_warm__splmode_T-STORE-READ_tsr:full_145_ff5224c56da2e3d2,34228,2026-10-06T10:55:39.541069,34228,2026-10-06T10:55:39.541069
