path,classification,reason,r4_2,rp1
evaluations/stops/canonical/determinism (S),S,"scientific, no whitelist",,
context_id_unique,E,C-4/R-1(ii) ADDITION (not in r4-2),<ABSENT>,"{""all_unique"": true, ""expected_rows"": 144, ""matches_dry_table"": true, ""pass_"": true, ""rows"": 144}"
end_state.PI_dispatch_record_hash,E,"rp1-r1's own dispatch record is D-12, not D-7","""a3e705093577135f9992685a483b2f0de343326da6c3aecbb278e7672e1ec1fb""","""2c23130dfed76b02f50c24de0319ab39e296d47fc74cb46b8ad0c88dc6434364"""
end_state.PI_dispatch_record_path,E,rp1-r1's own dispatch record path,"""p_konum_plus/prompts/f3_step2_r4-2_pi_dispatch_record_2026-09-30.md""","""p_konum_plus/prompts/f3_realdata_prep_rp1-r1_pi_dispatch_record_2026-10-05.md"""
end_state.corrections_complete,E,"stale at comparison time -- T-NONREG-R4-2 (this check) is not yet recorded in TESTS_RUN; refreshed immediately after, before the results file is written",true,false
end_state.mandatory_tests_all_run,E,"stale at comparison time, same reason",true,false
end_state.mandatory_tests_missing,E,"stale at comparison time, same reason",[],"[""T-NONREG-R4-2""]"
f1_contract_gap,E,R-1(iii) ADDITION (not in r4-2),<ABSENT>,"{""cases"": {""fixture_id"": {""key_named"": ""fixture_id"", ""ok"": true, ""raised"": true}, ""injections"": {""key_named"": ""injections"", ""ok"": true, ""raised"": true}, ""start_bank"": {""key_named"": ""start_bank"", ""ok"": true, ""raised"": true}, ""strata"": {""key_named"": ""strata"", ""ok"": true, ""raised"": true}}, ""pass_"": true}"
f1_handoff_synth,E,R-1 ADDITION (not in r4-2),<ABSENT>,"{""actual_rows_equal_dry_table"": true, ""captured_rows"": 144, ""dry_rows"": 144, ""exception"": null, ""pass_"": true, ""ran_without_exception"": true, ""xhashes_match_loader"": true}"
f1_loader_synth,E,C-3 ADDITION (not in r4-2),<ABSENT>,"{""cases"": {""BAD_FORMAT"": {""expected"": ""BAD_FORMAT"", ""got"": ""BAD_FORMAT"", ""ok"": true}, ""BAD_SEMANTICS"": {""expected"": ""BAD_SEMANTICS"", ""got"": ""BAD_SEMANTICS"", ""ok"": true}, ""COUNT_BELOW_PUBLICATION_FLOOR"": {""expected"": ""COUNT_BELOW_PUBLICATION_FLOOR"", ""got"": ""COUNT_BELOW_PUBLICATION_FLOOR"", ""ok"": true}, ""DUPLICATE_KEY"": {""expected"": ""DUPLICATE_KEY"", ""got"": ""DUPLICATE_KEY"", ""ok"": true}, ""MISSING_YEAR"": {""expected"": ""MISSING_YEAR"", ""got"": ""MISSING_YEAR"", ""ok"": true}, ""NEGATIVE_SHARE"": {""expected"": ""N"
f1_repro_gate_synth,E,R-1(iv) ADDITION (not in r4-2),<ABSENT>,"{""cases"": {""complete"": {""ok"": true, ""raised"": false, ""reason"": null}, ""eligible_manifest_changed"": {""ok"": true, ""raised"": true, ""reason"": ""F1_REPRO_GATE_ELIGIBLE_MISMATCH observed=[('F', 'Zq00'), ('F', 'Zq01'), ('F', 'Zq02'), ('M', 'Zq00'), ('M', 'Zq01'), ('M', 'Zq02')] expected=[('F', 'Zq00'), ('F', 'Zq01'), ('F', 'Zq02'), ('M', 'Zq00'), ('M', 'Zq01')]""}, ""extra_file"": {""ok"": true, ""raised"": true, ""reason"": ""F1_REPRO_GATE_EXTRA_FILE ['yob2025.txt']""}, ""hash_changed"": {""ok"": true, ""raised"": true"
inadmissible_completed_counts,E,C-5 ADDITION (not in r4-2),<ABSENT>,"{""family_starts"": 13026, ""spline_modes"": 105}"
inadmissible_observable,E,C-5 ADDITION (not in r4-2),<ABSENT>,"{""family"": {""eligible_not_counted"": true, ""infeasible_not_counted"": true, ""nonconverged_not_counted"": true, ""witness"": null, ""witness_found"": false}, ""pass_"": true, ""spline"": {""accepted_primary_not_counted"": true, ""accepted_stage1_not_counted"": true, ""clean_not_accepted_counted"": true, ""dirty_return_not_counted"": true}, ""witness_on_frozen_lattice"": false}"
key_namespace_table,E,C-2 ADDITION (not in r4-2),<ABSENT>,"[{""key_families"": [""nrgates_all"", ""onestart"", ""realscen"", ""splmode"", ""unittests_all""], ""n_keys"": 11431, ""scope"": ""(base)""}, {""key_families"": [""splmode""], ""n_keys"": 438, ""scope"": ""excpass1__""}, {""key_families"": [""splmode""], ""n_keys"": 438, ""scope"": ""excpass2__""}, {""key_families"": [""f1handoff""], ""n_keys"": 54714, ""scope"": ""f1handoff__""}, {""key_families"": [""splmode""], ""n_keys"": 146, ""scope"": ""tstoreread_cold__""}, {""key_families"": [""splmode""], ""n_keys"": 146, ""scope"": ""tstoreread_warm__""}]"
opened_files_audit_derived,E,rp1-r1's own file paths,"[""4"", ""C:\\Users\\Neo\\AppData\\Local\\Programs\\Python\\Python311\\Lib\\__pycache__\\copy.cpython-311.pyc"", ""C:\\Users\\Neo\\AppData\\Local\\Programs\\Python\\Python311\\Lib\\__pycache__\\dataclasses.cpython-311.pyc"", ""C:\\Users\\Neo\\AppData\\Local\\Programs\\Python\\Python311\\Lib\\__pycache__\\heapq.cpython-311.pyc"", ""C:\\Users\\Neo\\AppData\\Local\\Programs\\Python\\Python311\\Lib\\__pycache__\\selectors.cpython-311.pyc"", ""C:\\Users\\Neo\\AppData\\Local\\Programs\\Python\\Python311\\Lib\\__","[""4"", ""C:\\Users\\Neo\\AppData\\Local\\Programs\\Python\\Python311\\Lib\\__pycache__\\copy.cpython-311.pyc"", ""C:\\Users\\Neo\\AppData\\Local\\Programs\\Python\\Python311\\Lib\\__pycache__\\dataclasses.cpython-311.pyc"", ""C:\\Users\\Neo\\AppData\\Local\\Programs\\Python\\Python311\\Lib\\__pycache__\\heapq.cpython-311.pyc"", ""C:\\Users\\Neo\\AppData\\Local\\Programs\\Python\\Python311\\Lib\\__pycache__\\selectors.cpython-311.pyc"", ""C:\\Users\\Neo\\AppData\\Local\\Programs\\Python\\Python311\\Lib\\__"
opened_files_declared,E,rp1-r1's own file paths (more deliverables),"[""G:\\PycharmProjects\\pkp-worktree\\p_konum_plus\\calibration\\f3_step2_adequacy_harness_r4-2_2026-09-30.py"", ""p_konum_plus/calibration/f2_d_f2_09_proposed_start_grid_manifest_2026-08-30.csv"", ""p_konum_plus/calibration/f2_step2_feasibility_harness_r3_2026-09-01.py"", ""p_konum_plus/calibration/f2_step2_feasibility_telemetry_r3_2026-09-01.csv"", ""p_konum_plus/calibration/f2_step2_fixture_manifest_2026-09-01.csv"", ""p_konum_plus/calibration/f3_spline_solver_qualification_harness_r2_2026-09-03.py"", ""p","[""G:\\PycharmProjects\\pkp-worktree\\p_konum_plus\\calibration\\f3_step2_adequacy_harness_rp1-r1_2026-10-05.py"", ""p_konum_plus/calibration/f1_input_freeze_record_2026-08-28.md"", ""p_konum_plus/calibration/f2_d_f2_09_proposed_start_grid_manifest_2026-08-30.csv"", ""p_konum_plus/calibration/f2_step2_feasibility_harness_r3_2026-09-01.py"", ""p_konum_plus/calibration/f2_step2_feasibility_telemetry_r3_2026-09-01.csv"", ""p_konum_plus/calibration/f2_step2_fixture_manifest_2026-09-01.csv"", ""p_konum_plus/calib"
process.attempt_log_path,E,own deliverable path,"""p_konum_plus/provenance/f3_step2_r4-2_attempt_log_2026-09-30.md""","""p_konum_plus/provenance/f3_realdata_prep_rp1-r1_attempt_log_2026-10-05.md"""
process.attempt_number,E,own attempt counter; restarts at 1 for rp1-r1,2,1
process.command_line,E,this process's own invocation,"""p_konum_plus/calibration/f3_step2_adequacy_harness_r4-2_2026-09-30.py""","""p_konum_plus/calibration/f3_step2_adequacy_harness_rp1-r1_2026-10-05.py"""
process.end,E,this process's own timing,"""2026-09-30T21:36:01.300416""","""2026-10-06T22:54:33.539908"""
process.launch_number,E,own launch counter,2,1
process.launch_stderr_path,E,own log path,"""p_konum_plus/calibration/f3_step2_r4-2_launch2_stderr_2026-09-30.log""","""p_konum_plus/calibration/f3_step2_rp1-r1_launch1_stderr_2026-10-05.log"""
process.launch_stdout_path,E,own log path,"""p_konum_plus/calibration/f3_step2_r4-2_launch2_stdout_2026-09-30.log""","""p_konum_plus/calibration/f3_step2_rp1-r1_launch1_stdout_2026-10-05.log"""
process.percall_telemetry_path,E,own deliverable path,"""p_konum_plus/calibration/f3_step2_spline_percall_telemetry_r4-2_2026-09-30.csv""","""p_konum_plus/calibration/f3_step2_spline_percall_telemetry_rp1-r1_2026-10-05.csv"""
process.pid,E,this process's own identity,10412,34228
process.spline_telemetry_call_total,E,same reason,12174,22217
process.spline_telemetry_calls_by_phase,E,rp1-r1 adds a t_store_read_accounting phase label (R-5),"{""nr_gates"": 60, ""run1"": 5256, ""run2"": 5256, ""unit_tests"": 1602}","{""nr_gates"": 9283, ""run1"": 5256, ""run2"": 5256, ""t_store_read_accounting"": 820, ""unit_tests"": 1602}"
process.spline_telemetry_calls_by_phase_pid,E,same reason,"{""nr_gates/10412"": 60, ""run1/10412"": 5256, ""run2/10412"": 5256, ""unit_tests/10412"": 1602}","{""nr_gates/34228"": 9283, ""run1/34228"": 5256, ""run2/34228"": 5256, ""t_store_read_accounting/34228"": 820, ""unit_tests/34228"": 1602}"
process.start,E,this process's own timing,"""2026-09-30T20:38:58.140644""","""2026-10-06T10:55:39.541069"""
process.store_manifest_path,E,own deliverable path,"""p_konum_plus/calibration/f3_step2_r4-2_restart_store_manifest_2026-09-30.csv""","""p_konum_plus/calibration/f3_step2_rp1-r1_restart_store_manifest_2026-10-05.csv"""
process.store_manifest_sha256,E,own store contents,"""1082e0eb6caa9eaab2f779802b2023967716f424bd4278f674bc92130ae87f95""","""6244e7895f080272a48b34ecc1e8f16d103e281e39d98d296acecfcd86295bc3"""
process.store_rows,E,"rp1-r1's own store has new key families: R-1's f1handoff__/f1gap__ scopes, cold/warm T-STORE-READ scopes (R-5)",11869,67313
process.supersedes_harness_sha256,E,own supersession chain,"""9e4d2803101de6b48b69965882772c2f5a65d71ddce95269b4616dceb6731d74""",null
process.supersedes_note_path,E,own supersession chain,"""p_konum_plus/quarantine/f3_step2_r4-2_attempt1_interruption_note_2026-09-30.md""",null
solver_exceptions,E,a natural COVERED event's own provenance (pid/start_iso/traceback file path) differs per process; content verified identical after stripping those fields,"[{""exception_type"": ""RuntimeError"", ""fixture"": ""SCEN-A"", ""kind"": ""COVERED"", ""mask_id"": ""run1:F0:full"", ""message"": ""Maximum number of iterations reached."", ""mode"": 113, ""phase"": ""run1"", ""pid"": 10412, ""s2_rule"": ""alpha: NOT accepted at stage 2; chain continues"", ""sex"": ""F"", ""stage"": 2, ""start_iso"": ""2026-09-30T20:38:58.140644"", ""traceback"": ""Traceback (most recent call last):\n  File \""G:\\PycharmProjects\\pkp-worktree\\p_konum_plus\\calibration\\f3_step2_adequacy_harness_r4-2_2026-09-30.py\"", lin","[{""exception_type"": ""RuntimeError"", ""fixture"": ""SCEN-A"", ""kind"": ""COVERED"", ""mask_id"": ""run1:F0:full"", ""message"": ""Maximum number of iterations reached."", ""mode"": 113, ""phase"": ""run1"", ""pid"": 34228, ""s2_rule"": ""alpha: NOT accepted at stage 2; chain continues"", ""sex"": ""F"", ""stage"": 2, ""start_iso"": ""2026-10-06T10:55:39.541069"", ""traceback"": ""Traceback (most recent call last):\n  File \""G:\\PycharmProjects\\pkp-worktree\\p_konum_plus\\calibration\\f3_step2_adequacy_harness_rp1-r1_2026-10-05.py\"", l"
store_read_accounting,E,C-1 ADDITION (not in r4-2),<ABSENT>,"{""fine_counts"": {""tstoreread_cold__|splmode|34228"": 292, ""tstoreread_warm__|splmode|34228"": 438}, ""store_read_log_path"": ""p_konum_plus/calibration/f3_step2_rp1-r1_store_read_log_2026-10-05.csv"", ""store_read_log_rows"": 730, ""store_read_log_sha256"": ""8cac80b3cc91e903946951b3a0965f90e001770eff23d1625c71de8ee69b2595"", ""total_rows"": 730}"
tests_run.T-CONTEXT-ID-UNIQUE.passed,E,"rp1-r1 (R-1..R-5) test, not in r4-2",<ABSENT>,true
tests_run.T-CONTEXT-ID-UNIQUE.ran,E,"rp1-r1 (R-1..R-5) test, not in r4-2",<ABSENT>,true
tests_run.T-F1-CONTRACT-GAP.passed,E,"rp1-r1 (R-1..R-5) test, not in r4-2",<ABSENT>,true
tests_run.T-F1-CONTRACT-GAP.ran,E,"rp1-r1 (R-1..R-5) test, not in r4-2",<ABSENT>,true
tests_run.T-F1-HANDOFF-SYNTH.passed,E,"rp1-r1 (R-1..R-5) test, not in r4-2",<ABSENT>,true
tests_run.T-F1-HANDOFF-SYNTH.ran,E,"rp1-r1 (R-1..R-5) test, not in r4-2",<ABSENT>,true
tests_run.T-F1-LOADER-SYNTH.passed,E,"rp1-r1 (R-1..R-5) test, not in r4-2",<ABSENT>,true
tests_run.T-F1-LOADER-SYNTH.ran,E,"rp1-r1 (R-1..R-5) test, not in r4-2",<ABSENT>,true
tests_run.T-F1-REPRO-GATE-SYNTH.passed,E,"rp1-r1 (R-1..R-5) test, not in r4-2",<ABSENT>,true
tests_run.T-F1-REPRO-GATE-SYNTH.ran,E,"rp1-r1 (R-1..R-5) test, not in r4-2",<ABSENT>,true
tests_run.T-INADMISSIBLE-OBSERVABLE.passed,E,"rp1-r1 (R-1..R-5) test, not in r4-2",<ABSENT>,true
tests_run.T-INADMISSIBLE-OBSERVABLE.ran,E,"rp1-r1 (R-1..R-5) test, not in r4-2",<ABSENT>,true
tests_run.T-KEY-NAMESPACE.passed,E,"rp1-r1 (R-1..R-5) test, not in r4-2",<ABSENT>,true
tests_run.T-KEY-NAMESPACE.ran,E,"rp1-r1 (R-1..R-5) test, not in r4-2",<ABSENT>,true
tests_run.T-STORE-READ-ACCOUNTING.passed,E,"rp1-r1 (R-1..R-5) test, not in r4-2",<ABSENT>,true
tests_run.T-STORE-READ-ACCOUNTING.ran,E,"rp1-r1 (R-1..R-5) test, not in r4-2",<ABSENT>,true
test_evidence.spline_call_telemetry_sample_count,E,rp1-r1 adds new telemetry call sites (R-1/R-5),12174,22217
test_evidence.tests_run.T-CONTEXT-ID-UNIQUE.passed,E,"rp1-r1 (R-1..R-5) test, not in r4-2",<ABSENT>,true
test_evidence.tests_run.T-CONTEXT-ID-UNIQUE.ran,E,"rp1-r1 (R-1..R-5) test, not in r4-2",<ABSENT>,true
test_evidence.tests_run.T-F1-CONTRACT-GAP.passed,E,"rp1-r1 (R-1..R-5) test, not in r4-2",<ABSENT>,true
test_evidence.tests_run.T-F1-CONTRACT-GAP.ran,E,"rp1-r1 (R-1..R-5) test, not in r4-2",<ABSENT>,true
test_evidence.tests_run.T-F1-HANDOFF-SYNTH.passed,E,"rp1-r1 (R-1..R-5) test, not in r4-2",<ABSENT>,true
test_evidence.tests_run.T-F1-HANDOFF-SYNTH.ran,E,"rp1-r1 (R-1..R-5) test, not in r4-2",<ABSENT>,true
test_evidence.tests_run.T-F1-LOADER-SYNTH.passed,E,"rp1-r1 (R-1..R-5) test, not in r4-2",<ABSENT>,true
test_evidence.tests_run.T-F1-LOADER-SYNTH.ran,E,"rp1-r1 (R-1..R-5) test, not in r4-2",<ABSENT>,true
test_evidence.tests_run.T-F1-REPRO-GATE-SYNTH.passed,E,"rp1-r1 (R-1..R-5) test, not in r4-2",<ABSENT>,true
test_evidence.tests_run.T-F1-REPRO-GATE-SYNTH.ran,E,"rp1-r1 (R-1..R-5) test, not in r4-2",<ABSENT>,true
test_evidence.tests_run.T-INADMISSIBLE-OBSERVABLE.passed,E,"rp1-r1 (R-1..R-5) test, not in r4-2",<ABSENT>,true
test_evidence.tests_run.T-INADMISSIBLE-OBSERVABLE.ran,E,"rp1-r1 (R-1..R-5) test, not in r4-2",<ABSENT>,true
test_evidence.tests_run.T-KEY-NAMESPACE.passed,E,"rp1-r1 (R-1..R-5) test, not in r4-2",<ABSENT>,true
test_evidence.tests_run.T-KEY-NAMESPACE.ran,E,"rp1-r1 (R-1..R-5) test, not in r4-2",<ABSENT>,true
test_evidence.tests_run.T-STORE-READ-ACCOUNTING.passed,E,"rp1-r1 (R-1..R-5) test, not in r4-2",<ABSENT>,true
test_evidence.tests_run.T-STORE-READ-ACCOUNTING.ran,E,"rp1-r1 (R-1..R-5) test, not in r4-2",<ABSENT>,true
"telemetry.row('FIX-A5-TRUE', 'P-01', 'a5true:left:full', 'feature').wall_clock_seconds",E,declared telemetry column (R-3),0.7554218000004767,0.7769847000017762
"telemetry.row('FIX-A5-TRUE', 'P-01', 'a5true:left:full', 'grid[0]').wall_clock_seconds",E,declared telemetry column (R-3),0.4155231999975513,0.4511597000528127
"telemetry.row('FIX-A5-TRUE', 'P-01', 'a5true:left:full', 'grid[365]').wall_clock_seconds",E,declared telemetry column (R-3),0.22361369999998715,0.2567744000116363
"telemetry.row('FIX-A5-TRUE', 'P-01', 'a5true:left:full', 'grid[730]').wall_clock_seconds",E,declared telemetry column (R-3),0.1979734999986249,0.21061639999970794
"telemetry.row('FIX-A5-TRUE', 'P-01', 'a5true:left:probeL', 'feature').wall_clock_seconds",E,declared telemetry column (R-3),0.8827515999946627,0.6950419000349939
"telemetry.row('FIX-A5-TRUE', 'P-01', 'a5true:left:probeL', 'grid[0]').wall_clock_seconds",E,declared telemetry column (R-3),0.7533234000002267,0.7910289999563247
"telemetry.row('FIX-A5-TRUE', 'P-01', 'a5true:left:probeL', 'grid[365]').wall_clock_seconds",E,declared telemetry column (R-3),1.1413347999987309,1.1990840999642387
"telemetry.row('FIX-A5-TRUE', 'P-01', 'a5true:left:probeL', 'grid[730]').wall_clock_seconds",E,declared telemetry column (R-3),1.015438800000993,0.9614402999868616
"telemetry.row('FIX-A5-TRUE', 'P-01', 'a5true:right:full', 'feature').wall_clock_seconds",E,declared telemetry column (R-3),1.4270862999983365,1.6480516999727115
"telemetry.row('FIX-A5-TRUE', 'P-01', 'a5true:right:full', 'grid[0]').wall_clock_seconds",E,declared telemetry column (R-3),0.08423290000064299,0.09935009991750121
"telemetry.row('FIX-A5-TRUE', 'P-01', 'a5true:right:full', 'grid[365]').wall_clock_seconds",E,declared telemetry column (R-3),0.5297590000045602,0.6118944999761879
"telemetry.row('FIX-A5-TRUE', 'P-01', 'a5true:right:full', 'grid[730]').wall_clock_seconds",E,declared telemetry column (R-3),0.38353239999560174,0.4500220000045374
"telemetry.row('FIX-A5-TRUE', 'P-01', 'a5true:right:probeR', 'feature').wall_clock_seconds",E,declared telemetry column (R-3),0.7538186000019778,0.797675900044851
"telemetry.row('FIX-A5-TRUE', 'P-01', 'a5true:right:probeR', 'grid[0]').wall_clock_seconds",E,declared telemetry column (R-3),1.396872600002098,1.5666640000417829
"telemetry.row('FIX-A5-TRUE', 'P-01', 'a5true:right:probeR', 'grid[365]').wall_clock_seconds",E,declared telemetry column (R-3),0.6342460000014398,0.7239332000026479
"telemetry.row('FIX-A5-TRUE', 'P-01', 'a5true:right:probeR', 'grid[730]').wall_clock_seconds",E,declared telemetry column (R-3),1.6049397000024328,1.4950355000328273
"telemetry.row('FIX-A5-TRUE', 'P-02', 'a5true:left:full', 'feature').wall_clock_seconds",E,declared telemetry column (R-3),0.8426255000013043,1.0255111999576911
"telemetry.row('FIX-A5-TRUE', 'P-02', 'a5true:left:full', 'grid[0]').wall_clock_seconds",E,declared telemetry column (R-3),2.045224800000142,1.2560050999745727
"telemetry.row('FIX-A5-TRUE', 'P-02', 'a5true:left:full', 'grid[130]').wall_clock_seconds",E,declared telemetry column (R-3),1.538371399998141,1.4995038999477401
"telemetry.row('FIX-A5-TRUE', 'P-02', 'a5true:left:full', 'grid[260]').wall_clock_seconds",E,declared telemetry column (R-3),0.5486662999974214,0.5992326999548823
"telemetry.row('FIX-A5-TRUE', 'P-02', 'a5true:left:probeL', 'feature').wall_clock_seconds",E,declared telemetry column (R-3),0.5212477000022773,0.5676328999688849
"telemetry.row('FIX-A5-TRUE', 'P-02', 'a5true:left:probeL', 'grid[0]').wall_clock_seconds",E,declared telemetry column (R-3),0.7892164999939268,0.8634462000336498
"telemetry.row('FIX-A5-TRUE', 'P-02', 'a5true:left:probeL', 'grid[130]').wall_clock_seconds",E,declared telemetry column (R-3),0.81563129999995,0.9007536000572145
"telemetry.row('FIX-A5-TRUE', 'P-02', 'a5true:left:probeL', 'grid[260]').wall_clock_seconds",E,declared telemetry column (R-3),0.6604200000001583,0.6846980000846088
"telemetry.row('FIX-A5-TRUE', 'P-02', 'a5true:right:full', 'feature').wall_clock_seconds",E,declared telemetry column (R-3),1.7189521999971475,1.9741406000684947
"telemetry.row('FIX-A5-TRUE', 'P-02', 'a5true:right:full', 'grid[0]').wall_clock_seconds",E,declared telemetry column (R-3),0.8512495000031777,0.9751884000143036
"telemetry.row('FIX-A5-TRUE', 'P-02', 'a5true:right:full', 'grid[130]').wall_clock_seconds",E,declared telemetry column (R-3),0.8521884000001592,1.1348716999636963
"telemetry.row('FIX-A5-TRUE', 'P-02', 'a5true:right:full', 'grid[260]').wall_clock_seconds",E,declared telemetry column (R-3),0.378965199997765,0.41826140007469803
"telemetry.row('FIX-A5-TRUE', 'P-02', 'a5true:right:probeR', 'feature').wall_clock_seconds",E,declared telemetry column (R-3),0.7967998000021908,0.9191680999938399
"telemetry.row('FIX-A5-TRUE', 'P-02', 'a5true:right:probeR', 'grid[0]').wall_clock_seconds",E,declared telemetry column (R-3),0.7662381999980425,0.8576037000166252
"telemetry.row('FIX-A5-TRUE', 'P-02', 'a5true:right:probeR', 'grid[130]').wall_clock_seconds",E,declared telemetry column (R-3),0.8421619000000646,0.9587611999595538
"telemetry.row('FIX-A5-TRUE', 'P-02', 'a5true:right:probeR', 'grid[260]').wall_clock_seconds",E,declared telemetry column (R-3),0.7391035000036936,0.8410412999801338
"telemetry.row('FIX-STARTS-DUP', 'P-02', 'dup:index0', 'grid[0]').wall_clock_seconds",E,declared telemetry column (R-3),0.4526384999990114,0.42437920009251684
"telemetry.row('FIX-STARTS-DUP', 'P-02', 'dup:index0', 'grid[100]').wall_clock_seconds",E,declared telemetry column (R-3),0.3533391999953892,0.30975100002251565
"telemetry.row('FIX-STARTS-DUP', 'P-02', 'dup:index0', 'grid[101]').wall_clock_seconds",E,declared telemetry column (R-3),2.0668817999976454,2.0412786999950185
"telemetry.row('FIX-STARTS-DUP', 'P-02', 'dup:index0', 'grid[102]').wall_clock_seconds",E,declared telemetry column (R-3),0.2848814000026323,0.33468119997996837
"telemetry.row('FIX-STARTS-DUP', 'P-02', 'dup:index0', 'grid[103]').wall_clock_seconds",E,declared telemetry column (R-3),0.5623908000052324,0.4404099000385031
"telemetry.row('FIX-STARTS-DUP', 'P-02', 'dup:index0', 'grid[104]').wall_clock_seconds",E,declared telemetry column (R-3),1.113326999999117,0.49789600004442036
"telemetry.row('FIX-STARTS-DUP', 'P-02', 'dup:index0', 'grid[105]').wall_clock_seconds",E,declared telemetry column (R-3),0.3434209999977611,0.34941900009289384
"telemetry.row('FIX-STARTS-DUP', 'P-02', 'dup:index0', 'grid[106]').wall_clock_seconds",E,declared telemetry column (R-3),0.35694620000140276,0.3536029999377206
"telemetry.row('FIX-STARTS-DUP', 'P-02', 'dup:index0', 'grid[107]').wall_clock_seconds",E,declared telemetry column (R-3),0.5040943999993033,0.44389190000947565
"telemetry.row('FIX-STARTS-DUP', 'P-02', 'dup:index0', 'grid[108]').wall_clock_seconds",E,declared telemetry column (R-3),0.29857479999918723,0.2924362000776455
"telemetry.row('FIX-STARTS-DUP', 'P-02', 'dup:index0', 'grid[109]').wall_clock_seconds",E,declared telemetry column (R-3),0.2837509000019054,0.30702569999266416
"telemetry.row('FIX-STARTS-DUP', 'P-02', 'dup:index0', 'grid[10]').wall_clock_seconds",E,declared telemetry column (R-3),0.27560490000178106,0.2837360000703484
"telemetry.row('FIX-STARTS-DUP', 'P-02', 'dup:index0', 'grid[110]').wall_clock_seconds",E,declared telemetry column (R-3),0.38012589999561897,0.3270544999977574
"telemetry.row('FIX-STARTS-DUP', 'P-02', 'dup:index0', 'grid[111]').wall_clock_seconds",E,declared telemetry column (R-3),0.29386669999803416,0.3046885000076145
"telemetry.row('FIX-STARTS-DUP', 'P-02', 'dup:index0', 'grid[112]').wall_clock_seconds",E,declared telemetry column (R-3),0.35593360000348184,0.4316584999905899
"telemetry.row('FIX-STARTS-DUP', 'P-02', 'dup:index0', 'grid[113]').wall_clock_seconds",E,declared telemetry column (R-3),0.3914523999992525,0.5167469000443816
"telemetry.row('FIX-STARTS-DUP', 'P-02', 'dup:index0', 'grid[114]').wall_clock_seconds",E,declared telemetry column (R-3),0.2727355000024545,0.28694790008012205
"telemetry.row('FIX-STARTS-DUP', 'P-02', 'dup:index0', 'grid[115]').wall_clock_seconds",E,declared telemetry column (R-3),0.29960660000506323,0.2577056000009179
"telemetry.row('FIX-STARTS-DUP', 'P-02', 'dup:index0', 'grid[116]').wall_clock_seconds",E,declared telemetry column (R-3),0.5001475000026403,0.4590530999703333
"telemetry.row('FIX-STARTS-DUP', 'P-02', 'dup:index0', 'grid[117]').wall_clock_seconds",E,declared telemetry column (R-3),0.26361180000094464,0.29923410003539175
"telemetry.row('FIX-STARTS-DUP', 'P-02', 'dup:index0', 'grid[118]').wall_clock_seconds",E,declared telemetry column (R-3),0.25677749999886146,0.2907986999489367
"telemetry.row('FIX-STARTS-DUP', 'P-02', 'dup:index0', 'grid[119]').wall_clock_seconds",E,declared telemetry column (R-3),0.6331234999961453,0.6397794999647886
"telemetry.row('FIX-STARTS-DUP', 'P-02', 'dup:index0', 'grid[11]').wall_clock_seconds",E,declared telemetry column (R-3),0.25289969999721507,0.2841696999967098
"telemetry.row('FIX-STARTS-DUP', 'P-02', 'dup:index0', 'grid[120]').wall_clock_seconds",E,declared telemetry column (R-3),0.34071969999786234,0.31133389996830374
"telemetry.row('FIX-STARTS-DUP', 'P-02', 'dup:index0', 'grid[121]').wall_clock_seconds",E,declared telemetry column (R-3),0.43397230000118725,0.4787885000696406
"telemetry.row('FIX-STARTS-DUP', 'P-02', 'dup:index0', 'grid[122]').wall_clock_seconds",E,declared telemetry column (R-3),0.32238409999990836,0.3518063999945298
"telemetry.row('FIX-STARTS-DUP', 'P-02', 'dup:index0', 'grid[123]').wall_clock_seconds",E,declared telemetry column (R-3),0.37581369999679737,0.4324993999907747
"telemetry.row('FIX-STARTS-DUP', 'P-02', 'dup:index0', 'grid[124]').wall_clock_seconds",E,declared telemetry column (R-3),0.33766969999851426,0.3279331000521779
"telemetry.row('FIX-STARTS-DUP', 'P-02', 'dup:index0', 'grid[125]').wall_clock_seconds",E,declared telemetry column (R-3),0.3261899999997695,0.33329620002768934
"telemetry.row('FIX-STARTS-DUP', 'P-02', 'dup:index0', 'grid[126]').wall_clock_seconds",E,declared telemetry column (R-3),0.37672729999758303,0.4257399000925943
"telemetry.row('FIX-STARTS-DUP', 'P-02', 'dup:index0', 'grid[127]').wall_clock_seconds",E,declared telemetry column (R-3),0.3138990000006743,0.29307060001883656
"telemetry.row('FIX-STARTS-DUP', 'P-02', 'dup:index0', 'grid[128]').wall_clock_seconds",E,declared telemetry column (R-3),0.806184499997471,0.8410989999538288
"telemetry.row('FIX-STARTS-DUP', 'P-02', 'dup:index0', 'grid[129]').wall_clock_seconds",E,declared telemetry column (R-3),0.32186849999561673,0.3426746999612078
"telemetry.row('FIX-STARTS-DUP', 'P-02', 'dup:index0', 'grid[12]').wall_clock_seconds",E,declared telemetry column (R-3),0.2304214999967371,0.21510619996115565
"telemetry.row('FIX-STARTS-DUP', 'P-02', 'dup:index0', 'grid[130]').wall_clock_seconds",E,declared telemetry column (R-3),0.44508079999650363,0.4663870999356732
"telemetry.row('FIX-STARTS-DUP', 'P-02', 'dup:index0', 'grid[131]').wall_clock_seconds",E,declared telemetry column (R-3),0.39342920000490267,0.42086929990909994
"telemetry.row('FIX-STARTS-DUP', 'P-02', 'dup:index0', 'grid[132]').wall_clock_seconds",E,declared telemetry column (R-3),0.3106030000053579,0.3497170000337064
"telemetry.row('FIX-STARTS-DUP', 'P-02', 'dup:index0', 'grid[133]').wall_clock_seconds",E,declared telemetry column (R-3),0.4885282000032021,0.5739224000135437
"telemetry.row('FIX-STARTS-DUP', 'P-02', 'dup:index0', 'grid[134]').wall_clock_seconds",E,declared telemetry column (R-3),0.515843400004087,0.5832061000401154
"telemetry.row('FIX-STARTS-DUP', 'P-02', 'dup:index0', 'grid[135]').wall_clock_seconds",E,declared telemetry column (R-3),0.25058989999524783,0.2830160000594333
"telemetry.row('FIX-STARTS-DUP', 'P-02', 'dup:index0', 'grid[136]').wall_clock_seconds",E,declared telemetry column (R-3),0.4036999999952968,0.4378788999747485
"telemetry.row('FIX-STARTS-DUP', 'P-02', 'dup:index0', 'grid[137]').wall_clock_seconds",E,declared telemetry column (R-3),0.30902249999780906,0.35084420000202954
"telemetry.row('FIX-STARTS-DUP', 'P-02', 'dup:index0', 'grid[138]').wall_clock_seconds",E,declared telemetry column (R-3),0.2382218999991892,0.27953159995377064
"telemetry.row('FIX-STARTS-DUP', 'P-02', 'dup:index0', 'grid[139]').wall_clock_seconds",E,declared telemetry column (R-3),0.28095659999962663,0.32758889999240637
"telemetry.row('FIX-STARTS-DUP', 'P-02', 'dup:index0', 'grid[13]').wall_clock_seconds",E,declared telemetry column (R-3),0.213063900002453,0.24102299998048693
"telemetry.row('FIX-STARTS-DUP', 'P-02', 'dup:index0', 'grid[140]').wall_clock_seconds",E,declared telemetry column (R-3),0.32329310000204714,0.36137169995345175
"telemetry.row('FIX-STARTS-DUP', 'P-02', 'dup:index0', 'grid[141]').wall_clock_seconds",E,declared telemetry column (R-3),0.4262821000011172,0.5095384999876842
"telemetry.row('FIX-STARTS-DUP', 'P-02', 'dup:index0', 'grid[142]').wall_clock_seconds",E,declared telemetry column (R-3),0.39756450000277255,0.4477556999772787
"telemetry.row('FIX-STARTS-DUP', 'P-02', 'dup:index0', 'grid[143]').wall_clock_seconds",E,declared telemetry column (R-3),0.8041844999970635,0.9273689000401646
"telemetry.row('FIX-STARTS-DUP', 'P-02', 'dup:index0', 'grid[144]').wall_clock_seconds",E,declared telemetry column (R-3),0.694729599999846,0.7424648999003693
"telemetry.row('FIX-STARTS-DUP', 'P-02', 'dup:index0', 'grid[145]').wall_clock_seconds",E,declared telemetry column (R-3),0.6839256000021123,0.7357069000136107
"telemetry.row('FIX-STARTS-DUP', 'P-02', 'dup:index0', 'grid[146]').wall_clock_seconds",E,declared telemetry column (R-3),1.986334999994142,2.323535699979402
"telemetry.row('FIX-STARTS-DUP', 'P-02', 'dup:index0', 'grid[147]').wall_clock_seconds",E,declared telemetry column (R-3),1.3962011999974493,1.4213018999435008
"telemetry.row('FIX-STARTS-DUP', 'P-02', 'dup:index0', 'grid[148]').wall_clock_seconds",E,declared telemetry column (R-3),1.8021069000024,2.0308361999923363
"telemetry.row('FIX-STARTS-DUP', 'P-02', 'dup:index0', 'grid[149]').wall_clock_seconds",E,declared telemetry column (R-3),1.9912015000008978,2.039059100090526
"telemetry.row('FIX-STARTS-DUP', 'P-02', 'dup:index0', 'grid[14]').wall_clock_seconds",E,declared telemetry column (R-3),0.42055429999891203,0.43981829995755106
"telemetry.row('FIX-STARTS-DUP', 'P-02', 'dup:index0', 'grid[150]').wall_clock_seconds",E,declared telemetry column (R-3),0.5242803000001004,0.5362676000222564
"telemetry.row('FIX-STARTS-DUP', 'P-02', 'dup:index0', 'grid[151]').wall_clock_seconds",E,declared telemetry column (R-3),0.7103438000049209,0.7432077000848949
"telemetry.row('FIX-STARTS-DUP', 'P-02', 'dup:index0', 'grid[152]').wall_clock_seconds",E,declared telemetry column (R-3),1.105413999997836,1.174923300044611
"telemetry.row('FIX-STARTS-DUP', 'P-02', 'dup:index0', 'grid[153]').wall_clock_seconds",E,declared telemetry column (R-3),0.41016990000207443,0.46608879999257624
"telemetry.row('FIX-STARTS-DUP', 'P-02', 'dup:index0', 'grid[154]').wall_clock_seconds",E,declared telemetry column (R-3),0.3610307999988436,0.38464310008566827
"telemetry.row('FIX-STARTS-DUP', 'P-02', 'dup:index0', 'grid[155]').wall_clock_seconds",E,declared telemetry column (R-3),0.8451706999985618,0.9012877999339253
"telemetry.row('FIX-STARTS-DUP', 'P-02', 'dup:index0', 'grid[156]').wall_clock_seconds",E,declared telemetry column (R-3),0.3767377999974997,0.40472710004542023
"telemetry.row('FIX-STARTS-DUP', 'P-02', 'dup:index0', 'grid[157]').wall_clock_seconds",E,declared telemetry column (R-3),0.4424700000017765,0.4517938999924809
"telemetry.row('FIX-STARTS-DUP', 'P-02', 'dup:index0', 'grid[158]').wall_clock_seconds",E,declared telemetry column (R-3),0.267631300004723,0.25375070003792644
"telemetry.row('FIX-STARTS-DUP', 'P-02', 'dup:index0', 'grid[159]').wall_clock_seconds",E,declared telemetry column (R-3),0.504243299998052,0.5092036999994889
"telemetry.row('FIX-STARTS-DUP', 'P-02', 'dup:index0', 'grid[15]').wall_clock_seconds",E,declared telemetry column (R-3),0.2756874999977299,0.30331470002420247
"telemetry.row('FIX-STARTS-DUP', 'P-02', 'dup:index0', 'grid[160]').wall_clock_seconds",E,declared telemetry column (R-3),0.3581793000048492,0.34682179999072105
"telemetry.row('FIX-STARTS-DUP', 'P-02', 'dup:index0', 'grid[161]').wall_clock_seconds",E,declared telemetry column (R-3),1.2126725999987684,1.1706774999620393
"telemetry.row('FIX-STARTS-DUP', 'P-02', 'dup:index0', 'grid[162]').wall_clock_seconds",E,declared telemetry column (R-3),0.2555519999950775,0.27621999999973923
"telemetry.row('FIX-STARTS-DUP', 'P-02', 'dup:index0', 'grid[163]').wall_clock_seconds",E,declared telemetry column (R-3),0.4163853999998537,0.4162979000248015
"telemetry.row('FIX-STARTS-DUP', 'P-02', 'dup:index0', 'grid[164]').wall_clock_seconds",E,declared telemetry column (R-3),0.324787199999264,0.3394267000257969
"telemetry.row('FIX-STARTS-DUP', 'P-02', 'dup:index0', 'grid[165]').wall_clock_seconds",E,declared telemetry column (R-3),0.4146411000037915,0.43501140002626926
"telemetry.row('FIX-STARTS-DUP', 'P-02', 'dup:index0', 'grid[166]').wall_clock_seconds",E,declared telemetry column (R-3),0.4890252000041073,0.5438728000735864
"telemetry.row('FIX-STARTS-DUP', 'P-02', 'dup:index0', 'grid[167]').wall_clock_seconds",E,declared telemetry column (R-3),0.34438049999880604,0.2869488999713212
"telemetry.row('FIX-STARTS-DUP', 'P-02', 'dup:index0', 'grid[168]').wall_clock_seconds",E,declared telemetry column (R-3),0.4788708000050974,0.25352670007850975
"telemetry.row('FIX-STARTS-DUP', 'P-02', 'dup:index0', 'grid[169]').wall_clock_seconds",E,declared telemetry column (R-3),0.3344453000026988,0.2860739999450743
"telemetry.row('FIX-STARTS-DUP', 'P-02', 'dup:index0', 'grid[16]').wall_clock_seconds",E,declared telemetry column (R-3),0.32222619999811286,0.3497089999727905
"telemetry.row('FIX-STARTS-DUP', 'P-02', 'dup:index0', 'grid[170]').wall_clock_seconds",E,declared telemetry column (R-3),0.3684538999950746,0.30849560000933707
"telemetry.row('FIX-STARTS-DUP', 'P-02', 'dup:index0', 'grid[171]').wall_clock_seconds",E,declared telemetry column (R-3),1.7827397000000929,1.8325380999594927
"telemetry.row('FIX-STARTS-DUP', 'P-02', 'dup:index0', 'grid[172]').wall_clock_seconds",E,declared telemetry column (R-3),1.8951759000046877,1.9209214999573305
"telemetry.row('FIX-STARTS-DUP', 'P-02', 'dup:index0', 'grid[173]').wall_clock_seconds",E,declared telemetry column (R-3),0.8101014999992913,0.849522199947387
"telemetry.row('FIX-STARTS-DUP', 'P-02', 'dup:index0', 'grid[174]').wall_clock_seconds",E,declared telemetry column (R-3),0.7708244999957969,0.746624100022018
"telemetry.row('FIX-STARTS-DUP', 'P-02', 'dup:index0', 'grid[175]').wall_clock_seconds",E,declared telemetry column (R-3),0.5973362999939127,0.6265327000292018
"telemetry.row('FIX-STARTS-DUP', 'P-02', 'dup:index0', 'grid[176]').wall_clock_seconds",E,declared telemetry column (R-3),0.9780621999962023,0.9740897000301629
"telemetry.row('FIX-STARTS-DUP', 'P-02', 'dup:index0', 'grid[177]').wall_clock_seconds",E,declared telemetry column (R-3),0.767719000003126,0.7760861000278965
"telemetry.row('FIX-STARTS-DUP', 'P-02', 'dup:index0', 'grid[178]').wall_clock_seconds",E,declared telemetry column (R-3),2.0587644999977783,2.017934100003913
"telemetry.row('FIX-STARTS-DUP', 'P-02', 'dup:index0', 'grid[179]').wall_clock_seconds",E,declared telemetry column (R-3),1.8382933999964735,1.8437170999823138
"telemetry.row('FIX-STARTS-DUP', 'P-02', 'dup:index0', 'grid[17]').wall_clock_seconds",E,declared telemetry column (R-3),0.2904433999938192,0.3077697999542579
"telemetry.row('FIX-STARTS-DUP', 'P-02', 'dup:index0', 'grid[180]').wall_clock_seconds",E,declared telemetry column (R-3),2.266495500000019,2.075996999978088
"telemetry.row('FIX-STARTS-DUP', 'P-02', 'dup:index0', 'grid[181]').wall_clock_seconds",E,declared telemetry column (R-3),1.928876500001934,2.002264600014314
"telemetry.row('FIX-STARTS-DUP', 'P-02', 'dup:index0', 'grid[182]').wall_clock_seconds",E,declared telemetry column (R-3),0.6409100999953807,0.6832568999379873
"telemetry.row('FIX-STARTS-DUP', 'P-02', 'dup:index0', 'grid[183]').wall_clock_seconds",E,declared telemetry column (R-3),0.6477596999975503,0.6749867999460548
"telemetry.row('FIX-STARTS-DUP', 'P-02', 'dup:index0', 'grid[184]').wall_clock_seconds",E,declared telemetry column (R-3),1.3060925000027055,1.389606700045988
"telemetry.row('FIX-STARTS-DUP', 'P-02', 'dup:index0', 'grid[185]').wall_clock_seconds",E,declared telemetry column (R-3),0.5729725000055623,0.5801654999377206
"telemetry.row('FIX-STARTS-DUP', 'P-02', 'dup:index0', 'grid[186]').wall_clock_seconds",E,declared telemetry column (R-3),0.4185600999990129,0.4361207999754697
"telemetry.row('FIX-STARTS-DUP', 'P-02', 'dup:index0', 'grid[187]').wall_clock_seconds",E,declared telemetry column (R-3),0.4431953000021167,0.4469385000411421
"telemetry.row('FIX-STARTS-DUP', 'P-02', 'dup:index0', 'grid[188]').wall_clock_seconds",E,declared telemetry column (R-3),0.4665501000054064,0.46993400005158037
"telemetry.row('FIX-STARTS-DUP', 'P-02', 'dup:index0', 'grid[189]').wall_clock_seconds",E,declared telemetry column (R-3),0.4615553000039654,0.46914810000453144
"telemetry.row('FIX-STARTS-DUP', 'P-02', 'dup:index0', 'grid[18]').wall_clock_seconds",E,declared telemetry column (R-3),0.33818349999637576,0.37985519994981587
"telemetry.row('FIX-STARTS-DUP', 'P-02', 'dup:index0', 'grid[190]').wall_clock_seconds",E,declared telemetry column (R-3),0.39013379999960307,0.3755242000333965
"telemetry.row('FIX-STARTS-DUP', 'P-02', 'dup:index0', 'grid[191]').wall_clock_seconds",E,declared telemetry column (R-3),0.5064973999978974,0.5186289000557736
"telemetry.row('FIX-STARTS-DUP', 'P-02', 'dup:index0', 'grid[192]').wall_clock_seconds",E,declared telemetry column (R-3),1.804120500004501,1.8878656000597402
"telemetry.row('FIX-STARTS-DUP', 'P-02', 'dup:index0', 'grid[193]').wall_clock_seconds",E,declared telemetry column (R-3),0.3860846000025049,0.38466079998761415
"telemetry.row('FIX-STARTS-DUP', 'P-02', 'dup:index0', 'grid[194]').wall_clock_seconds",E,declared telemetry column (R-3),1.8613656000015908,1.9084454000694677
"telemetry.row('FIX-STARTS-DUP', 'P-02', 'dup:index0', 'grid[195]').wall_clock_seconds",E,declared telemetry column (R-3),1.2881575999999768,1.328164399950765
"telemetry.row('FIX-STARTS-DUP', 'P-02', 'dup:index0', 'grid[196]').wall_clock_seconds",E,declared telemetry column (R-3),0.7284822999936296,0.7163824000163004
"telemetry.row('FIX-STARTS-DUP', 'P-02', 'dup:index0', 'grid[197]').wall_clock_seconds",E,declared telemetry column (R-3),1.7014273999957368,1.527182099991478
"telemetry.row('FIX-STARTS-DUP', 'P-02', 'dup:index0', 'grid[198]').wall_clock_seconds",E,declared telemetry column (R-3),1.0482186000008369,1.284192599938251
"telemetry.row('FIX-STARTS-DUP', 'P-02', 'dup:index0', 'grid[199]').wall_clock_seconds",E,declared telemetry column (R-3),1.9959170000001905,1.9756974000483751
"telemetry.row('FIX-STARTS-DUP', 'P-02', 'dup:index0', 'grid[19]').wall_clock_seconds",E,declared telemetry column (R-3),0.419404599997506,0.43837360001634806
"telemetry.row('FIX-STARTS-DUP', 'P-02', 'dup:index0', 'grid[1]').wall_clock_seconds",E,declared telemetry column (R-3),0.3361637999987579,0.30873280006926507
"telemetry.row('FIX-STARTS-DUP', 'P-02', 'dup:index0', 'grid[200]').wall_clock_seconds",E,declared telemetry column (R-3),1.035639399997308,1.0434943999862298
"telemetry.row('FIX-STARTS-DUP', 'P-02', 'dup:index0', 'grid[201]').wall_clock_seconds",E,declared telemetry column (R-3),0.5999510999972699,0.5966785000637174
"telemetry.row('FIX-STARTS-DUP', 'P-02', 'dup:index0', 'grid[202]').wall_clock_seconds",E,declared telemetry column (R-3),0.5278718000045046,0.544683700078167
"telemetry.row('FIX-STARTS-DUP', 'P-02', 'dup:index0', 'grid[203]').wall_clock_seconds",E,declared telemetry column (R-3),0.7167622999986634,0.6894529999699444
"telemetry.row('FIX-STARTS-DUP', 'P-02', 'dup:index0', 'grid[204]').wall_clock_seconds",E,declared telemetry column (R-3),0.8896397000062279,0.895139200030826
"telemetry.row('FIX-STARTS-DUP', 'P-02', 'dup:index0', 'grid[205]').wall_clock_seconds",E,declared telemetry column (R-3),0.3602528999981587,0.36600899999029934
"telemetry.row('FIX-STARTS-DUP', 'P-02', 'dup:index0', 'grid[206]').wall_clock_seconds",E,declared telemetry column (R-3),0.33836950000113575,0.33183489996008575
"telemetry.row('FIX-STARTS-DUP', 'P-02', 'dup:index0', 'grid[207]').wall_clock_seconds",E,declared telemetry column (R-3),0.81219830000191,0.7974330000579357
"telemetry.row('FIX-STARTS-DUP', 'P-02', 'dup:index0', 'grid[208]').wall_clock_seconds",E,declared telemetry column (R-3),0.35839300000225194,0.34373690001666546
"telemetry.row('FIX-STARTS-DUP', 'P-02', 'dup:index0', 'grid[209]').wall_clock_seconds",E,declared telemetry column (R-3),0.38154320000467123,0.3645160000305623
"telemetry.row('FIX-STARTS-DUP', 'P-02', 'dup:index0', 'grid[20]').wall_clock_seconds",E,declared telemetry column (R-3),0.1837833999961731,0.20303640002384782
"telemetry.row('FIX-STARTS-DUP', 'P-02', 'dup:index0', 'grid[210]').wall_clock_seconds",E,declared telemetry column (R-3),0.8880868999985978,0.8863468000199646
"telemetry.row('FIX-STARTS-DUP', 'P-02', 'dup:index0', 'grid[211]').wall_clock_seconds",E,declared telemetry column (R-3),0.34559349999472033,0.3489304999820888
"telemetry.row('FIX-STARTS-DUP', 'P-02', 'dup:index0', 'grid[212]').wall_clock_seconds",E,declared telemetry column (R-3),0.2706553000025451,0.2634023000719026
"telemetry.row('FIX-STARTS-DUP', 'P-02', 'dup:index0', 'grid[213]').wall_clock_seconds",E,declared telemetry column (R-3),0.8469259999983478,0.8309561000205576
"telemetry.row('FIX-STARTS-DUP', 'P-02', 'dup:index0', 'grid[214]').wall_clock_seconds",E,declared telemetry column (R-3),2.1013592000017525,2.0217393999919295
"telemetry.row('FIX-STARTS-DUP', 'P-02', 'dup:index0', 'grid[215]').wall_clock_seconds",E,declared telemetry column (R-3),0.9467309999963618,0.8139321999624372
"telemetry.row('FIX-STARTS-DUP', 'P-02', 'dup:index0', 'grid[216]').wall_clock_seconds",E,declared telemetry column (R-3),0.7716545000002952,0.8042531999526545
"telemetry.row('FIX-STARTS-DUP', 'P-02', 'dup:index0', 'grid[217]').wall_clock_seconds",E,declared telemetry column (R-3),0.8872489999994286,1.0493762999540195
"telemetry.row('FIX-STARTS-DUP', 'P-02', 'dup:index0', 'grid[218]').wall_clock_seconds",E,declared telemetry column (R-3),0.7356337000019266,0.8371882999781519
"telemetry.row('FIX-STARTS-DUP', 'P-02', 'dup:index0', 'grid[219]').wall_clock_seconds",E,declared telemetry column (R-3),0.6791819000063697,0.7366411000257358
"telemetry.row('FIX-STARTS-DUP', 'P-02', 'dup:index0', 'grid[21]').wall_clock_seconds",E,declared telemetry column (R-3),0.20845619999454357,0.22453090001363307
"telemetry.row('FIX-STARTS-DUP', 'P-02', 'dup:index0', 'grid[220]').wall_clock_seconds",E,declared telemetry column (R-3),0.7442260999960126,0.7362591000273824
"telemetry.row('FIX-STARTS-DUP', 'P-02', 'dup:index0', 'grid[221]').wall_clock_seconds",E,declared telemetry column (R-3),0.5693093999943812,0.5718834000872448
"telemetry.row('FIX-STARTS-DUP', 'P-02', 'dup:index0', 'grid[222]').wall_clock_seconds",E,declared telemetry column (R-3),0.5046820999996271,0.47927189990878105
"telemetry.row('FIX-STARTS-DUP', 'P-02', 'dup:index0', 'grid[223]').wall_clock_seconds",E,declared telemetry column (R-3),0.331434799998533,0.3531407000264153
"telemetry.row('FIX-STARTS-DUP', 'P-02', 'dup:index0', 'grid[224]').wall_clock_seconds",E,declared telemetry column (R-3),0.4367242000007536,0.42894360003992915
"telemetry.row('FIX-STARTS-DUP', 'P-02', 'dup:index0', 'grid[225]').wall_clock_seconds",E,declared telemetry column (R-3),1.424029599998903,1.5402602999238297
"telemetry.row('FIX-STARTS-DUP', 'P-02', 'dup:index0', 'grid[226]').wall_clock_seconds",E,declared telemetry column (R-3),0.3882510000039474,0.42626769992057234
"telemetry.row('FIX-STARTS-DUP', 'P-02', 'dup:index0', 'grid[227]').wall_clock_seconds",E,declared telemetry column (R-3),0.28834569999889936,0.3176969999913126
"telemetry.row('FIX-STARTS-DUP', 'P-02', 'dup:index0', 'grid[228]').wall_clock_seconds",E,declared telemetry column (R-3),0.7900483999983408,0.8403736000182107
"telemetry.row('FIX-STARTS-DUP', 'P-02', 'dup:index0', 'grid[229]').wall_clock_seconds",E,declared telemetry column (R-3),0.18978799999604234,0.1922599000390619
"telemetry.row('FIX-STARTS-DUP', 'P-02', 'dup:index0', 'grid[22]').wall_clock_seconds",E,declared telemetry column (R-3),0.29301480000140145,0.305300600011833
"telemetry.row('FIX-STARTS-DUP', 'P-02', 'dup:index0', 'grid[230]').wall_clock_seconds",E,declared telemetry column (R-3),0.4114116999990074,0.40646980004385114
"telemetry.row('FIX-STARTS-DUP', 'P-02', 'dup:index0', 'grid[231]').wall_clock_seconds",E,declared telemetry column (R-3),0.7605272000000696,0.780390499974601
"telemetry.row('FIX-STARTS-DUP', 'P-02', 'dup:index0', 'grid[232]').wall_clock_seconds",E,declared telemetry column (R-3),0.6350041000041529,0.6903700999682769
"telemetry.row('FIX-STARTS-DUP', 'P-02', 'dup:index0', 'grid[233]').wall_clock_seconds",E,declared telemetry column (R-3),0.7506353999997373,0.7323314999230206
"telemetry.row('FIX-STARTS-DUP', 'P-02', 'dup:index0', 'grid[234]').wall_clock_seconds",E,declared telemetry column (R-3),0.6303746000048704,0.6312480000779033
"telemetry.row('FIX-STARTS-DUP', 'P-02', 'dup:index0', 'grid[235]').wall_clock_seconds",E,declared telemetry column (R-3),0.8610879000043496,0.8686099000042304
"telemetry.row('FIX-STARTS-DUP', 'P-02', 'dup:index0', 'grid[236]').wall_clock_seconds",E,declared telemetry column (R-3),1.8681526000000304,1.6075928000500426
"telemetry.row('FIX-STARTS-DUP', 'P-02', 'dup:index0', 'grid[237]').wall_clock_seconds",E,declared telemetry column (R-3),0.6858399999982794,0.6715693000005558
"telemetry.row('FIX-STARTS-DUP', 'P-02', 'dup:index0', 'grid[238]').wall_clock_seconds",E,declared telemetry column (R-3),0.307907400005206,0.3147994000464678
"telemetry.row('FIX-STARTS-DUP', 'P-02', 'dup:index0', 'grid[239]').wall_clock_seconds",E,declared telemetry column (R-3),0.31880599999567494,0.31548109999857843
"telemetry.row('FIX-STARTS-DUP', 'P-02', 'dup:index0', 'grid[23]').wall_clock_seconds",E,declared telemetry column (R-3),0.22340260000055423,0.26272940007038414
"telemetry.row('FIX-STARTS-DUP', 'P-02', 'dup:index0', 'grid[240]').wall_clock_seconds",E,declared telemetry column (R-3),0.8179980999993859,0.8802940000314265
"telemetry.row('FIX-STARTS-DUP', 'P-02', 'dup:index0', 'grid[241]').wall_clock_seconds",E,declared telemetry column (R-3),0.25796489999629557,0.2929241000674665
"telemetry.row('FIX-STARTS-DUP', 'P-02', 'dup:index0', 'grid[242]').wall_clock_seconds",E,declared telemetry column (R-3),1.8272536999938893,1.9192389999516308
"telemetry.row('FIX-STARTS-DUP', 'P-02', 'dup:index0', 'grid[243]').wall_clock_seconds",E,declared telemetry column (R-3),0.34417930000199703,0.32838690001517534
"telemetry.row('FIX-STARTS-DUP', 'P-02', 'dup:index0', 'grid[244]').wall_clock_seconds",E,declared telemetry column (R-3),0.44400010000390466,0.40683390002232045
"telemetry.row('FIX-STARTS-DUP', 'P-02', 'dup:index0', 'grid[245]').wall_clock_seconds",E,declared telemetry column (R-3),0.43621189999976195,0.4330354999983683
"telemetry.row('FIX-STARTS-DUP', 'P-02', 'dup:index0', 'grid[246]').wall_clock_seconds",E,declared telemetry column (R-3),2.0162207999965176,2.0304731000214815
"telemetry.row('FIX-STARTS-DUP', 'P-02', 'dup:index0', 'grid[247]').wall_clock_seconds",E,declared telemetry column (R-3),0.7858183999996982,0.7801113000605255
"telemetry.row('FIX-STARTS-DUP', 'P-02', 'dup:index0', 'grid[248]').wall_clock_seconds",E,declared telemetry column (R-3),0.6676899999947636,0.663057400030084
"telemetry.row('FIX-STARTS-DUP', 'P-02', 'dup:index0', 'grid[249]').wall_clock_seconds",E,declared telemetry column (R-3),1.7984691000019666,1.869418700109236
"telemetry.row('FIX-STARTS-DUP', 'P-02', 'dup:index0', 'grid[24]').wall_clock_seconds",E,declared telemetry column (R-3),0.26945379999961006,0.28010360000189394
"telemetry.row('FIX-STARTS-DUP', 'P-02', 'dup:index0', 'grid[250]').wall_clock_seconds",E,declared telemetry column (R-3),1.935773600001994,1.581133099971339
"telemetry.row('FIX-STARTS-DUP', 'P-02', 'dup:index0', 'grid[251]').wall_clock_seconds",E,declared telemetry column (R-3),0.6336439999940922,0.5547229999210685
"telemetry.row('FIX-STARTS-DUP', 'P-02', 'dup:index0', 'grid[252]').wall_clock_seconds",E,declared telemetry column (R-3),0.7663743000011891,0.5911262999288738
"telemetry.row('FIX-STARTS-DUP', 'P-02', 'dup:index0', 'grid[253]').wall_clock_seconds",E,declared telemetry column (R-3),0.3801069999972242,0.2720387999434024
"telemetry.row('FIX-STARTS-DUP', 'P-02', 'dup:index0', 'grid[254]').wall_clock_seconds",E,declared telemetry column (R-3),0.6130641999989166,0.5046966000227258
"telemetry.row('FIX-STARTS-DUP', 'P-02', 'dup:index0', 'grid[255]').wall_clock_seconds",E,declared telemetry column (R-3),0.24238429999968503,0.259389300015755
"telemetry.row('FIX-STARTS-DUP', 'P-02', 'dup:index0', 'grid[256]').wall_clock_seconds",E,declared telemetry column (R-3),0.4691460999965784,0.5105330999940634
"telemetry.row('FIX-STARTS-DUP', 'P-02', 'dup:index0', 'grid[257]').wall_clock_seconds",E,declared telemetry column (R-3),0.35875319999468047,0.3890731999417767
"telemetry.row('FIX-STARTS-DUP', 'P-02', 'dup:index0', 'grid[258]').wall_clock_seconds",E,declared telemetry column (R-3),0.17797360000258777,0.16806980001274496
"telemetry.row('FIX-STARTS-DUP', 'P-02', 'dup:index0', 'grid[259]').wall_clock_seconds",E,declared telemetry column (R-3),0.3616641999979038,0.34330760000739247
"telemetry.row('FIX-STARTS-DUP', 'P-02', 'dup:index0', 'grid[25]').wall_clock_seconds",E,declared telemetry column (R-3),0.3935847000029753,0.46370029996614903
"telemetry.row('FIX-STARTS-DUP', 'P-02', 'dup:index0', 'grid[260]').wall_clock_seconds",E,declared telemetry column (R-3),0.4202554000003147,0.41838119993917644
"telemetry.row('FIX-STARTS-DUP', 'P-02', 'dup:index0', 'grid[26]').wall_clock_seconds",E,declared telemetry column (R-3),0.2981281000029412,0.3250502999871969
"telemetry.row('FIX-STARTS-DUP', 'P-02', 'dup:index0', 'grid[27]').wall_clock_seconds",E,declared telemetry column (R-3),0.336078100001032,0.35627109999768436
"telemetry.row('FIX-STARTS-DUP', 'P-02', 'dup:index0', 'grid[28]').wall_clock_seconds",E,declared telemetry column (R-3),0.2063823999997112,0.22338760003913194
"telemetry.row('FIX-STARTS-DUP', 'P-02', 'dup:index0', 'grid[29]').wall_clock_seconds",E,declared telemetry column (R-3),0.3397237999961362,0.3525163000449538
"telemetry.row('FIX-STARTS-DUP', 'P-02', 'dup:index0', 'grid[2]').wall_clock_seconds",E,declared telemetry column (R-3),0.27060250000067754,0.2584332999540493
"telemetry.row('FIX-STARTS-DUP', 'P-02', 'dup:index0', 'grid[30]').wall_clock_seconds",E,declared telemetry column (R-3),0.22505180000007385,0.2541878999909386
"telemetry.row('FIX-STARTS-DUP', 'P-02', 'dup:index0', 'grid[31]').wall_clock_seconds",E,declared telemetry column (R-3),0.2042591999997967,0.22193010000046343
"telemetry.row('FIX-STARTS-DUP', 'P-02', 'dup:index0', 'grid[32]').wall_clock_seconds",E,declared telemetry column (R-3),0.2866336000006413,0.3152559999143705
"telemetry.row('FIX-STARTS-DUP', 'P-02', 'dup:index0', 'grid[33]').wall_clock_seconds",E,declared telemetry column (R-3),0.2691495999970357,0.2806948000798002
"telemetry.row('FIX-STARTS-DUP', 'P-02', 'dup:index0', 'grid[34]').wall_clock_seconds",E,declared telemetry column (R-3),0.35759979999420466,0.3701189999701455
"telemetry.row('FIX-STARTS-DUP', 'P-02', 'dup:index0', 'grid[35]').wall_clock_seconds",E,declared telemetry column (R-3),0.27193460000125924,0.29538510006386787
"telemetry.row('FIX-STARTS-DUP', 'P-02', 'dup:index0', 'grid[36]').wall_clock_seconds",E,declared telemetry column (R-3),0.23096939999959432,0.2569367000833154
"telemetry.row('FIX-STARTS-DUP', 'P-02', 'dup:index0', 'grid[37]').wall_clock_seconds",E,declared telemetry column (R-3),0.31172540000261506,0.38195920002181083
"telemetry.row('FIX-STARTS-DUP', 'P-02', 'dup:index0', 'grid[38]').wall_clock_seconds",E,declared telemetry column (R-3),0.30452299999888055,0.3555753000546247
"telemetry.row('FIX-STARTS-DUP', 'P-02', 'dup:index0', 'grid[39]').wall_clock_seconds",E,declared telemetry column (R-3),0.3261519000006956,0.45371989998966455
"telemetry.row('FIX-STARTS-DUP', 'P-02', 'dup:index0', 'grid[3]').wall_clock_seconds",E,declared telemetry column (R-3),0.29284970000298927,0.2792917999904603
"telemetry.row('FIX-STARTS-DUP', 'P-02', 'dup:index0', 'grid[40]').wall_clock_seconds",E,declared telemetry column (R-3),0.44954199999483535,0.5014200999867171
"telemetry.row('FIX-STARTS-DUP', 'P-02', 'dup:index0', 'grid[41]').wall_clock_seconds",E,declared telemetry column (R-3),0.26638660000025993,0.28656330006197095
"telemetry.row('FIX-STARTS-DUP', 'P-02', 'dup:index0', 'grid[42]').wall_clock_seconds",E,declared telemetry column (R-3),0.20795109999744454,0.2309069000184536
"telemetry.row('FIX-STARTS-DUP', 'P-02', 'dup:index0', 'grid[43]').wall_clock_seconds",E,declared telemetry column (R-3),0.26613779999752296,0.30225639999844134
"telemetry.row('FIX-STARTS-DUP', 'P-02', 'dup:index0', 'grid[44]').wall_clock_seconds",E,declared telemetry column (R-3),0.41734019999421434,0.47252029995433986
"telemetry.row('FIX-STARTS-DUP', 'P-02', 'dup:index0', 'grid[45]').wall_clock_seconds",E,declared telemetry column (R-3),0.2300178000004962,0.2684703000122681
"telemetry.row('FIX-STARTS-DUP', 'P-02', 'dup:index0', 'grid[46]').wall_clock_seconds",E,declared telemetry column (R-3),0.20810290000372333,0.2385939999949187
"telemetry.row('FIX-STARTS-DUP', 'P-02', 'dup:index0', 'grid[47]').wall_clock_seconds",E,declared telemetry column (R-3),0.2462279999963357,0.2687136000022292
"telemetry.row('FIX-STARTS-DUP', 'P-02', 'dup:index0', 'grid[48]').wall_clock_seconds",E,declared telemetry column (R-3),0.44777389999944717,0.4905001000734046
"telemetry.row('FIX-STARTS-DUP', 'P-02', 'dup:index0', 'grid[49]').wall_clock_seconds",E,declared telemetry column (R-3),0.3201520000002347,0.3430574999656528
"telemetry.row('FIX-STARTS-DUP', 'P-02', 'dup:index0', 'grid[4]').wall_clock_seconds",E,declared telemetry column (R-3),0.27928489999612793,0.2664959999965504
"telemetry.row('FIX-STARTS-DUP', 'P-02', 'dup:index0', 'grid[50]').wall_clock_seconds",E,declared telemetry column (R-3),0.43279409999377094,0.4891558000817895
"telemetry.row('FIX-STARTS-DUP', 'P-02', 'dup:index0', 'grid[51]').wall_clock_seconds",E,declared telemetry column (R-3),0.3237668000001577,0.3429665999719873
"telemetry.row('FIX-STARTS-DUP', 'P-02', 'dup:index0', 'grid[52]').wall_clock_seconds",E,declared telemetry column (R-3),0.3624571999971522,0.37964820000343025
"telemetry.row('FIX-STARTS-DUP', 'P-02', 'dup:index0', 'grid[53]').wall_clock_seconds",E,declared telemetry column (R-3),0.24693640000623418,0.2786584000568837
"telemetry.row('FIX-STARTS-DUP', 'P-02', 'dup:index0', 'grid[54]').wall_clock_seconds",E,declared telemetry column (R-3),0.2724030999961542,0.290292999939993
"telemetry.row('FIX-STARTS-DUP', 'P-02', 'dup:index0', 'grid[55]').wall_clock_seconds",E,declared telemetry column (R-3),0.25734209999791346,0.2890934000024572
"telemetry.row('FIX-STARTS-DUP', 'P-02', 'dup:index0', 'grid[56]').wall_clock_seconds",E,declared telemetry column (R-3),0.42352350000146544,0.38741560000926256
"telemetry.row('FIX-STARTS-DUP', 'P-02', 'dup:index0', 'grid[57]').wall_clock_seconds",E,declared telemetry column (R-3),0.31199419999757083,0.33014990005176514
"telemetry.row('FIX-STARTS-DUP', 'P-02', 'dup:index0', 'grid[58]').wall_clock_seconds",E,declared telemetry column (R-3),0.4559411000009277,0.4880462000146508
"telemetry.row('FIX-STARTS-DUP', 'P-02', 'dup:index0', 'grid[59]').wall_clock_seconds",E,declared telemetry column (R-3),0.3715842999954475,0.3694886000594124
"telemetry.row('FIX-STARTS-DUP', 'P-02', 'dup:index0', 'grid[5]').wall_clock_seconds",E,declared telemetry column (R-3),0.6320382000048994,0.39674759993795305
"telemetry.row('FIX-STARTS-DUP', 'P-02', 'dup:index0', 'grid[60]').wall_clock_seconds",E,declared telemetry column (R-3),0.41229579999344423,0.4320092999842018
"telemetry.row('FIX-STARTS-DUP', 'P-02', 'dup:index0', 'grid[61]').wall_clock_seconds",E,declared telemetry column (R-3),0.2603690999967512,0.28872129996307194
"telemetry.row('FIX-STARTS-DUP', 'P-02', 'dup:index0', 'grid[62]').wall_clock_seconds",E,declared telemetry column (R-3),0.29953479999676347,0.3236810000380501
"telemetry.row('FIX-STARTS-DUP', 'P-02', 'dup:index0', 'grid[63]').wall_clock_seconds",E,declared telemetry column (R-3),0.19462120000389405,0.19520930002909154
"telemetry.row('FIX-STARTS-DUP', 'P-02', 'dup:index0', 'grid[64]').wall_clock_seconds",E,declared telemetry column (R-3),0.25703420000354527,0.27884739998262376
"telemetry.row('FIX-STARTS-DUP', 'P-02', 'dup:index0', 'grid[65]').wall_clock_seconds",E,declared telemetry column (R-3),0.27854200000001583,0.29031720000784844
"telemetry.row('FIX-STARTS-DUP', 'P-02', 'dup:index0', 'grid[66]').wall_clock_seconds",E,declared telemetry column (R-3),0.2953080000006594,0.3171822000294924
"telemetry.row('FIX-STARTS-DUP', 'P-02', 'dup:index0', 'grid[67]').wall_clock_seconds",E,declared telemetry column (R-3),0.26801200000045355,0.30790929996874183
"telemetry.row('FIX-STARTS-DUP', 'P-02', 'dup:index0', 'grid[68]').wall_clock_seconds",E,declared telemetry column (R-3),0.3752898999955505,0.41042720002587885
"telemetry.row('FIX-STARTS-DUP', 'P-02', 'dup:index0', 'grid[69]').wall_clock_seconds",E,declared telemetry column (R-3),0.3962264999936451,0.39498780004214495
"telemetry.row('FIX-STARTS-DUP', 'P-02', 'dup:index0', 'grid[6]').wall_clock_seconds",E,declared telemetry column (R-3),0.4717750999989221,0.34555520000867546
"telemetry.row('FIX-STARTS-DUP', 'P-02', 'dup:index0', 'grid[70]').wall_clock_seconds",E,declared telemetry column (R-3),0.3449121000012383,0.33558529999572784
"telemetry.row('FIX-STARTS-DUP', 'P-02', 'dup:index0', 'grid[71]').wall_clock_seconds",E,declared telemetry column (R-3),0.34362790000159293,0.34596379997674376
"telemetry.row('FIX-STARTS-DUP', 'P-02', 'dup:index0', 'grid[72]').wall_clock_seconds",E,declared telemetry column (R-3),0.291884400001436,0.3057433000067249
"telemetry.row('FIX-STARTS-DUP', 'P-02', 'dup:index0', 'grid[73]').wall_clock_seconds",E,declared telemetry column (R-3),0.2977777000050992,0.3161064999876544
"telemetry.row('FIX-STARTS-DUP', 'P-02', 'dup:index0', 'grid[74]').wall_clock_seconds",E,declared telemetry column (R-3),0.25045820000377716,0.24759990000166
"telemetry.row('FIX-STARTS-DUP', 'P-02', 'dup:index0', 'grid[75]').wall_clock_seconds",E,declared telemetry column (R-3),0.45901629999571014,0.4985914999851957
"telemetry.row('FIX-STARTS-DUP', 'P-02', 'dup:index0', 'grid[76]').wall_clock_seconds",E,declared telemetry column (R-3),0.26309780000156024,0.29338429996278137
"telemetry.row('FIX-STARTS-DUP', 'P-02', 'dup:index0', 'grid[77]').wall_clock_seconds",E,declared telemetry column (R-3),0.31751539999822853,0.34045809996314347
"telemetry.row('FIX-STARTS-DUP', 'P-02', 'dup:index0', 'grid[78]').wall_clock_seconds",E,declared telemetry column (R-3),0.22509880000143312,0.23864959995262325
"telemetry.row('FIX-STARTS-DUP', 'P-02', 'dup:index0', 'grid[79]').wall_clock_seconds",E,declared telemetry column (R-3),0.31769619999977294,0.3360102999722585
"telemetry.row('FIX-STARTS-DUP', 'P-02', 'dup:index0', 'grid[7]').wall_clock_seconds",E,declared telemetry column (R-3),0.42561559999739984,0.4197468999773264
"telemetry.row('FIX-STARTS-DUP', 'P-02', 'dup:index0', 'grid[80]').wall_clock_seconds",E,declared telemetry column (R-3),0.46065010000165785,0.45258860010653734
"telemetry.row('FIX-STARTS-DUP', 'P-02', 'dup:index0', 'grid[81]').wall_clock_seconds",E,declared telemetry column (R-3),0.27605639999819687,0.2754282000241801
"telemetry.row('FIX-STARTS-DUP', 'P-02', 'dup:index0', 'grid[82]').wall_clock_seconds",E,declared telemetry column (R-3),0.4321584999997867,0.550149800023064
"telemetry.row('FIX-STARTS-DUP', 'P-02', 'dup:index0', 'grid[83]').wall_clock_seconds",E,declared telemetry column (R-3),0.38462910000089323,0.5269717999035493
"telemetry.row('FIX-STARTS-DUP', 'P-02', 'dup:index0', 'grid[84]').wall_clock_seconds",E,declared telemetry column (R-3),0.3977946000013617,0.5405146999983117
"telemetry.row('FIX-STARTS-DUP', 'P-02', 'dup:index0', 'grid[85]').wall_clock_seconds",E,declared telemetry column (R-3),0.31356820000655716,0.3430354999145493
"telemetry.row('FIX-STARTS-DUP', 'P-02', 'dup:index0', 'grid[86]').wall_clock_seconds",E,declared telemetry column (R-3),0.42806990000099177,0.46044689998961985
"telemetry.row('FIX-STARTS-DUP', 'P-02', 'dup:index0', 'grid[87]').wall_clock_seconds",E,declared telemetry column (R-3),0.33039930000086315,0.3854786999290809
"telemetry.row('FIX-STARTS-DUP', 'P-02', 'dup:index0', 'grid[88]').wall_clock_seconds",E,declared telemetry column (R-3),0.20867200000066077,0.22320529993157834
"telemetry.row('FIX-STARTS-DUP', 'P-02', 'dup:index0', 'grid[89]').wall_clock_seconds",E,declared telemetry column (R-3),0.473350100000971,0.514856000081636
"telemetry.row('FIX-STARTS-DUP', 'P-02', 'dup:index0', 'grid[8]').wall_clock_seconds",E,declared telemetry column (R-3),0.3363882999983616,0.3500116999493912
"telemetry.row('FIX-STARTS-DUP', 'P-02', 'dup:index0', 'grid[90]').wall_clock_seconds",E,declared telemetry column (R-3),0.30767699999705656,0.34243209997657686
"telemetry.row('FIX-STARTS-DUP', 'P-02', 'dup:index0', 'grid[91]').wall_clock_seconds",E,declared telemetry column (R-3),0.42164580000098795,0.44904660002794117
"telemetry.row('FIX-STARTS-DUP', 'P-02', 'dup:index0', 'grid[92]').wall_clock_seconds",E,declared telemetry column (R-3),2.31794500000251,1.9547740999842063
"telemetry.row('FIX-STARTS-DUP', 'P-02', 'dup:index0', 'grid[93]').wall_clock_seconds",E,declared telemetry column (R-3),0.4169123000028776,0.468455099966377
"telemetry.row('FIX-STARTS-DUP', 'P-02', 'dup:index0', 'grid[94]').wall_clock_seconds",E,declared telemetry column (R-3),0.3106827000010526,0.3272887000348419
"telemetry.row('FIX-STARTS-DUP', 'P-02', 'dup:index0', 'grid[95]').wall_clock_seconds",E,declared telemetry column (R-3),0.4614542999988771,0.5389571000123397
"telemetry.row('FIX-STARTS-DUP', 'P-02', 'dup:index0', 'grid[96]').wall_clock_seconds",E,declared telemetry column (R-3),0.4157718999995268,0.4922769999830052
"telemetry.row('FIX-STARTS-DUP', 'P-02', 'dup:index0', 'grid[97]').wall_clock_seconds",E,declared telemetry column (R-3),0.42598960000032093,0.4606472000014037
"telemetry.row('FIX-STARTS-DUP', 'P-02', 'dup:index0', 'grid[98]').wall_clock_seconds",E,declared telemetry column (R-3),0.5802167000001646,0.5716764000244439
"telemetry.row('FIX-STARTS-DUP', 'P-02', 'dup:index0', 'grid[99]').wall_clock_seconds",E,declared telemetry column (R-3),0.43334089999552816,0.43887630000244826
"telemetry.row('FIX-STARTS-DUP', 'P-02', 'dup:index0', 'grid[9]').wall_clock_seconds",E,declared telemetry column (R-3),0.2308497999983956,0.25344609993044287
"telemetry.row('FIX-STARTS-DUP', 'P-02', 'dup:index145', 'grid[0]').wall_clock_seconds",E,declared telemetry column (R-3),0.7985230000049341,0.8047172999940813
"telemetry.row('FIX-STARTS-DUP', 'P-02', 'dup:index145', 'grid[100]').wall_clock_seconds",E,declared telemetry column (R-3),0.4537516000054893,0.4606549000600353
"telemetry.row('FIX-STARTS-DUP', 'P-02', 'dup:index145', 'grid[101]').wall_clock_seconds",E,declared telemetry column (R-3),0.43092759999854024,0.4402832000050694
"telemetry.row('FIX-STARTS-DUP', 'P-02', 'dup:index145', 'grid[102]').wall_clock_seconds",E,declared telemetry column (R-3),1.0087433000007877,0.9227384000550956
"telemetry.row('FIX-STARTS-DUP', 'P-02', 'dup:index145', 'grid[103]').wall_clock_seconds",E,declared telemetry column (R-3),0.30545749999873806,0.29061800008639693
"telemetry.row('FIX-STARTS-DUP', 'P-02', 'dup:index145', 'grid[104]').wall_clock_seconds",E,declared telemetry column (R-3),0.3294930000047316,0.3243959000101313
"telemetry.row('FIX-STARTS-DUP', 'P-02', 'dup:index145', 'grid[105]').wall_clock_seconds",E,declared telemetry column (R-3),0.8244236999962595,0.82061169994995
"telemetry.row('FIX-STARTS-DUP', 'P-02', 'dup:index145', 'grid[106]').wall_clock_seconds",E,declared telemetry column (R-3),0.5948344000062207,0.3954793999437243
"telemetry.row('FIX-STARTS-DUP', 'P-02', 'dup:index145', 'grid[107]').wall_clock_seconds",E,declared telemetry column (R-3),0.39254040000378154,0.28055959998164326
"telemetry.row('FIX-STARTS-DUP', 'P-02', 'dup:index145', 'grid[108]').wall_clock_seconds",E,declared telemetry column (R-3),0.8697436000002199,0.8482180000282824
"telemetry.row('FIX-STARTS-DUP', 'P-02', 'dup:index145', 'grid[109]').wall_clock_seconds",E,declared telemetry column (R-3),1.2957774000024074,0.9823345000622794
"telemetry.row('FIX-STARTS-DUP', 'P-02', 'dup:index145', 'grid[10]').wall_clock_seconds",E,declared telemetry column (R-3),0.5702374999964377,0.586952600046061
"telemetry.row('FIX-STARTS-DUP', 'P-02', 'dup:index145', 'grid[110]').wall_clock_seconds",E,declared telemetry column (R-3),1.0404223000005004,1.0452327000675723
"telemetry.row('FIX-STARTS-DUP', 'P-02', 'dup:index145', 'grid[111]').wall_clock_seconds",E,declared telemetry column (R-3),0.7059382000006735,0.7867878000251949
"telemetry.row('FIX-STARTS-DUP', 'P-02', 'dup:index145', 'grid[112]').wall_clock_seconds",E,declared telemetry column (R-3),0.34112179999647196,0.3490096000023186
"telemetry.row('FIX-STARTS-DUP', 'P-02', 'dup:index145', 'grid[113]').wall_clock_seconds",E,declared telemetry column (R-3),1.2782042999970145,1.3009333999361843
"telemetry.row('FIX-STARTS-DUP', 'P-02', 'dup:index145', 'grid[114]').wall_clock_seconds",E,declared telemetry column (R-3),0.23192569999810075,0.23740700003691018
"telemetry.row('FIX-STARTS-DUP', 'P-02', 'dup:index145', 'grid[115]').wall_clock_seconds",E,declared telemetry column (R-3),0.3692282000047271,0.4033905001124367
"telemetry.row('FIX-STARTS-DUP', 'P-02', 'dup:index145', 'grid[116]').wall_clock_seconds",E,declared telemetry column (R-3),0.33350399999471847,0.31269179994706064
"telemetry.row('FIX-STARTS-DUP', 'P-02', 'dup:index145', 'grid[117]').wall_clock_seconds",E,declared telemetry column (R-3),0.3466816000000108,0.3342284000245854
"telemetry.row('FIX-STARTS-DUP', 'P-02', 'dup:index145', 'grid[118]').wall_clock_seconds",E,declared telemetry column (R-3),0.3317166000051657,0.4042613999918103
"telemetry.row('FIX-STARTS-DUP', 'P-02', 'dup:index145', 'grid[119]').wall_clock_seconds",E,declared telemetry column (R-3),0.26938610000070184,0.3229140000184998
"telemetry.row('FIX-STARTS-DUP', 'P-02', 'dup:index145', 'grid[11]').wall_clock_seconds",E,declared telemetry column (R-3),0.7610111999965739,0.7618587999604642
"telemetry.row('FIX-STARTS-DUP', 'P-02', 'dup:index145', 'grid[120]').wall_clock_seconds",E,declared telemetry column (R-3),0.3985231999977259,0.38989470002707094
"telemetry.row('FIX-STARTS-DUP', 'P-02', 'dup:index145', 'grid[121]').wall_clock_seconds",E,declared telemetry column (R-3),0.40907030000380473,0.4091765000484884
"telemetry.row('FIX-STARTS-DUP', 'P-02', 'dup:index145', 'grid[122]').wall_clock_seconds",E,declared telemetry column (R-3),0.3951001000023098,0.40933890000451356
"telemetry.row('FIX-STARTS-DUP', 'P-02', 'dup:index145', 'grid[123]').wall_clock_seconds",E,declared telemetry column (R-3),0.4949295999977039,0.4909067000262439
"telemetry.row('FIX-STARTS-DUP', 'P-02', 'dup:index145', 'grid[124]').wall_clock_seconds",E,declared telemetry column (R-3),0.46038709999993443,0.45587479998357594
"telemetry.row('FIX-STARTS-DUP', 'P-02', 'dup:index145', 'grid[125]').wall_clock_seconds",E,declared telemetry column (R-3),0.35240829999384005,0.36566529993433505
"telemetry.row('FIX-STARTS-DUP', 'P-02', 'dup:index145', 'grid[126]').wall_clock_seconds",E,declared telemetry column (R-3),0.39064309999957914,0.38132399995811284
"telemetry.row('FIX-STARTS-DUP', 'P-02', 'dup:index145', 'grid[127]').wall_clock_seconds",E,declared telemetry column (R-3),0.3213996999984374,0.30440100003033876
"telemetry.row('FIX-STARTS-DUP', 'P-02', 'dup:index145', 'grid[128]').wall_clock_seconds",E,declared telemetry column (R-3),0.32200490000104764,0.32886890007648617
"telemetry.row('FIX-STARTS-DUP', 'P-02', 'dup:index145', 'grid[129]').wall_clock_seconds",E,declared telemetry column (R-3),0.3225557999976445,0.34133980004116893
"telemetry.row('FIX-STARTS-DUP', 'P-02', 'dup:index145', 'grid[12]').wall_clock_seconds",E,declared telemetry column (R-3),0.4298826999947778,0.42348889994900674
"telemetry.row('FIX-STARTS-DUP', 'P-02', 'dup:index145', 'grid[130]').wall_clock_seconds",E,declared telemetry column (R-3),0.33173420000093756,0.31508660002145916
"telemetry.row('FIX-STARTS-DUP', 'P-02', 'dup:index145', 'grid[131]').wall_clock_seconds",E,declared telemetry column (R-3),0.3938293999963207,0.3865999999688938
"telemetry.row('FIX-STARTS-DUP', 'P-02', 'dup:index145', 'grid[132]').wall_clock_seconds",E,declared telemetry column (R-3),0.40499049999925774,0.39940009999554604
"telemetry.row('FIX-STARTS-DUP', 'P-02', 'dup:index145', 'grid[133]').wall_clock_seconds",E,declared telemetry column (R-3),0.5228648999982397,0.516924099996686
"telemetry.row('FIX-STARTS-DUP', 'P-02', 'dup:index145', 'grid[134]').wall_clock_seconds",E,declared telemetry column (R-3),0.3263325000007171,0.3189406000310555
"telemetry.row('FIX-STARTS-DUP', 'P-02', 'dup:index145', 'grid[135]').wall_clock_seconds",E,declared telemetry column (R-3),0.628489200003969,0.6617092000087723
"telemetry.row('FIX-STARTS-DUP', 'P-02', 'dup:index145', 'grid[136]').wall_clock_seconds",E,declared telemetry column (R-3),0.3488446999981534,0.34378830005880445
"telemetry.row('FIX-STARTS-DUP', 'P-02', 'dup:index145', 'grid[137]').wall_clock_seconds",E,declared telemetry column (R-3),0.35246709999773884,0.3288905000081286
"telemetry.row('FIX-STARTS-DUP', 'P-02', 'dup:index145', 'grid[138]').wall_clock_seconds",E,declared telemetry column (R-3),0.6408636999985902,0.6452692999737337
"telemetry.row('FIX-STARTS-DUP', 'P-02', 'dup:index145', 'grid[139]').wall_clock_seconds",E,declared telemetry column (R-3),0.2701519999973243,0.2710111999185756
"telemetry.row('FIX-STARTS-DUP', 'P-02', 'dup:index145', 'grid[13]').wall_clock_seconds",E,declared telemetry column (R-3),0.3679910999999265,0.3559248000383377
"telemetry.row('FIX-STARTS-DUP', 'P-02', 'dup:index145', 'grid[140]').wall_clock_seconds",E,declared telemetry column (R-3),0.4052924999996321,0.378348600002937
"telemetry.row('FIX-STARTS-DUP', 'P-02', 'dup:index145', 'grid[141]').wall_clock_seconds",E,declared telemetry column (R-3),0.33250009999756003,0.30329599999822676
"telemetry.row('FIX-STARTS-DUP', 'P-02', 'dup:index145', 'grid[142]').wall_clock_seconds",E,declared telemetry column (R-3),0.2676932999966084,0.2769733000313863
"telemetry.row('FIX-STARTS-DUP', 'P-02', 'dup:index145', 'grid[143]').wall_clock_seconds",E,declared telemetry column (R-3),0.7957502999997814,0.804879599949345
"telemetry.row('FIX-STARTS-DUP', 'P-02', 'dup:index145', 'grid[144]').wall_clock_seconds",E,declared telemetry column (R-3),0.4949473000015132,0.4857793999835849
"telemetry.row('FIX-STARTS-DUP', 'P-02', 'dup:index145', 'grid[145]').wall_clock_seconds",E,declared telemetry column (R-3),0.34617810000054305,0.2931958999251947
"telemetry.row('FIX-STARTS-DUP', 'P-02', 'dup:index145', 'grid[146]').wall_clock_seconds",E,declared telemetry column (R-3),0.262354200000118,0.23877059994265437
"telemetry.row('FIX-STARTS-DUP', 'P-02', 'dup:index145', 'grid[147]').wall_clock_seconds",E,declared telemetry column (R-3),0.4050067999996827,0.39315669995266944
"telemetry.row('FIX-STARTS-DUP', 'P-02', 'dup:index145', 'grid[148]').wall_clock_seconds",E,declared telemetry column (R-3),0.2917204999976093,0.28633949998766184
"telemetry.row('FIX-STARTS-DUP', 'P-02', 'dup:index145', 'grid[149]').wall_clock_seconds",E,declared telemetry column (R-3),0.3066557000056491,0.2985251999925822
"telemetry.row('FIX-STARTS-DUP', 'P-02', 'dup:index145', 'grid[14]').wall_clock_seconds",E,declared telemetry column (R-3),0.8298261999952956,0.5812636000337079
"telemetry.row('FIX-STARTS-DUP', 'P-02', 'dup:index145', 'grid[150]').wall_clock_seconds",E,declared telemetry column (R-3),0.5019935999953304,0.4849685999797657
"telemetry.row('FIX-STARTS-DUP', 'P-02', 'dup:index145', 'grid[151]').wall_clock_seconds",E,declared telemetry column (R-3),0.3768885000026785,0.3722770999884233
"telemetry.row('FIX-STARTS-DUP', 'P-02', 'dup:index145', 'grid[152]').wall_clock_seconds",E,declared telemetry column (R-3),0.2672409000006155,0.27133350004442036
"telemetry.row('FIX-STARTS-DUP', 'P-02', 'dup:index145', 'grid[153]').wall_clock_seconds",E,declared telemetry column (R-3),0.27152039999782573,0.27366609999444336
"telemetry.row('FIX-STARTS-DUP', 'P-02', 'dup:index145', 'grid[154]').wall_clock_seconds",E,declared telemetry column (R-3),0.424507600000652,0.4111096999840811
"telemetry.row('FIX-STARTS-DUP', 'P-02', 'dup:index145', 'grid[155]').wall_clock_seconds",E,declared telemetry column (R-3),0.5247677000006661,0.5126233999617398
"telemetry.row('FIX-STARTS-DUP', 'P-02', 'dup:index145', 'grid[156]').wall_clock_seconds",E,declared telemetry column (R-3),0.5625160999989021,0.5706772000994533
"telemetry.row('FIX-STARTS-DUP', 'P-02', 'dup:index145', 'grid[157]').wall_clock_seconds",E,declared telemetry column (R-3),0.3253115000043181,0.31102799996733665
"telemetry.row('FIX-STARTS-DUP', 'P-02', 'dup:index145', 'grid[158]').wall_clock_seconds",E,declared telemetry column (R-3),0.26646659999823896,0.317884000018239
"telemetry.row('FIX-STARTS-DUP', 'P-02', 'dup:index145', 'grid[159]').wall_clock_seconds",E,declared telemetry column (R-3),0.48081010000169044,0.5224332000361755
"telemetry.row('FIX-STARTS-DUP', 'P-02', 'dup:index145', 'grid[15]').wall_clock_seconds",E,declared telemetry column (R-3),1.020684600000095,1.0238628000952303
"telemetry.row('FIX-STARTS-DUP', 'P-02', 'dup:index145', 'grid[160]').wall_clock_seconds",E,declared telemetry column (R-3),0.45439559999795165,0.4611089000245556
"telemetry.row('FIX-STARTS-DUP', 'P-02', 'dup:index145', 'grid[161]').wall_clock_seconds",E,declared telemetry column (R-3),0.34020410000084667,0.3215545999119058
"telemetry.row('FIX-STARTS-DUP', 'P-02', 'dup:index145', 'grid[162]').wall_clock_seconds",E,declared telemetry column (R-3),0.38932629999908386,0.389549900079146
"telemetry.row('FIX-STARTS-DUP', 'P-02', 'dup:index145', 'grid[163]').wall_clock_seconds",E,declared telemetry column (R-3),0.3359053000021959,0.3511663000099361
"telemetry.row('FIX-STARTS-DUP', 'P-02', 'dup:index145', 'grid[164]').wall_clock_seconds",E,declared telemetry column (R-3),0.4798588999983622,0.49170180002693087
"telemetry.row('FIX-STARTS-DUP', 'P-02', 'dup:index145', 'grid[165]').wall_clock_seconds",E,declared telemetry column (R-3),0.5483330999995815,0.535024999990128
"telemetry.row('FIX-STARTS-DUP', 'P-02', 'dup:index145', 'grid[166]').wall_clock_seconds",E,declared telemetry column (R-3),0.36034720000316156,0.3829359000083059
"telemetry.row('FIX-STARTS-DUP', 'P-02', 'dup:index145', 'grid[167]').wall_clock_seconds",E,declared telemetry column (R-3),0.4935836000004201,0.5088185999775305
"telemetry.row('FIX-STARTS-DUP', 'P-02', 'dup:index145', 'grid[168]').wall_clock_seconds",E,declared telemetry column (R-3),0.30099519999930635,0.29984270001295954
"telemetry.row('FIX-STARTS-DUP', 'P-02', 'dup:index145', 'grid[169]').wall_clock_seconds",E,declared telemetry column (R-3),0.3370734000054654,0.3563156999880448
"telemetry.row('FIX-STARTS-DUP', 'P-02', 'dup:index145', 'grid[16]').wall_clock_seconds",E,declared telemetry column (R-3),0.7827376999994158,0.7635871000820771
"telemetry.row('FIX-STARTS-DUP', 'P-02', 'dup:index145', 'grid[170]').wall_clock_seconds",E,declared telemetry column (R-3),0.2806064000033075,0.29034750000573695
"telemetry.row('FIX-STARTS-DUP', 'P-02', 'dup:index145', 'grid[171]').wall_clock_seconds",E,declared telemetry column (R-3),0.370857399997476,0.3932342000771314
"telemetry.row('FIX-STARTS-DUP', 'P-02', 'dup:index145', 'grid[172]').wall_clock_seconds",E,declared telemetry column (R-3),0.3902947000024142,0.40892500011250377
"telemetry.row('FIX-STARTS-DUP', 'P-02', 'dup:index145', 'grid[173]').wall_clock_seconds",E,declared telemetry column (R-3),0.45557389999885345,0.4896917000878602
"telemetry.row('FIX-STARTS-DUP', 'P-02', 'dup:index145', 'grid[174]').wall_clock_seconds",E,declared telemetry column (R-3),0.4862467999992077,0.5128165999194607
"telemetry.row('FIX-STARTS-DUP', 'P-02', 'dup:index145', 'grid[175]').wall_clock_seconds",E,declared telemetry column (R-3),0.3538254000013694,0.34657789999619126
"telemetry.row('FIX-STARTS-DUP', 'P-02', 'dup:index145', 'grid[176]').wall_clock_seconds",E,declared telemetry column (R-3),0.395025000005262,0.412277500028722
"telemetry.row('FIX-STARTS-DUP', 'P-02', 'dup:index145', 'grid[177]').wall_clock_seconds",E,declared telemetry column (R-3),0.41186390000075335,0.4202398000052199
"telemetry.row('FIX-STARTS-DUP', 'P-02', 'dup:index145', 'grid[178]').wall_clock_seconds",E,declared telemetry column (R-3),0.3657905000000028,0.2973856000462547
"telemetry.row('FIX-STARTS-DUP', 'P-02', 'dup:index145', 'grid[179]').wall_clock_seconds",E,declared telemetry column (R-3),0.31662310000683647,0.31950089999008924
"telemetry.row('FIX-STARTS-DUP', 'P-02', 'dup:index145', 'grid[17]').wall_clock_seconds",E,declared telemetry column (R-3),2.038793900006567,2.0002221000613645
"telemetry.row('FIX-STARTS-DUP', 'P-02', 'dup:index145', 'grid[180]').wall_clock_seconds",E,declared telemetry column (R-3),0.38132920000498416,0.3596049000043422
"telemetry.row('FIX-STARTS-DUP', 'P-02', 'dup:index145', 'grid[181]').wall_clock_seconds",E,declared telemetry column (R-3),0.3284046999979182,0.317069899989292
"telemetry.row('FIX-STARTS-DUP', 'P-02', 'dup:index145', 'grid[182]').wall_clock_seconds",E,declared telemetry column (R-3),0.3109457999962615,0.3059917000355199
"telemetry.row('FIX-STARTS-DUP', 'P-02', 'dup:index145', 'grid[183]').wall_clock_seconds",E,declared telemetry column (R-3),0.341949100002239,0.3201864999718964
"telemetry.row('FIX-STARTS-DUP', 'P-02', 'dup:index145', 'grid[184]').wall_clock_seconds",E,declared telemetry column (R-3),0.457325999996101,0.4561793999746442
"telemetry.row('FIX-STARTS-DUP', 'P-02', 'dup:index145', 'grid[185]').wall_clock_seconds",E,declared telemetry column (R-3),0.3938586000003852,0.39993249997496605
"telemetry.row('FIX-STARTS-DUP', 'P-02', 'dup:index145', 'grid[186]').wall_clock_seconds",E,declared telemetry column (R-3),0.5052673000027426,0.4380519000114873
"telemetry.row('FIX-STARTS-DUP', 'P-02', 'dup:index145', 'grid[187]').wall_clock_seconds",E,declared telemetry column (R-3),0.292646900001273,0.27295649994630367
"telemetry.row('FIX-STARTS-DUP', 'P-02', 'dup:index145', 'grid[188]').wall_clock_seconds",E,declared telemetry column (R-3),0.38067949999822304,0.32008860004134476
"telemetry.row('FIX-STARTS-DUP', 'P-02', 'dup:index145', 'grid[189]').wall_clock_seconds",E,declared telemetry column (R-3),0.5231606000015745,0.4531849999912083
"telemetry.row('FIX-STARTS-DUP', 'P-02', 'dup:index145', 'grid[18]').wall_clock_seconds",E,declared telemetry column (R-3),0.45614170000044396,0.44796150003094226
"telemetry.row('FIX-STARTS-DUP', 'P-02', 'dup:index145', 'grid[190]').wall_clock_seconds",E,declared telemetry column (R-3),0.354737000001478,0.30468869989272207
"telemetry.row('FIX-STARTS-DUP', 'P-02', 'dup:index145', 'grid[191]').wall_clock_seconds",E,declared telemetry column (R-3),0.3768683000016608,0.34281090006697923
"telemetry.row('FIX-STARTS-DUP', 'P-02', 'dup:index145', 'grid[192]').wall_clock_seconds",E,declared telemetry column (R-3),0.23261289999936707,0.2453640999738127
"telemetry.row('FIX-STARTS-DUP', 'P-02', 'dup:index145', 'grid[193]').wall_clock_seconds",E,declared telemetry column (R-3),0.34464000000298256,0.3220111000118777
"telemetry.row('FIX-STARTS-DUP', 'P-02', 'dup:index145', 'grid[194]').wall_clock_seconds",E,declared telemetry column (R-3),0.3113233999974909,0.339146799989976
"telemetry.row('FIX-STARTS-DUP', 'P-02', 'dup:index145', 'grid[195]').wall_clock_seconds",E,declared telemetry column (R-3),0.59697650000453,0.5503649999154732
"telemetry.row('FIX-STARTS-DUP', 'P-02', 'dup:index145', 'grid[196]').wall_clock_seconds",E,declared telemetry column (R-3),0.22010850000515347,0.22934510000050068
"telemetry.row('FIX-STARTS-DUP', 'P-02', 'dup:index145', 'grid[197]').wall_clock_seconds",E,declared telemetry column (R-3),0.3627989000015077,0.3650826000375673
"telemetry.row('FIX-STARTS-DUP', 'P-02', 'dup:index145', 'grid[198]').wall_clock_seconds",E,declared telemetry column (R-3),0.3374952999947709,0.3741745000006631
"telemetry.row('FIX-STARTS-DUP', 'P-02', 'dup:index145', 'grid[199]').wall_clock_seconds",E,declared telemetry column (R-3),0.3805257999993046,0.46867470000870526
"telemetry.row('FIX-STARTS-DUP', 'P-02', 'dup:index145', 'grid[19]').wall_clock_seconds",E,declared telemetry column (R-3),0.3293530000009923,0.3344924000557512
"telemetry.row('FIX-STARTS-DUP', 'P-02', 'dup:index145', 'grid[1]').wall_clock_seconds",E,declared telemetry column (R-3),0.8864637000006041,1.028233600081876
"telemetry.row('FIX-STARTS-DUP', 'P-02', 'dup:index145', 'grid[200]').wall_clock_seconds",E,declared telemetry column (R-3),0.28218270000070333,0.38989679992664605
"telemetry.row('FIX-STARTS-DUP', 'P-02', 'dup:index145', 'grid[201]').wall_clock_seconds",E,declared telemetry column (R-3),0.5187312999987626,0.5187405999749899
"telemetry.row('FIX-STARTS-DUP', 'P-02', 'dup:index145', 'grid[202]').wall_clock_seconds",E,declared telemetry column (R-3),0.4214829999982612,0.4038985000224784
"telemetry.row('FIX-STARTS-DUP', 'P-02', 'dup:index145', 'grid[203]').wall_clock_seconds",E,declared telemetry column (R-3),0.49227979999704985,0.48597469995729625
"telemetry.row('FIX-STARTS-DUP', 'P-02', 'dup:index145', 'grid[204]').wall_clock_seconds",E,declared telemetry column (R-3),0.43866459999844665,0.4336448999820277
"telemetry.row('FIX-STARTS-DUP', 'P-02', 'dup:index145', 'grid[205]').wall_clock_seconds",E,declared telemetry column (R-3),0.21268959999724757,0.2234525999519974
"telemetry.row('FIX-STARTS-DUP', 'P-02', 'dup:index145', 'grid[206]').wall_clock_seconds",E,declared telemetry column (R-3),0.4056382999988273,0.4502242000307888
"telemetry.row('FIX-STARTS-DUP', 'P-02', 'dup:index145', 'grid[207]').wall_clock_seconds",E,declared telemetry column (R-3),0.2164210999981151,0.27282860002014786
"telemetry.row('FIX-STARTS-DUP', 'P-02', 'dup:index145', 'grid[208]').wall_clock_seconds",E,declared telemetry column (R-3),0.3726075000013225,0.4093976999865845
"telemetry.row('FIX-STARTS-DUP', 'P-02', 'dup:index145', 'grid[209]').wall_clock_seconds",E,declared telemetry column (R-3),0.36842389999947045,0.4156793000875041
"telemetry.row('FIX-STARTS-DUP', 'P-02', 'dup:index145', 'grid[20]').wall_clock_seconds",E,declared telemetry column (R-3),0.632585499995912,0.7010467000072822
"telemetry.row('FIX-STARTS-DUP', 'P-02', 'dup:index145', 'grid[210]').wall_clock_seconds",E,declared telemetry column (R-3),0.3749434999990626,0.40085269999690354
"telemetry.row('FIX-STARTS-DUP', 'P-02', 'dup:index145', 'grid[211]').wall_clock_seconds",E,declared telemetry column (R-3),0.40769749999890337,0.45931609999388456
"telemetry.row('FIX-STARTS-DUP', 'P-02', 'dup:index145', 'grid[212]').wall_clock_seconds",E,declared telemetry column (R-3),0.4093079999947804,0.4575450000120327
"telemetry.row('FIX-STARTS-DUP', 'P-02', 'dup:index145', 'grid[213]').wall_clock_seconds",E,declared telemetry column (R-3),0.2784165000048233,0.3233171000611037
"telemetry.row('FIX-STARTS-DUP', 'P-02', 'dup:index145', 'grid[214]').wall_clock_seconds",E,declared telemetry column (R-3),0.41313829999853624,0.4478952999925241
"telemetry.row('FIX-STARTS-DUP', 'P-02', 'dup:index145', 'grid[215]').wall_clock_seconds",E,declared telemetry column (R-3),0.37493450000329176,0.449368100031279
"telemetry.row('FIX-STARTS-DUP', 'P-02', 'dup:index145', 'grid[216]').wall_clock_seconds",E,declared telemetry column (R-3),0.26373579999926733,0.27084930008277297
"telemetry.row('FIX-STARTS-DUP', 'P-02', 'dup:index145', 'grid[217]').wall_clock_seconds",E,declared telemetry column (R-3),0.4284565999987535,0.4260624999878928
"telemetry.row('FIX-STARTS-DUP', 'P-02', 'dup:index145', 'grid[218]').wall_clock_seconds",E,declared telemetry column (R-3),0.34195099999487866,0.3695975999580696
"telemetry.row('FIX-STARTS-DUP', 'P-02', 'dup:index145', 'grid[219]').wall_clock_seconds",E,declared telemetry column (R-3),0.32882790000439854,0.32228580000810325
"telemetry.row('FIX-STARTS-DUP', 'P-02', 'dup:index145', 'grid[21]').wall_clock_seconds",E,declared telemetry column (R-3),0.7384014999988722,0.9416109999874607
"telemetry.row('FIX-STARTS-DUP', 'P-02', 'dup:index145', 'grid[220]').wall_clock_seconds",E,declared telemetry column (R-3),0.4683904000048642,0.5085060000419617
"telemetry.row('FIX-STARTS-DUP', 'P-02', 'dup:index145', 'grid[221]').wall_clock_seconds",E,declared telemetry column (R-3),0.40248950000386685,0.4248712999979034
"telemetry.row('FIX-STARTS-DUP', 'P-02', 'dup:index145', 'grid[222]').wall_clock_seconds",E,declared telemetry column (R-3),0.22580379999999423,0.24074230005498976
"telemetry.row('FIX-STARTS-DUP', 'P-02', 'dup:index145', 'grid[223]').wall_clock_seconds",E,declared telemetry column (R-3),0.2413209000005736,0.2273036000551656
"telemetry.row('FIX-STARTS-DUP', 'P-02', 'dup:index145', 'grid[224]').wall_clock_seconds",E,declared telemetry column (R-3),0.3920924999983981,0.43004740006290376
"telemetry.row('FIX-STARTS-DUP', 'P-02', 'dup:index145', 'grid[225]').wall_clock_seconds",E,declared telemetry column (R-3),0.2809408000030089,0.2522190000163391
"telemetry.row('FIX-STARTS-DUP', 'P-02', 'dup:index145', 'grid[226]').wall_clock_seconds",E,declared telemetry column (R-3),0.40798370000266004,0.4395526999142021
"telemetry.row('FIX-STARTS-DUP', 'P-02', 'dup:index145', 'grid[227]').wall_clock_seconds",E,declared telemetry column (R-3),0.3249072000035085,0.3335963999852538
"telemetry.row('FIX-STARTS-DUP', 'P-02', 'dup:index145', 'grid[228]').wall_clock_seconds",E,declared telemetry column (R-3),0.19306179999693995,0.23026349989231676
"telemetry.row('FIX-STARTS-DUP', 'P-02', 'dup:index145', 'grid[229]').wall_clock_seconds",E,declared telemetry column (R-3),0.2642347000000882,0.2917250000173226
"telemetry.row('FIX-STARTS-DUP', 'P-02', 'dup:index145', 'grid[22]').wall_clock_seconds",E,declared telemetry column (R-3),0.7072820000030333,0.7165635999990627
"telemetry.row('FIX-STARTS-DUP', 'P-02', 'dup:index145', 'grid[230]').wall_clock_seconds",E,declared telemetry column (R-3),0.22544490000291262,0.2433329001069069
"telemetry.row('FIX-STARTS-DUP', 'P-02', 'dup:index145', 'grid[231]').wall_clock_seconds",E,declared telemetry column (R-3),0.3654601000016555,0.3806633000494912
"telemetry.row('FIX-STARTS-DUP', 'P-02', 'dup:index145', 'grid[232]').wall_clock_seconds",E,declared telemetry column (R-3),0.34010310000303434,0.3284949000226334
"telemetry.row('FIX-STARTS-DUP', 'P-02', 'dup:index145', 'grid[233]').wall_clock_seconds",E,declared telemetry column (R-3),0.5210411999942153,0.4333390999818221
"telemetry.row('FIX-STARTS-DUP', 'P-02', 'dup:index145', 'grid[234]').wall_clock_seconds",E,declared telemetry column (R-3),0.3676315000047907,0.3201803000411019
"telemetry.row('FIX-STARTS-DUP', 'P-02', 'dup:index145', 'grid[235]').wall_clock_seconds",E,declared telemetry column (R-3),0.4119286999994074,0.3845470999367535
"telemetry.row('FIX-STARTS-DUP', 'P-02', 'dup:index145', 'grid[236]').wall_clock_seconds",E,declared telemetry column (R-3),0.4590669000026537,0.48094620008487254
"telemetry.row('FIX-STARTS-DUP', 'P-02', 'dup:index145', 'grid[237]').wall_clock_seconds",E,declared telemetry column (R-3),0.2214008000009926,0.23745680006686598
"telemetry.row('FIX-STARTS-DUP', 'P-02', 'dup:index145', 'grid[238]').wall_clock_seconds",E,declared telemetry column (R-3),0.26504539999586996,0.29113070003222674
"telemetry.row('FIX-STARTS-DUP', 'P-02', 'dup:index145', 'grid[239]').wall_clock_seconds",E,declared telemetry column (R-3),0.26634460000059335,0.29414790007285774
"telemetry.row('FIX-STARTS-DUP', 'P-02', 'dup:index145', 'grid[23]').wall_clock_seconds",E,declared telemetry column (R-3),0.25057229999947594,0.24031289992854
"telemetry.row('FIX-STARTS-DUP', 'P-02', 'dup:index145', 'grid[240]').wall_clock_seconds",E,declared telemetry column (R-3),0.22020779999729712,0.23427420004736632
"telemetry.row('FIX-STARTS-DUP', 'P-02', 'dup:index145', 'grid[241]').wall_clock_seconds",E,declared telemetry column (R-3),0.34309550000034506,0.3742822000058368
"telemetry.row('FIX-STARTS-DUP', 'P-02', 'dup:index145', 'grid[242]').wall_clock_seconds",E,declared telemetry column (R-3),0.3306031999964034,0.44817370001692325
"telemetry.row('FIX-STARTS-DUP', 'P-02', 'dup:index145', 'grid[243]').wall_clock_seconds",E,declared telemetry column (R-3),0.37759730000107083,0.4239459000527859
"telemetry.row('FIX-STARTS-DUP', 'P-02', 'dup:index145', 'grid[244]').wall_clock_seconds",E,declared telemetry column (R-3),0.2952573000002303,0.3215445999521762
"telemetry.row('FIX-STARTS-DUP', 'P-02', 'dup:index145', 'grid[245]').wall_clock_seconds",E,declared telemetry column (R-3),0.29513890000089305,0.3104476999724284
"telemetry.row('FIX-STARTS-DUP', 'P-02', 'dup:index145', 'grid[246]').wall_clock_seconds",E,declared telemetry column (R-3),0.39384460000292165,0.3923569000326097
"telemetry.row('FIX-STARTS-DUP', 'P-02', 'dup:index145', 'grid[247]').wall_clock_seconds",E,declared telemetry column (R-3),0.514422200001718,0.41164730000309646
"telemetry.row('FIX-STARTS-DUP', 'P-02', 'dup:index145', 'grid[248]').wall_clock_seconds",E,declared telemetry column (R-3),0.2727233999976306,0.3421222000615671
"telemetry.row('FIX-STARTS-DUP', 'P-02', 'dup:index145', 'grid[249]').wall_clock_seconds",E,declared telemetry column (R-3),0.26062459999957355,0.31219720002263784
"telemetry.row('FIX-STARTS-DUP', 'P-02', 'dup:index145', 'grid[24]').wall_clock_seconds",E,declared telemetry column (R-3),0.5641835999995237,0.5586540000513196
"telemetry.row('FIX-STARTS-DUP', 'P-02', 'dup:index145', 'grid[250]').wall_clock_seconds",E,declared telemetry column (R-3),0.23502709999593208,0.2545932000502944
"telemetry.row('FIX-STARTS-DUP', 'P-02', 'dup:index145', 'grid[251]').wall_clock_seconds",E,declared telemetry column (R-3),0.24999880000541452,0.27100910001900047
"telemetry.row('FIX-STARTS-DUP', 'P-02', 'dup:index145', 'grid[252]').wall_clock_seconds",E,declared telemetry column (R-3),0.3426495000021532,0.3830231000902131
"telemetry.row('FIX-STARTS-DUP', 'P-02', 'dup:index145', 'grid[253]').wall_clock_seconds",E,declared telemetry column (R-3),0.38590169999952195,0.41850719996728003
"telemetry.row('FIX-STARTS-DUP', 'P-02', 'dup:index145', 'grid[254]').wall_clock_seconds",E,declared telemetry column (R-3),0.2955065000060131,0.33205010008532554
"telemetry.row('FIX-STARTS-DUP', 'P-02', 'dup:index145', 'grid[255]').wall_clock_seconds",E,declared telemetry column (R-3),0.18588459999591578,0.1940846999641508
"telemetry.row('FIX-STARTS-DUP', 'P-02', 'dup:index145', 'grid[256]').wall_clock_seconds",E,declared telemetry column (R-3),0.31319230000372045,0.346420899964869
"telemetry.row('FIX-STARTS-DUP', 'P-02', 'dup:index145', 'grid[257]').wall_clock_seconds",E,declared telemetry column (R-3),0.2544975000055274,0.2881329999072477
"telemetry.row('FIX-STARTS-DUP', 'P-02', 'dup:index145', 'grid[258]').wall_clock_seconds",E,declared telemetry column (R-3),0.2125653000039165,0.21746309997979552
"telemetry.row('FIX-STARTS-DUP', 'P-02', 'dup:index145', 'grid[259]').wall_clock_seconds",E,declared telemetry column (R-3),0.2977399000010337,0.3313594999490306
"telemetry.row('FIX-STARTS-DUP', 'P-02', 'dup:index145', 'grid[25]').wall_clock_seconds",E,declared telemetry column (R-3),1.0319827999992413,1.0113027000334114
"telemetry.row('FIX-STARTS-DUP', 'P-02', 'dup:index145', 'grid[260]').wall_clock_seconds",E,declared telemetry column (R-3),0.3667072000025655,0.4011250000912696
"telemetry.row('FIX-STARTS-DUP', 'P-02', 'dup:index145', 'grid[26]').wall_clock_seconds",E,declared telemetry column (R-3),0.6070513999948162,0.5825004000216722
"telemetry.row('FIX-STARTS-DUP', 'P-02', 'dup:index145', 'grid[27]').wall_clock_seconds",E,declared telemetry column (R-3),0.2794537000008859,0.27647630008868873
"telemetry.row('FIX-STARTS-DUP', 'P-02', 'dup:index145', 'grid[28]').wall_clock_seconds",E,declared telemetry column (R-3),0.2644067000001087,0.26558159990236163
"telemetry.row('FIX-STARTS-DUP', 'P-02', 'dup:index145', 'grid[29]').wall_clock_seconds",E,declared telemetry column (R-3),0.46063519999734126,0.4701637999387458
"telemetry.row('FIX-STARTS-DUP', 'P-02', 'dup:index145', 'grid[2]').wall_clock_seconds",E,declared telemetry column (R-3),1.2368061000015587,1.2500486000208184
"telemetry.row('FIX-STARTS-DUP', 'P-02', 'dup:index145', 'grid[30]').wall_clock_seconds",E,declared telemetry column (R-3),0.9183358000009321,0.8576716999523342
"telemetry.row('FIX-STARTS-DUP', 'P-02', 'dup:index145', 'grid[31]').wall_clock_seconds",E,declared telemetry column (R-3),0.5660550000029616,0.5774603000609204
"telemetry.row('FIX-STARTS-DUP', 'P-02', 'dup:index145', 'grid[32]').wall_clock_seconds",E,declared telemetry column (R-3),0.5341241000060108,0.5360321999760345
"telemetry.row('FIX-STARTS-DUP', 'P-02', 'dup:index145', 'grid[33]').wall_clock_seconds",E,declared telemetry column (R-3),0.2629346000030637,0.2772511999355629
"telemetry.row('FIX-STARTS-DUP', 'P-02', 'dup:index145', 'grid[34]').wall_clock_seconds",E,declared telemetry column (R-3),0.5856616999953985,0.5713875000365078
"telemetry.row('FIX-STARTS-DUP', 'P-02', 'dup:index145', 'grid[35]').wall_clock_seconds",E,declared telemetry column (R-3),0.34561280000343686,0.345482699922286
"telemetry.row('FIX-STARTS-DUP', 'P-02', 'dup:index145', 'grid[36]').wall_clock_seconds",E,declared telemetry column (R-3),2.033960799999477,1.8035365000832826
"telemetry.row('FIX-STARTS-DUP', 'P-02', 'dup:index145', 'grid[37]').wall_clock_seconds",E,declared telemetry column (R-3),0.6734020000003511,0.7027808999409899
"telemetry.row('FIX-STARTS-DUP', 'P-02', 'dup:index145', 'grid[38]').wall_clock_seconds",E,declared telemetry column (R-3),0.8597305000002962,0.8444455999415368
"telemetry.row('FIX-STARTS-DUP', 'P-02', 'dup:index145', 'grid[39]').wall_clock_seconds",E,declared telemetry column (R-3),0.3062342000048375,0.31052689999341965
"telemetry.row('FIX-STARTS-DUP', 'P-02', 'dup:index145', 'grid[3]').wall_clock_seconds",E,declared telemetry column (R-3),0.38271079999685753,0.3893504000734538
"telemetry.row('FIX-STARTS-DUP', 'P-02', 'dup:index145', 'grid[40]').wall_clock_seconds",E,declared telemetry column (R-3),0.682539800000086,0.5951311000389978
"telemetry.row('FIX-STARTS-DUP', 'P-02', 'dup:index145', 'grid[41]').wall_clock_seconds",E,declared telemetry column (R-3),1.8268720000050962,1.8128472999669611
"telemetry.row('FIX-STARTS-DUP', 'P-02', 'dup:index145', 'grid[42]').wall_clock_seconds",E,declared telemetry column (R-3),0.6998497000022326,0.7036801000358537
"telemetry.row('FIX-STARTS-DUP', 'P-02', 'dup:index145', 'grid[43]').wall_clock_seconds",E,declared telemetry column (R-3),0.5784244000024046,0.6265548000810668
"telemetry.row('FIX-STARTS-DUP', 'P-02', 'dup:index145', 'grid[44]').wall_clock_seconds",E,declared telemetry column (R-3),0.5605068999939249,0.6381545999320224
"telemetry.row('FIX-STARTS-DUP', 'P-02', 'dup:index145', 'grid[45]').wall_clock_seconds",E,declared telemetry column (R-3),0.8021655000047758,0.7683585999766365
"telemetry.row('FIX-STARTS-DUP', 'P-02', 'dup:index145', 'grid[46]').wall_clock_seconds",E,declared telemetry column (R-3),0.22158950000448385,0.2019158999901265
"telemetry.row('FIX-STARTS-DUP', 'P-02', 'dup:index145', 'grid[47]').wall_clock_seconds",E,declared telemetry column (R-3),0.46441069999855245,0.4366304000141099
"telemetry.row('FIX-STARTS-DUP', 'P-02', 'dup:index145', 'grid[48]').wall_clock_seconds",E,declared telemetry column (R-3),0.6704488000032143,0.6405879999510944
"telemetry.row('FIX-STARTS-DUP', 'P-02', 'dup:index145', 'grid[49]').wall_clock_seconds",E,declared telemetry column (R-3),1.1804368000011891,1.1456832999829203
"telemetry.row('FIX-STARTS-DUP', 'P-02', 'dup:index145', 'grid[4]').wall_clock_seconds",E,declared telemetry column (R-3),0.27998420000221813,0.28842710005119443
"telemetry.row('FIX-STARTS-DUP', 'P-02', 'dup:index145', 'grid[50]').wall_clock_seconds",E,declared telemetry column (R-3),0.8267887000038172,0.809311099932529
"telemetry.row('FIX-STARTS-DUP', 'P-02', 'dup:index145', 'grid[51]').wall_clock_seconds",E,declared telemetry column (R-3),0.39042519999929937,0.4319694999139756
"telemetry.row('FIX-STARTS-DUP', 'P-02', 'dup:index145', 'grid[52]').wall_clock_seconds",E,declared telemetry column (R-3),0.5152640000014799,0.5525273000821471
"telemetry.row('FIX-STARTS-DUP', 'P-02', 'dup:index145', 'grid[53]').wall_clock_seconds",E,declared telemetry column (R-3),0.5000748000020394,0.47635220002848655
"telemetry.row('FIX-STARTS-DUP', 'P-02', 'dup:index145', 'grid[54]').wall_clock_seconds",E,declared telemetry column (R-3),1.0320230999932392,1.0025013000704348
"telemetry.row('FIX-STARTS-DUP', 'P-02', 'dup:index145', 'grid[55]').wall_clock_seconds",E,declared telemetry column (R-3),1.490346699996735,1.179328199941665
"telemetry.row('FIX-STARTS-DUP', 'P-02', 'dup:index145', 'grid[56]').wall_clock_seconds",E,declared telemetry column (R-3),0.829735499995877,0.6646462000207976
"telemetry.row('FIX-STARTS-DUP', 'P-02', 'dup:index145', 'grid[57]').wall_clock_seconds",E,declared telemetry column (R-3),0.5119285000037053,0.45005789992865175
"telemetry.row('FIX-STARTS-DUP', 'P-02', 'dup:index145', 'grid[58]').wall_clock_seconds",E,declared telemetry column (R-3),0.6675950000062585,0.647408900083974
"telemetry.row('FIX-STARTS-DUP', 'P-02', 'dup:index145', 'grid[59]').wall_clock_seconds",E,declared telemetry column (R-3),0.44158620000234805,0.41035869996994734
"telemetry.row('FIX-STARTS-DUP', 'P-02', 'dup:index145', 'grid[5]').wall_clock_seconds",E,declared telemetry column (R-3),0.6781660999986343,0.6902691000141203
"telemetry.row('FIX-STARTS-DUP', 'P-02', 'dup:index145', 'grid[60]').wall_clock_seconds",E,declared telemetry column (R-3),0.7409182000046712,0.6710741000715643
"telemetry.row('FIX-STARTS-DUP', 'P-02', 'dup:index145', 'grid[61]').wall_clock_seconds",E,declared telemetry column (R-3),2.3329310000044643,1.8908385999966413
"telemetry.row('FIX-STARTS-DUP', 'P-02', 'dup:index145', 'grid[62]').wall_clock_seconds",E,declared telemetry column (R-3),0.7862349999995786,0.7517099999822676
"telemetry.row('FIX-STARTS-DUP', 'P-02', 'dup:index145', 'grid[63]').wall_clock_seconds",E,declared telemetry column (R-3),1.0535919000030844,0.9962697000009939
"telemetry.row('FIX-STARTS-DUP', 'P-02', 'dup:index145', 'grid[64]').wall_clock_seconds",E,declared telemetry column (R-3),0.3347613000005367,0.31603570003062487
"telemetry.row('FIX-STARTS-DUP', 'P-02', 'dup:index145', 'grid[65]').wall_clock_seconds",E,declared telemetry column (R-3),0.40327959999558516,0.4517750000813976
"telemetry.row('FIX-STARTS-DUP', 'P-02', 'dup:index145', 'grid[66]').wall_clock_seconds",E,declared telemetry column (R-3),0.8057639000035124,7.603999500046484
"telemetry.row('FIX-STARTS-DUP', 'P-02', 'dup:index145', 'grid[67]').wall_clock_seconds",E,declared telemetry column (R-3),2.017729799998051,2.0536834999220446
"telemetry.row('FIX-STARTS-DUP', 'P-02', 'dup:index145', 'grid[68]').wall_clock_seconds",E,declared telemetry column (R-3),2.0513742999974056,2.021990400040522
"telemetry.row('FIX-STARTS-DUP', 'P-02', 'dup:index145', 'grid[69]').wall_clock_seconds",E,declared telemetry column (R-3),0.8690806000013254,0.8531155000673607
"telemetry.row('FIX-STARTS-DUP', 'P-02', 'dup:index145', 'grid[6]').wall_clock_seconds",E,declared telemetry column (R-3),0.4036874000012176,0.3839388000778854
"telemetry.row('FIX-STARTS-DUP', 'P-02', 'dup:index145', 'grid[70]').wall_clock_seconds",E,declared telemetry column (R-3),0.3740879999968456,0.33746360009536147
"telemetry.row('FIX-STARTS-DUP', 'P-02', 'dup:index145', 'grid[71]').wall_clock_seconds",E,declared telemetry column (R-3),0.8759442000009585,0.800669000018388
"telemetry.row('FIX-STARTS-DUP', 'P-02', 'dup:index145', 'grid[72]').wall_clock_seconds",E,declared telemetry column (R-3),0.8650848000033875,0.8290731000015512
"telemetry.row('FIX-STARTS-DUP', 'P-02', 'dup:index145', 'grid[73]').wall_clock_seconds",E,declared telemetry column (R-3),0.37662599999748636,0.35947380005382
"telemetry.row('FIX-STARTS-DUP', 'P-02', 'dup:index145', 'grid[74]').wall_clock_seconds",E,declared telemetry column (R-3),0.798256100002618,0.8518320999573916
"telemetry.row('FIX-STARTS-DUP', 'P-02', 'dup:index145', 'grid[75]').wall_clock_seconds",E,declared telemetry column (R-3),0.861596599999757,0.9339942000806332
"telemetry.row('FIX-STARTS-DUP', 'P-02', 'dup:index145', 'grid[76]').wall_clock_seconds",E,declared telemetry column (R-3),2.0372915000043577,1.8886900000507012
"telemetry.row('FIX-STARTS-DUP', 'P-02', 'dup:index145', 'grid[77]').wall_clock_seconds",E,declared telemetry column (R-3),0.8178908999980194,0.8067273999331519
"telemetry.row('FIX-STARTS-DUP', 'P-02', 'dup:index145', 'grid[78]').wall_clock_seconds",E,declared telemetry column (R-3),0.5035404000009294,0.4789316999958828
"telemetry.row('FIX-STARTS-DUP', 'P-02', 'dup:index145', 'grid[79]').wall_clock_seconds",E,declared telemetry column (R-3),0.571706599999743,0.6044111999217421
"telemetry.row('FIX-STARTS-DUP', 'P-02', 'dup:index145', 'grid[7]').wall_clock_seconds",E,declared telemetry column (R-3),2.063138000004983,2.03396069991868
"telemetry.row('FIX-STARTS-DUP', 'P-02', 'dup:index145', 'grid[80]').wall_clock_seconds",E,declared telemetry column (R-3),1.5153404000011506,1.381526799988933
"telemetry.row('FIX-STARTS-DUP', 'P-02', 'dup:index145', 'grid[81]').wall_clock_seconds",E,declared telemetry column (R-3),0.4409955999944941,0.41484769992530346
"telemetry.row('FIX-STARTS-DUP', 'P-02', 'dup:index145', 'grid[82]').wall_clock_seconds",E,declared telemetry column (R-3),0.8811596000014106,0.8469982999376953
"telemetry.row('FIX-STARTS-DUP', 'P-02', 'dup:index145', 'grid[83]').wall_clock_seconds",E,declared telemetry column (R-3),0.9038807999968412,0.9040399000514299
"telemetry.row('FIX-STARTS-DUP', 'P-02', 'dup:index145', 'grid[84]').wall_clock_seconds",E,declared telemetry column (R-3),2.1513295999975526,1.9467314999783412
"telemetry.row('FIX-STARTS-DUP', 'P-02', 'dup:index145', 'grid[85]').wall_clock_seconds",E,declared telemetry column (R-3),1.622960000000603,0.9623176000313833
"telemetry.row('FIX-STARTS-DUP', 'P-02', 'dup:index145', 'grid[86]').wall_clock_seconds",E,declared telemetry column (R-3),1.0078941000028863,0.8369256000733003
"telemetry.row('FIX-STARTS-DUP', 'P-02', 'dup:index145', 'grid[87]').wall_clock_seconds",E,declared telemetry column (R-3),0.308072900006664,0.26767349999863654
"telemetry.row('FIX-STARTS-DUP', 'P-02', 'dup:index145', 'grid[88]').wall_clock_seconds",E,declared telemetry column (R-3),0.28417719999561086,0.2883480000309646
"telemetry.row('FIX-STARTS-DUP', 'P-02', 'dup:index145', 'grid[89]').wall_clock_seconds",E,declared telemetry column (R-3),1.8120319000008749,1.9260894999606535
"telemetry.row('FIX-STARTS-DUP', 'P-02', 'dup:index145', 'grid[8]').wall_clock_seconds",E,declared telemetry column (R-3),0.3869487999982084,0.3734219999751076
"telemetry.row('FIX-STARTS-DUP', 'P-02', 'dup:index145', 'grid[90]').wall_clock_seconds",E,declared telemetry column (R-3),0.580306500000006,0.6442335000028834
"telemetry.row('FIX-STARTS-DUP', 'P-02', 'dup:index145', 'grid[91]').wall_clock_seconds",E,declared telemetry column (R-3),0.35516249999636784,0.3892318999860436
"telemetry.row('FIX-STARTS-DUP', 'P-02', 'dup:index145', 'grid[92]').wall_clock_seconds",E,declared telemetry column (R-3),0.24860409999382682,0.29150089994072914
"telemetry.row('FIX-STARTS-DUP', 'P-02', 'dup:index145', 'grid[93]').wall_clock_seconds",E,declared telemetry column (R-3),2.251979599997867,2.429082400049083
"telemetry.row('FIX-STARTS-DUP', 'P-02', 'dup:index145', 'grid[94]').wall_clock_seconds",E,declared telemetry column (R-3),0.4138020000027609,0.3963412999873981
"telemetry.row('FIX-STARTS-DUP', 'P-02', 'dup:index145', 'grid[95]').wall_clock_seconds",E,declared telemetry column (R-3),0.35086369999771705,0.3387946999864653
"telemetry.row('FIX-STARTS-DUP', 'P-02', 'dup:index145', 'grid[96]').wall_clock_seconds",E,declared telemetry column (R-3),0.4640718000009656,0.4985534999286756
"telemetry.row('FIX-STARTS-DUP', 'P-02', 'dup:index145', 'grid[97]').wall_clock_seconds",E,declared telemetry column (R-3),0.4627041999992798,0.47340270003769547
"telemetry.row('FIX-STARTS-DUP', 'P-02', 'dup:index145', 'grid[98]').wall_clock_seconds",E,declared telemetry column (R-3),0.4713640999980271,0.49626839999109507
"telemetry.row('FIX-STARTS-DUP', 'P-02', 'dup:index145', 'grid[99]').wall_clock_seconds",E,declared telemetry column (R-3),0.801731400002609,0.8564866000087932
"telemetry.row('FIX-STARTS-DUP', 'P-02', 'dup:index145', 'grid[9]').wall_clock_seconds",E,declared telemetry column (R-3),1.8759428999983356,1.8131566001102328
"telemetry.row('FIX-STARTS-FULL', 'P-01', 'full:P-01', 'feature').wall_clock_seconds",E,declared telemetry column (R-3),0.4733470999999554,0.5486131999641657
"telemetry.row('FIX-STARTS-FULL', 'P-01', 'full:P-01', 'grid[0]').wall_clock_seconds",E,declared telemetry column (R-3),0.6764970000003814,0.7131055999780074
"telemetry.row('FIX-STARTS-FULL', 'P-01', 'full:P-01', 'grid[100]').wall_clock_seconds",E,declared telemetry column (R-3),0.7991088999988278,1.0311293000122532
"telemetry.row('FIX-STARTS-FULL', 'P-01', 'full:P-01', 'grid[101]').wall_clock_seconds",E,declared telemetry column (R-3),0.01842239999677986,0.02043000003322959
"telemetry.row('FIX-STARTS-FULL', 'P-01', 'full:P-01', 'grid[102]').wall_clock_seconds",E,declared telemetry column (R-3),0.37981030000082683,0.44722159998491406
"telemetry.row('FIX-STARTS-FULL', 'P-01', 'full:P-01', 'grid[103]').wall_clock_seconds",E,declared telemetry column (R-3),0.5954344999991008,0.6862721999641508
"telemetry.row('FIX-STARTS-FULL', 'P-01', 'full:P-01', 'grid[104]').wall_clock_seconds",E,declared telemetry column (R-3),0.5454950999992434,0.6284144000383094
"telemetry.row('FIX-STARTS-FULL', 'P-01', 'full:P-01', 'grid[105]').wall_clock_seconds",E,declared telemetry column (R-3),0.16199860000051558,0.18552810000255704
"telemetry.row('FIX-STARTS-FULL', 'P-01', 'full:P-01', 'grid[106]').wall_clock_seconds",E,declared telemetry column (R-3),0.6062559000056353,0.6924006000626832
"telemetry.row('FIX-STARTS-FULL', 'P-01', 'full:P-01', 'grid[107]').wall_clock_seconds",E,declared telemetry column (R-3),0.1423002999945311,0.1616990000475198
"telemetry.row('FIX-STARTS-FULL', 'P-01', 'full:P-01', 'grid[108]').wall_clock_seconds",E,declared telemetry column (R-3),0.5243324999973993,0.6071493000490591
"telemetry.row('FIX-STARTS-FULL', 'P-01', 'full:P-01', 'grid[109]').wall_clock_seconds",E,declared telemetry column (R-3),0.6812515999990865,0.770622199983336
"telemetry.row('FIX-STARTS-FULL', 'P-01', 'full:P-01', 'grid[10]').wall_clock_seconds",E,declared telemetry column (R-3),0.8999671999990824,0.9803009999450296
"telemetry.row('FIX-STARTS-FULL', 'P-01', 'full:P-01', 'grid[110]').wall_clock_seconds",E,declared telemetry column (R-3),0.5013572000025306,0.5822904999367893
"telemetry.row('FIX-STARTS-FULL', 'P-01', 'full:P-01', 'grid[111]').wall_clock_seconds",E,declared telemetry column (R-3),0.3274191000018618,0.37389149994123727
"telemetry.row('FIX-STARTS-FULL', 'P-01', 'full:P-01', 'grid[112]').wall_clock_seconds",E,declared telemetry column (R-3),0.6350109999984852,0.7157039999729022
"telemetry.row('FIX-STARTS-FULL', 'P-01', 'full:P-01', 'grid[113]').wall_clock_seconds",E,declared telemetry column (R-3),0.12243250000028638,0.14363920001778752
"telemetry.row('FIX-STARTS-FULL', 'P-01', 'full:P-01', 'grid[114]').wall_clock_seconds",E,declared telemetry column (R-3),0.5807789000027697,0.6689184999559075
"telemetry.row('FIX-STARTS-FULL', 'P-01', 'full:P-01', 'grid[115]').wall_clock_seconds",E,declared telemetry column (R-3),0.22244270000373945,0.2396254000486806
"telemetry.row('FIX-STARTS-FULL', 'P-01', 'full:P-01', 'grid[116]').wall_clock_seconds",E,declared telemetry column (R-3),0.42782350000197766,0.4895140998996794
"telemetry.row('FIX-STARTS-FULL', 'P-01', 'full:P-01', 'grid[117]').wall_clock_seconds",E,declared telemetry column (R-3),0.13108699999429518,0.14169879991095513
"telemetry.row('FIX-STARTS-FULL', 'P-01', 'full:P-01', 'grid[118]').wall_clock_seconds",E,declared telemetry column (R-3),0.7028829000046244,0.7911009000381455
"telemetry.row('FIX-STARTS-FULL', 'P-01', 'full:P-01', 'grid[119]').wall_clock_seconds",E,declared telemetry column (R-3),0.19354260000545764,0.2164413999998942
"telemetry.row('FIX-STARTS-FULL', 'P-01', 'full:P-01', 'grid[11]').wall_clock_seconds",E,declared telemetry column (R-3),0.13812920000054874,0.15855130006093532
"telemetry.row('FIX-STARTS-FULL', 'P-01', 'full:P-01', 'grid[120]').wall_clock_seconds",E,declared telemetry column (R-3),0.4385533000022406,0.4750946999993175
"telemetry.row('FIX-STARTS-FULL', 'P-01', 'full:P-01', 'grid[121]').wall_clock_seconds",E,declared telemetry column (R-3),0.9750230999998166,1.082850300008431
"telemetry.row('FIX-STARTS-FULL', 'P-01', 'full:P-01', 'grid[122]').wall_clock_seconds",E,declared telemetry column (R-3),0.6182695000024978,0.6967378000263125
"telemetry.row('FIX-STARTS-FULL', 'P-01', 'full:P-01', 'grid[123]').wall_clock_seconds",E,declared telemetry column (R-3),0.4321408000032534,0.45524929999373853
"telemetry.row('FIX-STARTS-FULL', 'P-01', 'full:P-01', 'grid[124]').wall_clock_seconds",E,declared telemetry column (R-3),0.425879199996416,0.47765170002821833
"telemetry.row('FIX-STARTS-FULL', 'P-01', 'full:P-01', 'grid[125]').wall_clock_seconds",E,declared telemetry column (R-3),0.14916580000135582,0.1671028999844566
"telemetry.row('FIX-STARTS-FULL', 'P-01', 'full:P-01', 'grid[126]').wall_clock_seconds",E,declared telemetry column (R-3),0.6461683999950765,0.7330216999398544
"telemetry.row('FIX-STARTS-FULL', 'P-01', 'full:P-01', 'grid[127]').wall_clock_seconds",E,declared telemetry column (R-3),0.7450042999989819,0.7992558999685571
"telemetry.row('FIX-STARTS-FULL', 'P-01', 'full:P-01', 'grid[128]').wall_clock_seconds",E,declared telemetry column (R-3),0.1824099000004935,0.19019720004871488
"telemetry.row('FIX-STARTS-FULL', 'P-01', 'full:P-01', 'grid[129]').wall_clock_seconds",E,declared telemetry column (R-3),0.8392529000047944,1.0107942000031471
"telemetry.row('FIX-STARTS-FULL', 'P-01', 'full:P-01', 'grid[12]').wall_clock_seconds",E,declared telemetry column (R-3),0.5716414999988046,0.631936400081031
"telemetry.row('FIX-STARTS-FULL', 'P-01', 'full:P-01', 'grid[130]').wall_clock_seconds",E,declared telemetry column (R-3),0.4956718999965233,0.6260389999952167
"telemetry.row('FIX-STARTS-FULL', 'P-01', 'full:P-01', 'grid[131]').wall_clock_seconds",E,declared telemetry column (R-3),0.8378369000056409,0.9570199000881985
"telemetry.row('FIX-STARTS-FULL', 'P-01', 'full:P-01', 'grid[132]').wall_clock_seconds",E,declared telemetry column (R-3),0.4454245000015362,0.5038642000872642
"telemetry.row('FIX-STARTS-FULL', 'P-01', 'full:P-01', 'grid[133]').wall_clock_seconds",E,declared telemetry column (R-3),1.2855423000000883,1.4849759000353515
"telemetry.row('FIX-STARTS-FULL', 'P-01', 'full:P-01', 'grid[134]').wall_clock_seconds",E,declared telemetry column (R-3),0.15315240000199992,0.1721846000291407
"telemetry.row('FIX-STARTS-FULL', 'P-01', 'full:P-01', 'grid[135]').wall_clock_seconds",E,declared telemetry column (R-3),0.7186696999997366,0.8291708000469953
"telemetry.row('FIX-STARTS-FULL', 'P-01', 'full:P-01', 'grid[136]').wall_clock_seconds",E,declared telemetry column (R-3),0.7631240000046091,0.8127067999448627
"telemetry.row('FIX-STARTS-FULL', 'P-01', 'full:P-01', 'grid[137]').wall_clock_seconds",E,declared telemetry column (R-3),0.6540093000003253,0.7474730999674648
"telemetry.row('FIX-STARTS-FULL', 'P-01', 'full:P-01', 'grid[138]').wall_clock_seconds",E,declared telemetry column (R-3),0.4856428999992204,0.5608644000021741
"telemetry.row('FIX-STARTS-FULL', 'P-01', 'full:P-01', 'grid[139]').wall_clock_seconds",E,declared telemetry column (R-3),0.47232480000093346,0.5472211999585852
"telemetry.row('FIX-STARTS-FULL', 'P-01', 'full:P-01', 'grid[13]').wall_clock_seconds",E,declared telemetry column (R-3),0.26315440000325907,0.28581469994969666
"telemetry.row('FIX-STARTS-FULL', 'P-01', 'full:P-01', 'grid[140]').wall_clock_seconds",E,declared telemetry column (R-3),0.9636959999988903,1.095424799947068
"telemetry.row('FIX-STARTS-FULL', 'P-01', 'full:P-01', 'grid[141]').wall_clock_seconds",E,declared telemetry column (R-3),0.7274528999987524,0.8272716000210494
"telemetry.row('FIX-STARTS-FULL', 'P-01', 'full:P-01', 'grid[142]').wall_clock_seconds",E,declared telemetry column (R-3),0.6217393999977503,0.7310153000289574
"telemetry.row('FIX-STARTS-FULL', 'P-01', 'full:P-01', 'grid[143]').wall_clock_seconds",E,declared telemetry column (R-3),0.8079232000018237,0.9383782000513747
"telemetry.row('FIX-STARTS-FULL', 'P-01', 'full:P-01', 'grid[144]').wall_clock_seconds",E,declared telemetry column (R-3),0.6013709000035306,0.6900629999581724
"telemetry.row('FIX-STARTS-FULL', 'P-01', 'full:P-01', 'grid[145]').wall_clock_seconds",E,declared telemetry column (R-3),0.4718715000053635,0.5463627999415621
"telemetry.row('FIX-STARTS-FULL', 'P-01', 'full:P-01', 'grid[146]').wall_clock_seconds",E,declared telemetry column (R-3),0.5846012000038172,0.6765138999326155
"telemetry.row('FIX-STARTS-FULL', 'P-01', 'full:P-01', 'grid[147]').wall_clock_seconds",E,declared telemetry column (R-3),0.7616861999995308,0.8560629999265075
"telemetry.row('FIX-STARTS-FULL', 'P-01', 'full:P-01', 'grid[148]').wall_clock_seconds",E,declared telemetry column (R-3),0.6552869000006467,0.7702810999471694
"telemetry.row('FIX-STARTS-FULL', 'P-01', 'full:P-01', 'grid[149]').wall_clock_seconds",E,declared telemetry column (R-3),0.9801042000035523,1.2482883000047877
"telemetry.row('FIX-STARTS-FULL', 'P-01', 'full:P-01', 'grid[14]').wall_clock_seconds",E,declared telemetry column (R-3),0.9277365999951144,0.9563294999534264
"telemetry.row('FIX-STARTS-FULL', 'P-01', 'full:P-01', 'grid[150]').wall_clock_seconds",E,declared telemetry column (R-3),0.4395012000022689,0.5667800001101568
"telemetry.row('FIX-STARTS-FULL', 'P-01', 'full:P-01', 'grid[151]').wall_clock_seconds",E,declared telemetry column (R-3),0.6060157999963849,0.694857900030911
"telemetry.row('FIX-STARTS-FULL', 'P-01', 'full:P-01', 'grid[152]').wall_clock_seconds",E,declared telemetry column (R-3),1.4326250000012806,1.6519168999511749
"telemetry.row('FIX-STARTS-FULL', 'P-01', 'full:P-01', 'grid[153]').wall_clock_seconds",E,declared telemetry column (R-3),0.4711018999951193,0.549612500006333
"telemetry.row('FIX-STARTS-FULL', 'P-01', 'full:P-01', 'grid[154]').wall_clock_seconds",E,declared telemetry column (R-3),0.7162943000002997,0.8005573000991717
"telemetry.row('FIX-STARTS-FULL', 'P-01', 'full:P-01', 'grid[155]').wall_clock_seconds",E,declared telemetry column (R-3),0.4442731000017375,0.5068632999900728
"telemetry.row('FIX-STARTS-FULL', 'P-01', 'full:P-01', 'grid[156]').wall_clock_seconds",E,declared telemetry column (R-3),0.5181376000036835,0.6067109999712557
"telemetry.row('FIX-STARTS-FULL', 'P-01', 'full:P-01', 'grid[157]').wall_clock_seconds",E,declared telemetry column (R-3),0.4981995999987703,0.5902833000291139
"telemetry.row('FIX-STARTS-FULL', 'P-01', 'full:P-01', 'grid[158]').wall_clock_seconds",E,declared telemetry column (R-3),0.7007930999970995,0.80923790007364
"telemetry.row('FIX-STARTS-FULL', 'P-01', 'full:P-01', 'grid[159]').wall_clock_seconds",E,declared telemetry column (R-3),0.6992945000019972,0.8168650000588968
"telemetry.row('FIX-STARTS-FULL', 'P-01', 'full:P-01', 'grid[15]').wall_clock_seconds",E,declared telemetry column (R-3),0.2104856000005384,0.21339910000097007
"telemetry.row('FIX-STARTS-FULL', 'P-01', 'full:P-01', 'grid[160]').wall_clock_seconds",E,declared telemetry column (R-3),0.6581740000037826,0.7535835000453517
"telemetry.row('FIX-STARTS-FULL', 'P-01', 'full:P-01', 'grid[161]').wall_clock_seconds",E,declared telemetry column (R-3),0.6980484999949113,0.8218200999544933
"telemetry.row('FIX-STARTS-FULL', 'P-01', 'full:P-01', 'grid[162]').wall_clock_seconds",E,declared telemetry column (R-3),0.4831090999941807,0.5630441000685096
"telemetry.row('FIX-STARTS-FULL', 'P-01', 'full:P-01', 'grid[163]').wall_clock_seconds",E,declared telemetry column (R-3),0.5841747000013129,0.6780844999011606
"telemetry.row('FIX-STARTS-FULL', 'P-01', 'full:P-01', 'grid[164]').wall_clock_seconds",E,declared telemetry column (R-3),0.3938323999973363,0.4648837000131607
"telemetry.row('FIX-STARTS-FULL', 'P-01', 'full:P-01', 'grid[165]').wall_clock_seconds",E,declared telemetry column (R-3),0.4990479999978561,0.5859673999948427
"telemetry.row('FIX-STARTS-FULL', 'P-01', 'full:P-01', 'grid[166]').wall_clock_seconds",E,declared telemetry column (R-3),0.5800004999982775,0.6764608999947086
"telemetry.row('FIX-STARTS-FULL', 'P-01', 'full:P-01', 'grid[167]').wall_clock_seconds",E,declared telemetry column (R-3),0.6981649000008474,0.8291382999159396
"telemetry.row('FIX-STARTS-FULL', 'P-01', 'full:P-01', 'grid[168]').wall_clock_seconds",E,declared telemetry column (R-3),0.8854277999998885,1.0116300999652594
"telemetry.row('FIX-STARTS-FULL', 'P-01', 'full:P-01', 'grid[169]').wall_clock_seconds",E,declared telemetry column (R-3),0.5562553999989177,0.6226712000789121
"telemetry.row('FIX-STARTS-FULL', 'P-01', 'full:P-01', 'grid[16]').wall_clock_seconds",E,declared telemetry column (R-3),0.6902664000008372,0.7200353000080213
"telemetry.row('FIX-STARTS-FULL', 'P-01', 'full:P-01', 'grid[170]').wall_clock_seconds",E,declared telemetry column (R-3),0.05394890000025043,0.05911929998546839
"telemetry.row('FIX-STARTS-FULL', 'P-01', 'full:P-01', 'grid[171]').wall_clock_seconds",E,declared telemetry column (R-3),0.5356446000005235,0.6564539999235421
"telemetry.row('FIX-STARTS-FULL', 'P-01', 'full:P-01', 'grid[172]').wall_clock_seconds",E,declared telemetry column (R-3),0.46877320000203326,0.5905810999684036
"telemetry.row('FIX-STARTS-FULL', 'P-01', 'full:P-01', 'grid[173]').wall_clock_seconds",E,declared telemetry column (R-3),0.1338605000055395,0.21559569996315986
"telemetry.row('FIX-STARTS-FULL', 'P-01', 'full:P-01', 'grid[174]').wall_clock_seconds",E,declared telemetry column (R-3),0.5341026999958558,0.5926331999944523
"telemetry.row('FIX-STARTS-FULL', 'P-01', 'full:P-01', 'grid[175]').wall_clock_seconds",E,declared telemetry column (R-3),0.6022959999972954,0.6206934000365436
"telemetry.row('FIX-STARTS-FULL', 'P-01', 'full:P-01', 'grid[176]').wall_clock_seconds",E,declared telemetry column (R-3),0.6252764999953797,0.6754340999759734
"telemetry.row('FIX-STARTS-FULL', 'P-01', 'full:P-01', 'grid[177]').wall_clock_seconds",E,declared telemetry column (R-3),0.8157685000041965,0.7852655999595299
"telemetry.row('FIX-STARTS-FULL', 'P-01', 'full:P-01', 'grid[178]').wall_clock_seconds",E,declared telemetry column (R-3),0.4404136999946786,0.4738951000617817
"telemetry.row('FIX-STARTS-FULL', 'P-01', 'full:P-01', 'grid[179]').wall_clock_seconds",E,declared telemetry column (R-3),0.021234700005152263,0.023900099913589656
"telemetry.row('FIX-STARTS-FULL', 'P-01', 'full:P-01', 'grid[17]').wall_clock_seconds",E,declared telemetry column (R-3),0.1698201999970479,0.19142559997271746
"telemetry.row('FIX-STARTS-FULL', 'P-01', 'full:P-01', 'grid[180]').wall_clock_seconds",E,declared telemetry column (R-3),0.5048658000014257,0.5749918000074103
"telemetry.row('FIX-STARTS-FULL', 'P-01', 'full:P-01', 'grid[181]').wall_clock_seconds",E,declared telemetry column (R-3),0.5160692999997991,0.5918719000183046
"telemetry.row('FIX-STARTS-FULL', 'P-01', 'full:P-01', 'grid[182]').wall_clock_seconds",E,declared telemetry column (R-3),0.6777331999983289,0.7483978000236675
"telemetry.row('FIX-STARTS-FULL', 'P-01', 'full:P-01', 'grid[183]').wall_clock_seconds",E,declared telemetry column (R-3),0.4578936999969301,0.5361824999563396
"telemetry.row('FIX-STARTS-FULL', 'P-01', 'full:P-01', 'grid[184]').wall_clock_seconds",E,declared telemetry column (R-3),0.6611833999995724,0.7567483000457287
"telemetry.row('FIX-STARTS-FULL', 'P-01', 'full:P-01', 'grid[185]').wall_clock_seconds",E,declared telemetry column (R-3),1.3639960000000428,1.458267700043507
"telemetry.row('FIX-STARTS-FULL', 'P-01', 'full:P-01', 'grid[186]').wall_clock_seconds",E,declared telemetry column (R-3),0.6112703000035253,0.6726492999587208
"telemetry.row('FIX-STARTS-FULL', 'P-01', 'full:P-01', 'grid[187]').wall_clock_seconds",E,declared telemetry column (R-3),0.7612442000026931,0.807175499969162
"telemetry.row('FIX-STARTS-FULL', 'P-01', 'full:P-01', 'grid[188]').wall_clock_seconds",E,declared telemetry column (R-3),0.019759199996769894,0.020548100001178682
"telemetry.row('FIX-STARTS-FULL', 'P-01', 'full:P-01', 'grid[189]').wall_clock_seconds",E,declared telemetry column (R-3),0.5068333000017446,0.5484370000194758
"telemetry.row('FIX-STARTS-FULL', 'P-01', 'full:P-01', 'grid[18]').wall_clock_seconds",E,declared telemetry column (R-3),0.43859879999945406,0.4798421999439597
"telemetry.row('FIX-STARTS-FULL', 'P-01', 'full:P-01', 'grid[190]').wall_clock_seconds",E,declared telemetry column (R-3),0.7436680000027991,0.840360900037922
"telemetry.row('FIX-STARTS-FULL', 'P-01', 'full:P-01', 'grid[191]').wall_clock_seconds",E,declared telemetry column (R-3),0.7164950999940629,0.8029896999942139
"telemetry.row('FIX-STARTS-FULL', 'P-01', 'full:P-01', 'grid[192]').wall_clock_seconds",E,declared telemetry column (R-3),0.46135189999768045,0.5244092999491841
"telemetry.row('FIX-STARTS-FULL', 'P-01', 'full:P-01', 'grid[193]').wall_clock_seconds",E,declared telemetry column (R-3),0.3577517000012449,0.41161989991087466
"telemetry.row('FIX-STARTS-FULL', 'P-01', 'full:P-01', 'grid[194]').wall_clock_seconds",E,declared telemetry column (R-3),0.9215859000032651,1.0048680999316275
"telemetry.row('FIX-STARTS-FULL', 'P-01', 'full:P-01', 'grid[195]').wall_clock_seconds",E,declared telemetry column (R-3),1.0013330000001588,1.1389715999830514
"telemetry.row('FIX-STARTS-FULL', 'P-01', 'full:P-01', 'grid[196]').wall_clock_seconds",E,declared telemetry column (R-3),0.7150550000005751,0.8972385000670329
"telemetry.row('FIX-STARTS-FULL', 'P-01', 'full:P-01', 'grid[197]').wall_clock_seconds",E,declared telemetry column (R-3),0.018820699995558243,0.029738500015810132
"telemetry.row('FIX-STARTS-FULL', 'P-01', 'full:P-01', 'grid[198]').wall_clock_seconds",E,declared telemetry column (R-3),0.4654692999974941,0.5977524999761954
"telemetry.row('FIX-STARTS-FULL', 'P-01', 'full:P-01', 'grid[199]').wall_clock_seconds",E,declared telemetry column (R-3),0.24367599999823142,0.2634179999586195
"telemetry.row('FIX-STARTS-FULL', 'P-01', 'full:P-01', 'grid[19]').wall_clock_seconds",E,declared telemetry column (R-3),0.07496309999987716,0.08380170003511012
"telemetry.row('FIX-STARTS-FULL', 'P-01', 'full:P-01', 'grid[1]').wall_clock_seconds",E,declared telemetry column (R-3),0.21902099999715574,0.23601939994841814
"telemetry.row('FIX-STARTS-FULL', 'P-01', 'full:P-01', 'grid[200]').wall_clock_seconds",E,declared telemetry column (R-3),0.42348529999435414,0.47154429997317493
"telemetry.row('FIX-STARTS-FULL', 'P-01', 'full:P-01', 'grid[201]').wall_clock_seconds",E,declared telemetry column (R-3),0.33474139999452746,0.39401020004879683
"telemetry.row('FIX-STARTS-FULL', 'P-01', 'full:P-01', 'grid[202]').wall_clock_seconds",E,declared telemetry column (R-3),0.6067622999980813,0.7102138000773266
"telemetry.row('FIX-STARTS-FULL', 'P-01', 'full:P-01', 'grid[203]').wall_clock_seconds",E,declared telemetry column (R-3),0.1574241999987862,0.17342529993038625
"telemetry.row('FIX-STARTS-FULL', 'P-01', 'full:P-01', 'grid[204]').wall_clock_seconds",E,declared telemetry column (R-3),0.4097115999975358,0.4913835999323055
"telemetry.row('FIX-STARTS-FULL', 'P-01', 'full:P-01', 'grid[205]').wall_clock_seconds",E,declared telemetry column (R-3),0.6563047000017832,0.7765707999933511
"telemetry.row('FIX-STARTS-FULL', 'P-01', 'full:P-01', 'grid[206]').wall_clock_seconds",E,declared telemetry column (R-3),0.7061067999966326,0.8450210000155494
"telemetry.row('FIX-STARTS-FULL', 'P-01', 'full:P-01', 'grid[207]').wall_clock_seconds",E,declared telemetry column (R-3),0.23592310000094585,0.261822999920696
"telemetry.row('FIX-STARTS-FULL', 'P-01', 'full:P-01', 'grid[208]').wall_clock_seconds",E,declared telemetry column (R-3),0.9744676999980584,1.1478922999231145
"telemetry.row('FIX-STARTS-FULL', 'P-01', 'full:P-01', 'grid[209]').wall_clock_seconds",E,declared telemetry column (R-3),0.16851089999545366,0.18709680007304996
"telemetry.row('FIX-STARTS-FULL', 'P-01', 'full:P-01', 'grid[20]').wall_clock_seconds",E,declared telemetry column (R-3),0.7538309000010486,0.8337208000011742
"telemetry.row('FIX-STARTS-FULL', 'P-01', 'full:P-01', 'grid[210]').wall_clock_seconds",E,declared telemetry column (R-3),0.3993694999953732,0.46327369997743517
"telemetry.row('FIX-STARTS-FULL', 'P-01', 'full:P-01', 'grid[211]').wall_clock_seconds",E,declared telemetry column (R-3),0.6981778999979724,0.7930487999692559
"telemetry.row('FIX-STARTS-FULL', 'P-01', 'full:P-01', 'grid[212]').wall_clock_seconds",E,declared telemetry column (R-3),0.4615397999950801,0.5581840999657288
"telemetry.row('FIX-STARTS-FULL', 'P-01', 'full:P-01', 'grid[213]').wall_clock_seconds",E,declared telemetry column (R-3),0.3051104999976815,0.3460274999961257
"telemetry.row('FIX-STARTS-FULL', 'P-01', 'full:P-01', 'grid[214]').wall_clock_seconds",E,declared telemetry column (R-3),0.282225599999947,0.32482149999123067
"telemetry.row('FIX-STARTS-FULL', 'P-01', 'full:P-01', 'grid[215]').wall_clock_seconds",E,declared telemetry column (R-3),0.10604730000341078,0.1207102999323979
"telemetry.row('FIX-STARTS-FULL', 'P-01', 'full:P-01', 'grid[216]').wall_clock_seconds",E,declared telemetry column (R-3),0.46898379999765893,0.5381392000708729
"telemetry.row('FIX-STARTS-FULL', 'P-01', 'full:P-01', 'grid[217]').wall_clock_seconds",E,declared telemetry column (R-3),0.5781382999994094,0.6910155999939889
"telemetry.row('FIX-STARTS-FULL', 'P-01', 'full:P-01', 'grid[218]').wall_clock_seconds",E,declared telemetry column (R-3),0.19716400000470458,0.23052590002771467
"telemetry.row('FIX-STARTS-FULL', 'P-01', 'full:P-01', 'grid[219]').wall_clock_seconds",E,declared telemetry column (R-3),0.48046700000122655,0.5457340000430122
"telemetry.row('FIX-STARTS-FULL', 'P-01', 'full:P-01', 'grid[21]').wall_clock_seconds",E,declared telemetry column (R-3),0.17753789999551373,0.18362440005876124
"telemetry.row('FIX-STARTS-FULL', 'P-01', 'full:P-01', 'grid[220]').wall_clock_seconds",E,declared telemetry column (R-3),0.19754879999527475,0.22668910003267229
"telemetry.row('FIX-STARTS-FULL', 'P-01', 'full:P-01', 'grid[221]').wall_clock_seconds",E,declared telemetry column (R-3),0.286899300001096,0.31448229996021837
"telemetry.row('FIX-STARTS-FULL', 'P-01', 'full:P-01', 'grid[222]').wall_clock_seconds",E,declared telemetry column (R-3),0.5436297000051127,0.5924624999752268
"telemetry.row('FIX-STARTS-FULL', 'P-01', 'full:P-01', 'grid[223]').wall_clock_seconds",E,declared telemetry column (R-3),0.16902699999627657,0.18263060005847365
"telemetry.row('FIX-STARTS-FULL', 'P-01', 'full:P-01', 'grid[224]').wall_clock_seconds",E,declared telemetry column (R-3),0.3353123999986565,0.36861540004611015
"telemetry.row('FIX-STARTS-FULL', 'P-01', 'full:P-01', 'grid[225]').wall_clock_seconds",E,declared telemetry column (R-3),0.610906599998998,0.6725069000385702
"telemetry.row('FIX-STARTS-FULL', 'P-01', 'full:P-01', 'grid[226]').wall_clock_seconds",E,declared telemetry column (R-3),0.5610197999994853,0.6249957999680191
"telemetry.row('FIX-STARTS-FULL', 'P-01', 'full:P-01', 'grid[227]').wall_clock_seconds",E,declared telemetry column (R-3),1.0288989000036963,1.2077239999780431
"telemetry.row('FIX-STARTS-FULL', 'P-01', 'full:P-01', 'grid[228]').wall_clock_seconds",E,declared telemetry column (R-3),0.4545166999960202,0.6576641000574455
"telemetry.row('FIX-STARTS-FULL', 'P-01', 'full:P-01', 'grid[229]').wall_clock_seconds",E,declared telemetry column (R-3),0.46120800000062445,0.5314917000941932
"telemetry.row('FIX-STARTS-FULL', 'P-01', 'full:P-01', 'grid[22]').wall_clock_seconds",E,declared telemetry column (R-3),0.7832865000018501,0.7285388000309467
"telemetry.row('FIX-STARTS-FULL', 'P-01', 'full:P-01', 'grid[230]').wall_clock_seconds",E,declared telemetry column (R-3),1.072445500001777,1.2240366999758407
"telemetry.row('FIX-STARTS-FULL', 'P-01', 'full:P-01', 'grid[231]').wall_clock_seconds",E,declared telemetry column (R-3),0.45949839999957476,0.5119127000216395
"telemetry.row('FIX-STARTS-FULL', 'P-01', 'full:P-01', 'grid[232]').wall_clock_seconds",E,declared telemetry column (R-3),0.9218736000038916,1.028100399998948
"telemetry.row('FIX-STARTS-FULL', 'P-01', 'full:P-01', 'grid[233]').wall_clock_seconds",E,declared telemetry column (R-3),0.766217600001255,0.8918691000435501
"telemetry.row('FIX-STARTS-FULL', 'P-01', 'full:P-01', 'grid[234]').wall_clock_seconds",E,declared telemetry column (R-3),0.4932470999992802,0.5686401999555528
"telemetry.row('FIX-STARTS-FULL', 'P-01', 'full:P-01', 'grid[235]').wall_clock_seconds",E,declared telemetry column (R-3),0.544721499994921,0.6486748000606894
"telemetry.row('FIX-STARTS-FULL', 'P-01', 'full:P-01', 'grid[236]').wall_clock_seconds",E,declared telemetry column (R-3),0.7360686999963946,0.8773612999357283
"telemetry.row('FIX-STARTS-FULL', 'P-01', 'full:P-01', 'grid[237]').wall_clock_seconds",E,declared telemetry column (R-3),0.49587289999908535,0.5794711000053212
"telemetry.row('FIX-STARTS-FULL', 'P-01', 'full:P-01', 'grid[238]').wall_clock_seconds",E,declared telemetry column (R-3),0.42599300000438234,0.47442580002825707
"telemetry.row('FIX-STARTS-FULL', 'P-01', 'full:P-01', 'grid[239]').wall_clock_seconds",E,declared telemetry column (R-3),0.9759132999970461,1.1321239999961108
"telemetry.row('FIX-STARTS-FULL', 'P-01', 'full:P-01', 'grid[23]').wall_clock_seconds",E,declared telemetry column (R-3),0.8805705000049784,0.8099131999770179
"telemetry.row('FIX-STARTS-FULL', 'P-01', 'full:P-01', 'grid[240]').wall_clock_seconds",E,declared telemetry column (R-3),0.5212448000020231,0.618570200051181
"telemetry.row('FIX-STARTS-FULL', 'P-01', 'full:P-01', 'grid[241]').wall_clock_seconds",E,declared telemetry column (R-3),0.26268960000015795,0.28348410001490265
"telemetry.row('FIX-STARTS-FULL', 'P-01', 'full:P-01', 'grid[242]').wall_clock_seconds",E,declared telemetry column (R-3),0.8798611999955028,0.9949773999396712
"telemetry.row('FIX-STARTS-FULL', 'P-01', 'full:P-01', 'grid[243]').wall_clock_seconds",E,declared telemetry column (R-3),0.45135380000283476,0.5456460000714287
"telemetry.row('FIX-STARTS-FULL', 'P-01', 'full:P-01', 'grid[244]').wall_clock_seconds",E,declared telemetry column (R-3),0.49547500000335276,0.5534773000981659
"telemetry.row('FIX-STARTS-FULL', 'P-01', 'full:P-01', 'grid[245]').wall_clock_seconds",E,declared telemetry column (R-3),0.7876069000049029,0.9164776999969035
"telemetry.row('FIX-STARTS-FULL', 'P-01', 'full:P-01', 'grid[246]').wall_clock_seconds",E,declared telemetry column (R-3),0.6320962000027066,0.7076306000817567
"telemetry.row('FIX-STARTS-FULL', 'P-01', 'full:P-01', 'grid[247]').wall_clock_seconds",E,declared telemetry column (R-3),0.6031834000023082,0.6782977000111714
"telemetry.row('FIX-STARTS-FULL', 'P-01', 'full:P-01', 'grid[248]').wall_clock_seconds",E,declared telemetry column (R-3),0.48342419999971753,0.5320149000035599
"telemetry.row('FIX-STARTS-FULL', 'P-01', 'full:P-01', 'grid[249]').wall_clock_seconds",E,declared telemetry column (R-3),0.7364090999981272,0.9289959999732673
"telemetry.row('FIX-STARTS-FULL', 'P-01', 'full:P-01', 'grid[24]').wall_clock_seconds",E,declared telemetry column (R-3),0.918257999997877,0.7792101999511942
"telemetry.row('FIX-STARTS-FULL', 'P-01', 'full:P-01', 'grid[250]').wall_clock_seconds",E,declared telemetry column (R-3),1.1357798999961233,1.330965799978003
"telemetry.row('FIX-STARTS-FULL', 'P-01', 'full:P-01', 'grid[251]').wall_clock_seconds",E,declared telemetry column (R-3),1.6488737999970908,1.7854730000253767
"telemetry.row('FIX-STARTS-FULL', 'P-01', 'full:P-01', 'grid[252]').wall_clock_seconds",E,declared telemetry column (R-3),0.6009192999990773,0.6875385999446735
"telemetry.row('FIX-STARTS-FULL', 'P-01', 'full:P-01', 'grid[253]').wall_clock_seconds",E,declared telemetry column (R-3),0.520933600004355,0.6338768999557942
"telemetry.row('FIX-STARTS-FULL', 'P-01', 'full:P-01', 'grid[254]').wall_clock_seconds",E,declared telemetry column (R-3),0.2569625999967684,0.30082350003067404
"telemetry.row('FIX-STARTS-FULL', 'P-01', 'full:P-01', 'grid[255]').wall_clock_seconds",E,declared telemetry column (R-3),0.35820609999791486,0.41500699997413903
"telemetry.row('FIX-STARTS-FULL', 'P-01', 'full:P-01', 'grid[256]').wall_clock_seconds",E,declared telemetry column (R-3),0.5522734000041964,0.6400413999799639
"telemetry.row('FIX-STARTS-FULL', 'P-01', 'full:P-01', 'grid[257]').wall_clock_seconds",E,declared telemetry column (R-3),0.5706384000004618,0.6809249999932945
"telemetry.row('FIX-STARTS-FULL', 'P-01', 'full:P-01', 'grid[258]').wall_clock_seconds",E,declared telemetry column (R-3),0.8807529000041541,1.0005800999933854
"telemetry.row('FIX-STARTS-FULL', 'P-01', 'full:P-01', 'grid[259]').wall_clock_seconds",E,declared telemetry column (R-3),0.9086221999968984,1.0541972999926656
"telemetry.row('FIX-STARTS-FULL', 'P-01', 'full:P-01', 'grid[25]').wall_clock_seconds",E,declared telemetry column (R-3),0.268799500001478,0.2470870999386534
"telemetry.row('FIX-STARTS-FULL', 'P-01', 'full:P-01', 'grid[260]').wall_clock_seconds",E,declared telemetry column (R-3),0.018660099995031487,0.022085400065407157
"telemetry.row('FIX-STARTS-FULL', 'P-01', 'full:P-01', 'grid[261]').wall_clock_seconds",E,declared telemetry column (R-3),0.35521909999806667,0.41265129996463656
"telemetry.row('FIX-STARTS-FULL', 'P-01', 'full:P-01', 'grid[262]').wall_clock_seconds",E,declared telemetry column (R-3),0.37892379999539116,0.40631639992352575
"telemetry.row('FIX-STARTS-FULL', 'P-01', 'full:P-01', 'grid[263]').wall_clock_seconds",E,declared telemetry column (R-3),0.2887495000031777,0.3333526999922469
"telemetry.row('FIX-STARTS-FULL', 'P-01', 'full:P-01', 'grid[264]').wall_clock_seconds",E,declared telemetry column (R-3),0.3840850999986287,0.453140199999325
"telemetry.row('FIX-STARTS-FULL', 'P-01', 'full:P-01', 'grid[265]').wall_clock_seconds",E,declared telemetry column (R-3),0.5240970999948331,0.6079553000163287
"telemetry.row('FIX-STARTS-FULL', 'P-01', 'full:P-01', 'grid[266]').wall_clock_seconds",E,declared telemetry column (R-3),0.22094420000212267,0.2677374000195414
"telemetry.row('FIX-STARTS-FULL', 'P-01', 'full:P-01', 'grid[267]').wall_clock_seconds",E,declared telemetry column (R-3),1.4117374999987078,1.6595565000316128
"telemetry.row('FIX-STARTS-FULL', 'P-01', 'full:P-01', 'grid[268]').wall_clock_seconds",E,declared telemetry column (R-3),0.6854543000008562,0.7906128000468016
"telemetry.row('FIX-STARTS-FULL', 'P-01', 'full:P-01', 'grid[269]').wall_clock_seconds",E,declared telemetry column (R-3),0.019466300000203773,0.020383000024594367
"telemetry.row('FIX-STARTS-FULL', 'P-01', 'full:P-01', 'grid[26]').wall_clock_seconds",E,declared telemetry column (R-3),0.6016902999981539,0.6512887000571936
"telemetry.row('FIX-STARTS-FULL', 'P-01', 'full:P-01', 'grid[270]').wall_clock_seconds",E,declared telemetry column (R-3),0.9703026999995927,1.1229569000424817
"telemetry.row('FIX-STARTS-FULL', 'P-01', 'full:P-01', 'grid[271]').wall_clock_seconds",E,declared telemetry column (R-3),0.4549288999987766,0.5516683999449015
"telemetry.row('FIX-STARTS-FULL', 'P-01', 'full:P-01', 'grid[272]').wall_clock_seconds",E,declared telemetry column (R-3),0.7140555000005406,0.9487377000041306
"telemetry.row('FIX-STARTS-FULL', 'P-01', 'full:P-01', 'grid[273]').wall_clock_seconds",E,declared telemetry column (R-3),0.43913370000518626,0.5412281999597326
"telemetry.row('FIX-STARTS-FULL', 'P-01', 'full:P-01', 'grid[274]').wall_clock_seconds",E,declared telemetry column (R-3),0.6552869999941322,0.7645196999656036
"telemetry.row('FIX-STARTS-FULL', 'P-01', 'full:P-01', 'grid[275]').wall_clock_seconds",E,declared telemetry column (R-3),0.26519890000054147,0.3059596000239253
"telemetry.row('FIX-STARTS-FULL', 'P-01', 'full:P-01', 'grid[276]').wall_clock_seconds",E,declared telemetry column (R-3),0.3647795000069891,0.4268489999230951
"telemetry.row('FIX-STARTS-FULL', 'P-01', 'full:P-01', 'grid[277]').wall_clock_seconds",E,declared telemetry column (R-3),0.6204435999970883,0.7088186999317259
"telemetry.row('FIX-STARTS-FULL', 'P-01', 'full:P-01', 'grid[278]').wall_clock_seconds",E,declared telemetry column (R-3),0.01776360000076238,0.02205690008122474
"telemetry.row('FIX-STARTS-FULL', 'P-01', 'full:P-01', 'grid[279]').wall_clock_seconds",E,declared telemetry column (R-3),0.42142579999926966,0.5051374000031501
"telemetry.row('FIX-STARTS-FULL', 'P-01', 'full:P-01', 'grid[27]').wall_clock_seconds",E,declared telemetry column (R-3),0.31257539999933215,0.33535519998986274
"telemetry.row('FIX-STARTS-FULL', 'P-01', 'full:P-01', 'grid[280]').wall_clock_seconds",E,declared telemetry column (R-3),1.0152044999995269,1.153689100057818
"telemetry.row('FIX-STARTS-FULL', 'P-01', 'full:P-01', 'grid[281]').wall_clock_seconds",E,declared telemetry column (R-3),0.861284099999466,1.0030845999717712
"telemetry.row('FIX-STARTS-FULL', 'P-01', 'full:P-01', 'grid[282]').wall_clock_seconds",E,declared telemetry column (R-3),0.4481850000011036,0.5579067999497056
"telemetry.row('FIX-STARTS-FULL', 'P-01', 'full:P-01', 'grid[283]').wall_clock_seconds",E,declared telemetry column (R-3),0.5320649999994203,0.6200100999558344
"telemetry.row('FIX-STARTS-FULL', 'P-01', 'full:P-01', 'grid[284]').wall_clock_seconds",E,declared telemetry column (R-3),0.25070079999568406,0.2924299000296742
"telemetry.row('FIX-STARTS-FULL', 'P-01', 'full:P-01', 'grid[285]').wall_clock_seconds",E,declared telemetry column (R-3),0.2238803000000189,0.26613679993897676
"telemetry.row('FIX-STARTS-FULL', 'P-01', 'full:P-01', 'grid[286]').wall_clock_seconds",E,declared telemetry column (R-3),0.7436814999964554,0.8742298000724986
"telemetry.row('FIX-STARTS-FULL', 'P-01', 'full:P-01', 'grid[287]').wall_clock_seconds",E,declared telemetry column (R-3),0.01783209999848623,0.02379310003016144
"telemetry.row('FIX-STARTS-FULL', 'P-01', 'full:P-01', 'grid[288]').wall_clock_seconds",E,declared telemetry column (R-3),0.3905884999985574,0.4658735999837518
"telemetry.row('FIX-STARTS-FULL', 'P-01', 'full:P-01', 'grid[289]').wall_clock_seconds",E,declared telemetry column (R-3),0.3225412999963737,0.35916390002239496
"telemetry.row('FIX-STARTS-FULL', 'P-01', 'full:P-01', 'grid[28]').wall_clock_seconds",E,declared telemetry column (R-3),0.9309083999978611,1.0207747000968084
"telemetry.row('FIX-STARTS-FULL', 'P-01', 'full:P-01', 'grid[290]').wall_clock_seconds",E,declared telemetry column (R-3),0.6500854000041727,0.7415787000209093
"telemetry.row('FIX-STARTS-FULL', 'P-01', 'full:P-01', 'grid[291]').wall_clock_seconds",E,declared telemetry column (R-3),0.18938930000149412,0.22505679994355887
"telemetry.row('FIX-STARTS-FULL', 'P-01', 'full:P-01', 'grid[292]').wall_clock_seconds",E,declared telemetry column (R-3),0.7877538000029745,0.904900100082159
"telemetry.row('FIX-STARTS-FULL', 'P-01', 'full:P-01', 'grid[293]').wall_clock_seconds",E,declared telemetry column (R-3),0.18761500000255182,0.21764930000063032
"telemetry.row('FIX-STARTS-FULL', 'P-01', 'full:P-01', 'grid[294]').wall_clock_seconds",E,declared telemetry column (R-3),0.40814449999743374,0.4760845999699086
"telemetry.row('FIX-STARTS-FULL', 'P-01', 'full:P-01', 'grid[295]').wall_clock_seconds",E,declared telemetry column (R-3),0.20044780000171158,0.2346000000834465
"telemetry.row('FIX-STARTS-FULL', 'P-01', 'full:P-01', 'grid[296]').wall_clock_seconds",E,declared telemetry column (R-3),0.551227399999334,0.6441404001088813
"telemetry.row('FIX-STARTS-FULL', 'P-01', 'full:P-01', 'grid[297]').wall_clock_seconds",E,declared telemetry column (R-3),0.5242451999947662,0.6157384000252932
"telemetry.row('FIX-STARTS-FULL', 'P-01', 'full:P-01', 'grid[298]').wall_clock_seconds",E,declared telemetry column (R-3),1.0759882999991532,1.2625307999551296
"telemetry.row('FIX-STARTS-FULL', 'P-01', 'full:P-01', 'grid[299]').wall_clock_seconds",E,declared telemetry column (R-3),0.592812100003357,0.8172736000269651
"telemetry.row('FIX-STARTS-FULL', 'P-01', 'full:P-01', 'grid[29]').wall_clock_seconds",E,declared telemetry column (R-3),0.9372794999944745,1.1486741999397054
"telemetry.row('FIX-STARTS-FULL', 'P-01', 'full:P-01', 'grid[2]').wall_clock_seconds",E,declared telemetry column (R-3),0.5083729000034509,0.538105099927634
"telemetry.row('FIX-STARTS-FULL', 'P-01', 'full:P-01', 'grid[300]').wall_clock_seconds",E,declared telemetry column (R-3),0.4192992999960552,0.5511049999622628
"telemetry.row('FIX-STARTS-FULL', 'P-01', 'full:P-01', 'grid[301]').wall_clock_seconds",E,declared telemetry column (R-3),0.33369840000523254,0.5308486999711022
"telemetry.row('FIX-STARTS-FULL', 'P-01', 'full:P-01', 'grid[302]').wall_clock_seconds",E,declared telemetry column (R-3),0.20374669999728212,0.2742984000360593
"telemetry.row('FIX-STARTS-FULL', 'P-01', 'full:P-01', 'grid[303]').wall_clock_seconds",E,declared telemetry column (R-3),0.4864661999963573,0.5629977999487892
"telemetry.row('FIX-STARTS-FULL', 'P-01', 'full:P-01', 'grid[304]').wall_clock_seconds",E,declared telemetry column (R-3),0.9747636000029161,1.1316278000595048
"telemetry.row('FIX-STARTS-FULL', 'P-01', 'full:P-01', 'grid[305]').wall_clock_seconds",E,declared telemetry column (R-3),0.30615969999780646,0.35280949994921684
"telemetry.row('FIX-STARTS-FULL', 'P-01', 'full:P-01', 'grid[306]').wall_clock_seconds",E,declared telemetry column (R-3),0.5137474999937695,0.5929451000411063
"telemetry.row('FIX-STARTS-FULL', 'P-01', 'full:P-01', 'grid[307]').wall_clock_seconds",E,declared telemetry column (R-3),0.15826950000337092,0.16871809994336218
"telemetry.row('FIX-STARTS-FULL', 'P-01', 'full:P-01', 'grid[308]').wall_clock_seconds",E,declared telemetry column (R-3),0.17393920000176877,0.19526560010854155
"telemetry.row('FIX-STARTS-FULL', 'P-01', 'full:P-01', 'grid[309]').wall_clock_seconds",E,declared telemetry column (R-3),0.42418439999892144,0.4851033999584615
"telemetry.row('FIX-STARTS-FULL', 'P-01', 'full:P-01', 'grid[30]').wall_clock_seconds",E,declared telemetry column (R-3),0.5704681999995955,0.689849799964577
"telemetry.row('FIX-STARTS-FULL', 'P-01', 'full:P-01', 'grid[310]').wall_clock_seconds",E,declared telemetry column (R-3),0.5320119000025443,0.5989275999600068
"telemetry.row('FIX-STARTS-FULL', 'P-01', 'full:P-01', 'grid[311]').wall_clock_seconds",E,declared telemetry column (R-3),0.9504876999999397,1.056075300090015
"telemetry.row('FIX-STARTS-FULL', 'P-01', 'full:P-01', 'grid[312]').wall_clock_seconds",E,declared telemetry column (R-3),0.5935497000027681,0.673863900010474
"telemetry.row('FIX-STARTS-FULL', 'P-01', 'full:P-01', 'grid[313]').wall_clock_seconds",E,declared telemetry column (R-3),0.5249430000039865,0.5897076999535784
"telemetry.row('FIX-STARTS-FULL', 'P-01', 'full:P-01', 'grid[314]').wall_clock_seconds",E,declared telemetry column (R-3),0.9433379999973113,1.0636321000056341
"telemetry.row('FIX-STARTS-FULL', 'P-01', 'full:P-01', 'grid[315]').wall_clock_seconds",E,declared telemetry column (R-3),0.6889741999984835,0.7856544000096619
"telemetry.row('FIX-STARTS-FULL', 'P-01', 'full:P-01', 'grid[316]').wall_clock_seconds",E,declared telemetry column (R-3),1.0002539999986766,1.141237000003457
"telemetry.row('FIX-STARTS-FULL', 'P-01', 'full:P-01', 'grid[317]').wall_clock_seconds",E,declared telemetry column (R-3),1.318301999999676,1.4518856999929994
"telemetry.row('FIX-STARTS-FULL', 'P-01', 'full:P-01', 'grid[318]').wall_clock_seconds",E,declared telemetry column (R-3),0.4564057999959914,0.4882317000301555
"telemetry.row('FIX-STARTS-FULL', 'P-01', 'full:P-01', 'grid[319]').wall_clock_seconds",E,declared telemetry column (R-3),0.49414680000336375,0.5503426999785006
"telemetry.row('FIX-STARTS-FULL', 'P-01', 'full:P-01', 'grid[31]').wall_clock_seconds",E,declared telemetry column (R-3),0.434097200006363,0.46221759996842593
"telemetry.row('FIX-STARTS-FULL', 'P-01', 'full:P-01', 'grid[320]').wall_clock_seconds",E,declared telemetry column (R-3),0.7901200000051176,0.8588218000950292
"telemetry.row('FIX-STARTS-FULL', 'P-01', 'full:P-01', 'grid[321]').wall_clock_seconds",E,declared telemetry column (R-3),0.6296986999950605,0.6891755999531597
"telemetry.row('FIX-STARTS-FULL', 'P-01', 'full:P-01', 'grid[322]').wall_clock_seconds",E,declared telemetry column (R-3),0.6048976999954903,0.6974294999381527
"telemetry.row('FIX-STARTS-FULL', 'P-01', 'full:P-01', 'grid[323]').wall_clock_seconds",E,declared telemetry column (R-3),1.4454334000038216,1.7889644999522716
"telemetry.row('FIX-STARTS-FULL', 'P-01', 'full:P-01', 'grid[324]').wall_clock_seconds",E,declared telemetry column (R-3),0.28249589999904856,0.3276659999974072
"telemetry.row('FIX-STARTS-FULL', 'P-01', 'full:P-01', 'grid[325]').wall_clock_seconds",E,declared telemetry column (R-3),0.5912299999981769,0.6820276000071317
"telemetry.row('FIX-STARTS-FULL', 'P-01', 'full:P-01', 'grid[326]').wall_clock_seconds",E,declared telemetry column (R-3),0.9681287999992492,1.0876595000736415
"telemetry.row('FIX-STARTS-FULL', 'P-01', 'full:P-01', 'grid[327]').wall_clock_seconds",E,declared telemetry column (R-3),0.6542082000014489,0.74196639994625
"telemetry.row('FIX-STARTS-FULL', 'P-01', 'full:P-01', 'grid[328]').wall_clock_seconds",E,declared telemetry column (R-3),0.5514911999998731,0.5962796000530943
"telemetry.row('FIX-STARTS-FULL', 'P-01', 'full:P-01', 'grid[329]').wall_clock_seconds",E,declared telemetry column (R-3),0.8043035000009695,0.8710528999799863
"telemetry.row('FIX-STARTS-FULL', 'P-01', 'full:P-01', 'grid[32]').wall_clock_seconds",E,declared telemetry column (R-3),0.22735439999814844,0.19545639993157238
"telemetry.row('FIX-STARTS-FULL', 'P-01', 'full:P-01', 'grid[330]').wall_clock_seconds",E,declared telemetry column (R-3),0.5119570999959251,0.5186528000049293
"telemetry.row('FIX-STARTS-FULL', 'P-01', 'full:P-01', 'grid[331]').wall_clock_seconds",E,declared telemetry column (R-3),0.5083754000006593,0.5416560999583453
"telemetry.row('FIX-STARTS-FULL', 'P-01', 'full:P-01', 'grid[332]').wall_clock_seconds",E,declared telemetry column (R-3),0.9598168000011356,1.031422600033693
"telemetry.row('FIX-STARTS-FULL', 'P-01', 'full:P-01', 'grid[333]').wall_clock_seconds",E,declared telemetry column (R-3),0.721955799999705,0.8007129000034183
"telemetry.row('FIX-STARTS-FULL', 'P-01', 'full:P-01', 'grid[334]').wall_clock_seconds",E,declared telemetry column (R-3),0.7118223999932525,0.79541739996057
"telemetry.row('FIX-STARTS-FULL', 'P-01', 'full:P-01', 'grid[335]').wall_clock_seconds",E,declared telemetry column (R-3),1.5045524000015575,1.6483600999927148
"telemetry.row('FIX-STARTS-FULL', 'P-01', 'full:P-01', 'grid[336]').wall_clock_seconds",E,declared telemetry column (R-3),0.43583460000081686,0.517402800032869
"telemetry.row('FIX-STARTS-FULL', 'P-01', 'full:P-01', 'grid[337]').wall_clock_seconds",E,declared telemetry column (R-3),0.5366069999945466,0.5797581999795511
"telemetry.row('FIX-STARTS-FULL', 'P-01', 'full:P-01', 'grid[338]').wall_clock_seconds",E,declared telemetry column (R-3),0.782685300000594,0.8734093999955803
"telemetry.row('FIX-STARTS-FULL', 'P-01', 'full:P-01', 'grid[339]').wall_clock_seconds",E,declared telemetry column (R-3),0.4461033999978099,0.5031964000081643
"telemetry.row('FIX-STARTS-FULL', 'P-01', 'full:P-01', 'grid[33]').wall_clock_seconds",E,declared telemetry column (R-3),0.9927052999992156,0.8928850999800488
"telemetry.row('FIX-STARTS-FULL', 'P-01', 'full:P-01', 'grid[340]').wall_clock_seconds",E,declared telemetry column (R-3),0.5825181000036537,0.6433488000184298
"telemetry.row('FIX-STARTS-FULL', 'P-01', 'full:P-01', 'grid[341]').wall_clock_seconds",E,declared telemetry column (R-3),0.6644350999995368,0.7298840000294149
"telemetry.row('FIX-STARTS-FULL', 'P-01', 'full:P-01', 'grid[342]').wall_clock_seconds",E,declared telemetry column (R-3),0.9120546999984072,1.1028693000553176
"telemetry.row('FIX-STARTS-FULL', 'P-01', 'full:P-01', 'grid[343]').wall_clock_seconds",E,declared telemetry column (R-3),0.31474470000102883,0.3683030999964103
"telemetry.row('FIX-STARTS-FULL', 'P-01', 'full:P-01', 'grid[344]').wall_clock_seconds",E,declared telemetry column (R-3),0.02073029999883147,0.024498100043274462
"telemetry.row('FIX-STARTS-FULL', 'P-01', 'full:P-01', 'grid[345]').wall_clock_seconds",E,declared telemetry column (R-3),0.5406961999979103,0.7117144999792799
"telemetry.row('FIX-STARTS-FULL', 'P-01', 'full:P-01', 'grid[346]').wall_clock_seconds",E,declared telemetry column (R-3),0.4781356000021333,0.5671877000713721
"telemetry.row('FIX-STARTS-FULL', 'P-01', 'full:P-01', 'grid[347]').wall_clock_seconds",E,declared telemetry column (R-3),0.6235654000047361,0.70712919998914
"telemetry.row('FIX-STARTS-FULL', 'P-01', 'full:P-01', 'grid[348]').wall_clock_seconds",E,declared telemetry column (R-3),0.47610659999918425,0.5757473999401554
"telemetry.row('FIX-STARTS-FULL', 'P-01', 'full:P-01', 'grid[349]').wall_clock_seconds",E,declared telemetry column (R-3),0.562061899996479,0.6301597999408841
"telemetry.row('FIX-STARTS-FULL', 'P-01', 'full:P-01', 'grid[34]').wall_clock_seconds",E,declared telemetry column (R-3),0.26742550000199117,0.29463340004440397
"telemetry.row('FIX-STARTS-FULL', 'P-01', 'full:P-01', 'grid[350]').wall_clock_seconds",E,declared telemetry column (R-3),0.9545488000003388,1.1109789999900386
"telemetry.row('FIX-STARTS-FULL', 'P-01', 'full:P-01', 'grid[351]').wall_clock_seconds",E,declared telemetry column (R-3),0.6900230000028387,0.7847565999254584
"telemetry.row('FIX-STARTS-FULL', 'P-01', 'full:P-01', 'grid[352]').wall_clock_seconds",E,declared telemetry column (R-3),0.33358210000005784,0.4229084000689909
"telemetry.row('FIX-STARTS-FULL', 'P-01', 'full:P-01', 'grid[353]').wall_clock_seconds",E,declared telemetry column (R-3),0.018679100001463667,0.02150280005298555
"telemetry.row('FIX-STARTS-FULL', 'P-01', 'full:P-01', 'grid[354]').wall_clock_seconds",E,declared telemetry column (R-3),0.4409610000002431,0.49838769994676113
"telemetry.row('FIX-STARTS-FULL', 'P-01', 'full:P-01', 'grid[355]').wall_clock_seconds",E,declared telemetry column (R-3),0.4621194000064861,0.5227156999753788
"telemetry.row('FIX-STARTS-FULL', 'P-01', 'full:P-01', 'grid[356]').wall_clock_seconds",E,declared telemetry column (R-3),0.7648792999971192,0.8545401999726892
"telemetry.row('FIX-STARTS-FULL', 'P-01', 'full:P-01', 'grid[357]').wall_clock_seconds",E,declared telemetry column (R-3),0.6029735999982222,0.6683869999833405
"telemetry.row('FIX-STARTS-FULL', 'P-01', 'full:P-01', 'grid[358]').wall_clock_seconds",E,declared telemetry column (R-3),0.5237391000046046,0.5891177000012249
"telemetry.row('FIX-STARTS-FULL', 'P-01', 'full:P-01', 'grid[359]').wall_clock_seconds",E,declared telemetry column (R-3),0.5881077000012738,0.6832194000016898
"telemetry.row('FIX-STARTS-FULL', 'P-01', 'full:P-01', 'grid[35]').wall_clock_seconds",E,declared telemetry column (R-3),0.14984739999636076,0.17431479995138943
"telemetry.row('FIX-STARTS-FULL', 'P-01', 'full:P-01', 'grid[360]').wall_clock_seconds",E,declared telemetry column (R-3),0.2666224999993574,0.29529740009456873
"telemetry.row('FIX-STARTS-FULL', 'P-01', 'full:P-01', 'grid[361]').wall_clock_seconds",E,declared telemetry column (R-3),0.5800689000025159,0.6526560999918729
"telemetry.row('FIX-STARTS-FULL', 'P-01', 'full:P-01', 'grid[362]').wall_clock_seconds",E,declared telemetry column (R-3),0.062034499998844694,0.07246910000685602
"telemetry.row('FIX-STARTS-FULL', 'P-01', 'full:P-01', 'grid[363]').wall_clock_seconds",E,declared telemetry column (R-3),0.4842713000034564,0.5689429000485688
"telemetry.row('FIX-STARTS-FULL', 'P-01', 'full:P-01', 'grid[364]').wall_clock_seconds",E,declared telemetry column (R-3),0.5906962999943062,0.6703255999600515
"telemetry.row('FIX-STARTS-FULL', 'P-01', 'full:P-01', 'grid[365]').wall_clock_seconds",E,declared telemetry column (R-3),0.49717889999737963,0.5607270000036806
"telemetry.row('FIX-STARTS-FULL', 'P-01', 'full:P-01', 'grid[366]').wall_clock_seconds",E,declared telemetry column (R-3),0.5726884000032442,0.6535716999787837
"telemetry.row('FIX-STARTS-FULL', 'P-01', 'full:P-01', 'grid[367]').wall_clock_seconds",E,declared telemetry column (R-3),0.6224314999999478,0.7138784000417218
"telemetry.row('FIX-STARTS-FULL', 'P-01', 'full:P-01', 'grid[368]').wall_clock_seconds",E,declared telemetry column (R-3),0.9607928000041284,1.1267229000804946
"telemetry.row('FIX-STARTS-FULL', 'P-01', 'full:P-01', 'grid[369]').wall_clock_seconds",E,declared telemetry column (R-3),0.4676021999985096,0.554318799986504
"telemetry.row('FIX-STARTS-FULL', 'P-01', 'full:P-01', 'grid[36]').wall_clock_seconds",E,declared telemetry column (R-3),0.8277469000022393,0.7973280000733212
"telemetry.row('FIX-STARTS-FULL', 'P-01', 'full:P-01', 'grid[370]').wall_clock_seconds",E,declared telemetry column (R-3),0.9912007000020822,1.2801699000410736
"telemetry.row('FIX-STARTS-FULL', 'P-01', 'full:P-01', 'grid[371]').wall_clock_seconds",E,declared telemetry column (R-3),0.603629599994747,0.7129650000715628
"telemetry.row('FIX-STARTS-FULL', 'P-01', 'full:P-01', 'grid[372]').wall_clock_seconds",E,declared telemetry column (R-3),0.35797029999957886,0.4144505999283865
"telemetry.row('FIX-STARTS-FULL', 'P-01', 'full:P-01', 'grid[373]').wall_clock_seconds",E,declared telemetry column (R-3),1.3540909000003012,1.5638792000245303
"telemetry.row('FIX-STARTS-FULL', 'P-01', 'full:P-01', 'grid[374]').wall_clock_seconds",E,declared telemetry column (R-3),0.4275634000005084,0.49986980005633086
"telemetry.row('FIX-STARTS-FULL', 'P-01', 'full:P-01', 'grid[375]').wall_clock_seconds",E,declared telemetry column (R-3),0.5960663000005297,0.703494600020349
"telemetry.row('FIX-STARTS-FULL', 'P-01', 'full:P-01', 'grid[376]').wall_clock_seconds",E,declared telemetry column (R-3),0.632182900000771,0.7320275000529364
"telemetry.row('FIX-STARTS-FULL', 'P-01', 'full:P-01', 'grid[377]').wall_clock_seconds",E,declared telemetry column (R-3),0.44191460000001825,0.5125638999743387
"telemetry.row('FIX-STARTS-FULL', 'P-01', 'full:P-01', 'grid[378]').wall_clock_seconds",E,declared telemetry column (R-3),0.2644566000017221,0.2980418000370264
"telemetry.row('FIX-STARTS-FULL', 'P-01', 'full:P-01', 'grid[379]').wall_clock_seconds",E,declared telemetry column (R-3),0.49669720000383677,0.5587044000858441
"telemetry.row('FIX-STARTS-FULL', 'P-01', 'full:P-01', 'grid[37]').wall_clock_seconds",E,declared telemetry column (R-3),0.8632222000014735,0.9067901000380516
"telemetry.row('FIX-STARTS-FULL', 'P-01', 'full:P-01', 'grid[380]').wall_clock_seconds",E,declared telemetry column (R-3),0.4458215000049677,0.5112812999868765
"telemetry.row('FIX-STARTS-FULL', 'P-01', 'full:P-01', 'grid[381]').wall_clock_seconds",E,declared telemetry column (R-3),0.27304690000164555,0.29851250001229346
"telemetry.row('FIX-STARTS-FULL', 'P-01', 'full:P-01', 'grid[382]').wall_clock_seconds",E,declared telemetry column (R-3),0.6159805999996024,0.6573580000549555
"telemetry.row('FIX-STARTS-FULL', 'P-01', 'full:P-01', 'grid[383]').wall_clock_seconds",E,declared telemetry column (R-3),0.2901731999954791,0.29662670008838177
"telemetry.row('FIX-STARTS-FULL', 'P-01', 'full:P-01', 'grid[384]').wall_clock_seconds",E,declared telemetry column (R-3),0.2002649999994901,0.21625289996154606
"telemetry.row('FIX-STARTS-FULL', 'P-01', 'full:P-01', 'grid[385]').wall_clock_seconds",E,declared telemetry column (R-3),0.543663700002071,0.622626299969852
"telemetry.row('FIX-STARTS-FULL', 'P-01', 'full:P-01', 'grid[386]').wall_clock_seconds",E,declared telemetry column (R-3),0.979084700004023,1.1246641000034288
"telemetry.row('FIX-STARTS-FULL', 'P-01', 'full:P-01', 'grid[387]').wall_clock_seconds",E,declared telemetry column (R-3),0.3695452000029036,0.41824849997647107
"telemetry.row('FIX-STARTS-FULL', 'P-01', 'full:P-01', 'grid[388]').wall_clock_seconds",E,declared telemetry column (R-3),0.6842166000060388,0.8074535999912769
"telemetry.row('FIX-STARTS-FULL', 'P-01', 'full:P-01', 'grid[389]').wall_clock_seconds",E,declared telemetry column (R-3),0.4486713000005693,0.519568599993363
"telemetry.row('FIX-STARTS-FULL', 'P-01', 'full:P-01', 'grid[38]').wall_clock_seconds",E,declared telemetry column (R-3),0.17000629999529338,0.1925269999774173
"telemetry.row('FIX-STARTS-FULL', 'P-01', 'full:P-01', 'grid[390]').wall_clock_seconds",E,declared telemetry column (R-3),1.1168806999994558,1.2764701000414789
"telemetry.row('FIX-STARTS-FULL', 'P-01', 'full:P-01', 'grid[391]').wall_clock_seconds",E,declared telemetry column (R-3),0.5468429000029573,0.6117363000521436
"telemetry.row('FIX-STARTS-FULL', 'P-01', 'full:P-01', 'grid[392]').wall_clock_seconds",E,declared telemetry column (R-3),0.47366360000160057,0.5628170999698341
"telemetry.row('FIX-STARTS-FULL', 'P-01', 'full:P-01', 'grid[393]').wall_clock_seconds",E,declared telemetry column (R-3),0.5581652999971993,0.710335300071165
"telemetry.row('FIX-STARTS-FULL', 'P-01', 'full:P-01', 'grid[394]').wall_clock_seconds",E,declared telemetry column (R-3),0.6580201000033412,0.8883549999445677
"telemetry.row('FIX-STARTS-FULL', 'P-01', 'full:P-01', 'grid[395]').wall_clock_seconds",E,declared telemetry column (R-3),0.612550600002578,0.7262408999959007
"telemetry.row('FIX-STARTS-FULL', 'P-01', 'full:P-01', 'grid[396]').wall_clock_seconds",E,declared telemetry column (R-3),0.7467461000051117,0.8094893000088632
"telemetry.row('FIX-STARTS-FULL', 'P-01', 'full:P-01', 'grid[397]').wall_clock_seconds",E,declared telemetry column (R-3),0.33553589999792166,0.3703939999686554
"telemetry.row('FIX-STARTS-FULL', 'P-01', 'full:P-01', 'grid[398]').wall_clock_seconds",E,declared telemetry column (R-3),0.4620338999957312,0.513963200035505
"telemetry.row('FIX-STARTS-FULL', 'P-01', 'full:P-01', 'grid[399]').wall_clock_seconds",E,declared telemetry column (R-3),0.5169081999993068,0.6023196999449283
"telemetry.row('FIX-STARTS-FULL', 'P-01', 'full:P-01', 'grid[39]').wall_clock_seconds",E,declared telemetry column (R-3),0.5762978999991901,0.638215099927038
"telemetry.row('FIX-STARTS-FULL', 'P-01', 'full:P-01', 'grid[3]').wall_clock_seconds",E,declared telemetry column (R-3),0.29411629999958677,0.33632729994133115
"telemetry.row('FIX-STARTS-FULL', 'P-01', 'full:P-01', 'grid[400]').wall_clock_seconds",E,declared telemetry column (R-3),0.49873950000619516,0.5273664999986067
"telemetry.row('FIX-STARTS-FULL', 'P-01', 'full:P-01', 'grid[401]').wall_clock_seconds",E,declared telemetry column (R-3),0.40017619999707676,0.46358979993965477
"telemetry.row('FIX-STARTS-FULL', 'P-01', 'full:P-01', 'grid[402]').wall_clock_seconds",E,declared telemetry column (R-3),0.8997814999966067,0.9837692999280989
"telemetry.row('FIX-STARTS-FULL', 'P-01', 'full:P-01', 'grid[403]').wall_clock_seconds",E,declared telemetry column (R-3),0.7164422999994713,0.797606399981305
"telemetry.row('FIX-STARTS-FULL', 'P-01', 'full:P-01', 'grid[404]').wall_clock_seconds",E,declared telemetry column (R-3),0.5301554999969085,0.5998434999492019
"telemetry.row('FIX-STARTS-FULL', 'P-01', 'full:P-01', 'grid[405]').wall_clock_seconds",E,declared telemetry column (R-3),0.6548398000013549,0.7095610999967903
"telemetry.row('FIX-STARTS-FULL', 'P-01', 'full:P-01', 'grid[406]').wall_clock_seconds",E,declared telemetry column (R-3),0.44773809999605874,0.4903018999611959
"telemetry.row('FIX-STARTS-FULL', 'P-01', 'full:P-01', 'grid[407]').wall_clock_seconds",E,declared telemetry column (R-3),0.4684032000004663,0.5162287999410182
"telemetry.row('FIX-STARTS-FULL', 'P-01', 'full:P-01', 'grid[408]').wall_clock_seconds",E,declared telemetry column (R-3),0.6793608000007225,0.7802014000480995
"telemetry.row('FIX-STARTS-FULL', 'P-01', 'full:P-01', 'grid[409]').wall_clock_seconds",E,declared telemetry column (R-3),0.6586234999995213,0.7285631999839097
"telemetry.row('FIX-STARTS-FULL', 'P-01', 'full:P-01', 'grid[40]').wall_clock_seconds",E,declared telemetry column (R-3),0.509816600002523,0.5503926000092179
"telemetry.row('FIX-STARTS-FULL', 'P-01', 'full:P-01', 'grid[410]').wall_clock_seconds",E,declared telemetry column (R-3),0.4946669999990263,0.5236461999593303
"telemetry.row('FIX-STARTS-FULL', 'P-01', 'full:P-01', 'grid[411]').wall_clock_seconds",E,declared telemetry column (R-3),0.6417637999984436,0.7061691000126302
"telemetry.row('FIX-STARTS-FULL', 'P-01', 'full:P-01', 'grid[412]').wall_clock_seconds",E,declared telemetry column (R-3),0.6203154000031645,0.6541643000673503
"telemetry.row('FIX-STARTS-FULL', 'P-01', 'full:P-01', 'grid[413]').wall_clock_seconds",E,declared telemetry column (R-3),0.7555535999999847,0.8545890999957919
"telemetry.row('FIX-STARTS-FULL', 'P-01', 'full:P-01', 'grid[414]').wall_clock_seconds",E,declared telemetry column (R-3),0.9880151999968803,1.1029563000192866
"telemetry.row('FIX-STARTS-FULL', 'P-01', 'full:P-01', 'grid[415]').wall_clock_seconds",E,declared telemetry column (R-3),0.4218505999961053,0.45433109998703003
"telemetry.row('FIX-STARTS-FULL', 'P-01', 'full:P-01', 'grid[416]').wall_clock_seconds",E,declared telemetry column (R-3),0.720887199997378,0.8048383001005277
"telemetry.row('FIX-STARTS-FULL', 'P-01', 'full:P-01', 'grid[417]').wall_clock_seconds",E,declared telemetry column (R-3),0.4441722000046866,0.6095468000276014
"telemetry.row('FIX-STARTS-FULL', 'P-01', 'full:P-01', 'grid[418]').wall_clock_seconds",E,declared telemetry column (R-3),0.5395575000002282,0.6127851000055671
"telemetry.row('FIX-STARTS-FULL', 'P-01', 'full:P-01', 'grid[419]').wall_clock_seconds",E,declared telemetry column (R-3),0.5107458000056795,0.5776012999704108
"telemetry.row('FIX-STARTS-FULL', 'P-01', 'full:P-01', 'grid[41]').wall_clock_seconds",E,declared telemetry column (R-3),0.6745346000025165,0.7176485999953002
"telemetry.row('FIX-STARTS-FULL', 'P-01', 'full:P-01', 'grid[420]').wall_clock_seconds",E,declared telemetry column (R-3),0.31674219999695197,0.36304810002911836
"telemetry.row('FIX-STARTS-FULL', 'P-01', 'full:P-01', 'grid[421]').wall_clock_seconds",E,declared telemetry column (R-3),0.5346756000071764,0.6174103999510407
"telemetry.row('FIX-STARTS-FULL', 'P-01', 'full:P-01', 'grid[422]').wall_clock_seconds",E,declared telemetry column (R-3),0.6668936999994912,0.7377839999971911
"telemetry.row('FIX-STARTS-FULL', 'P-01', 'full:P-01', 'grid[423]').wall_clock_seconds",E,declared telemetry column (R-3),1.508316699997522,1.6843636999838054
"telemetry.row('FIX-STARTS-FULL', 'P-01', 'full:P-01', 'grid[424]').wall_clock_seconds",E,declared telemetry column (R-3),0.3513139999995474,0.40452059998642653
"telemetry.row('FIX-STARTS-FULL', 'P-01', 'full:P-01', 'grid[425]').wall_clock_seconds",E,declared telemetry column (R-3),0.5565753999981098,0.6249740999191999
"telemetry.row('FIX-STARTS-FULL', 'P-01', 'full:P-01', 'grid[426]').wall_clock_seconds",E,declared telemetry column (R-3),0.6375545999981114,0.6672682999633253
"telemetry.row('FIX-STARTS-FULL', 'P-01', 'full:P-01', 'grid[427]').wall_clock_seconds",E,declared telemetry column (R-3),0.5231598999962443,0.5644517000764608
"telemetry.row('FIX-STARTS-FULL', 'P-01', 'full:P-01', 'grid[428]').wall_clock_seconds",E,declared telemetry column (R-3),0.4377396999989287,0.4928283999906853
"telemetry.row('FIX-STARTS-FULL', 'P-01', 'full:P-01', 'grid[429]').wall_clock_seconds",E,declared telemetry column (R-3),0.5044502000018838,0.5377148000989109
"telemetry.row('FIX-STARTS-FULL', 'P-01', 'full:P-01', 'grid[42]').wall_clock_seconds",E,declared telemetry column (R-3),0.7659532999969088,0.820390300010331
"telemetry.row('FIX-STARTS-FULL', 'P-01', 'full:P-01', 'grid[430]').wall_clock_seconds",E,declared telemetry column (R-3),0.3275623999943491,0.3416352999629453
"telemetry.row('FIX-STARTS-FULL', 'P-01', 'full:P-01', 'grid[431]').wall_clock_seconds",E,declared telemetry column (R-3),0.8020009999963804,0.8436720999889076
"telemetry.row('FIX-STARTS-FULL', 'P-01', 'full:P-01', 'grid[432]').wall_clock_seconds",E,declared telemetry column (R-3),0.6345154999944498,0.7057708000065759
"telemetry.row('FIX-STARTS-FULL', 'P-01', 'full:P-01', 'grid[433]').wall_clock_seconds",E,declared telemetry column (R-3),0.35080569999990985,0.413319900049828
"telemetry.row('FIX-STARTS-FULL', 'P-01', 'full:P-01', 'grid[434]').wall_clock_seconds",E,declared telemetry column (R-3),0.6343650000053458,0.6913956999778748
"telemetry.row('FIX-STARTS-FULL', 'P-01', 'full:P-01', 'grid[435]').wall_clock_seconds",E,declared telemetry column (R-3),1.24227719999908,1.4525676999473944
"telemetry.row('FIX-STARTS-FULL', 'P-01', 'full:P-01', 'grid[436]').wall_clock_seconds",E,declared telemetry column (R-3),0.44424309999885736,0.540701900026761
"telemetry.row('FIX-STARTS-FULL', 'P-01', 'full:P-01', 'grid[437]').wall_clock_seconds",E,declared telemetry column (R-3),0.742745699993975,0.838173900032416
"telemetry.row('FIX-STARTS-FULL', 'P-01', 'full:P-01', 'grid[438]').wall_clock_seconds",E,declared telemetry column (R-3),0.7434888999996474,0.8199226000579074
"telemetry.row('FIX-STARTS-FULL', 'P-01', 'full:P-01', 'grid[439]').wall_clock_seconds",E,declared telemetry column (R-3),0.49387909999495605,0.5850625999737531
"telemetry.row('FIX-STARTS-FULL', 'P-01', 'full:P-01', 'grid[43]').wall_clock_seconds",E,declared telemetry column (R-3),0.5448006000005989,0.5884061000542715
"telemetry.row('FIX-STARTS-FULL', 'P-01', 'full:P-01', 'grid[440]').wall_clock_seconds",E,declared telemetry column (R-3),0.8511712000035914,1.0783348000841215
"telemetry.row('FIX-STARTS-FULL', 'P-01', 'full:P-01', 'grid[441]').wall_clock_seconds",E,declared telemetry column (R-3),0.8923302000039257,0.9654325000010431
"telemetry.row('FIX-STARTS-FULL', 'P-01', 'full:P-01', 'grid[442]').wall_clock_seconds",E,declared telemetry column (R-3),0.7936908999981824,0.804011799977161
"telemetry.row('FIX-STARTS-FULL', 'P-01', 'full:P-01', 'grid[443]').wall_clock_seconds",E,declared telemetry column (R-3),0.7231451000043307,0.7416037999792024
"telemetry.row('FIX-STARTS-FULL', 'P-01', 'full:P-01', 'grid[444]').wall_clock_seconds",E,declared telemetry column (R-3),0.6261990999992122,0.6877802000381052
"telemetry.row('FIX-STARTS-FULL', 'P-01', 'full:P-01', 'grid[445]').wall_clock_seconds",E,declared telemetry column (R-3),0.954499699997541,0.9142268999712542
"telemetry.row('FIX-STARTS-FULL', 'P-01', 'full:P-01', 'grid[446]').wall_clock_seconds",E,declared telemetry column (R-3),0.49943830000120215,0.5296618000138551
"telemetry.row('FIX-STARTS-FULL', 'P-01', 'full:P-01', 'grid[447]').wall_clock_seconds",E,declared telemetry column (R-3),0.34968629999639234,0.3801034000935033
"telemetry.row('FIX-STARTS-FULL', 'P-01', 'full:P-01', 'grid[448]').wall_clock_seconds",E,declared telemetry column (R-3),0.8138794999977108,0.9245990000199527
"telemetry.row('FIX-STARTS-FULL', 'P-01', 'full:P-01', 'grid[449]').wall_clock_seconds",E,declared telemetry column (R-3),0.7553619000027538,0.8844582999590784
"telemetry.row('FIX-STARTS-FULL', 'P-01', 'full:P-01', 'grid[44]').wall_clock_seconds",E,declared telemetry column (R-3),0.9089294000004884,0.9572267999174073
"telemetry.row('FIX-STARTS-FULL', 'P-01', 'full:P-01', 'grid[450]').wall_clock_seconds",E,declared telemetry column (R-3),0.8508770000044024,0.9861747999675572
"telemetry.row('FIX-STARTS-FULL', 'P-01', 'full:P-01', 'grid[451]').wall_clock_seconds",E,declared telemetry column (R-3),0.4801168999983929,0.5242560999467969
"telemetry.row('FIX-STARTS-FULL', 'P-01', 'full:P-01', 'grid[452]').wall_clock_seconds",E,declared telemetry column (R-3),0.5221775000027264,0.5676589000504464
"telemetry.row('FIX-STARTS-FULL', 'P-01', 'full:P-01', 'grid[453]').wall_clock_seconds",E,declared telemetry column (R-3),0.22365220000210684,0.27509020001161844
"telemetry.row('FIX-STARTS-FULL', 'P-01', 'full:P-01', 'grid[454]').wall_clock_seconds",E,declared telemetry column (R-3),0.4056175000005169,0.46685720002278686
"telemetry.row('FIX-STARTS-FULL', 'P-01', 'full:P-01', 'grid[455]').wall_clock_seconds",E,declared telemetry column (R-3),0.5050174000061816,0.5915069999173284
"telemetry.row('FIX-STARTS-FULL', 'P-01', 'full:P-01', 'grid[456]').wall_clock_seconds",E,declared telemetry column (R-3),0.7033405999973183,0.8237526000011712
"telemetry.row('FIX-STARTS-FULL', 'P-01', 'full:P-01', 'grid[457]').wall_clock_seconds",E,declared telemetry column (R-3),0.6450881999990088,0.6166505999863148
"telemetry.row('FIX-STARTS-FULL', 'P-01', 'full:P-01', 'grid[458]').wall_clock_seconds",E,declared telemetry column (R-3),0.7108994000009261,0.8045682000229135
"telemetry.row('FIX-STARTS-FULL', 'P-01', 'full:P-01', 'grid[459]').wall_clock_seconds",E,declared telemetry column (R-3),0.7453679000027478,0.8603818999836221
"telemetry.row('FIX-STARTS-FULL', 'P-01', 'full:P-01', 'grid[45]').wall_clock_seconds",E,declared telemetry column (R-3),0.6762684999994235,0.7134010000154376
"telemetry.row('FIX-STARTS-FULL', 'P-01', 'full:P-01', 'grid[460]').wall_clock_seconds",E,declared telemetry column (R-3),0.3225581999940914,0.37262319994624704
"telemetry.row('FIX-STARTS-FULL', 'P-01', 'full:P-01', 'grid[461]').wall_clock_seconds",E,declared telemetry column (R-3),0.5333352999950876,0.6483136999886483
"telemetry.row('FIX-STARTS-FULL', 'P-01', 'full:P-01', 'grid[462]').wall_clock_seconds",E,declared telemetry column (R-3),0.39266219999990426,0.48292129999026656
"telemetry.row('FIX-STARTS-FULL', 'P-01', 'full:P-01', 'grid[463]').wall_clock_seconds",E,declared telemetry column (R-3),0.5613229000009596,0.6872560000047088
"telemetry.row('FIX-STARTS-FULL', 'P-01', 'full:P-01', 'grid[464]').wall_clock_seconds",E,declared telemetry column (R-3),0.4849354999969364,0.5556980000110343
"telemetry.row('FIX-STARTS-FULL', 'P-01', 'full:P-01', 'grid[465]').wall_clock_seconds",E,declared telemetry column (R-3),0.33390229999349685,0.3863609000109136
"telemetry.row('FIX-STARTS-FULL', 'P-01', 'full:P-01', 'grid[466]').wall_clock_seconds",E,declared telemetry column (R-3),0.5779382000037003,0.6478543999837711
"telemetry.row('FIX-STARTS-FULL', 'P-01', 'full:P-01', 'grid[467]').wall_clock_seconds",E,declared telemetry column (R-3),0.4833574000003864,0.5638260999694467
"telemetry.row('FIX-STARTS-FULL', 'P-01', 'full:P-01', 'grid[468]').wall_clock_seconds",E,declared telemetry column (R-3),1.46050579999428,1.6493281999137253
"telemetry.row('FIX-STARTS-FULL', 'P-01', 'full:P-01', 'grid[469]').wall_clock_seconds",E,declared telemetry column (R-3),0.4787501000027987,0.546219699899666
"telemetry.row('FIX-STARTS-FULL', 'P-01', 'full:P-01', 'grid[46]').wall_clock_seconds",E,declared telemetry column (R-3),0.6589881999971112,0.7046419999096543
"telemetry.row('FIX-STARTS-FULL', 'P-01', 'full:P-01', 'grid[470]').wall_clock_seconds",E,declared telemetry column (R-3),0.4805253999948036,0.5548962999600917
"telemetry.row('FIX-STARTS-FULL', 'P-01', 'full:P-01', 'grid[471]').wall_clock_seconds",E,declared telemetry column (R-3),0.6656574000007822,0.7658648999640718
"telemetry.row('FIX-STARTS-FULL', 'P-01', 'full:P-01', 'grid[472]').wall_clock_seconds",E,declared telemetry column (R-3),0.3718942999985302,0.42270830005872995
"telemetry.row('FIX-STARTS-FULL', 'P-01', 'full:P-01', 'grid[473]').wall_clock_seconds",E,declared telemetry column (R-3),0.3403961000003619,0.38259569997899234
"telemetry.row('FIX-STARTS-FULL', 'P-01', 'full:P-01', 'grid[474]').wall_clock_seconds",E,declared telemetry column (R-3),0.6789072999963537,0.7757465000031516
"telemetry.row('FIX-STARTS-FULL', 'P-01', 'full:P-01', 'grid[475]').wall_clock_seconds",E,declared telemetry column (R-3),0.7977650000029826,0.8662305999314412
"telemetry.row('FIX-STARTS-FULL', 'P-01', 'full:P-01', 'grid[476]').wall_clock_seconds",E,declared telemetry column (R-3),0.8088726999994833,0.8923810000997037
"telemetry.row('FIX-STARTS-FULL', 'P-01', 'full:P-01', 'grid[477]').wall_clock_seconds",E,declared telemetry column (R-3),0.9107320000039181,0.9419070000294596
"telemetry.row('FIX-STARTS-FULL', 'P-01', 'full:P-01', 'grid[478]').wall_clock_seconds",E,declared telemetry column (R-3),0.415578899999673,0.44653429999016225
"telemetry.row('FIX-STARTS-FULL', 'P-01', 'full:P-01', 'grid[479]').wall_clock_seconds",E,declared telemetry column (R-3),0.6632626999999047,0.7213275999529287
"telemetry.row('FIX-STARTS-FULL', 'P-01', 'full:P-01', 'grid[47]').wall_clock_seconds",E,declared telemetry column (R-3),0.7504018000036012,0.8176656999858096
"telemetry.row('FIX-STARTS-FULL', 'P-01', 'full:P-01', 'grid[480]').wall_clock_seconds",E,declared telemetry column (R-3),0.6890906999979052,0.7963909999234602
"telemetry.row('FIX-STARTS-FULL', 'P-01', 'full:P-01', 'grid[481]').wall_clock_seconds",E,declared telemetry column (R-3),0.694969600001059,0.7677983000176027
"telemetry.row('FIX-STARTS-FULL', 'P-01', 'full:P-01', 'grid[482]').wall_clock_seconds",E,declared telemetry column (R-3),0.48413179999624845,0.4819966999348253
"telemetry.row('FIX-STARTS-FULL', 'P-01', 'full:P-01', 'grid[483]').wall_clock_seconds",E,declared telemetry column (R-3),0.6322185999961221,0.6948627999518067
"telemetry.row('FIX-STARTS-FULL', 'P-01', 'full:P-01', 'grid[484]').wall_clock_seconds",E,declared telemetry column (R-3),0.5643047999983537,0.6682512999977916
"telemetry.row('FIX-STARTS-FULL', 'P-01', 'full:P-01', 'grid[485]').wall_clock_seconds",E,declared telemetry column (R-3),0.833429199999955,0.8224683000007644
"telemetry.row('FIX-STARTS-FULL', 'P-01', 'full:P-01', 'grid[486]').wall_clock_seconds",E,declared telemetry column (R-3),0.9995880999995279,0.6061621999833733
"telemetry.row('FIX-STARTS-FULL', 'P-01', 'full:P-01', 'grid[487]').wall_clock_seconds",E,declared telemetry column (R-3),1.3197374999945168,0.5578492999775335
"telemetry.row('FIX-STARTS-FULL', 'P-01', 'full:P-01', 'grid[488]').wall_clock_seconds",E,declared telemetry column (R-3),0.7701627999995253,0.6340775999706239
"telemetry.row('FIX-STARTS-FULL', 'P-01', 'full:P-01', 'grid[489]').wall_clock_seconds",E,declared telemetry column (R-3),0.88393619999988,0.7619833999779075
"telemetry.row('FIX-STARTS-FULL', 'P-01', 'full:P-01', 'grid[48]').wall_clock_seconds",E,declared telemetry column (R-3),0.44493320000037784,0.47924320003949106
"telemetry.row('FIX-STARTS-FULL', 'P-01', 'full:P-01', 'grid[490]').wall_clock_seconds",E,declared telemetry column (R-3),0.699572999998054,0.5947043000487611
"telemetry.row('FIX-STARTS-FULL', 'P-01', 'full:P-01', 'grid[491]').wall_clock_seconds",E,declared telemetry column (R-3),0.5331368000042858,0.534858200000599
"telemetry.row('FIX-STARTS-FULL', 'P-01', 'full:P-01', 'grid[492]').wall_clock_seconds",E,declared telemetry column (R-3),0.7297519999992801,0.29256440000608563
"telemetry.row('FIX-STARTS-FULL', 'P-01', 'full:P-01', 'grid[493]').wall_clock_seconds",E,declared telemetry column (R-3),0.7217607000056887,0.7466164000798017
"telemetry.row('FIX-STARTS-FULL', 'P-01', 'full:P-01', 'grid[494]').wall_clock_seconds",E,declared telemetry column (R-3),0.8176418000002741,0.6807371999602765
"telemetry.row('FIX-STARTS-FULL', 'P-01', 'full:P-01', 'grid[495]').wall_clock_seconds",E,declared telemetry column (R-3),1.643432999997458,1.6184697999851778
"telemetry.row('FIX-STARTS-FULL', 'P-01', 'full:P-01', 'grid[496]').wall_clock_seconds",E,declared telemetry column (R-3),0.4877628000031109,0.5070734999608248
"telemetry.row('FIX-STARTS-FULL', 'P-01', 'full:P-01', 'grid[497]').wall_clock_seconds",E,declared telemetry column (R-3),0.6331706999990274,0.5905486000701785
"telemetry.row('FIX-STARTS-FULL', 'P-01', 'full:P-01', 'grid[498]').wall_clock_seconds",E,declared telemetry column (R-3),1.1679978000029223,1.1461927000200376
"telemetry.row('FIX-STARTS-FULL', 'P-01', 'full:P-01', 'grid[499]').wall_clock_seconds",E,declared telemetry column (R-3),0.6326984999977867,0.647554500028491
"telemetry.row('FIX-STARTS-FULL', 'P-01', 'full:P-01', 'grid[49]').wall_clock_seconds",E,declared telemetry column (R-3),0.507183099995018,0.5369580000406131
"telemetry.row('FIX-STARTS-FULL', 'P-01', 'full:P-01', 'grid[4]').wall_clock_seconds",E,declared telemetry column (R-3),0.4350627000021632,0.45071100001223385
"telemetry.row('FIX-STARTS-FULL', 'P-01', 'full:P-01', 'grid[500]').wall_clock_seconds",E,declared telemetry column (R-3),0.7316042000020389,0.6452813999494538
"telemetry.row('FIX-STARTS-FULL', 'P-01', 'full:P-01', 'grid[501]').wall_clock_seconds",E,declared telemetry column (R-3),0.744834200006153,0.7425901000387967
"telemetry.row('FIX-STARTS-FULL', 'P-01', 'full:P-01', 'grid[502]').wall_clock_seconds",E,declared telemetry column (R-3),1.044803500000853,1.031333899940364
"telemetry.row('FIX-STARTS-FULL', 'P-01', 'full:P-01', 'grid[503]').wall_clock_seconds",E,declared telemetry column (R-3),1.1824968000000808,1.044038200052455
"telemetry.row('FIX-STARTS-FULL', 'P-01', 'full:P-01', 'grid[504]').wall_clock_seconds",E,declared telemetry column (R-3),1.1166109000041615,0.7284805999370292
"telemetry.row('FIX-STARTS-FULL', 'P-01', 'full:P-01', 'grid[505]').wall_clock_seconds",E,declared telemetry column (R-3),0.5322465999997803,0.5393571000313386
"telemetry.row('FIX-STARTS-FULL', 'P-01', 'full:P-01', 'grid[506]').wall_clock_seconds",E,declared telemetry column (R-3),0.8425378000029013,0.8491240000585094
"telemetry.row('FIX-STARTS-FULL', 'P-01', 'full:P-01', 'grid[507]').wall_clock_seconds",E,declared telemetry column (R-3),1.0026080999959959,0.7670227000489831
"telemetry.row('FIX-STARTS-FULL', 'P-01', 'full:P-01', 'grid[508]').wall_clock_seconds",E,declared telemetry column (R-3),0.8534604999949806,0.6412327999714762
"telemetry.row('FIX-STARTS-FULL', 'P-01', 'full:P-01', 'grid[509]').wall_clock_seconds",E,declared telemetry column (R-3),0.5805974000031711,0.582545300014317
"telemetry.row('FIX-STARTS-FULL', 'P-01', 'full:P-01', 'grid[50]').wall_clock_seconds",E,declared telemetry column (R-3),1.0407342000034987,1.1018251999048516
"telemetry.row('FIX-STARTS-FULL', 'P-01', 'full:P-01', 'grid[510]').wall_clock_seconds",E,declared telemetry column (R-3),0.6748628999994253,0.6873667000327259
"telemetry.row('FIX-STARTS-FULL', 'P-01', 'full:P-01', 'grid[511]').wall_clock_seconds",E,declared telemetry column (R-3),0.7288126999992528,0.7492693000240251
"telemetry.row('FIX-STARTS-FULL', 'P-01', 'full:P-01', 'grid[512]').wall_clock_seconds",E,declared telemetry column (R-3),0.8731109000000288,0.8208959000185132
"telemetry.row('FIX-STARTS-FULL', 'P-01', 'full:P-01', 'grid[513]').wall_clock_seconds",E,declared telemetry column (R-3),1.2435790000017732,0.8286673999391496
"telemetry.row('FIX-STARTS-FULL', 'P-01', 'full:P-01', 'grid[514]').wall_clock_seconds",E,declared telemetry column (R-3),0.7619790999960969,0.6319112000055611
"telemetry.row('FIX-STARTS-FULL', 'P-01', 'full:P-01', 'grid[515]').wall_clock_seconds",E,declared telemetry column (R-3),0.9584439999962342,1.0586041999049485
"telemetry.row('FIX-STARTS-FULL', 'P-01', 'full:P-01', 'grid[516]').wall_clock_seconds",E,declared telemetry column (R-3),0.8856038999947486,0.9824642000021413
"telemetry.row('FIX-STARTS-FULL', 'P-01', 'full:P-01', 'grid[517]').wall_clock_seconds",E,declared telemetry column (R-3),0.5477286000023014,0.5929624999407679
"telemetry.row('FIX-STARTS-FULL', 'P-01', 'full:P-01', 'grid[518]').wall_clock_seconds",E,declared telemetry column (R-3),0.4691882999977679,0.5359934000298381
"telemetry.row('FIX-STARTS-FULL', 'P-01', 'full:P-01', 'grid[519]').wall_clock_seconds",E,declared telemetry column (R-3),0.6999489000008907,0.7952320999465883
"telemetry.row('FIX-STARTS-FULL', 'P-01', 'full:P-01', 'grid[51]').wall_clock_seconds",E,declared telemetry column (R-3),0.7456349999993108,0.80348140001297
"telemetry.row('FIX-STARTS-FULL', 'P-01', 'full:P-01', 'grid[520]').wall_clock_seconds",E,declared telemetry column (R-3),0.8617805000030785,0.9527045999420807
"telemetry.row('FIX-STARTS-FULL', 'P-01', 'full:P-01', 'grid[521]').wall_clock_seconds",E,declared telemetry column (R-3),0.7794002999944496,0.7299483999377117
"telemetry.row('FIX-STARTS-FULL', 'P-01', 'full:P-01', 'grid[522]').wall_clock_seconds",E,declared telemetry column (R-3),0.670666899997741,0.5982871999731287
"telemetry.row('FIX-STARTS-FULL', 'P-01', 'full:P-01', 'grid[523]').wall_clock_seconds",E,declared telemetry column (R-3),0.5976368000046932,0.5240642999997362
"telemetry.row('FIX-STARTS-FULL', 'P-01', 'full:P-01', 'grid[524]').wall_clock_seconds",E,declared telemetry column (R-3),0.7013980000047013,0.6177090000128374
"telemetry.row('FIX-STARTS-FULL', 'P-01', 'full:P-01', 'grid[525]').wall_clock_seconds",E,declared telemetry column (R-3),1.0426249000011012,1.0974658000050113
"telemetry.row('FIX-STARTS-FULL', 'P-01', 'full:P-01', 'grid[526]').wall_clock_seconds",E,declared telemetry column (R-3),0.37963729999319185,0.4262487000087276
"telemetry.row('FIX-STARTS-FULL', 'P-01', 'full:P-01', 'grid[527]').wall_clock_seconds",E,declared telemetry column (R-3),0.44763659999443917,0.5791954000014812
"telemetry.row('FIX-STARTS-FULL', 'P-01', 'full:P-01', 'grid[528]').wall_clock_seconds",E,declared telemetry column (R-3),0.6959169999972801,1.036008199909702
"telemetry.row('FIX-STARTS-FULL', 'P-01', 'full:P-01', 'grid[529]').wall_clock_seconds",E,declared telemetry column (R-3),1.066591700000572,1.2259264000458643
"telemetry.row('FIX-STARTS-FULL', 'P-01', 'full:P-01', 'grid[52]').wall_clock_seconds",E,declared telemetry column (R-3),0.686977500001376,0.7546573000727221
"telemetry.row('FIX-STARTS-FULL', 'P-01', 'full:P-01', 'grid[530]').wall_clock_seconds",E,declared telemetry column (R-3),0.7179466000015964,0.8185675999848172
"telemetry.row('FIX-STARTS-FULL', 'P-01', 'full:P-01', 'grid[531]').wall_clock_seconds",E,declared telemetry column (R-3),0.678933600000164,0.7728154000360519
"telemetry.row('FIX-STARTS-FULL', 'P-01', 'full:P-01', 'grid[532]').wall_clock_seconds",E,declared telemetry column (R-3),0.5069054999985383,0.5822254000231624
"telemetry.row('FIX-STARTS-FULL', 'P-01', 'full:P-01', 'grid[533]').wall_clock_seconds",E,declared telemetry column (R-3),0.7300685000009253,0.7530864999862388
"telemetry.row('FIX-STARTS-FULL', 'P-01', 'full:P-01', 'grid[534]').wall_clock_seconds",E,declared telemetry column (R-3),0.7390343000006396,0.7493774999165908
"telemetry.row('FIX-STARTS-FULL', 'P-01', 'full:P-01', 'grid[535]').wall_clock_seconds",E,declared telemetry column (R-3),0.5303306999994675,0.5988809999544173
"telemetry.row('FIX-STARTS-FULL', 'P-01', 'full:P-01', 'grid[536]').wall_clock_seconds",E,declared telemetry column (R-3),0.44977729999664007,0.5176206000614911
"telemetry.row('FIX-STARTS-FULL', 'P-01', 'full:P-01', 'grid[537]').wall_clock_seconds",E,declared telemetry column (R-3),0.6168908999970881,0.7114447000203654
"telemetry.row('FIX-STARTS-FULL', 'P-01', 'full:P-01', 'grid[538]').wall_clock_seconds",E,declared telemetry column (R-3),0.8574436999988393,0.9854646000312641
"telemetry.row('FIX-STARTS-FULL', 'P-01', 'full:P-01', 'grid[539]').wall_clock_seconds",E,declared telemetry column (R-3),0.587035399999877,0.6352444000076503
"telemetry.row('FIX-STARTS-FULL', 'P-01', 'full:P-01', 'grid[53]').wall_clock_seconds",E,declared telemetry column (R-3),1.0047132999970927,1.2530820000683889
"telemetry.row('FIX-STARTS-FULL', 'P-01', 'full:P-01', 'grid[540]').wall_clock_seconds",E,declared telemetry column (R-3),0.9361511999959475,1.0949394999770448
"telemetry.row('FIX-STARTS-FULL', 'P-01', 'full:P-01', 'grid[541]').wall_clock_seconds",E,declared telemetry column (R-3),0.4363722999987658,0.5221879999153316
"telemetry.row('FIX-STARTS-FULL', 'P-01', 'full:P-01', 'grid[542]').wall_clock_seconds",E,declared telemetry column (R-3),0.4943870999995852,0.5867284999694675
"telemetry.row('FIX-STARTS-FULL', 'P-01', 'full:P-01', 'grid[543]').wall_clock_seconds",E,declared telemetry column (R-3),0.9330829000027734,1.0989646000089124
"telemetry.row('FIX-STARTS-FULL', 'P-01', 'full:P-01', 'grid[544]').wall_clock_seconds",E,declared telemetry column (R-3),0.736260100005893,0.5921947000315413
"telemetry.row('FIX-STARTS-FULL', 'P-01', 'full:P-01', 'grid[545]').wall_clock_seconds",E,declared telemetry column (R-3),0.579884899998433,0.6299183999653906
"telemetry.row('FIX-STARTS-FULL', 'P-01', 'full:P-01', 'grid[546]').wall_clock_seconds",E,declared telemetry column (R-3),0.6097049999953015,0.695487100048922
"telemetry.row('FIX-STARTS-FULL', 'P-01', 'full:P-01', 'grid[547]').wall_clock_seconds",E,declared telemetry column (R-3),0.744457799999509,0.8591608999995515
"telemetry.row('FIX-STARTS-FULL', 'P-01', 'full:P-01', 'grid[548]').wall_clock_seconds",E,declared telemetry column (R-3),0.5547395999965374,8.587486899923533
"telemetry.row('FIX-STARTS-FULL', 'P-01', 'full:P-01', 'grid[549]').wall_clock_seconds",E,declared telemetry column (R-3),1.4251420000000508,1.8340646000579
"telemetry.row('FIX-STARTS-FULL', 'P-01', 'full:P-01', 'grid[54]').wall_clock_seconds",E,declared telemetry column (R-3),0.7067195999989053,0.7701930999755859
"telemetry.row('FIX-STARTS-FULL', 'P-01', 'full:P-01', 'grid[550]').wall_clock_seconds",E,declared telemetry column (R-3),0.40760149999550777,0.46582230005878955
"telemetry.row('FIX-STARTS-FULL', 'P-01', 'full:P-01', 'grid[551]').wall_clock_seconds",E,declared telemetry column (R-3),0.539218299993081,0.6211223000427708
"telemetry.row('FIX-STARTS-FULL', 'P-01', 'full:P-01', 'grid[552]').wall_clock_seconds",E,declared telemetry column (R-3),0.9497524999969755,1.1073913000291213
"telemetry.row('FIX-STARTS-FULL', 'P-01', 'full:P-01', 'grid[553]').wall_clock_seconds",E,declared telemetry column (R-3),0.5439898999975412,0.6158143000211567
"telemetry.row('FIX-STARTS-FULL', 'P-01', 'full:P-01', 'grid[554]').wall_clock_seconds",E,declared telemetry column (R-3),0.5018146000002162,0.5556102999253199
"telemetry.row('FIX-STARTS-FULL', 'P-01', 'full:P-01', 'grid[555]').wall_clock_seconds",E,declared telemetry column (R-3),0.6047820999956457,0.6731180000351742
"telemetry.row('FIX-STARTS-FULL', 'P-01', 'full:P-01', 'grid[556]').wall_clock_seconds",E,declared telemetry column (R-3),0.8287116999999853,0.8905753999715671
"telemetry.row('FIX-STARTS-FULL', 'P-01', 'full:P-01', 'grid[557]').wall_clock_seconds",E,declared telemetry column (R-3),1.1865500999992946,1.3597515999572352
"telemetry.row('FIX-STARTS-FULL', 'P-01', 'full:P-01', 'grid[558]').wall_clock_seconds",E,declared telemetry column (R-3),0.6552074999999604,0.7856815999839455
"telemetry.row('FIX-STARTS-FULL', 'P-01', 'full:P-01', 'grid[559]').wall_clock_seconds",E,declared telemetry column (R-3),0.4426149999999325,0.5105358000146225
"telemetry.row('FIX-STARTS-FULL', 'P-01', 'full:P-01', 'grid[55]').wall_clock_seconds",E,declared telemetry column (R-3),0.4119972999978927,0.4574098000302911
"telemetry.row('FIX-STARTS-FULL', 'P-01', 'full:P-01', 'grid[560]').wall_clock_seconds",E,declared telemetry column (R-3),0.45483039999817265,0.5181385999312624
"telemetry.row('FIX-STARTS-FULL', 'P-01', 'full:P-01', 'grid[561]').wall_clock_seconds",E,declared telemetry column (R-3),0.8168462999965413,0.9465987000148743
"telemetry.row('FIX-STARTS-FULL', 'P-01', 'full:P-01', 'grid[562]').wall_clock_seconds",E,declared telemetry column (R-3),0.45497639999666717,0.524479000014253
"telemetry.row('FIX-STARTS-FULL', 'P-01', 'full:P-01', 'grid[563]').wall_clock_seconds",E,declared telemetry column (R-3),0.6138420999996015,0.6987643999746069
"telemetry.row('FIX-STARTS-FULL', 'P-01', 'full:P-01', 'grid[564]').wall_clock_seconds",E,declared telemetry column (R-3),0.7102708000020357,0.8112034999066964
"telemetry.row('FIX-STARTS-FULL', 'P-01', 'full:P-01', 'grid[565]').wall_clock_seconds",E,declared telemetry column (R-3),0.8335303000058047,0.8590258000185713
"telemetry.row('FIX-STARTS-FULL', 'P-01', 'full:P-01', 'grid[566]').wall_clock_seconds",E,declared telemetry column (R-3),0.6472741000034148,0.5344578999793157
"telemetry.row('FIX-STARTS-FULL', 'P-01', 'full:P-01', 'grid[567]').wall_clock_seconds",E,declared telemetry column (R-3),1.4579023999976926,1.6374273999826983
"telemetry.row('FIX-STARTS-FULL', 'P-01', 'full:P-01', 'grid[568]').wall_clock_seconds",E,declared telemetry column (R-3),0.5758805000004941,0.6669406000291929
"telemetry.row('FIX-STARTS-FULL', 'P-01', 'full:P-01', 'grid[569]').wall_clock_seconds",E,declared telemetry column (R-3),0.5374364999952377,0.6071608000202104
"telemetry.row('FIX-STARTS-FULL', 'P-01', 'full:P-01', 'grid[56]').wall_clock_seconds",E,declared telemetry column (R-3),0.8558749000003445,0.9143821999896318
"telemetry.row('FIX-STARTS-FULL', 'P-01', 'full:P-01', 'grid[570]').wall_clock_seconds",E,declared telemetry column (R-3),0.7445630000001984,0.8615569999674335
"telemetry.row('FIX-STARTS-FULL', 'P-01', 'full:P-01', 'grid[571]').wall_clock_seconds",E,declared telemetry column (R-3),0.5192371000011917,0.6022138999542221
"telemetry.row('FIX-STARTS-FULL', 'P-01', 'full:P-01', 'grid[572]').wall_clock_seconds",E,declared telemetry column (R-3),0.9420348999992711,1.0065736999968067
"telemetry.row('FIX-STARTS-FULL', 'P-01', 'full:P-01', 'grid[573]').wall_clock_seconds",E,declared telemetry column (R-3),0.9811934999961522,1.0357692999532446
"telemetry.row('FIX-STARTS-FULL', 'P-01', 'full:P-01', 'grid[574]').wall_clock_seconds",E,declared telemetry column (R-3),0.48287510000227485,0.5200975000625476
"telemetry.row('FIX-STARTS-FULL', 'P-01', 'full:P-01', 'grid[575]').wall_clock_seconds",E,declared telemetry column (R-3),1.0325049000020954,1.1671907000709325
"telemetry.row('FIX-STARTS-FULL', 'P-01', 'full:P-01', 'grid[576]').wall_clock_seconds",E,declared telemetry column (R-3),0.8584507999985362,1.0042668998939916
"telemetry.row('FIX-STARTS-FULL', 'P-01', 'full:P-01', 'grid[577]').wall_clock_seconds",E,declared telemetry column (R-3),0.6023207000034745,0.6913704000180587
"telemetry.row('FIX-STARTS-FULL', 'P-01', 'full:P-01', 'grid[578]').wall_clock_seconds",E,declared telemetry column (R-3),0.8069052999999258,0.7627100000390783
"telemetry.row('FIX-STARTS-FULL', 'P-01', 'full:P-01', 'grid[579]').wall_clock_seconds",E,declared telemetry column (R-3),0.9266381000052206,1.0378191000781953
"telemetry.row('FIX-STARTS-FULL', 'P-01', 'full:P-01', 'grid[57]').wall_clock_seconds",E,declared telemetry column (R-3),0.40192689999821596,0.4410787000088021
"telemetry.row('FIX-STARTS-FULL', 'P-01', 'full:P-01', 'grid[580]').wall_clock_seconds",E,declared telemetry column (R-3),0.567887499993958,0.6303541000233963
"telemetry.row('FIX-STARTS-FULL', 'P-01', 'full:P-01', 'grid[581]').wall_clock_seconds",E,declared telemetry column (R-3),0.4317215000046417,0.48769109998829663
"telemetry.row('FIX-STARTS-FULL', 'P-01', 'full:P-01', 'grid[582]').wall_clock_seconds",E,declared telemetry column (R-3),0.8118162999962806,0.8577318999450654
"telemetry.row('FIX-STARTS-FULL', 'P-01', 'full:P-01', 'grid[583]').wall_clock_seconds",E,declared telemetry column (R-3),0.631419299999834,0.7166020999429747
"telemetry.row('FIX-STARTS-FULL', 'P-01', 'full:P-01', 'grid[584]').wall_clock_seconds",E,declared telemetry column (R-3),0.34757230000104755,0.3987188000464812
"telemetry.row('FIX-STARTS-FULL', 'P-01', 'full:P-01', 'grid[585]').wall_clock_seconds",E,declared telemetry column (R-3),0.7455937000049744,0.7417916000122204
"telemetry.row('FIX-STARTS-FULL', 'P-01', 'full:P-01', 'grid[586]').wall_clock_seconds",E,declared telemetry column (R-3),1.1047700999988592,0.5416303999954835
"telemetry.row('FIX-STARTS-FULL', 'P-01', 'full:P-01', 'grid[587]').wall_clock_seconds",E,declared telemetry column (R-3),0.8578648000038811,0.6175174000672996
"telemetry.row('FIX-STARTS-FULL', 'P-01', 'full:P-01', 'grid[588]').wall_clock_seconds",E,declared telemetry column (R-3),0.6123121999989962,0.49338180001359433
"telemetry.row('FIX-STARTS-FULL', 'P-01', 'full:P-01', 'grid[589]').wall_clock_seconds",E,declared telemetry column (R-3),0.547497999999905,0.6218595000682399
"telemetry.row('FIX-STARTS-FULL', 'P-01', 'full:P-01', 'grid[58]').wall_clock_seconds",E,declared telemetry column (R-3),0.5512573000014527,0.6129919999511912
"telemetry.row('FIX-STARTS-FULL', 'P-01', 'full:P-01', 'grid[590]').wall_clock_seconds",E,declared telemetry column (R-3),0.5555605000045034,0.6084156999131665
"telemetry.row('FIX-STARTS-FULL', 'P-01', 'full:P-01', 'grid[591]').wall_clock_seconds",E,declared telemetry column (R-3),0.9264055000021472,0.6691252000164241
"telemetry.row('FIX-STARTS-FULL', 'P-01', 'full:P-01', 'grid[592]').wall_clock_seconds",E,declared telemetry column (R-3),1.0024083999960567,0.9232422999339178
"telemetry.row('FIX-STARTS-FULL', 'P-01', 'full:P-01', 'grid[593]').wall_clock_seconds",E,declared telemetry column (R-3),0.693977700000687,0.8557799000991508
"telemetry.row('FIX-STARTS-FULL', 'P-01', 'full:P-01', 'grid[594]').wall_clock_seconds",E,declared telemetry column (R-3),0.25343250000150874,0.15944049996323884
"telemetry.row('FIX-STARTS-FULL', 'P-01', 'full:P-01', 'grid[595]').wall_clock_seconds",E,declared telemetry column (R-3),0.4957393000004231,0.5266056000255048
"telemetry.row('FIX-STARTS-FULL', 'P-01', 'full:P-01', 'grid[596]').wall_clock_seconds",E,declared telemetry column (R-3),0.6032826000009663,0.68915350001771
"telemetry.row('FIX-STARTS-FULL', 'P-01', 'full:P-01', 'grid[597]').wall_clock_seconds",E,declared telemetry column (R-3),0.5496153999993112,0.6405687000369653
"telemetry.row('FIX-STARTS-FULL', 'P-01', 'full:P-01', 'grid[598]').wall_clock_seconds",E,declared telemetry column (R-3),0.4847948000024189,0.5592374999541789
"telemetry.row('FIX-STARTS-FULL', 'P-01', 'full:P-01', 'grid[599]').wall_clock_seconds",E,declared telemetry column (R-3),0.314864400002989,0.3626012000022456
"telemetry.row('FIX-STARTS-FULL', 'P-01', 'full:P-01', 'grid[59]').wall_clock_seconds",E,declared telemetry column (R-3),0.389509900000121,0.42573100002482533
"telemetry.row('FIX-STARTS-FULL', 'P-01', 'full:P-01', 'grid[5]').wall_clock_seconds",E,declared telemetry column (R-3),0.07368800000404008,0.07365939998999238
"telemetry.row('FIX-STARTS-FULL', 'P-01', 'full:P-01', 'grid[600]').wall_clock_seconds",E,declared telemetry column (R-3),0.7415065999957733,0.9486426999792457
"telemetry.row('FIX-STARTS-FULL', 'P-01', 'full:P-01', 'grid[601]').wall_clock_seconds",E,declared telemetry column (R-3),1.0883313000013004,1.5091743000084534
"telemetry.row('FIX-STARTS-FULL', 'P-01', 'full:P-01', 'grid[602]').wall_clock_seconds",E,declared telemetry column (R-3),0.1528660999974818,0.18307459994684905
"telemetry.row('FIX-STARTS-FULL', 'P-01', 'full:P-01', 'grid[603]').wall_clock_seconds",E,declared telemetry column (R-3),0.10896669999783626,0.12272830004803836
"telemetry.row('FIX-STARTS-FULL', 'P-01', 'full:P-01', 'grid[604]').wall_clock_seconds",E,declared telemetry column (R-3),0.5336234999995213,0.6239601999986917
"telemetry.row('FIX-STARTS-FULL', 'P-01', 'full:P-01', 'grid[605]').wall_clock_seconds",E,declared telemetry column (R-3),0.6022740000043996,0.6677501999074593
"telemetry.row('FIX-STARTS-FULL', 'P-01', 'full:P-01', 'grid[606]').wall_clock_seconds",E,declared telemetry column (R-3),0.47459100000560284,0.5621066000312567
"telemetry.row('FIX-STARTS-FULL', 'P-01', 'full:P-01', 'grid[607]').wall_clock_seconds",E,declared telemetry column (R-3),0.21080909999727737,0.24419440003111959
"telemetry.row('FIX-STARTS-FULL', 'P-01', 'full:P-01', 'grid[608]').wall_clock_seconds",E,declared telemetry column (R-3),0.7141746999986935,0.8281419000122696
"telemetry.row('FIX-STARTS-FULL', 'P-01', 'full:P-01', 'grid[609]').wall_clock_seconds",E,declared telemetry column (R-3),0.18257659999653697,0.20834509993437678
"telemetry.row('FIX-STARTS-FULL', 'P-01', 'full:P-01', 'grid[60]').wall_clock_seconds",E,declared telemetry column (R-3),0.9831444000010379,1.0453021000139415
"telemetry.row('FIX-STARTS-FULL', 'P-01', 'full:P-01', 'grid[610]').wall_clock_seconds",E,declared telemetry column (R-3),1.4307069999995292,1.424188599921763
"telemetry.row('FIX-STARTS-FULL', 'P-01', 'full:P-01', 'grid[611]').wall_clock_seconds",E,declared telemetry column (R-3),0.4209320000009029,0.23779330006800592
"telemetry.row('FIX-STARTS-FULL', 'P-01', 'full:P-01', 'grid[612]').wall_clock_seconds",E,declared telemetry column (R-3),0.28357570000662236,0.24500180000904948
"telemetry.row('FIX-STARTS-FULL', 'P-01', 'full:P-01', 'grid[613]').wall_clock_seconds",E,declared telemetry column (R-3),0.4357313000000431,0.4612019000342116
"telemetry.row('FIX-STARTS-FULL', 'P-01', 'full:P-01', 'grid[614]').wall_clock_seconds",E,declared telemetry column (R-3),0.3933813000039663,0.4639971998985857
"telemetry.row('FIX-STARTS-FULL', 'P-01', 'full:P-01', 'grid[615]').wall_clock_seconds",E,declared telemetry column (R-3),0.6239310000019032,0.7373326999368146
"telemetry.row('FIX-STARTS-FULL', 'P-01', 'full:P-01', 'grid[616]').wall_clock_seconds",E,declared telemetry column (R-3),0.4130476999998791,0.4731725000310689
"telemetry.row('FIX-STARTS-FULL', 'P-01', 'full:P-01', 'grid[617]').wall_clock_seconds",E,declared telemetry column (R-3),0.3535231999994721,0.4304790000896901
"telemetry.row('FIX-STARTS-FULL', 'P-01', 'full:P-01', 'grid[618]').wall_clock_seconds",E,declared telemetry column (R-3),0.0373671999986982,0.04129189997911453
"telemetry.row('FIX-STARTS-FULL', 'P-01', 'full:P-01', 'grid[619]').wall_clock_seconds",E,declared telemetry column (R-3),0.18831549999595154,0.22138880006968975
"telemetry.row('FIX-STARTS-FULL', 'P-01', 'full:P-01', 'grid[61]').wall_clock_seconds",E,declared telemetry column (R-3),0.5461882000017795,0.5969155000057071
"telemetry.row('FIX-STARTS-FULL', 'P-01', 'full:P-01', 'grid[620]').wall_clock_seconds",E,declared telemetry column (R-3),0.22435179999592947,0.26501670002471656
"telemetry.row('FIX-STARTS-FULL', 'P-01', 'full:P-01', 'grid[621]').wall_clock_seconds",E,declared telemetry column (R-3),0.12079580000136048,0.13741620001383126
"telemetry.row('FIX-STARTS-FULL', 'P-01', 'full:P-01', 'grid[622]').wall_clock_seconds",E,declared telemetry column (R-3),0.416006200000993,0.5044580000685528
"telemetry.row('FIX-STARTS-FULL', 'P-01', 'full:P-01', 'grid[623]').wall_clock_seconds",E,declared telemetry column (R-3),0.7167946999979904,0.8377603000262752
"telemetry.row('FIX-STARTS-FULL', 'P-01', 'full:P-01', 'grid[624]').wall_clock_seconds",E,declared telemetry column (R-3),0.7783462999941548,0.9188344000140205
"telemetry.row('FIX-STARTS-FULL', 'P-01', 'full:P-01', 'grid[625]').wall_clock_seconds",E,declared telemetry column (R-3),0.2604501000023447,0.31003699998836964
"telemetry.row('FIX-STARTS-FULL', 'P-01', 'full:P-01', 'grid[626]').wall_clock_seconds",E,declared telemetry column (R-3),0.23518450000119628,0.2729484000010416
"telemetry.row('FIX-STARTS-FULL', 'P-01', 'full:P-01', 'grid[627]').wall_clock_seconds",E,declared telemetry column (R-3),0.8619228999959887,1.0315502000739798
"telemetry.row('FIX-STARTS-FULL', 'P-01', 'full:P-01', 'grid[628]').wall_clock_seconds",E,declared telemetry column (R-3),0.2798571999956039,0.24020260001998395
"telemetry.row('FIX-STARTS-FULL', 'P-01', 'full:P-01', 'grid[629]').wall_clock_seconds",E,declared telemetry column (R-3),0.28970180000032997,0.22776779998093843
"telemetry.row('FIX-STARTS-FULL', 'P-01', 'full:P-01', 'grid[62]').wall_clock_seconds",E,declared telemetry column (R-3),0.9633775999973295,1.0403498000232503
"telemetry.row('FIX-STARTS-FULL', 'P-01', 'full:P-01', 'grid[630]').wall_clock_seconds",E,declared telemetry column (R-3),0.1609935000014957,0.18120079999789596
"telemetry.row('FIX-STARTS-FULL', 'P-01', 'full:P-01', 'grid[631]').wall_clock_seconds",E,declared telemetry column (R-3),0.4580723000035505,0.4183174000354484
"telemetry.row('FIX-STARTS-FULL', 'P-01', 'full:P-01', 'grid[632]').wall_clock_seconds",E,declared telemetry column (R-3),0.8638470000005327,0.8181070999708027
"telemetry.row('FIX-STARTS-FULL', 'P-01', 'full:P-01', 'grid[633]').wall_clock_seconds",E,declared telemetry column (R-3),0.8735261999972863,0.9430895999539644
"telemetry.row('FIX-STARTS-FULL', 'P-01', 'full:P-01', 'grid[634]').wall_clock_seconds",E,declared telemetry column (R-3),0.4963876999972854,0.4303415999747813
"telemetry.row('FIX-STARTS-FULL', 'P-01', 'full:P-01', 'grid[635]').wall_clock_seconds",E,declared telemetry column (R-3),0.2221025999970152,0.19874649995472282
"telemetry.row('FIX-STARTS-FULL', 'P-01', 'full:P-01', 'grid[636]').wall_clock_seconds",E,declared telemetry column (R-3),0.09953439999662805,0.0905415000161156
"telemetry.row('FIX-STARTS-FULL', 'P-01', 'full:P-01', 'grid[637]').wall_clock_seconds",E,declared telemetry column (R-3),0.5678842999986955,0.5322393999667838
"telemetry.row('FIX-STARTS-FULL', 'P-01', 'full:P-01', 'grid[638]').wall_clock_seconds",E,declared telemetry column (R-3),0.2030769999983022,0.1933033000677824
"telemetry.row('FIX-STARTS-FULL', 'P-01', 'full:P-01', 'grid[639]').wall_clock_seconds",E,declared telemetry column (R-3),0.31456749999779277,0.29009170003701
"telemetry.row('FIX-STARTS-FULL', 'P-01', 'full:P-01', 'grid[63]').wall_clock_seconds",E,declared telemetry column (R-3),0.7523093999989214,0.7851041000103578
"telemetry.row('FIX-STARTS-FULL', 'P-01', 'full:P-01', 'grid[640]').wall_clock_seconds",E,declared telemetry column (R-3),0.42940980000275886,0.3942450999747962
"telemetry.row('FIX-STARTS-FULL', 'P-01', 'full:P-01', 'grid[641]').wall_clock_seconds",E,declared telemetry column (R-3),0.692386800001259,0.640913600102067
"telemetry.row('FIX-STARTS-FULL', 'P-01', 'full:P-01', 'grid[642]').wall_clock_seconds",E,declared telemetry column (R-3),0.6856251999997767,0.7739024999318644
"telemetry.row('FIX-STARTS-FULL', 'P-01', 'full:P-01', 'grid[643]').wall_clock_seconds",E,declared telemetry column (R-3),0.24021299999731127,0.2836341999936849
"telemetry.row('FIX-STARTS-FULL', 'P-01', 'full:P-01', 'grid[644]').wall_clock_seconds",E,declared telemetry column (R-3),0.3127143999954569,0.3795122998999432
"telemetry.row('FIX-STARTS-FULL', 'P-01', 'full:P-01', 'grid[645]').wall_clock_seconds",E,declared telemetry column (R-3),1.0712094000045909,0.9700665000127628
"telemetry.row('FIX-STARTS-FULL', 'P-01', 'full:P-01', 'grid[646]').wall_clock_seconds",E,declared telemetry column (R-3),0.26926559999992605,0.25979579996783286
"telemetry.row('FIX-STARTS-FULL', 'P-01', 'full:P-01', 'grid[647]').wall_clock_seconds",E,declared telemetry column (R-3),0.5485131000023102,0.6150627000024542
"telemetry.row('FIX-STARTS-FULL', 'P-01', 'full:P-01', 'grid[648]').wall_clock_seconds",E,declared telemetry column (R-3),0.6563945000016247,0.7789403999922797
"telemetry.row('FIX-STARTS-FULL', 'P-01', 'full:P-01', 'grid[649]').wall_clock_seconds",E,declared telemetry column (R-3),0.7723870999980136,0.8559972000075504
"telemetry.row('FIX-STARTS-FULL', 'P-01', 'full:P-01', 'grid[64]').wall_clock_seconds",E,declared telemetry column (R-3),0.6042424999977811,0.662119899992831
"telemetry.row('FIX-STARTS-FULL', 'P-01', 'full:P-01', 'grid[650]').wall_clock_seconds",E,declared telemetry column (R-3),0.2242612999980338,0.2550809000385925
"telemetry.row('FIX-STARTS-FULL', 'P-01', 'full:P-01', 'grid[651]').wall_clock_seconds",E,declared telemetry column (R-3),0.3175282000011066,0.2851348000112921
"telemetry.row('FIX-STARTS-FULL', 'P-01', 'full:P-01', 'grid[652]').wall_clock_seconds",E,declared telemetry column (R-3),0.26926950000051875,0.3145368000259623
"telemetry.row('FIX-STARTS-FULL', 'P-01', 'full:P-01', 'grid[653]').wall_clock_seconds",E,declared telemetry column (R-3),0.44917820000409847,0.5191328000510111
"telemetry.row('FIX-STARTS-FULL', 'P-01', 'full:P-01', 'grid[654]').wall_clock_seconds",E,declared telemetry column (R-3),0.5848159000015585,0.6865791999734938
"telemetry.row('FIX-STARTS-FULL', 'P-01', 'full:P-01', 'grid[655]').wall_clock_seconds",E,declared telemetry column (R-3),0.8314364000034402,0.8946587999816984
"telemetry.row('FIX-STARTS-FULL', 'P-01', 'full:P-01', 'grid[656]').wall_clock_seconds",E,declared telemetry column (R-3),0.5023159999982454,0.5693910999689251
"telemetry.row('FIX-STARTS-FULL', 'P-01', 'full:P-01', 'grid[657]').wall_clock_seconds",E,declared telemetry column (R-3),0.5913062999970862,0.5083950000116602
"telemetry.row('FIX-STARTS-FULL', 'P-01', 'full:P-01', 'grid[658]').wall_clock_seconds",E,declared telemetry column (R-3),0.7908173999967403,0.8854390999767929
"telemetry.row('FIX-STARTS-FULL', 'P-01', 'full:P-01', 'grid[659]').wall_clock_seconds",E,declared telemetry column (R-3),0.5751607999991393,0.6459259000839666
"telemetry.row('FIX-STARTS-FULL', 'P-01', 'full:P-01', 'grid[65]').wall_clock_seconds",E,declared telemetry column (R-3),0.729039300000295,0.8197733999695629
"telemetry.row('FIX-STARTS-FULL', 'P-01', 'full:P-01', 'grid[660]').wall_clock_seconds",E,declared telemetry column (R-3),0.8272907999999006,0.9247528000269085
"telemetry.row('FIX-STARTS-FULL', 'P-01', 'full:P-01', 'grid[661]').wall_clock_seconds",E,declared telemetry column (R-3),0.33189609999681124,0.42006859998218715
"telemetry.row('FIX-STARTS-FULL', 'P-01', 'full:P-01', 'grid[662]').wall_clock_seconds",E,declared telemetry column (R-3),0.6310443000038504,0.8577961000846699
"telemetry.row('FIX-STARTS-FULL', 'P-01', 'full:P-01', 'grid[663]').wall_clock_seconds",E,declared telemetry column (R-3),1.148190700005216,1.3973759999498725
"telemetry.row('FIX-STARTS-FULL', 'P-01', 'full:P-01', 'grid[664]').wall_clock_seconds",E,declared telemetry column (R-3),0.1596514000048046,0.1766914000036195
"telemetry.row('FIX-STARTS-FULL', 'P-01', 'full:P-01', 'grid[665]').wall_clock_seconds",E,declared telemetry column (R-3),0.5611581000048318,0.5197344999760389
"telemetry.row('FIX-STARTS-FULL', 'P-01', 'full:P-01', 'grid[666]').wall_clock_seconds",E,declared telemetry column (R-3),0.7285446000023512,0.8037941999500617
"telemetry.row('FIX-STARTS-FULL', 'P-01', 'full:P-01', 'grid[667]').wall_clock_seconds",E,declared telemetry column (R-3),0.515705000005255,0.5175187999848276
"telemetry.row('FIX-STARTS-FULL', 'P-01', 'full:P-01', 'grid[668]').wall_clock_seconds",E,declared telemetry column (R-3),0.2679543999984162,0.27756349998526275
"telemetry.row('FIX-STARTS-FULL', 'P-01', 'full:P-01', 'grid[669]').wall_clock_seconds",E,declared telemetry column (R-3),0.16653930000029504,0.1891005999641493
"telemetry.row('FIX-STARTS-FULL', 'P-01', 'full:P-01', 'grid[66]').wall_clock_seconds",E,declared telemetry column (R-3),0.44828949999646284,0.4718592999270186
"telemetry.row('FIX-STARTS-FULL', 'P-01', 'full:P-01', 'grid[670]').wall_clock_seconds",E,declared telemetry column (R-3),0.8220416999974987,0.9335115000139922
"telemetry.row('FIX-STARTS-FULL', 'P-01', 'full:P-01', 'grid[671]').wall_clock_seconds",E,declared telemetry column (R-3),0.6158139999970444,0.6824746000347659
"telemetry.row('FIX-STARTS-FULL', 'P-01', 'full:P-01', 'grid[672]').wall_clock_seconds",E,declared telemetry column (R-3),0.8393405000024359,0.7231106000253931
"telemetry.row('FIX-STARTS-FULL', 'P-01', 'full:P-01', 'grid[673]').wall_clock_seconds",E,declared telemetry column (R-3),0.652101899999252,0.6017077000578865
"telemetry.row('FIX-STARTS-FULL', 'P-01', 'full:P-01', 'grid[674]').wall_clock_seconds",E,declared telemetry column (R-3),0.09968409999419237,0.09781119995750487
"telemetry.row('FIX-STARTS-FULL', 'P-01', 'full:P-01', 'grid[675]').wall_clock_seconds",E,declared telemetry column (R-3),0.3179694999998901,0.35003760003019124
"telemetry.row('FIX-STARTS-FULL', 'P-01', 'full:P-01', 'grid[676]').wall_clock_seconds",E,declared telemetry column (R-3),0.1768865999983973,0.18787839997094125
"telemetry.row('FIX-STARTS-FULL', 'P-01', 'full:P-01', 'grid[677]').wall_clock_seconds",E,declared telemetry column (R-3),0.5022852999973111,0.5933705999050289
"telemetry.row('FIX-STARTS-FULL', 'P-01', 'full:P-01', 'grid[678]').wall_clock_seconds",E,declared telemetry column (R-3),0.6583797999992385,0.8241620999760926
"telemetry.row('FIX-STARTS-FULL', 'P-01', 'full:P-01', 'grid[679]').wall_clock_seconds",E,declared telemetry column (R-3),0.7847808000005898,0.9229370000539348
"telemetry.row('FIX-STARTS-FULL', 'P-01', 'full:P-01', 'grid[67]').wall_clock_seconds",E,declared telemetry column (R-3),0.5749379999979283,0.6238684999989346
"telemetry.row('FIX-STARTS-FULL', 'P-01', 'full:P-01', 'grid[680]').wall_clock_seconds",E,declared telemetry column (R-3),0.23566009999922244,0.25943430000916123
"telemetry.row('FIX-STARTS-FULL', 'P-01', 'full:P-01', 'grid[681]').wall_clock_seconds",E,declared telemetry column (R-3),0.1770533000017167,0.19740730000194162
"telemetry.row('FIX-STARTS-FULL', 'P-01', 'full:P-01', 'grid[682]').wall_clock_seconds",E,declared telemetry column (R-3),0.2500339999969583,0.2958455999614671
"telemetry.row('FIX-STARTS-FULL', 'P-01', 'full:P-01', 'grid[683]').wall_clock_seconds",E,declared telemetry column (R-3),0.41417010000441223,0.4538410999812186
"telemetry.row('FIX-STARTS-FULL', 'P-01', 'full:P-01', 'grid[684]').wall_clock_seconds",E,declared telemetry column (R-3),0.6542627000017092,0.7404214000562206
"telemetry.row('FIX-STARTS-FULL', 'P-01', 'full:P-01', 'grid[685]').wall_clock_seconds",E,declared telemetry column (R-3),0.4441808999981731,0.5144912999821827
"telemetry.row('FIX-STARTS-FULL', 'P-01', 'full:P-01', 'grid[686]').wall_clock_seconds",E,declared telemetry column (R-3),0.07257129999925382,0.09060600004158914
"telemetry.row('FIX-STARTS-FULL', 'P-01', 'full:P-01', 'grid[687]').wall_clock_seconds",E,declared telemetry column (R-3),0.35061039999709465,0.3762867000186816
"telemetry.row('FIX-STARTS-FULL', 'P-01', 'full:P-01', 'grid[688]').wall_clock_seconds",E,declared telemetry column (R-3),1.3350682000018423,1.5368085999507457
"telemetry.row('FIX-STARTS-FULL', 'P-01', 'full:P-01', 'grid[689]').wall_clock_seconds",E,declared telemetry column (R-3),0.4748076000032597,0.596948100021109
"telemetry.row('FIX-STARTS-FULL', 'P-01', 'full:P-01', 'grid[68]').wall_clock_seconds",E,declared telemetry column (R-3),1.1223566999979084,1.0145634999498725
"telemetry.row('FIX-STARTS-FULL', 'P-01', 'full:P-01', 'grid[690]').wall_clock_seconds",E,declared telemetry column (R-3),0.6750501999995322,0.9005615999922156
"telemetry.row('FIX-STARTS-FULL', 'P-01', 'full:P-01', 'grid[691]').wall_clock_seconds",E,declared telemetry column (R-3),0.3268255000002682,0.39153350004926324
"telemetry.row('FIX-STARTS-FULL', 'P-01', 'full:P-01', 'grid[692]').wall_clock_seconds",E,declared telemetry column (R-3),0.24298439999984112,0.2900591999059543
"telemetry.row('FIX-STARTS-FULL', 'P-01', 'full:P-01', 'grid[693]').wall_clock_seconds",E,declared telemetry column (R-3),0.623950799999875,0.7038143000099808
"telemetry.row('FIX-STARTS-FULL', 'P-01', 'full:P-01', 'grid[694]').wall_clock_seconds",E,declared telemetry column (R-3),0.16094439999869792,0.19203719997312874
"telemetry.row('FIX-STARTS-FULL', 'P-01', 'full:P-01', 'grid[695]').wall_clock_seconds",E,declared telemetry column (R-3),0.6088935000007041,0.6933525999775156
"telemetry.row('FIX-STARTS-FULL', 'P-01', 'full:P-01', 'grid[696]').wall_clock_seconds",E,declared telemetry column (R-3),0.567234100002679,0.7007194000761956
"telemetry.row('FIX-STARTS-FULL', 'P-01', 'full:P-01', 'grid[697]').wall_clock_seconds",E,declared telemetry column (R-3),1.246393600005831,1.5605617000255734
"telemetry.row('FIX-STARTS-FULL', 'P-01', 'full:P-01', 'grid[698]').wall_clock_seconds",E,declared telemetry column (R-3),0.15246090000437107,0.17231360008008778
"telemetry.row('FIX-STARTS-FULL', 'P-01', 'full:P-01', 'grid[699]').wall_clock_seconds",E,declared telemetry column (R-3),0.21550430000206688,0.2354435999877751
"telemetry.row('FIX-STARTS-FULL', 'P-01', 'full:P-01', 'grid[69]').wall_clock_seconds",E,declared telemetry column (R-3),0.84915799999726,0.5150227000704035
"telemetry.row('FIX-STARTS-FULL', 'P-01', 'full:P-01', 'grid[6]').wall_clock_seconds",E,declared telemetry column (R-3),0.4696299000061117,0.5055090000387281
"telemetry.row('FIX-STARTS-FULL', 'P-01', 'full:P-01', 'grid[700]').wall_clock_seconds",E,declared telemetry column (R-3),1.0810607999956119,1.2082559999544173
"telemetry.row('FIX-STARTS-FULL', 'P-01', 'full:P-01', 'grid[701]').wall_clock_seconds",E,declared telemetry column (R-3),0.5733414000060293,0.6615528999827802
"telemetry.row('FIX-STARTS-FULL', 'P-01', 'full:P-01', 'grid[702]').wall_clock_seconds",E,declared telemetry column (R-3),1.1749756999997771,0.5737994000082836
"telemetry.row('FIX-STARTS-FULL', 'P-01', 'full:P-01', 'grid[703]').wall_clock_seconds",E,declared telemetry column (R-3),0.9502279000007547,0.9644015999510884
"telemetry.row('FIX-STARTS-FULL', 'P-01', 'full:P-01', 'grid[704]').wall_clock_seconds",E,declared telemetry column (R-3),0.25830580000183545,0.15945439995266497
"telemetry.row('FIX-STARTS-FULL', 'P-01', 'full:P-01', 'grid[705]').wall_clock_seconds",E,declared telemetry column (R-3),0.2249320999981137,0.20520790002774447
"telemetry.row('FIX-STARTS-FULL', 'P-01', 'full:P-01', 'grid[706]').wall_clock_seconds",E,declared telemetry column (R-3),0.15954999999667052,0.15723899996373802
"telemetry.row('FIX-STARTS-FULL', 'P-01', 'full:P-01', 'grid[707]').wall_clock_seconds",E,declared telemetry column (R-3),0.5759418999950867,0.5176996999653056
"telemetry.row('FIX-STARTS-FULL', 'P-01', 'full:P-01', 'grid[708]').wall_clock_seconds",E,declared telemetry column (R-3),0.8809955999968224,0.7507876000599936
"telemetry.row('FIX-STARTS-FULL', 'P-01', 'full:P-01', 'grid[709]').wall_clock_seconds",E,declared telemetry column (R-3),1.1664154000027338,1.0190633999882266
"telemetry.row('FIX-STARTS-FULL', 'P-01', 'full:P-01', 'grid[70]').wall_clock_seconds",E,declared telemetry column (R-3),0.7193151000028593,0.5517262000357732
"telemetry.row('FIX-STARTS-FULL', 'P-01', 'full:P-01', 'grid[710]').wall_clock_seconds",E,declared telemetry column (R-3),0.5986677000037162,0.65480620006565
"telemetry.row('FIX-STARTS-FULL', 'P-01', 'full:P-01', 'grid[711]').wall_clock_seconds",E,declared telemetry column (R-3),0.20464560000255005,0.2110439999960363
"telemetry.row('FIX-STARTS-FULL', 'P-01', 'full:P-01', 'grid[712]').wall_clock_seconds",E,declared telemetry column (R-3),0.18413810000492958,0.21399890002794564
"telemetry.row('FIX-STARTS-FULL', 'P-01', 'full:P-01', 'grid[713]').wall_clock_seconds",E,declared telemetry column (R-3),0.5758387000023504,0.6526852999813855
"telemetry.row('FIX-STARTS-FULL', 'P-01', 'full:P-01', 'grid[714]').wall_clock_seconds",E,declared telemetry column (R-3),0.5843294000005699,0.6067467000102624
"telemetry.row('FIX-STARTS-FULL', 'P-01', 'full:P-01', 'grid[715]').wall_clock_seconds",E,declared telemetry column (R-3),1.054877900001884,1.2218305999413133
"telemetry.row('FIX-STARTS-FULL', 'P-01', 'full:P-01', 'grid[716]').wall_clock_seconds",E,declared telemetry column (R-3),0.3222827999998117,0.464634699979797
"telemetry.row('FIX-STARTS-FULL', 'P-01', 'full:P-01', 'grid[717]').wall_clock_seconds",E,declared telemetry column (R-3),0.20388100000127451,0.2568168999860063
"telemetry.row('FIX-STARTS-FULL', 'P-01', 'full:P-01', 'grid[718]').wall_clock_seconds",E,declared telemetry column (R-3),0.19983359999605455,0.26069829997140914
"telemetry.row('FIX-STARTS-FULL', 'P-01', 'full:P-01', 'grid[719]').wall_clock_seconds",E,declared telemetry column (R-3),0.5696018999951775,0.6451628999784589
"telemetry.row('FIX-STARTS-FULL', 'P-01', 'full:P-01', 'grid[71]').wall_clock_seconds",E,declared telemetry column (R-3),0.07002510000165785,0.07615410001017153
"telemetry.row('FIX-STARTS-FULL', 'P-01', 'full:P-01', 'grid[720]').wall_clock_seconds",E,declared telemetry column (R-3),0.5269711000000825,0.5967587999766693
"telemetry.row('FIX-STARTS-FULL', 'P-01', 'full:P-01', 'grid[721]').wall_clock_seconds",E,declared telemetry column (R-3),0.4975133999978425,0.5864017000421882
"telemetry.row('FIX-STARTS-FULL', 'P-01', 'full:P-01', 'grid[722]').wall_clock_seconds",E,declared telemetry column (R-3),0.1395152999975835,0.16533650003839284
"telemetry.row('FIX-STARTS-FULL', 'P-01', 'full:P-01', 'grid[723]').wall_clock_seconds",E,declared telemetry column (R-3),0.359877900002175,0.40598649997264147
"telemetry.row('FIX-STARTS-FULL', 'P-01', 'full:P-01', 'grid[724]').wall_clock_seconds",E,declared telemetry column (R-3),0.1271783000047435,0.14432520000264049
"telemetry.row('FIX-STARTS-FULL', 'P-01', 'full:P-01', 'grid[725]').wall_clock_seconds",E,declared telemetry column (R-3),0.43710660000215285,0.45289640000555664
"telemetry.row('FIX-STARTS-FULL', 'P-01', 'full:P-01', 'grid[726]').wall_clock_seconds",E,declared telemetry column (R-3),0.6296944999994594,0.7118662000866607
"telemetry.row('FIX-STARTS-FULL', 'P-01', 'full:P-01', 'grid[727]').wall_clock_seconds",E,declared telemetry column (R-3),0.33980090000113705,0.3794411000562832
"telemetry.row('FIX-STARTS-FULL', 'P-01', 'full:P-01', 'grid[728]').wall_clock_seconds",E,declared telemetry column (R-3),0.15100259999599075,0.16839729994535446
"telemetry.row('FIX-STARTS-FULL', 'P-01', 'full:P-01', 'grid[729]').wall_clock_seconds",E,declared telemetry column (R-3),0.3565798999989056,0.4153779000043869
"telemetry.row('FIX-STARTS-FULL', 'P-01', 'full:P-01', 'grid[72]').wall_clock_seconds",E,declared telemetry column (R-3),0.7370733999996446,0.8564794999547303
"telemetry.row('FIX-STARTS-FULL', 'P-01', 'full:P-01', 'grid[730]').wall_clock_seconds",E,declared telemetry column (R-3),0.161729400002514,0.18543620000127703
"telemetry.row('FIX-STARTS-FULL', 'P-01', 'full:P-01', 'grid[73]').wall_clock_seconds",E,declared telemetry column (R-3),1.006239900001674,1.117723700008355
"telemetry.row('FIX-STARTS-FULL', 'P-01', 'full:P-01', 'grid[74]').wall_clock_seconds",E,declared telemetry column (R-3),0.40514080000139074,0.46799579996149987
"telemetry.row('FIX-STARTS-FULL', 'P-01', 'full:P-01', 'grid[75]').wall_clock_seconds",E,declared telemetry column (R-3),0.5618927000032272,0.6814085999503732
"telemetry.row('FIX-STARTS-FULL', 'P-01', 'full:P-01', 'grid[76]').wall_clock_seconds",E,declared telemetry column (R-3),0.4708128999991459,0.7119690999388695
"telemetry.row('FIX-STARTS-FULL', 'P-01', 'full:P-01', 'grid[77]').wall_clock_seconds",E,declared telemetry column (R-3),0.6051812000005157,0.704852299997583
"telemetry.row('FIX-STARTS-FULL', 'P-01', 'full:P-01', 'grid[78]').wall_clock_seconds",E,declared telemetry column (R-3),0.560488200004329,0.6861196999670938
"telemetry.row('FIX-STARTS-FULL', 'P-01', 'full:P-01', 'grid[79]').wall_clock_seconds",E,declared telemetry column (R-3),0.8439861000006204,0.9689954000059515
"telemetry.row('FIX-STARTS-FULL', 'P-01', 'full:P-01', 'grid[7]').wall_clock_seconds",E,declared telemetry column (R-3),0.270416599996679,0.2808374000014737
"telemetry.row('FIX-STARTS-FULL', 'P-01', 'full:P-01', 'grid[80]').wall_clock_seconds",E,declared telemetry column (R-3),0.8858833999984199,1.0375645000021905
"telemetry.row('FIX-STARTS-FULL', 'P-01', 'full:P-01', 'grid[81]').wall_clock_seconds",E,declared telemetry column (R-3),1.0102329000001191,1.1826713000191376
"telemetry.row('FIX-STARTS-FULL', 'P-01', 'full:P-01', 'grid[82]').wall_clock_seconds",E,declared telemetry column (R-3),0.36982240000361344,0.4219142000656575
"telemetry.row('FIX-STARTS-FULL', 'P-01', 'full:P-01', 'grid[83]').wall_clock_seconds",E,declared telemetry column (R-3),0.017473700005211867,0.02341649995651096
"telemetry.row('FIX-STARTS-FULL', 'P-01', 'full:P-01', 'grid[84]').wall_clock_seconds",E,declared telemetry column (R-3),0.39845449999847915,0.45632509991992265
"telemetry.row('FIX-STARTS-FULL', 'P-01', 'full:P-01', 'grid[85]').wall_clock_seconds",E,declared telemetry column (R-3),0.5507963000054588,0.6222495000110939
"telemetry.row('FIX-STARTS-FULL', 'P-01', 'full:P-01', 'grid[86]').wall_clock_seconds",E,declared telemetry column (R-3),0.23326600000291364,0.26556129998061806
"telemetry.row('FIX-STARTS-FULL', 'P-01', 'full:P-01', 'grid[87]').wall_clock_seconds",E,declared telemetry column (R-3),0.4937489999938407,0.5704327001003549
"telemetry.row('FIX-STARTS-FULL', 'P-01', 'full:P-01', 'grid[88]').wall_clock_seconds",E,declared telemetry column (R-3),0.5841992999994545,0.6532212999882177
"telemetry.row('FIX-STARTS-FULL', 'P-01', 'full:P-01', 'grid[89]').wall_clock_seconds",E,declared telemetry column (R-3),1.4370074999969802,1.6378212999552488
"telemetry.row('FIX-STARTS-FULL', 'P-01', 'full:P-01', 'grid[8]').wall_clock_seconds",E,declared telemetry column (R-3),0.5595493000000715,0.6069837999530137
"telemetry.row('FIX-STARTS-FULL', 'P-01', 'full:P-01', 'grid[90]').wall_clock_seconds",E,declared telemetry column (R-3),0.25607469999522436,0.2882138999411836
"telemetry.row('FIX-STARTS-FULL', 'P-01', 'full:P-01', 'grid[91]').wall_clock_seconds",E,declared telemetry column (R-3),0.6514269999970566,0.7405007999623194
"telemetry.row('FIX-STARTS-FULL', 'P-01', 'full:P-01', 'grid[92]').wall_clock_seconds",E,declared telemetry column (R-3),0.016395500002545305,0.01940909994300455
"telemetry.row('FIX-STARTS-FULL', 'P-01', 'full:P-01', 'grid[93]').wall_clock_seconds",E,declared telemetry column (R-3),0.44011979999777395,0.48230959998909384
"telemetry.row('FIX-STARTS-FULL', 'P-01', 'full:P-01', 'grid[94]').wall_clock_seconds",E,declared telemetry column (R-3),0.5419126999986474,0.6291487000416964
"telemetry.row('FIX-STARTS-FULL', 'P-01', 'full:P-01', 'grid[95]').wall_clock_seconds",E,declared telemetry column (R-3),0.6105618000001414,0.6966075000818819
"telemetry.row('FIX-STARTS-FULL', 'P-01', 'full:P-01', 'grid[96]').wall_clock_seconds",E,declared telemetry column (R-3),0.5567637999993167,0.6199009999400005
"telemetry.row('FIX-STARTS-FULL', 'P-01', 'full:P-01', 'grid[97]').wall_clock_seconds",E,declared telemetry column (R-3),0.5415008999989368,0.6097147999098524
"telemetry.row('FIX-STARTS-FULL', 'P-01', 'full:P-01', 'grid[98]').wall_clock_seconds",E,declared telemetry column (R-3),0.7585780000008526,0.8642375000054017
"telemetry.row('FIX-STARTS-FULL', 'P-01', 'full:P-01', 'grid[99]').wall_clock_seconds",E,declared telemetry column (R-3),0.9091208000027109,1.2022709000157192
"telemetry.row('FIX-STARTS-FULL', 'P-01', 'full:P-01', 'grid[9]').wall_clock_seconds",E,declared telemetry column (R-3),0.29846379999798955,0.31076610006857663
"telemetry.row('FIX-STARTS-FULL', 'P-02', 'full:P-02', 'feature').wall_clock_seconds",E,declared telemetry column (R-3),0.5274577000018326,0.5944547998951748
"telemetry.row('FIX-STARTS-FULL', 'P-02', 'full:P-02', 'grid[0]').wall_clock_seconds",E,declared telemetry column (R-3),0.6971600999968359,0.7716313999844715
"telemetry.row('FIX-STARTS-FULL', 'P-02', 'full:P-02', 'grid[100]').wall_clock_seconds",E,declared telemetry column (R-3),0.48791269999492215,0.5572473000502214
"telemetry.row('FIX-STARTS-FULL', 'P-02', 'full:P-02', 'grid[101]').wall_clock_seconds",E,declared telemetry column (R-3),1.0650155999974231,1.1700942000607029
"telemetry.row('FIX-STARTS-FULL', 'P-02', 'full:P-02', 'grid[102]').wall_clock_seconds",E,declared telemetry column (R-3),1.7207425000015064,1.932067499961704
"telemetry.row('FIX-STARTS-FULL', 'P-02', 'full:P-02', 'grid[103]').wall_clock_seconds",E,declared telemetry column (R-3),0.566746399999829,0.6191475000232458
"telemetry.row('FIX-STARTS-FULL', 'P-02', 'full:P-02', 'grid[104]').wall_clock_seconds",E,declared telemetry column (R-3),0.7290852000005543,0.8457416000310332
"telemetry.row('FIX-STARTS-FULL', 'P-02', 'full:P-02', 'grid[105]').wall_clock_seconds",E,declared telemetry column (R-3),0.6772731999953976,0.7605718000559136
"telemetry.row('FIX-STARTS-FULL', 'P-02', 'full:P-02', 'grid[106]').wall_clock_seconds",E,declared telemetry column (R-3),0.6936454999959096,0.596875699935481
"telemetry.row('FIX-STARTS-FULL', 'P-02', 'full:P-02', 'grid[107]').wall_clock_seconds",E,declared telemetry column (R-3),0.7169846000033431,0.6996802999638021
"telemetry.row('FIX-STARTS-FULL', 'P-02', 'full:P-02', 'grid[108]').wall_clock_seconds",E,declared telemetry column (R-3),0.9700916000001598,1.0351178999990225
"telemetry.row('FIX-STARTS-FULL', 'P-02', 'full:P-02', 'grid[109]').wall_clock_seconds",E,declared telemetry column (R-3),0.766945700001088,0.8292090999893844
"telemetry.row('FIX-STARTS-FULL', 'P-02', 'full:P-02', 'grid[10]').wall_clock_seconds",E,declared telemetry column (R-3),0.710349100001622,0.7011297999415547
"telemetry.row('FIX-STARTS-FULL', 'P-02', 'full:P-02', 'grid[110]').wall_clock_seconds",E,declared telemetry column (R-3),0.740919899995788,0.7544729000655934
"telemetry.row('FIX-STARTS-FULL', 'P-02', 'full:P-02', 'grid[111]').wall_clock_seconds",E,declared telemetry column (R-3),1.730320999995456,1.9229156000074
"telemetry.row('FIX-STARTS-FULL', 'P-02', 'full:P-02', 'grid[112]').wall_clock_seconds",E,declared telemetry column (R-3),0.7064245999936247,0.8790778999682516
"telemetry.row('FIX-STARTS-FULL', 'P-02', 'full:P-02', 'grid[113]').wall_clock_seconds",E,declared telemetry column (R-3),1.842826400003105,1.9259649000596255
"telemetry.row('FIX-STARTS-FULL', 'P-02', 'full:P-02', 'grid[114]').wall_clock_seconds",E,declared telemetry column (R-3),1.6563759999989998,1.9235661000711843
"telemetry.row('FIX-STARTS-FULL', 'P-02', 'full:P-02', 'grid[115]').wall_clock_seconds",E,declared telemetry column (R-3),0.7989165999970282,0.9073596999514848
"telemetry.row('FIX-STARTS-FULL', 'P-02', 'full:P-02', 'grid[116]').wall_clock_seconds",E,declared telemetry column (R-3),1.7136525999958394,1.8830033999402076
"telemetry.row('FIX-STARTS-FULL', 'P-02', 'full:P-02', 'grid[117]').wall_clock_seconds",E,declared telemetry column (R-3),0.6209654999984195,0.7006069000344723
"telemetry.row('FIX-STARTS-FULL', 'P-02', 'full:P-02', 'grid[118]').wall_clock_seconds",E,declared telemetry column (R-3),0.5613096000015503,0.5904732999624684
"telemetry.row('FIX-STARTS-FULL', 'P-02', 'full:P-02', 'grid[119]').wall_clock_seconds",E,declared telemetry column (R-3),0.7733134000009159,0.7345787000376731
"telemetry.row('FIX-STARTS-FULL', 'P-02', 'full:P-02', 'grid[11]').wall_clock_seconds",E,declared telemetry column (R-3),0.5911299999934272,0.5800263999262825
"telemetry.row('FIX-STARTS-FULL', 'P-02', 'full:P-02', 'grid[120]').wall_clock_seconds",E,declared telemetry column (R-3),0.5274497999998857,0.5436165999853984
"telemetry.row('FIX-STARTS-FULL', 'P-02', 'full:P-02', 'grid[121]').wall_clock_seconds",E,declared telemetry column (R-3),0.8242342000012286,0.6410097000189126
"telemetry.row('FIX-STARTS-FULL', 'P-02', 'full:P-02', 'grid[122]').wall_clock_seconds",E,declared telemetry column (R-3),0.9070603000000119,0.8178464999655262
"telemetry.row('FIX-STARTS-FULL', 'P-02', 'full:P-02', 'grid[123]').wall_clock_seconds",E,declared telemetry column (R-3),0.6186598999993294,0.6923398999497294
"telemetry.row('FIX-STARTS-FULL', 'P-02', 'full:P-02', 'grid[124]').wall_clock_seconds",E,declared telemetry column (R-3),0.642096000003221,0.6780408999184147
"telemetry.row('FIX-STARTS-FULL', 'P-02', 'full:P-02', 'grid[125]').wall_clock_seconds",E,declared telemetry column (R-3),0.753660199996375,0.7762452999595553
"telemetry.row('FIX-STARTS-FULL', 'P-02', 'full:P-02', 'grid[126]').wall_clock_seconds",E,declared telemetry column (R-3),0.7779730999973253,0.7360218000831082
"telemetry.row('FIX-STARTS-FULL', 'P-02', 'full:P-02', 'grid[127]').wall_clock_seconds",E,declared telemetry column (R-3),0.787024700002803,0.828650200041011
"telemetry.row('FIX-STARTS-FULL', 'P-02', 'full:P-02', 'grid[128]').wall_clock_seconds",E,declared telemetry column (R-3),1.458352299996477,1.7610387000022456
"telemetry.row('FIX-STARTS-FULL', 'P-02', 'full:P-02', 'grid[129]').wall_clock_seconds",E,declared telemetry column (R-3),0.6626493000003393,0.7435596999712288
"telemetry.row('FIX-STARTS-FULL', 'P-02', 'full:P-02', 'grid[12]').wall_clock_seconds",E,declared telemetry column (R-3),0.8697572999953991,0.8040021999040619
"telemetry.row('FIX-STARTS-FULL', 'P-02', 'full:P-02', 'grid[130]').wall_clock_seconds",E,declared telemetry column (R-3),0.47325740000087535,0.5541336999740452
"telemetry.row('FIX-STARTS-FULL', 'P-02', 'full:P-02', 'grid[131]').wall_clock_seconds",E,declared telemetry column (R-3),0.7832464000020991,0.8016523999394849
"telemetry.row('FIX-STARTS-FULL', 'P-02', 'full:P-02', 'grid[132]').wall_clock_seconds",E,declared telemetry column (R-3),0.5006539000023622,0.5750354999909177
"telemetry.row('FIX-STARTS-FULL', 'P-02', 'full:P-02', 'grid[133]').wall_clock_seconds",E,declared telemetry column (R-3),0.5558203999971738,0.6189638000214472
"telemetry.row('FIX-STARTS-FULL', 'P-02', 'full:P-02', 'grid[134]').wall_clock_seconds",E,declared telemetry column (R-3),0.6210513000041828,0.6824962000828236
"telemetry.row('FIX-STARTS-FULL', 'P-02', 'full:P-02', 'grid[135]').wall_clock_seconds",E,declared telemetry column (R-3),1.6745756000018446,1.9327931000152603
"telemetry.row('FIX-STARTS-FULL', 'P-02', 'full:P-02', 'grid[136]').wall_clock_seconds",E,declared telemetry column (R-3),1.301875299999665,1.3771490999497473
"telemetry.row('FIX-STARTS-FULL', 'P-02', 'full:P-02', 'grid[137]').wall_clock_seconds",E,declared telemetry column (R-3),1.7225030999979936,1.8077176000224426
"telemetry.row('FIX-STARTS-FULL', 'P-02', 'full:P-02', 'grid[138]').wall_clock_seconds",E,declared telemetry column (R-3),0.8929631999999401,0.8247437999816611
"telemetry.row('FIX-STARTS-FULL', 'P-02', 'full:P-02', 'grid[139]').wall_clock_seconds",E,declared telemetry column (R-3),0.7208006000000751,0.7703213000204414
"telemetry.row('FIX-STARTS-FULL', 'P-02', 'full:P-02', 'grid[13]').wall_clock_seconds",E,declared telemetry column (R-3),2.3382786000001943,1.8565978000406176
"telemetry.row('FIX-STARTS-FULL', 'P-02', 'full:P-02', 'grid[140]').wall_clock_seconds",E,declared telemetry column (R-3),0.7150168000007397,0.748903900035657
"telemetry.row('FIX-STARTS-FULL', 'P-02', 'full:P-02', 'grid[141]').wall_clock_seconds",E,declared telemetry column (R-3),0.6808885999998893,0.7103674000827596
"telemetry.row('FIX-STARTS-FULL', 'P-02', 'full:P-02', 'grid[142]').wall_clock_seconds",E,declared telemetry column (R-3),1.3065385000008973,1.4939618000062183
"telemetry.row('FIX-STARTS-FULL', 'P-02', 'full:P-02', 'grid[143]').wall_clock_seconds",E,declared telemetry column (R-3),0.782990300001984,0.9126325999386609
"telemetry.row('FIX-STARTS-FULL', 'P-02', 'full:P-02', 'grid[144]').wall_clock_seconds",E,declared telemetry column (R-3),0.9350634000002174,1.1804004999576136
"telemetry.row('FIX-STARTS-FULL', 'P-02', 'full:P-02', 'grid[145]').wall_clock_seconds",E,declared telemetry column (R-3),1.6949550000063027,1.9426067000022158
"telemetry.row('FIX-STARTS-FULL', 'P-02', 'full:P-02', 'grid[146]').wall_clock_seconds",E,declared telemetry column (R-3),1.647151400000439,1.910511500085704
"telemetry.row('FIX-STARTS-FULL', 'P-02', 'full:P-02', 'grid[147]').wall_clock_seconds",E,declared telemetry column (R-3),0.5332655000020168,0.6579627000028268
"telemetry.row('FIX-STARTS-FULL', 'P-02', 'full:P-02', 'grid[148]').wall_clock_seconds",E,declared telemetry column (R-3),0.5052855000030831,0.5994718000292778
"telemetry.row('FIX-STARTS-FULL', 'P-02', 'full:P-02', 'grid[149]').wall_clock_seconds",E,declared telemetry column (R-3),0.41377749999810476,0.4804039999144152
"telemetry.row('FIX-STARTS-FULL', 'P-02', 'full:P-02', 'grid[14]').wall_clock_seconds",E,declared telemetry column (R-3),2.9056067999990773,1.8826751000015065
"telemetry.row('FIX-STARTS-FULL', 'P-02', 'full:P-02', 'grid[150]').wall_clock_seconds",E,declared telemetry column (R-3),0.5180645000000368,0.6105716000311077
"telemetry.row('FIX-STARTS-FULL', 'P-02', 'full:P-02', 'grid[151]').wall_clock_seconds",E,declared telemetry column (R-3),0.5564264999993611,0.6693619000725448
"telemetry.row('FIX-STARTS-FULL', 'P-02', 'full:P-02', 'grid[152]').wall_clock_seconds",E,declared telemetry column (R-3),0.690244099998381,0.7972167000407353
"telemetry.row('FIX-STARTS-FULL', 'P-02', 'full:P-02', 'grid[153]').wall_clock_seconds",E,declared telemetry column (R-3),0.6595043999986956,0.7663659999379888
"telemetry.row('FIX-STARTS-FULL', 'P-02', 'full:P-02', 'grid[154]').wall_clock_seconds",E,declared telemetry column (R-3),0.6686104999971576,0.8602493999060243
"telemetry.row('FIX-STARTS-FULL', 'P-02', 'full:P-02', 'grid[155]').wall_clock_seconds",E,declared telemetry column (R-3),0.6174625999992713,0.7154355999082327
"telemetry.row('FIX-STARTS-FULL', 'P-02', 'full:P-02', 'grid[156]').wall_clock_seconds",E,declared telemetry column (R-3),0.7360961999947904,0.6543323000660166
"telemetry.row('FIX-STARTS-FULL', 'P-02', 'full:P-02', 'grid[157]').wall_clock_seconds",E,declared telemetry column (R-3),0.6983007000017096,0.7637502999277785
"telemetry.row('FIX-STARTS-FULL', 'P-02', 'full:P-02', 'grid[158]').wall_clock_seconds",E,declared telemetry column (R-3),0.7829294999974081,0.8915258999913931
"telemetry.row('FIX-STARTS-FULL', 'P-02', 'full:P-02', 'grid[159]').wall_clock_seconds",E,declared telemetry column (R-3),0.45072629999776836,0.48643569997511804
"telemetry.row('FIX-STARTS-FULL', 'P-02', 'full:P-02', 'grid[15]').wall_clock_seconds",E,declared telemetry column (R-3),1.1047840000028373,0.8859869999578223
"telemetry.row('FIX-STARTS-FULL', 'P-02', 'full:P-02', 'grid[160]').wall_clock_seconds",E,declared telemetry column (R-3),0.6606534000020474,0.749702199944295
"telemetry.row('FIX-STARTS-FULL', 'P-02', 'full:P-02', 'grid[161]').wall_clock_seconds",E,declared telemetry column (R-3),0.6312092999942251,0.7428258000873029
"telemetry.row('FIX-STARTS-FULL', 'P-02', 'full:P-02', 'grid[162]').wall_clock_seconds",E,declared telemetry column (R-3),1.0618596999993315,1.4031228000530973
"telemetry.row('FIX-STARTS-FULL', 'P-02', 'full:P-02', 'grid[163]').wall_clock_seconds",E,declared telemetry column (R-3),0.8135334000035073,0.9704677000408992
"telemetry.row('FIX-STARTS-FULL', 'P-02', 'full:P-02', 'grid[164]').wall_clock_seconds",E,declared telemetry column (R-3),0.741900799999712,0.7959978999570012
"telemetry.row('FIX-STARTS-FULL', 'P-02', 'full:P-02', 'grid[165]').wall_clock_seconds",E,declared telemetry column (R-3),0.6116543999960413,0.710329300025478
"telemetry.row('FIX-STARTS-FULL', 'P-02', 'full:P-02', 'grid[166]').wall_clock_seconds",E,declared telemetry column (R-3),0.7786332999967271,0.8764902000548318
"telemetry.row('FIX-STARTS-FULL', 'P-02', 'full:P-02', 'grid[167]').wall_clock_seconds",E,declared telemetry column (R-3),0.6081626000013785,0.6973500000312924
"telemetry.row('FIX-STARTS-FULL', 'P-02', 'full:P-02', 'grid[168]').wall_clock_seconds",E,declared telemetry column (R-3),1.6490079999930458,1.884742600028403
"telemetry.row('FIX-STARTS-FULL', 'P-02', 'full:P-02', 'grid[169]').wall_clock_seconds",E,declared telemetry column (R-3),0.6047385999991093,0.6930250000441447
"telemetry.row('FIX-STARTS-FULL', 'P-02', 'full:P-02', 'grid[16]').wall_clock_seconds",E,declared telemetry column (R-3),2.215957399996114,1.8740033999783918
"telemetry.row('FIX-STARTS-FULL', 'P-02', 'full:P-02', 'grid[170]').wall_clock_seconds",E,declared telemetry column (R-3),0.7217375999971409,0.7499241000041366
"telemetry.row('FIX-STARTS-FULL', 'P-02', 'full:P-02', 'grid[171]').wall_clock_seconds",E,declared telemetry column (R-3),1.670756599996821,1.9054746000329033
"telemetry.row('FIX-STARTS-FULL', 'P-02', 'full:P-02', 'grid[172]').wall_clock_seconds",E,declared telemetry column (R-3),0.9528312999973423,1.0245820999844
"telemetry.row('FIX-STARTS-FULL', 'P-02', 'full:P-02', 'grid[173]').wall_clock_seconds",E,declared telemetry column (R-3),1.949299100000644,1.8843587000155821
"telemetry.row('FIX-STARTS-FULL', 'P-02', 'full:P-02', 'grid[174]').wall_clock_seconds",E,declared telemetry column (R-3),0.7306155000042054,0.8171413000673056
"telemetry.row('FIX-STARTS-FULL', 'P-02', 'full:P-02', 'grid[175]').wall_clock_seconds",E,declared telemetry column (R-3),0.6009957999995095,0.6605182000203058
"telemetry.row('FIX-STARTS-FULL', 'P-02', 'full:P-02', 'grid[176]').wall_clock_seconds",E,declared telemetry column (R-3),0.8012993000011193,0.8926127000013366
"telemetry.row('FIX-STARTS-FULL', 'P-02', 'full:P-02', 'grid[177]').wall_clock_seconds",E,declared telemetry column (R-3),0.6620955999969738,0.7245079999556765
"telemetry.row('FIX-STARTS-FULL', 'P-02', 'full:P-02', 'grid[178]').wall_clock_seconds",E,declared telemetry column (R-3),0.5660975999999209,0.706566600012593
"telemetry.row('FIX-STARTS-FULL', 'P-02', 'full:P-02', 'grid[179]').wall_clock_seconds",E,declared telemetry column (R-3),0.7467948999983491,0.8273666000459343
"telemetry.row('FIX-STARTS-FULL', 'P-02', 'full:P-02', 'grid[17]').wall_clock_seconds",E,declared telemetry column (R-3),1.0924388999992516,1.0289698999840766
"telemetry.row('FIX-STARTS-FULL', 'P-02', 'full:P-02', 'grid[180]').wall_clock_seconds",E,declared telemetry column (R-3),0.539560099998198,0.6245339000597596
"telemetry.row('FIX-STARTS-FULL', 'P-02', 'full:P-02', 'grid[181]').wall_clock_seconds",E,declared telemetry column (R-3),0.6500185000040801,0.7239844999276102
"telemetry.row('FIX-STARTS-FULL', 'P-02', 'full:P-02', 'grid[182]').wall_clock_seconds",E,declared telemetry column (R-3),0.6692102000015439,0.8096243999898434
"telemetry.row('FIX-STARTS-FULL', 'P-02', 'full:P-02', 'grid[183]').wall_clock_seconds",E,declared telemetry column (R-3),0.6877617000063765,0.7974654999561608
"telemetry.row('FIX-STARTS-FULL', 'P-02', 'full:P-02', 'grid[184]').wall_clock_seconds",E,declared telemetry column (R-3),0.6555410000000848,0.7551402000244707
"telemetry.row('FIX-STARTS-FULL', 'P-02', 'full:P-02', 'grid[185]').wall_clock_seconds",E,declared telemetry column (R-3),0.6732057999979588,0.7839838999789208
"telemetry.row('FIX-STARTS-FULL', 'P-02', 'full:P-02', 'grid[186]').wall_clock_seconds",E,declared telemetry column (R-3),0.7011525000052643,0.8318582999054343
"telemetry.row('FIX-STARTS-FULL', 'P-02', 'full:P-02', 'grid[187]').wall_clock_seconds",E,declared telemetry column (R-3),0.587100199998531,0.6695823000045493
"telemetry.row('FIX-STARTS-FULL', 'P-02', 'full:P-02', 'grid[188]').wall_clock_seconds",E,declared telemetry column (R-3),1.0673452000046382,1.2022013999521732
"telemetry.row('FIX-STARTS-FULL', 'P-02', 'full:P-02', 'grid[189]').wall_clock_seconds",E,declared telemetry column (R-3),0.6805546000032336,0.7721921000629663
"telemetry.row('FIX-STARTS-FULL', 'P-02', 'full:P-02', 'grid[18]').wall_clock_seconds",E,declared telemetry column (R-3),0.9381174000009196,1.0409670000663027
"telemetry.row('FIX-STARTS-FULL', 'P-02', 'full:P-02', 'grid[190]').wall_clock_seconds",E,declared telemetry column (R-3),1.6730969000054756,1.8961568999802694
"telemetry.row('FIX-STARTS-FULL', 'P-02', 'full:P-02', 'grid[191]').wall_clock_seconds",E,declared telemetry column (R-3),0.6894315000026836,0.7758931999560446
"telemetry.row('FIX-STARTS-FULL', 'P-02', 'full:P-02', 'grid[192]').wall_clock_seconds",E,declared telemetry column (R-3),1.0450291999950423,0.9265849000075832
"telemetry.row('FIX-STARTS-FULL', 'P-02', 'full:P-02', 'grid[193]').wall_clock_seconds",E,declared telemetry column (R-3),0.7995848999998998,0.8469669999321923
"telemetry.row('FIX-STARTS-FULL', 'P-02', 'full:P-02', 'grid[194]').wall_clock_seconds",E,declared telemetry column (R-3),0.7520899000010104,0.7827961000148207
"telemetry.row('FIX-STARTS-FULL', 'P-02', 'full:P-02', 'grid[195]').wall_clock_seconds",E,declared telemetry column (R-3),0.8669407000052161,0.9053445000899956
"telemetry.row('FIX-STARTS-FULL', 'P-02', 'full:P-02', 'grid[196]').wall_clock_seconds",E,declared telemetry column (R-3),0.8706645999991451,1.010366200003773
"telemetry.row('FIX-STARTS-FULL', 'P-02', 'full:P-02', 'grid[197]').wall_clock_seconds",E,declared telemetry column (R-3),1.9779693999953452,1.90157729992643
"telemetry.row('FIX-STARTS-FULL', 'P-02', 'full:P-02', 'grid[198]').wall_clock_seconds",E,declared telemetry column (R-3),1.7741785000034724,1.9689958000089973
"telemetry.row('FIX-STARTS-FULL', 'P-02', 'full:P-02', 'grid[199]').wall_clock_seconds",E,declared telemetry column (R-3),0.8193647000007331,0.8608441000105813
"telemetry.row('FIX-STARTS-FULL', 'P-02', 'full:P-02', 'grid[19]').wall_clock_seconds",E,declared telemetry column (R-3),0.8670103000040399,0.9014919999754056
"telemetry.row('FIX-STARTS-FULL', 'P-02', 'full:P-02', 'grid[1]').wall_clock_seconds",E,declared telemetry column (R-3),1.0796116999990772,0.9464126999955624
"telemetry.row('FIX-STARTS-FULL', 'P-02', 'full:P-02', 'grid[200]').wall_clock_seconds",E,declared telemetry column (R-3),0.873616500000935,0.9301904999883845
"telemetry.row('FIX-STARTS-FULL', 'P-02', 'full:P-02', 'grid[201]').wall_clock_seconds",E,declared telemetry column (R-3),0.6923258000024362,0.6945362999103963
"telemetry.row('FIX-STARTS-FULL', 'P-02', 'full:P-02', 'grid[202]').wall_clock_seconds",E,declared telemetry column (R-3),0.6958354000016698,0.762194599956274
"telemetry.row('FIX-STARTS-FULL', 'P-02', 'full:P-02', 'grid[203]').wall_clock_seconds",E,declared telemetry column (R-3),0.6398035000020172,0.6310889000305906
"telemetry.row('FIX-STARTS-FULL', 'P-02', 'full:P-02', 'grid[204]').wall_clock_seconds",E,declared telemetry column (R-3),1.0867241000014474,1.0052370000630617
"telemetry.row('FIX-STARTS-FULL', 'P-02', 'full:P-02', 'grid[205]').wall_clock_seconds",E,declared telemetry column (R-3),0.81012809999811,0.8030820999993011
"telemetry.row('FIX-STARTS-FULL', 'P-02', 'full:P-02', 'grid[206]').wall_clock_seconds",E,declared telemetry column (R-3),0.8537861000004341,0.8844557999400422
"telemetry.row('FIX-STARTS-FULL', 'P-02', 'full:P-02', 'grid[207]').wall_clock_seconds",E,declared telemetry column (R-3),0.71151710000413,0.7546647998970002
"telemetry.row('FIX-STARTS-FULL', 'P-02', 'full:P-02', 'grid[208]').wall_clock_seconds",E,declared telemetry column (R-3),1.7648401999977068,1.9140355000272393
"telemetry.row('FIX-STARTS-FULL', 'P-02', 'full:P-02', 'grid[209]').wall_clock_seconds",E,declared telemetry column (R-3),1.311059200001182,1.4662219999590889
"telemetry.row('FIX-STARTS-FULL', 'P-02', 'full:P-02', 'grid[20]').wall_clock_seconds",E,declared telemetry column (R-3),2.608618500002194,2.0798405000241473
"telemetry.row('FIX-STARTS-FULL', 'P-02', 'full:P-02', 'grid[210]').wall_clock_seconds",E,declared telemetry column (R-3),2.0813775999995414,1.9957515000132844
"telemetry.row('FIX-STARTS-FULL', 'P-02', 'full:P-02', 'grid[211]').wall_clock_seconds",E,declared telemetry column (R-3),1.651759200001834,1.8789666999364272
"telemetry.row('FIX-STARTS-FULL', 'P-02', 'full:P-02', 'grid[212]').wall_clock_seconds",E,declared telemetry column (R-3),0.5992943000019295,0.5949613000266254
"telemetry.row('FIX-STARTS-FULL', 'P-02', 'full:P-02', 'grid[213]').wall_clock_seconds",E,declared telemetry column (R-3),0.7879381999955513,0.8718769000843167
"telemetry.row('FIX-STARTS-FULL', 'P-02', 'full:P-02', 'grid[214]').wall_clock_seconds",E,declared telemetry column (R-3),1.8822087000007741,1.956008900073357
"telemetry.row('FIX-STARTS-FULL', 'P-02', 'full:P-02', 'grid[215]').wall_clock_seconds",E,declared telemetry column (R-3),0.7776221000021906,0.8606295000063255
"telemetry.row('FIX-STARTS-FULL', 'P-02', 'full:P-02', 'grid[216]').wall_clock_seconds",E,declared telemetry column (R-3),0.7002147000021068,0.7844599999953061
"telemetry.row('FIX-STARTS-FULL', 'P-02', 'full:P-02', 'grid[217]').wall_clock_seconds",E,declared telemetry column (R-3),0.7948029000035604,0.8769048999529332
"telemetry.row('FIX-STARTS-FULL', 'P-02', 'full:P-02', 'grid[218]').wall_clock_seconds",E,declared telemetry column (R-3),0.5954769000018132,0.7134857999626547
"telemetry.row('FIX-STARTS-FULL', 'P-02', 'full:P-02', 'grid[219]').wall_clock_seconds",E,declared telemetry column (R-3),0.6290319999970961,0.7318085000151768
"telemetry.row('FIX-STARTS-FULL', 'P-02', 'full:P-02', 'grid[21]').wall_clock_seconds",E,declared telemetry column (R-3),0.74993739999627,0.8171822000294924
"telemetry.row('FIX-STARTS-FULL', 'P-02', 'full:P-02', 'grid[220]').wall_clock_seconds",E,declared telemetry column (R-3),0.6353852999964147,0.7576871999772266
"telemetry.row('FIX-STARTS-FULL', 'P-02', 'full:P-02', 'grid[221]').wall_clock_seconds",E,declared telemetry column (R-3),0.6472579999972368,0.7697003999492154
"telemetry.row('FIX-STARTS-FULL', 'P-02', 'full:P-02', 'grid[222]').wall_clock_seconds",E,declared telemetry column (R-3),1.7289472999982536,1.9399529000511393
"telemetry.row('FIX-STARTS-FULL', 'P-02', 'full:P-02', 'grid[223]').wall_clock_seconds",E,declared telemetry column (R-3),1.9100504999951227,2.164232900016941
"telemetry.row('FIX-STARTS-FULL', 'P-02', 'full:P-02', 'grid[224]').wall_clock_seconds",E,declared telemetry column (R-3),1.3400449999971897,1.0075652999803424
"telemetry.row('FIX-STARTS-FULL', 'P-02', 'full:P-02', 'grid[225]').wall_clock_seconds",E,declared telemetry column (R-3),1.794546299999638,1.9143523999955505
"telemetry.row('FIX-STARTS-FULL', 'P-02', 'full:P-02', 'grid[226]').wall_clock_seconds",E,declared telemetry column (R-3),0.7303476000015507,0.7753924999851733
"telemetry.row('FIX-STARTS-FULL', 'P-02', 'full:P-02', 'grid[227]').wall_clock_seconds",E,declared telemetry column (R-3),0.6549435999986599,0.7293634000234306
"telemetry.row('FIX-STARTS-FULL', 'P-02', 'full:P-02', 'grid[228]').wall_clock_seconds",E,declared telemetry column (R-3),0.7266563000011956,0.7955909000011161
"telemetry.row('FIX-STARTS-FULL', 'P-02', 'full:P-02', 'grid[229]').wall_clock_seconds",E,declared telemetry column (R-3),0.8759905000042636,0.906397300073877
"telemetry.row('FIX-STARTS-FULL', 'P-02', 'full:P-02', 'grid[22]').wall_clock_seconds",E,declared telemetry column (R-3),0.7043083000025945,0.6373856000136584
"telemetry.row('FIX-STARTS-FULL', 'P-02', 'full:P-02', 'grid[230]').wall_clock_seconds",E,declared telemetry column (R-3),0.7430945000014617,0.7788602000800893
"telemetry.row('FIX-STARTS-FULL', 'P-02', 'full:P-02', 'grid[231]').wall_clock_seconds",E,declared telemetry column (R-3),0.7649285000006785,0.8117930999724194
"telemetry.row('FIX-STARTS-FULL', 'P-02', 'full:P-02', 'grid[232]').wall_clock_seconds",E,declared telemetry column (R-3),1.7273083999971277,1.8267754999687895
"telemetry.row('FIX-STARTS-FULL', 'P-02', 'full:P-02', 'grid[233]').wall_clock_seconds",E,declared telemetry column (R-3),0.9043310999986716,1.0123768000630662
"telemetry.row('FIX-STARTS-FULL', 'P-02', 'full:P-02', 'grid[234]').wall_clock_seconds",E,declared telemetry column (R-3),1.7473268000030657,1.9656680000480264
"telemetry.row('FIX-STARTS-FULL', 'P-02', 'full:P-02', 'grid[235]').wall_clock_seconds",E,declared telemetry column (R-3),0.545169299999543,0.6078227999387309
"telemetry.row('FIX-STARTS-FULL', 'P-02', 'full:P-02', 'grid[236]').wall_clock_seconds",E,declared telemetry column (R-3),0.7641418999992311,0.8732087999815121
"telemetry.row('FIX-STARTS-FULL', 'P-02', 'full:P-02', 'grid[237]').wall_clock_seconds",E,declared telemetry column (R-3),1.802337000000989,2.0519482999807224
"telemetry.row('FIX-STARTS-FULL', 'P-02', 'full:P-02', 'grid[238]').wall_clock_seconds",E,declared telemetry column (R-3),1.7737344000051962,1.893068200093694
"telemetry.row('FIX-STARTS-FULL', 'P-02', 'full:P-02', 'grid[239]').wall_clock_seconds",E,declared telemetry column (R-3),0.6670307000022149,0.7518989000236616
"telemetry.row('FIX-STARTS-FULL', 'P-02', 'full:P-02', 'grid[23]').wall_clock_seconds",E,declared telemetry column (R-3),1.750138600000355,1.8964824998984113
"telemetry.row('FIX-STARTS-FULL', 'P-02', 'full:P-02', 'grid[240]').wall_clock_seconds",E,declared telemetry column (R-3),1.6039298000032431,1.915173599962145
"telemetry.row('FIX-STARTS-FULL', 'P-02', 'full:P-02', 'grid[241]').wall_clock_seconds",E,declared telemetry column (R-3),1.8588717000020551,2.0647284000879154
"telemetry.row('FIX-STARTS-FULL', 'P-02', 'full:P-02', 'grid[242]').wall_clock_seconds",E,declared telemetry column (R-3),0.7309229999955278,0.7741733000148088
"telemetry.row('FIX-STARTS-FULL', 'P-02', 'full:P-02', 'grid[243]').wall_clock_seconds",E,declared telemetry column (R-3),0.6979980999967665,0.7554900000104681
"telemetry.row('FIX-STARTS-FULL', 'P-02', 'full:P-02', 'grid[244]').wall_clock_seconds",E,declared telemetry column (R-3),0.8508140000049025,0.9019610000541434
"telemetry.row('FIX-STARTS-FULL', 'P-02', 'full:P-02', 'grid[245]').wall_clock_seconds",E,declared telemetry column (R-3),0.611532900002203,0.6775641000131145
"telemetry.row('FIX-STARTS-FULL', 'P-02', 'full:P-02', 'grid[246]').wall_clock_seconds",E,declared telemetry column (R-3),0.6794175000031828,0.7765090999891981
"telemetry.row('FIX-STARTS-FULL', 'P-02', 'full:P-02', 'grid[247]').wall_clock_seconds",E,declared telemetry column (R-3),1.7011318000004394,1.8896161000011489
"telemetry.row('FIX-STARTS-FULL', 'P-02', 'full:P-02', 'grid[248]').wall_clock_seconds",E,declared telemetry column (R-3),1.738700299996708,1.9292183000361547
"telemetry.row('FIX-STARTS-FULL', 'P-02', 'full:P-02', 'grid[249]').wall_clock_seconds",E,declared telemetry column (R-3),1.7121022999999695,1.9722002999624237
"telemetry.row('FIX-STARTS-FULL', 'P-02', 'full:P-02', 'grid[24]').wall_clock_seconds",E,declared telemetry column (R-3),0.9687414999934845,0.7769190999679267
"telemetry.row('FIX-STARTS-FULL', 'P-02', 'full:P-02', 'grid[250]').wall_clock_seconds",E,declared telemetry column (R-3),1.2443542000037269,1.380915499990806
"telemetry.row('FIX-STARTS-FULL', 'P-02', 'full:P-02', 'grid[251]').wall_clock_seconds",E,declared telemetry column (R-3),1.4757724999944912,1.5178203000687063
"telemetry.row('FIX-STARTS-FULL', 'P-02', 'full:P-02', 'grid[252]').wall_clock_seconds",E,declared telemetry column (R-3),1.768344199997955,1.8601006000535563
"telemetry.row('FIX-STARTS-FULL', 'P-02', 'full:P-02', 'grid[253]').wall_clock_seconds",E,declared telemetry column (R-3),1.7716719999953057,1.8670183001086116
"telemetry.row('FIX-STARTS-FULL', 'P-02', 'full:P-02', 'grid[254]').wall_clock_seconds",E,declared telemetry column (R-3),1.746174499996414,1.8947087000124156
"telemetry.row('FIX-STARTS-FULL', 'P-02', 'full:P-02', 'grid[255]').wall_clock_seconds",E,declared telemetry column (R-3),1.7940783999947598,1.9326098000165075
"telemetry.row('FIX-STARTS-FULL', 'P-02', 'full:P-02', 'grid[256]').wall_clock_seconds",E,declared telemetry column (R-3),0.8435487000024295,0.8695519000757486
"telemetry.row('FIX-STARTS-FULL', 'P-02', 'full:P-02', 'grid[257]').wall_clock_seconds",E,declared telemetry column (R-3),1.9661111000023084,1.838916299981065
"telemetry.row('FIX-STARTS-FULL', 'P-02', 'full:P-02', 'grid[258]').wall_clock_seconds",E,declared telemetry column (R-3),1.4916224000044167,1.71005650004372
"telemetry.row('FIX-STARTS-FULL', 'P-02', 'full:P-02', 'grid[259]').wall_clock_seconds",E,declared telemetry column (R-3),0.9348738999979105,0.9271915999706835
"telemetry.row('FIX-STARTS-FULL', 'P-02', 'full:P-02', 'grid[25]').wall_clock_seconds",E,declared telemetry column (R-3),0.7292099000042072,0.747682600049302
"telemetry.row('FIX-STARTS-FULL', 'P-02', 'full:P-02', 'grid[260]').wall_clock_seconds",E,declared telemetry column (R-3),0.9862695000047097,1.0526126000331715
"telemetry.row('FIX-STARTS-FULL', 'P-02', 'full:P-02', 'grid[26]').wall_clock_seconds",E,declared telemetry column (R-3),0.48756500000308733,0.5438164999941364
"telemetry.row('FIX-STARTS-FULL', 'P-02', 'full:P-02', 'grid[27]').wall_clock_seconds",E,declared telemetry column (R-3),1.1774577999967732,1.2248968998901546
"telemetry.row('FIX-STARTS-FULL', 'P-02', 'full:P-02', 'grid[28]').wall_clock_seconds",E,declared telemetry column (R-3),0.7824340000006487,0.8512095999903977
"telemetry.row('FIX-STARTS-FULL', 'P-02', 'full:P-02', 'grid[29]').wall_clock_seconds",E,declared telemetry column (R-3),0.7560410000005504,0.7963256000075489
"telemetry.row('FIX-STARTS-FULL', 'P-02', 'full:P-02', 'grid[2]').wall_clock_seconds",E,declared telemetry column (R-3),0.9874224000013783,1.052339299931191
"telemetry.row('FIX-STARTS-FULL', 'P-02', 'full:P-02', 'grid[30]').wall_clock_seconds",E,declared telemetry column (R-3),0.8739056000049459,0.8706345999380574
"telemetry.row('FIX-STARTS-FULL', 'P-02', 'full:P-02', 'grid[31]').wall_clock_seconds",E,declared telemetry column (R-3),1.1238722999987658,0.736291499924846
"telemetry.row('FIX-STARTS-FULL', 'P-02', 'full:P-02', 'grid[32]').wall_clock_seconds",E,declared telemetry column (R-3),1.2572064999985741,0.8534691999666393
"telemetry.row('FIX-STARTS-FULL', 'P-02', 'full:P-02', 'grid[33]').wall_clock_seconds",E,declared telemetry column (R-3),1.2915715999988606,0.7829947000136599
"telemetry.row('FIX-STARTS-FULL', 'P-02', 'full:P-02', 'grid[34]').wall_clock_seconds",E,declared telemetry column (R-3),0.5925636000029044,0.4576752999564633
"telemetry.row('FIX-STARTS-FULL', 'P-02', 'full:P-02', 'grid[35]').wall_clock_seconds",E,declared telemetry column (R-3),1.1105421999964165,0.9482448999769986
"telemetry.row('FIX-STARTS-FULL', 'P-02', 'full:P-02', 'grid[36]').wall_clock_seconds",E,declared telemetry column (R-3),0.7071887999991304,0.7825178999919444
"telemetry.row('FIX-STARTS-FULL', 'P-02', 'full:P-02', 'grid[37]').wall_clock_seconds",E,declared telemetry column (R-3),0.6873875000019325,0.7538906999398023
"telemetry.row('FIX-STARTS-FULL', 'P-02', 'full:P-02', 'grid[38]').wall_clock_seconds",E,declared telemetry column (R-3),1.6994410999977845,2.0384445999516174
"telemetry.row('FIX-STARTS-FULL', 'P-02', 'full:P-02', 'grid[39]').wall_clock_seconds",E,declared telemetry column (R-3),3.159046100001433,1.910960500012152
"telemetry.row('FIX-STARTS-FULL', 'P-02', 'full:P-02', 'grid[3]').wall_clock_seconds",E,declared telemetry column (R-3),0.6843843000024208,0.7402175000170246
"telemetry.row('FIX-STARTS-FULL', 'P-02', 'full:P-02', 'grid[40]').wall_clock_seconds",E,declared telemetry column (R-3),1.046334000006027,0.6545916999457404
"telemetry.row('FIX-STARTS-FULL', 'P-02', 'full:P-02', 'grid[41]').wall_clock_seconds",E,declared telemetry column (R-3),1.3106477000037557,0.8363504000008106
"telemetry.row('FIX-STARTS-FULL', 'P-02', 'full:P-02', 'grid[42]').wall_clock_seconds",E,declared telemetry column (R-3),2.690720799997507,1.8552696000551805
"telemetry.row('FIX-STARTS-FULL', 'P-02', 'full:P-02', 'grid[43]').wall_clock_seconds",E,declared telemetry column (R-3),0.6538170999992872,0.5588659999193624
"telemetry.row('FIX-STARTS-FULL', 'P-02', 'full:P-02', 'grid[44]').wall_clock_seconds",E,declared telemetry column (R-3),0.4589352999973926,0.423053800011985
"telemetry.row('FIX-STARTS-FULL', 'P-02', 'full:P-02', 'grid[45]').wall_clock_seconds",E,declared telemetry column (R-3),0.6922030000059749,0.7517089999746531
"telemetry.row('FIX-STARTS-FULL', 'P-02', 'full:P-02', 'grid[46]').wall_clock_seconds",E,declared telemetry column (R-3),1.6438114999982645,1.872515399940312
"telemetry.row('FIX-STARTS-FULL', 'P-02', 'full:P-02', 'grid[47]').wall_clock_seconds",E,declared telemetry column (R-3),1.6388995000015711,1.8575129000237212
"telemetry.row('FIX-STARTS-FULL', 'P-02', 'full:P-02', 'grid[48]').wall_clock_seconds",E,declared telemetry column (R-3),0.7946585000026971,0.89361380005721
"telemetry.row('FIX-STARTS-FULL', 'P-02', 'full:P-02', 'grid[49]').wall_clock_seconds",E,declared telemetry column (R-3),1.1769697999989148,1.1007196999853477
"telemetry.row('FIX-STARTS-FULL', 'P-02', 'full:P-02', 'grid[4]').wall_clock_seconds",E,declared telemetry column (R-3),1.1214582000029623,0.9148559999885038
"telemetry.row('FIX-STARTS-FULL', 'P-02', 'full:P-02', 'grid[50]').wall_clock_seconds",E,declared telemetry column (R-3),1.1801561000029324,1.0655696999747306
"telemetry.row('FIX-STARTS-FULL', 'P-02', 'full:P-02', 'grid[51]').wall_clock_seconds",E,declared telemetry column (R-3),0.6793039999975008,0.7649242000188679
"telemetry.row('FIX-STARTS-FULL', 'P-02', 'full:P-02', 'grid[52]').wall_clock_seconds",E,declared telemetry column (R-3),1.2293613000001642,1.285737100057304
"telemetry.row('FIX-STARTS-FULL', 'P-02', 'full:P-02', 'grid[53]').wall_clock_seconds",E,declared telemetry column (R-3),1.7904085999980452,1.813832699903287
"telemetry.row('FIX-STARTS-FULL', 'P-02', 'full:P-02', 'grid[54]').wall_clock_seconds",E,declared telemetry column (R-3),2.3425872000007075,1.8969954999629408
"telemetry.row('FIX-STARTS-FULL', 'P-02', 'full:P-02', 'grid[55]').wall_clock_seconds",E,declared telemetry column (R-3),1.0839567999937572,0.8154046999989077
"telemetry.row('FIX-STARTS-FULL', 'P-02', 'full:P-02', 'grid[56]').wall_clock_seconds",E,declared telemetry column (R-3),0.8958064000034938,0.7357635999796912
"telemetry.row('FIX-STARTS-FULL', 'P-02', 'full:P-02', 'grid[57]').wall_clock_seconds",E,declared telemetry column (R-3),1.4143137999999453,1.104056700016372
"telemetry.row('FIX-STARTS-FULL', 'P-02', 'full:P-02', 'grid[58]').wall_clock_seconds",E,declared telemetry column (R-3),1.3324218000052497,1.1638161001028493
"telemetry.row('FIX-STARTS-FULL', 'P-02', 'full:P-02', 'grid[59]').wall_clock_seconds",E,declared telemetry column (R-3),1.0483119000055012,0.8488069000886753
"telemetry.row('FIX-STARTS-FULL', 'P-02', 'full:P-02', 'grid[5]').wall_clock_seconds",E,declared telemetry column (R-3),1.8645699999979115,1.9493219000287354
"telemetry.row('FIX-STARTS-FULL', 'P-02', 'full:P-02', 'grid[60]').wall_clock_seconds",E,declared telemetry column (R-3),1.0629589000018314,0.7427495999727398
"telemetry.row('FIX-STARTS-FULL', 'P-02', 'full:P-02', 'grid[61]').wall_clock_seconds",E,declared telemetry column (R-3),1.5165046000038274,0.8394778999499977
"telemetry.row('FIX-STARTS-FULL', 'P-02', 'full:P-02', 'grid[62]').wall_clock_seconds",E,declared telemetry column (R-3),1.958287300003576,1.195396599941887
"telemetry.row('FIX-STARTS-FULL', 'P-02', 'full:P-02', 'grid[63]').wall_clock_seconds",E,declared telemetry column (R-3),2.157423700002255,1.314738499931991
"telemetry.row('FIX-STARTS-FULL', 'P-02', 'full:P-02', 'grid[64]').wall_clock_seconds",E,declared telemetry column (R-3),0.9756806000004872,0.9477240999694914
"telemetry.row('FIX-STARTS-FULL', 'P-02', 'full:P-02', 'grid[65]').wall_clock_seconds",E,declared telemetry column (R-3),0.881339300001855,0.9504703999264166
"telemetry.row('FIX-STARTS-FULL', 'P-02', 'full:P-02', 'grid[66]').wall_clock_seconds",E,declared telemetry column (R-3),1.8746498999971664,1.9292462000157684
"telemetry.row('FIX-STARTS-FULL', 'P-02', 'full:P-02', 'grid[67]').wall_clock_seconds",E,declared telemetry column (R-3),0.7417125000065425,0.8074711000081152
"telemetry.row('FIX-STARTS-FULL', 'P-02', 'full:P-02', 'grid[68]').wall_clock_seconds",E,declared telemetry column (R-3),0.5717885999983991,0.610224400064908
"telemetry.row('FIX-STARTS-FULL', 'P-02', 'full:P-02', 'grid[69]').wall_clock_seconds",E,declared telemetry column (R-3),0.6910093999977107,0.6815397000173107
"telemetry.row('FIX-STARTS-FULL', 'P-02', 'full:P-02', 'grid[6]').wall_clock_seconds",E,declared telemetry column (R-3),1.681463499997335,1.8468276999192312
"telemetry.row('FIX-STARTS-FULL', 'P-02', 'full:P-02', 'grid[70]').wall_clock_seconds",E,declared telemetry column (R-3),1.050592499996128,0.810757500003092
"telemetry.row('FIX-STARTS-FULL', 'P-02', 'full:P-02', 'grid[71]').wall_clock_seconds",E,declared telemetry column (R-3),0.7042001000008895,0.6611345999408513
"telemetry.row('FIX-STARTS-FULL', 'P-02', 'full:P-02', 'grid[72]').wall_clock_seconds",E,declared telemetry column (R-3),0.8862733000059961,0.75440219999291
"telemetry.row('FIX-STARTS-FULL', 'P-02', 'full:P-02', 'grid[73]').wall_clock_seconds",E,declared telemetry column (R-3),1.1121723999967799,0.7964556999504566
"telemetry.row('FIX-STARTS-FULL', 'P-02', 'full:P-02', 'grid[74]').wall_clock_seconds",E,declared telemetry column (R-3),1.3883150999972713,0.758236600086093
"telemetry.row('FIX-STARTS-FULL', 'P-02', 'full:P-02', 'grid[75]').wall_clock_seconds",E,declared telemetry column (R-3),0.8672917000003508,0.8397646000375971
"telemetry.row('FIX-STARTS-FULL', 'P-02', 'full:P-02', 'grid[76]').wall_clock_seconds",E,declared telemetry column (R-3),0.7103543000048376,0.7939636999508366
"telemetry.row('FIX-STARTS-FULL', 'P-02', 'full:P-02', 'grid[77]').wall_clock_seconds",E,declared telemetry column (R-3),0.6039375000036671,0.6813520999858156
"telemetry.row('FIX-STARTS-FULL', 'P-02', 'full:P-02', 'grid[78]').wall_clock_seconds",E,declared telemetry column (R-3),0.8509972999963793,0.7799289000686258
"telemetry.row('FIX-STARTS-FULL', 'P-02', 'full:P-02', 'grid[79]').wall_clock_seconds",E,declared telemetry column (R-3),0.5386079999952926,0.5750830000033602
"telemetry.row('FIX-STARTS-FULL', 'P-02', 'full:P-02', 'grid[7]').wall_clock_seconds",E,declared telemetry column (R-3),0.6816652999987127,0.7759424999821931
"telemetry.row('FIX-STARTS-FULL', 'P-02', 'full:P-02', 'grid[80]').wall_clock_seconds",E,declared telemetry column (R-3),0.7438750999936019,0.7715666999574751
"telemetry.row('FIX-STARTS-FULL', 'P-02', 'full:P-02', 'grid[81]').wall_clock_seconds",E,declared telemetry column (R-3),1.7131122999999207,1.938907100004144
"telemetry.row('FIX-STARTS-FULL', 'P-02', 'full:P-02', 'grid[82]').wall_clock_seconds",E,declared telemetry column (R-3),0.5032539999956498,0.5775108000962064
"telemetry.row('FIX-STARTS-FULL', 'P-02', 'full:P-02', 'grid[83]').wall_clock_seconds",E,declared telemetry column (R-3),0.7979533999969135,1.078247099998407
"telemetry.row('FIX-STARTS-FULL', 'P-02', 'full:P-02', 'grid[84]').wall_clock_seconds",E,declared telemetry column (R-3),0.7989659000013489,1.050588299985975
"telemetry.row('FIX-STARTS-FULL', 'P-02', 'full:P-02', 'grid[85]').wall_clock_seconds",E,declared telemetry column (R-3),1.647895400004927,1.8866587999509647
"telemetry.row('FIX-STARTS-FULL', 'P-02', 'full:P-02', 'grid[86]').wall_clock_seconds",E,declared telemetry column (R-3),1.700640500006557,1.9392614000244066
"telemetry.row('FIX-STARTS-FULL', 'P-02', 'full:P-02', 'grid[87]').wall_clock_seconds",E,declared telemetry column (R-3),1.675318800000241,1.89527699991595
"telemetry.row('FIX-STARTS-FULL', 'P-02', 'full:P-02', 'grid[88]').wall_clock_seconds",E,declared telemetry column (R-3),1.9043758999978309,1.884787300019525
"telemetry.row('FIX-STARTS-FULL', 'P-02', 'full:P-02', 'grid[89]').wall_clock_seconds",E,declared telemetry column (R-3),0.7166646999976365,0.8119078000308946
"telemetry.row('FIX-STARTS-FULL', 'P-02', 'full:P-02', 'grid[8]').wall_clock_seconds",E,declared telemetry column (R-3),0.7691310000009253,1.1065582999726757
"telemetry.row('FIX-STARTS-FULL', 'P-02', 'full:P-02', 'grid[90]').wall_clock_seconds",E,declared telemetry column (R-3),0.540405899999314,0.6192379000131041
"telemetry.row('FIX-STARTS-FULL', 'P-02', 'full:P-02', 'grid[91]').wall_clock_seconds",E,declared telemetry column (R-3),0.5883729999986826,0.6955157000338659
"telemetry.row('FIX-STARTS-FULL', 'P-02', 'full:P-02', 'grid[92]').wall_clock_seconds",E,declared telemetry column (R-3),1.6414458000072045,1.9136929999804124
"telemetry.row('FIX-STARTS-FULL', 'P-02', 'full:P-02', 'grid[93]').wall_clock_seconds",E,declared telemetry column (R-3),0.47638610000285553,0.5565573000349104
"telemetry.row('FIX-STARTS-FULL', 'P-02', 'full:P-02', 'grid[94]').wall_clock_seconds",E,declared telemetry column (R-3),0.5389622000002419,0.6145189999369904
"telemetry.row('FIX-STARTS-FULL', 'P-02', 'full:P-02', 'grid[95]').wall_clock_seconds",E,declared telemetry column (R-3),0.8481087999971351,0.9924953000154346
"telemetry.row('FIX-STARTS-FULL', 'P-02', 'full:P-02', 'grid[96]').wall_clock_seconds",E,declared telemetry column (R-3),0.4990728000047966,0.6137908999808133
"telemetry.row('FIX-STARTS-FULL', 'P-02', 'full:P-02', 'grid[97]').wall_clock_seconds",E,declared telemetry column (R-3),0.5653335999959381,0.7550902999937534
"telemetry.row('FIX-STARTS-FULL', 'P-02', 'full:P-02', 'grid[98]').wall_clock_seconds",E,declared telemetry column (R-3),0.5900899000043864,0.6851254000794142
"telemetry.row('FIX-STARTS-FULL', 'P-02', 'full:P-02', 'grid[99]').wall_clock_seconds",E,declared telemetry column (R-3),1.615348699997412,1.90498829993885
"telemetry.row('FIX-STARTS-FULL', 'P-02', 'full:P-02', 'grid[9]').wall_clock_seconds",E,declared telemetry column (R-3),1.9026250000024447,1.915112900082022
"telemetry.row('SCEN-A', 'P-01', 'run1:F0:fold0', 'feature').wall_clock_seconds",E,declared telemetry column (R-3),0.33692729999893345,0.37640980002470315
"telemetry.row('SCEN-A', 'P-01', 'run1:F0:fold0', 'grid[0]').wall_clock_seconds",E,declared telemetry column (R-3),0.5213978000028874,0.5641299999551848
"telemetry.row('SCEN-A', 'P-01', 'run1:F0:fold0', 'grid[365]').wall_clock_seconds",E,declared telemetry column (R-3),0.04869079999480164,0.052296799956820905
"telemetry.row('SCEN-A', 'P-01', 'run1:F0:fold0', 'grid[730]').wall_clock_seconds",E,declared telemetry column (R-3),0.06794820000504842,0.07050929998513311
"telemetry.row('SCEN-A', 'P-01', 'run1:F0:fold1', 'feature').wall_clock_seconds",E,declared telemetry column (R-3),0.45467680000001565,0.4790520000969991
"telemetry.row('SCEN-A', 'P-01', 'run1:F0:fold1', 'grid[0]').wall_clock_seconds",E,declared telemetry column (R-3),0.5300530999957118,0.6094271000474691
"telemetry.row('SCEN-A', 'P-01', 'run1:F0:fold1', 'grid[365]').wall_clock_seconds",E,declared telemetry column (R-3),0.3650271000005887,0.397802900057286
"telemetry.row('SCEN-A', 'P-01', 'run1:F0:fold1', 'grid[730]').wall_clock_seconds",E,declared telemetry column (R-3),0.18514529999811202,0.21409520006272942
"telemetry.row('SCEN-A', 'P-01', 'run1:F0:fold2', 'feature').wall_clock_seconds",E,declared telemetry column (R-3),0.39929209999536397,0.46586009999737144
"telemetry.row('SCEN-A', 'P-01', 'run1:F0:fold2', 'grid[0]').wall_clock_seconds",E,declared telemetry column (R-3),0.5409679000003962,0.6050513000227511
"telemetry.row('SCEN-A', 'P-01', 'run1:F0:fold2', 'grid[365]').wall_clock_seconds",E,declared telemetry column (R-3),0.7141831999979331,0.7952889000298455
"telemetry.row('SCEN-A', 'P-01', 'run1:F0:fold2', 'grid[730]').wall_clock_seconds",E,declared telemetry column (R-3),0.15489839999645483,0.17501809995155782
"telemetry.row('SCEN-A', 'P-01', 'run1:F0:fold3', 'feature').wall_clock_seconds",E,declared telemetry column (R-3),0.36478470000292873,0.48504209995735437
"telemetry.row('SCEN-A', 'P-01', 'run1:F0:fold3', 'grid[0]').wall_clock_seconds",E,declared telemetry column (R-3),0.32854170000064187,0.38901899999473244
"telemetry.row('SCEN-A', 'P-01', 'run1:F0:fold3', 'grid[365]').wall_clock_seconds",E,declared telemetry column (R-3),0.5545920000004116,0.6338791000889614
"telemetry.row('SCEN-A', 'P-01', 'run1:F0:fold3', 'grid[730]').wall_clock_seconds",E,declared telemetry column (R-3),0.1878604000012274,0.22513740009162575
"telemetry.row('SCEN-A', 'P-01', 'run1:F0:fold4', 'feature').wall_clock_seconds",E,declared telemetry column (R-3),0.37882250000257045,0.42986669996753335
"telemetry.row('SCEN-A', 'P-01', 'run1:F0:fold4', 'grid[0]').wall_clock_seconds",E,declared telemetry column (R-3),0.5827016999974148,0.7429347999859601
"telemetry.row('SCEN-A', 'P-01', 'run1:F0:fold4', 'grid[365]').wall_clock_seconds",E,declared telemetry column (R-3),0.5227454999985639,0.5867125999648124
"telemetry.row('SCEN-A', 'P-01', 'run1:F0:fold4', 'grid[730]').wall_clock_seconds",E,declared telemetry column (R-3),0.061468100000638515,0.0741031999932602
"telemetry.row('SCEN-A', 'P-01', 'run1:F0:full', 'feature').wall_clock_seconds",E,declared telemetry column (R-3),0.28147180000087246,0.2892770000034943
"telemetry.row('SCEN-A', 'P-01', 'run1:F0:full', 'grid[0]').wall_clock_seconds",E,declared telemetry column (R-3),0.6246770000070683,0.5326267000054941
"telemetry.row('SCEN-A', 'P-01', 'run1:F0:full', 'grid[365]').wall_clock_seconds",E,declared telemetry column (R-3),0.42188209999585524,0.44332029996439815
"telemetry.row('SCEN-A', 'P-01', 'run1:F0:full', 'grid[730]').wall_clock_seconds",E,declared telemetry column (R-3),0.15683480000006966,0.1801072999369353
"telemetry.row('SCEN-A', 'P-01', 'run1:F0:probeL', 'feature').wall_clock_seconds",E,declared telemetry column (R-3),0.466902599997411,0.5294997999444604
"telemetry.row('SCEN-A', 'P-01', 'run1:F0:probeL', 'grid[0]').wall_clock_seconds",E,declared telemetry column (R-3),0.1270663000032073,0.14124289993196726
"telemetry.row('SCEN-A', 'P-01', 'run1:F0:probeL', 'grid[365]').wall_clock_seconds",E,declared telemetry column (R-3),0.6709826000005705,0.7371893000090495
"telemetry.row('SCEN-A', 'P-01', 'run1:F0:probeL', 'grid[730]').wall_clock_seconds",E,declared telemetry column (R-3),0.26340880000498146,0.29904890002217144
"telemetry.row('SCEN-A', 'P-01', 'run1:F0:probeR', 'feature').wall_clock_seconds",E,declared telemetry column (R-3),0.219764599998598,0.23518109996803105
"telemetry.row('SCEN-A', 'P-01', 'run1:F0:probeR', 'grid[0]').wall_clock_seconds",E,declared telemetry column (R-3),0.5916760999971302,0.6394618999911472
"telemetry.row('SCEN-A', 'P-01', 'run1:F0:probeR', 'grid[365]').wall_clock_seconds",E,declared telemetry column (R-3),0.7278122999996413,0.8198208999820054
"telemetry.row('SCEN-A', 'P-01', 'run1:F0:probeR', 'grid[730]').wall_clock_seconds",E,declared telemetry column (R-3),0.12294139999721665,0.13861189992167056
"telemetry.row('SCEN-A', 'P-01', 'run1:M0:fold0', 'feature').wall_clock_seconds",E,declared telemetry column (R-3),0.368778600000951,0.4184958999976516
"telemetry.row('SCEN-A', 'P-01', 'run1:M0:fold0', 'grid[0]').wall_clock_seconds",E,declared telemetry column (R-3),0.672560600003635,0.5352657000767067
"telemetry.row('SCEN-A', 'P-01', 'run1:M0:fold0', 'grid[365]').wall_clock_seconds",E,declared telemetry column (R-3),0.67397229999915,0.7423329999437556
"telemetry.row('SCEN-A', 'P-01', 'run1:M0:fold0', 'grid[730]').wall_clock_seconds",E,declared telemetry column (R-3),0.5704379999951925,0.630483299959451
"telemetry.row('SCEN-A', 'P-01', 'run1:M0:fold1', 'feature').wall_clock_seconds",E,declared telemetry column (R-3),0.5675200999976369,0.726613900042139
"telemetry.row('SCEN-A', 'P-01', 'run1:M0:fold1', 'grid[0]').wall_clock_seconds",E,declared telemetry column (R-3),0.5371688000013819,0.6101898999186233
"telemetry.row('SCEN-A', 'P-01', 'run1:M0:fold1', 'grid[365]').wall_clock_seconds",E,declared telemetry column (R-3),0.7160901000024751,0.8342862999998033
"telemetry.row('SCEN-A', 'P-01', 'run1:M0:fold1', 'grid[730]').wall_clock_seconds",E,declared telemetry column (R-3),0.07150030000047991,0.08139830001164228
"telemetry.row('SCEN-A', 'P-01', 'run1:M0:fold2', 'feature').wall_clock_seconds",E,declared telemetry column (R-3),0.20462009999755537,0.22163639997597784
"telemetry.row('SCEN-A', 'P-01', 'run1:M0:fold2', 'grid[0]').wall_clock_seconds",E,declared telemetry column (R-3),0.43053150000196183,0.4854401999618858
"telemetry.row('SCEN-A', 'P-01', 'run1:M0:fold2', 'grid[365]').wall_clock_seconds",E,declared telemetry column (R-3),0.6523450999957277,0.6723316999850795
"telemetry.row('SCEN-A', 'P-01', 'run1:M0:fold2', 'grid[730]').wall_clock_seconds",E,declared telemetry column (R-3),0.27964329999667825,0.29168950009625405
"telemetry.row('SCEN-A', 'P-01', 'run1:M0:fold3', 'feature').wall_clock_seconds",E,declared telemetry column (R-3),0.307432699999481,0.30047469993587583
"telemetry.row('SCEN-A', 'P-01', 'run1:M0:fold3', 'grid[0]').wall_clock_seconds",E,declared telemetry column (R-3),0.4692307000004803,0.498411399894394
"telemetry.row('SCEN-A', 'P-01', 'run1:M0:fold3', 'grid[365]').wall_clock_seconds",E,declared telemetry column (R-3),0.5695054000025266,0.6062819000799209
"telemetry.row('SCEN-A', 'P-01', 'run1:M0:fold3', 'grid[730]').wall_clock_seconds",E,declared telemetry column (R-3),0.05786909999733325,0.04060160007793456
"telemetry.row('SCEN-A', 'P-01', 'run1:M0:fold4', 'feature').wall_clock_seconds",E,declared telemetry column (R-3),0.39521429999877,0.454739399952814
"telemetry.row('SCEN-A', 'P-01', 'run1:M0:fold4', 'grid[0]').wall_clock_seconds",E,declared telemetry column (R-3),0.7424543000015547,0.7944185000378639
"telemetry.row('SCEN-A', 'P-01', 'run1:M0:fold4', 'grid[365]').wall_clock_seconds",E,declared telemetry column (R-3),0.7207563999982085,0.784474499989301
"telemetry.row('SCEN-A', 'P-01', 'run1:M0:fold4', 'grid[730]').wall_clock_seconds",E,declared telemetry column (R-3),0.26227970000036294,0.28692619991488755
"telemetry.row('SCEN-A', 'P-01', 'run1:M0:full', 'feature').wall_clock_seconds",E,declared telemetry column (R-3),0.36201640000217594,0.31662539998069406
"telemetry.row('SCEN-A', 'P-01', 'run1:M0:full', 'grid[0]').wall_clock_seconds",E,declared telemetry column (R-3),0.3304781999977422,0.3149159000022337
"telemetry.row('SCEN-A', 'P-01', 'run1:M0:full', 'grid[365]').wall_clock_seconds",E,declared telemetry column (R-3),0.7304234999974142,0.7598214000463486
"telemetry.row('SCEN-A', 'P-01', 'run1:M0:full', 'grid[730]').wall_clock_seconds",E,declared telemetry column (R-3),0.27806889999919804,0.2660288999322802
"telemetry.row('SCEN-A', 'P-01', 'run1:M0:probeL', 'feature').wall_clock_seconds",E,declared telemetry column (R-3),0.3262527999977465,0.3130082000279799
"telemetry.row('SCEN-A', 'P-01', 'run1:M0:probeL', 'grid[0]').wall_clock_seconds",E,declared telemetry column (R-3),0.545242899999721,0.5781848999904469
"telemetry.row('SCEN-A', 'P-01', 'run1:M0:probeL', 'grid[365]').wall_clock_seconds",E,declared telemetry column (R-3),0.6874176999990596,0.6328810999402776
"telemetry.row('SCEN-A', 'P-01', 'run1:M0:probeL', 'grid[730]').wall_clock_seconds",E,declared telemetry column (R-3),0.15470620000269264,0.16846089996397495
"telemetry.row('SCEN-A', 'P-01', 'run1:M0:probeR', 'feature').wall_clock_seconds",E,declared telemetry column (R-3),0.5617914000031305,0.5452392998849973
"telemetry.row('SCEN-A', 'P-01', 'run1:M0:probeR', 'grid[0]').wall_clock_seconds",E,declared telemetry column (R-3),0.4348027000014554,0.4474952999735251
"telemetry.row('SCEN-A', 'P-01', 'run1:M0:probeR', 'grid[365]').wall_clock_seconds",E,declared telemetry column (R-3),0.7447893999997177,0.712782199960202
"telemetry.row('SCEN-A', 'P-01', 'run1:M0:probeR', 'grid[730]').wall_clock_seconds",E,declared telemetry column (R-3),0.06549030000314815,0.07245029998011887
"telemetry.row('SCEN-A', 'P-01', 'run2:F0:fold0', 'feature').wall_clock_seconds",E,declared telemetry column (R-3),0.2770109999983106,0.3658692999742925
"telemetry.row('SCEN-A', 'P-01', 'run2:F0:fold0', 'grid[0]').wall_clock_seconds",E,declared telemetry column (R-3),0.4690733999959775,0.5588985999347642
"telemetry.row('SCEN-A', 'P-01', 'run2:F0:fold0', 'grid[365]').wall_clock_seconds",E,declared telemetry column (R-3),0.038296699996863026,0.051353299990296364
"telemetry.row('SCEN-A', 'P-01', 'run2:F0:fold0', 'grid[730]').wall_clock_seconds",E,declared telemetry column (R-3),0.05377230000158306,0.07665439997799695
"telemetry.row('SCEN-A', 'P-01', 'run2:F0:fold1', 'feature').wall_clock_seconds",E,declared telemetry column (R-3),0.36483510000107344,0.4890590999275446
"telemetry.row('SCEN-A', 'P-01', 'run2:F0:fold1', 'grid[0]').wall_clock_seconds",E,declared telemetry column (R-3),0.46619359999749577,0.617968300008215
"telemetry.row('SCEN-A', 'P-01', 'run2:F0:fold1', 'grid[365]').wall_clock_seconds",E,declared telemetry column (R-3),0.3110837999993237,0.4168931000167504
"telemetry.row('SCEN-A', 'P-01', 'run2:F0:fold1', 'grid[730]').wall_clock_seconds",E,declared telemetry column (R-3),0.15879640000639483,0.21360050002112985
"telemetry.row('SCEN-A', 'P-01', 'run2:F0:fold2', 'feature').wall_clock_seconds",E,declared telemetry column (R-3),0.44668079999974,0.4799586000153795
"telemetry.row('SCEN-A', 'P-01', 'run2:F0:fold2', 'grid[0]').wall_clock_seconds",E,declared telemetry column (R-3),0.49842160000116564,0.6210425000172108
"telemetry.row('SCEN-A', 'P-01', 'run2:F0:fold2', 'grid[365]').wall_clock_seconds",E,declared telemetry column (R-3),0.6093352000025334,0.809015900013037
"telemetry.row('SCEN-A', 'P-01', 'run2:F0:fold2', 'grid[730]').wall_clock_seconds",E,declared telemetry column (R-3),0.14255489999777637,0.17725009995047003
"telemetry.row('SCEN-A', 'P-01', 'run2:F0:fold3', 'feature').wall_clock_seconds",E,declared telemetry column (R-3),0.3625887999951374,0.4186520000221208
"telemetry.row('SCEN-A', 'P-01', 'run2:F0:fold3', 'grid[0]').wall_clock_seconds",E,declared telemetry column (R-3),0.41590890000225045,0.38759449997451156
"telemetry.row('SCEN-A', 'P-01', 'run2:F0:fold3', 'grid[365]').wall_clock_seconds",E,declared telemetry column (R-3),0.5176159000038751,0.6191802999237552
"telemetry.row('SCEN-A', 'P-01', 'run2:F0:fold3', 'grid[730]').wall_clock_seconds",E,declared telemetry column (R-3),0.20443299999897135,0.21962989994790405
"telemetry.row('SCEN-A', 'P-01', 'run2:F0:fold4', 'feature').wall_clock_seconds",E,declared telemetry column (R-3),0.36214349999499973,0.434927900088951
"telemetry.row('SCEN-A', 'P-01', 'run2:F0:fold4', 'grid[0]').wall_clock_seconds",E,declared telemetry column (R-3),0.541402000002563,0.6365265999920666
"telemetry.row('SCEN-A', 'P-01', 'run2:F0:fold4', 'grid[365]').wall_clock_seconds",E,declared telemetry column (R-3),0.4933123999944655,0.6133250999264419
"telemetry.row('SCEN-A', 'P-01', 'run2:F0:fold4', 'grid[730]').wall_clock_seconds",E,declared telemetry column (R-3),0.053977300005499274,0.07372639991808683
"telemetry.row('SCEN-A', 'P-01', 'run2:F0:full', 'feature').wall_clock_seconds",E,declared telemetry column (R-3),0.25612659999751486,0.317229799926281
"telemetry.row('SCEN-A', 'P-01', 'run2:F0:full', 'grid[0]').wall_clock_seconds",E,declared telemetry column (R-3),0.4707224000012502,0.563545300043188
"telemetry.row('SCEN-A', 'P-01', 'run2:F0:full', 'grid[365]').wall_clock_seconds",E,declared telemetry column (R-3),0.3606618999983766,0.5429653000319377
"telemetry.row('SCEN-A', 'P-01', 'run2:F0:full', 'grid[730]').wall_clock_seconds",E,declared telemetry column (R-3),0.14068659999611555,0.1890471000224352
"telemetry.row('SCEN-A', 'P-01', 'run2:F0:probeL', 'feature').wall_clock_seconds",E,declared telemetry column (R-3),0.41739919999963604,0.5439358999719843
"telemetry.row('SCEN-A', 'P-01', 'run2:F0:probeL', 'grid[0]').wall_clock_seconds",E,declared telemetry column (R-3),0.1146599999992759,0.13994819996878505
"telemetry.row('SCEN-A', 'P-01', 'run2:F0:probeL', 'grid[365]').wall_clock_seconds",E,declared telemetry column (R-3),0.5970508999962476,0.7495366000803187
"telemetry.row('SCEN-A', 'P-01', 'run2:F0:probeL', 'grid[730]').wall_clock_seconds",E,declared telemetry column (R-3),0.22812270000576973,0.29453479999210685
"telemetry.row('SCEN-A', 'P-01', 'run2:F0:probeR', 'feature').wall_clock_seconds",E,declared telemetry column (R-3),0.16815820000192616,0.22094470006413758
"telemetry.row('SCEN-A', 'P-01', 'run2:F0:probeR', 'grid[0]').wall_clock_seconds",E,declared telemetry column (R-3),0.5018304999975953,0.6477942999918014
"telemetry.row('SCEN-A', 'P-01', 'run2:F0:probeR', 'grid[365]').wall_clock_seconds",E,declared telemetry column (R-3),0.6024770000003628,0.8045564999338239
"telemetry.row('SCEN-A', 'P-01', 'run2:F0:probeR', 'grid[730]').wall_clock_seconds",E,declared telemetry column (R-3),0.09711900000547757,0.13992880005389452
"telemetry.row('SCEN-A', 'P-01', 'run2:M0:fold0', 'feature').wall_clock_seconds",E,declared telemetry column (R-3),0.30924669999512844,0.4054315999383107
"telemetry.row('SCEN-A', 'P-01', 'run2:M0:fold0', 'grid[0]').wall_clock_seconds",E,declared telemetry column (R-3),0.40589899999758927,0.5668078999733552
"telemetry.row('SCEN-A', 'P-01', 'run2:M0:fold0', 'grid[365]').wall_clock_seconds",E,declared telemetry column (R-3),0.5840157999991789,0.7377517999848351
"telemetry.row('SCEN-A', 'P-01', 'run2:M0:fold0', 'grid[730]').wall_clock_seconds",E,declared telemetry column (R-3),0.49407549999887124,0.6189450999954715
"telemetry.row('SCEN-A', 'P-01', 'run2:M0:fold1', 'feature').wall_clock_seconds",E,declared telemetry column (R-3),0.46820979999756673,0.6098334999987856
"telemetry.row('SCEN-A', 'P-01', 'run2:M0:fold1', 'grid[0]').wall_clock_seconds",E,declared telemetry column (R-3),0.4815734000003431,0.5958060999400914
"telemetry.row('SCEN-A', 'P-01', 'run2:M0:fold1', 'grid[365]').wall_clock_seconds",E,declared telemetry column (R-3),0.6134029000022565,0.776913300040178
"telemetry.row('SCEN-A', 'P-01', 'run2:M0:fold1', 'grid[730]').wall_clock_seconds",E,declared telemetry column (R-3),0.06029870000202209,0.08091530005913228
"telemetry.row('SCEN-A', 'P-01', 'run2:M0:fold2', 'feature').wall_clock_seconds",E,declared telemetry column (R-3),0.16303039999911562,0.22341619990766048
"telemetry.row('SCEN-A', 'P-01', 'run2:M0:fold2', 'grid[0]').wall_clock_seconds",E,declared telemetry column (R-3),0.3633810000028461,0.4626926000928506
"telemetry.row('SCEN-A', 'P-01', 'run2:M0:fold2', 'grid[365]').wall_clock_seconds",E,declared telemetry column (R-3),0.5138473000042723,0.6917369000148028
"telemetry.row('SCEN-A', 'P-01', 'run2:M0:fold2', 'grid[730]').wall_clock_seconds",E,declared telemetry column (R-3),0.2438529999999446,0.295337799936533
"telemetry.row('SCEN-A', 'P-01', 'run2:M0:fold3', 'feature').wall_clock_seconds",E,declared telemetry column (R-3),0.2306936999957543,0.296502000070177
"telemetry.row('SCEN-A', 'P-01', 'run2:M0:fold3', 'grid[0]').wall_clock_seconds",E,declared telemetry column (R-3),0.37645709999924293,0.4940891999285668
"telemetry.row('SCEN-A', 'P-01', 'run2:M0:fold3', 'grid[365]').wall_clock_seconds",E,declared telemetry column (R-3),0.45318419999966864,0.60612949996721
"telemetry.row('SCEN-A', 'P-01', 'run2:M0:fold3', 'grid[730]').wall_clock_seconds",E,declared telemetry column (R-3),0.031149000002187677,0.041024900041520596
"telemetry.row('SCEN-A', 'P-01', 'run2:M0:fold4', 'feature').wall_clock_seconds",E,declared telemetry column (R-3),0.4902148000037414,0.42681390000507236
"telemetry.row('SCEN-A', 'P-01', 'run2:M0:fold4', 'grid[0]').wall_clock_seconds",E,declared telemetry column (R-3),0.5770908999984385,0.776800399995409
"telemetry.row('SCEN-A', 'P-01', 'run2:M0:fold4', 'grid[365]').wall_clock_seconds",E,declared telemetry column (R-3),0.5907575000019278,0.7900323000503704
"telemetry.row('SCEN-A', 'P-01', 'run2:M0:fold4', 'grid[730]').wall_clock_seconds",E,declared telemetry column (R-3),0.2624084000053699,0.29337289999239147
"telemetry.row('SCEN-A', 'P-01', 'run2:M0:full', 'feature').wall_clock_seconds",E,declared telemetry column (R-3),0.2726621000037994,0.30646059999708086
"telemetry.row('SCEN-A', 'P-01', 'run2:M0:full', 'grid[0]').wall_clock_seconds",E,declared telemetry column (R-3),0.2473078000039095,0.31672659993637353
"telemetry.row('SCEN-A', 'P-01', 'run2:M0:full', 'grid[365]').wall_clock_seconds",E,declared telemetry column (R-3),0.5832471999965492,0.7579168999800459
"telemetry.row('SCEN-A', 'P-01', 'run2:M0:full', 'grid[730]').wall_clock_seconds",E,declared telemetry column (R-3),0.21479079999699024,0.2627315000863746
"telemetry.row('SCEN-A', 'P-01', 'run2:M0:probeL', 'feature').wall_clock_seconds",E,declared telemetry column (R-3),0.25465909999911673,0.3202086000237614
"telemetry.row('SCEN-A', 'P-01', 'run2:M0:probeL', 'grid[0]').wall_clock_seconds",E,declared telemetry column (R-3),0.4971917000002577,0.609790200018324
"telemetry.row('SCEN-A', 'P-01', 'run2:M0:probeL', 'grid[365]').wall_clock_seconds",E,declared telemetry column (R-3),0.5890881000013906,0.7585219000466168
"telemetry.row('SCEN-A', 'P-01', 'run2:M0:probeL', 'grid[730]').wall_clock_seconds",E,declared telemetry column (R-3),0.1370840000017779,0.1864523000549525
"telemetry.row('SCEN-A', 'P-01', 'run2:M0:probeR', 'feature').wall_clock_seconds",E,declared telemetry column (R-3),0.4218535999971209,0.5413391999900341
"telemetry.row('SCEN-A', 'P-01', 'run2:M0:probeR', 'grid[0]').wall_clock_seconds",E,declared telemetry column (R-3),0.3653321000019787,0.46627700002864003
"telemetry.row('SCEN-A', 'P-01', 'run2:M0:probeR', 'grid[365]').wall_clock_seconds",E,declared telemetry column (R-3),0.553976800001692,0.7219276999821886
"telemetry.row('SCEN-A', 'P-01', 'run2:M0:probeR', 'grid[730]').wall_clock_seconds",E,declared telemetry column (R-3),0.056438499996147584,0.07485099998302758
"telemetry.row('SCEN-A', 'P-02', 'run1:F0:fold0', 'feature').wall_clock_seconds",E,declared telemetry column (R-3),0.5873452999949222,0.640050399932079
"telemetry.row('SCEN-A', 'P-02', 'run1:F0:fold0', 'grid[0]').wall_clock_seconds",E,declared telemetry column (R-3),0.8068136000001687,0.9093641000799835
"telemetry.row('SCEN-A', 'P-02', 'run1:F0:fold0', 'grid[130]').wall_clock_seconds",E,declared telemetry column (R-3),0.38902860000234796,0.3983094999566674
"telemetry.row('SCEN-A', 'P-02', 'run1:F0:fold0', 'grid[260]').wall_clock_seconds",E,declared telemetry column (R-3),0.8089733000015258,0.7793136000400409
"telemetry.row('SCEN-A', 'P-02', 'run1:F0:fold1', 'feature').wall_clock_seconds",E,declared telemetry column (R-3),0.6048880000016652,0.7975211000302806
"telemetry.row('SCEN-A', 'P-02', 'run1:F0:fold1', 'grid[0]').wall_clock_seconds",E,declared telemetry column (R-3),1.7838039999987814,1.649911000044085
"telemetry.row('SCEN-A', 'P-02', 'run1:F0:fold1', 'grid[130]').wall_clock_seconds",E,declared telemetry column (R-3),0.5862302999958047,0.6200655000284314
"telemetry.row('SCEN-A', 'P-02', 'run1:F0:fold1', 'grid[260]').wall_clock_seconds",E,declared telemetry column (R-3),0.749001700001827,0.8745250999927521
"telemetry.row('SCEN-A', 'P-02', 'run1:F0:fold2', 'feature').wall_clock_seconds",E,declared telemetry column (R-3),0.5491638000021339,0.5966801999602467
"telemetry.row('SCEN-A', 'P-02', 'run1:F0:fold2', 'grid[0]').wall_clock_seconds",E,declared telemetry column (R-3),0.7903934999994817,0.9255243999650702
"telemetry.row('SCEN-A', 'P-02', 'run1:F0:fold2', 'grid[130]').wall_clock_seconds",E,declared telemetry column (R-3),0.5873375999944983,0.6969184000045061
"telemetry.row('SCEN-A', 'P-02', 'run1:F0:fold2', 'grid[260]').wall_clock_seconds",E,declared telemetry column (R-3),0.6232921999981045,0.7096262000268325
"telemetry.row('SCEN-A', 'P-02', 'run1:F0:fold3', 'feature').wall_clock_seconds",E,declared telemetry column (R-3),0.5021674000017811,0.5908644999144599
"telemetry.row('SCEN-A', 'P-02', 'run1:F0:fold3', 'grid[0]').wall_clock_seconds",E,declared telemetry column (R-3),1.0315151999966474,1.1567066001007333
"telemetry.row('SCEN-A', 'P-02', 'run1:F0:fold3', 'grid[130]').wall_clock_seconds",E,declared telemetry column (R-3),0.4744049000000814,0.5557690999703482
"telemetry.row('SCEN-A', 'P-02', 'run1:F0:fold3', 'grid[260]').wall_clock_seconds",E,declared telemetry column (R-3),0.7514990999989095,0.850091699976474
"telemetry.row('SCEN-A', 'P-02', 'run1:F0:fold4', 'feature').wall_clock_seconds",E,declared telemetry column (R-3),0.6321108000047388,0.702621000004001
"telemetry.row('SCEN-A', 'P-02', 'run1:F0:fold4', 'grid[0]').wall_clock_seconds",E,declared telemetry column (R-3),0.651444300005096,0.7508959999540821
"telemetry.row('SCEN-A', 'P-02', 'run1:F0:fold4', 'grid[130]').wall_clock_seconds",E,declared telemetry column (R-3),0.5113463999950909,0.6146737000672147
"telemetry.row('SCEN-A', 'P-02', 'run1:F0:fold4', 'grid[260]').wall_clock_seconds",E,declared telemetry column (R-3),0.684719100005168,0.7907836999511346
"telemetry.row('SCEN-A', 'P-02', 'run1:F0:full', 'feature').wall_clock_seconds",E,declared telemetry column (R-3),0.684478000002855,0.7064932000357658
"telemetry.row('SCEN-A', 'P-02', 'run1:F0:full', 'grid[0]').wall_clock_seconds",E,declared telemetry column (R-3),1.7477762999988045,1.8819219999713823
"telemetry.row('SCEN-A', 'P-02', 'run1:F0:full', 'grid[130]').wall_clock_seconds",E,declared telemetry column (R-3),0.4753841999990982,0.5252006000373513
"telemetry.row('SCEN-A', 'P-02', 'run1:F0:full', 'grid[260]').wall_clock_seconds",E,declared telemetry column (R-3),0.9534768000012264,0.8737997999414802
"telemetry.row('SCEN-A', 'P-02', 'run1:F0:probeL', 'feature').wall_clock_seconds",E,declared telemetry column (R-3),0.45935240000108024,0.5233259999658912
"telemetry.row('SCEN-A', 'P-02', 'run1:F0:probeL', 'grid[0]').wall_clock_seconds",E,declared telemetry column (R-3),1.8876057000015862,1.9211830999702215
"telemetry.row('SCEN-A', 'P-02', 'run1:F0:probeL', 'grid[130]').wall_clock_seconds",E,declared telemetry column (R-3),0.4278016999960528,0.49068839999381453
"telemetry.row('SCEN-A', 'P-02', 'run1:F0:probeL', 'grid[260]').wall_clock_seconds",E,declared telemetry column (R-3),0.6532417999987956,0.7680076999822631
"telemetry.row('SCEN-A', 'P-02', 'run1:F0:probeR', 'feature').wall_clock_seconds",E,declared telemetry column (R-3),0.5805122000019765,0.6674792000558227
"telemetry.row('SCEN-A', 'P-02', 'run1:F0:probeR', 'grid[0]').wall_clock_seconds",E,declared telemetry column (R-3),1.2879698000033386,1.4975427000317723
"telemetry.row('SCEN-A', 'P-02', 'run1:F0:probeR', 'grid[130]').wall_clock_seconds",E,declared telemetry column (R-3),0.5251255999974092,0.6411799000343308
"telemetry.row('SCEN-A', 'P-02', 'run1:F0:probeR', 'grid[260]').wall_clock_seconds",E,declared telemetry column (R-3),0.837554400000954,1.0983047999907285
"telemetry.row('SCEN-A', 'P-02', 'run1:M0:fold0', 'feature').wall_clock_seconds",E,declared telemetry column (R-3),0.44539029999577906,0.4622104000300169
"telemetry.row('SCEN-A', 'P-02', 'run1:M0:fold0', 'grid[0]').wall_clock_seconds",E,declared telemetry column (R-3),0.7450500999984797,0.788770499988459
"telemetry.row('SCEN-A', 'P-02', 'run1:M0:fold0', 'grid[130]').wall_clock_seconds",E,declared telemetry column (R-3),0.5300010999999358,0.5503442999906838
"telemetry.row('SCEN-A', 'P-02', 'run1:M0:fold0', 'grid[260]').wall_clock_seconds",E,declared telemetry column (R-3),1.7282242000001133,2.220557500026189
"telemetry.row('SCEN-A', 'P-02', 'run1:M0:fold1', 'feature').wall_clock_seconds",E,declared telemetry column (R-3),0.5486597000053735,0.4659055999945849
"telemetry.row('SCEN-A', 'P-02', 'run1:M0:fold1', 'grid[0]').wall_clock_seconds",E,declared telemetry column (R-3),0.720334500001627,0.755666800076142
"telemetry.row('SCEN-A', 'P-02', 'run1:M0:fold1', 'grid[130]').wall_clock_seconds",E,declared telemetry column (R-3),0.4521526000025915,0.46253070002421737
"telemetry.row('SCEN-A', 'P-02', 'run1:M0:fold1', 'grid[260]').wall_clock_seconds",E,declared telemetry column (R-3),0.5849885999996332,0.6425851000240073
"telemetry.row('SCEN-A', 'P-02', 'run1:M0:fold2', 'feature').wall_clock_seconds",E,declared telemetry column (R-3),0.5751447000002372,0.6022620999719948
"telemetry.row('SCEN-A', 'P-02', 'run1:M0:fold2', 'grid[0]').wall_clock_seconds",E,declared telemetry column (R-3),2.0047635000009905,1.924745500087738
"telemetry.row('SCEN-A', 'P-02', 'run1:M0:fold2', 'grid[130]').wall_clock_seconds",E,declared telemetry column (R-3),0.5885023999944679,0.5131036000093445
"telemetry.row('SCEN-A', 'P-02', 'run1:M0:fold2', 'grid[260]').wall_clock_seconds",E,declared telemetry column (R-3),0.9825955999986036,0.7149796000448987
"telemetry.row('SCEN-A', 'P-02', 'run1:M0:fold3', 'feature').wall_clock_seconds",E,declared telemetry column (R-3),0.5184086000008392,0.6522449000040069
"telemetry.row('SCEN-A', 'P-02', 'run1:M0:fold3', 'grid[0]').wall_clock_seconds",E,declared telemetry column (R-3),1.7033816999974078,1.958286099950783
"telemetry.row('SCEN-A', 'P-02', 'run1:M0:fold3', 'grid[130]').wall_clock_seconds",E,declared telemetry column (R-3),0.49170130000129575,0.6425444000633433
"telemetry.row('SCEN-A', 'P-02', 'run1:M0:fold3', 'grid[260]').wall_clock_seconds",E,declared telemetry column (R-3),0.6920213999983389,0.8684037999482825
"telemetry.row('SCEN-A', 'P-02', 'run1:M0:fold4', 'feature').wall_clock_seconds",E,declared telemetry column (R-3),0.5257923999961349,0.6544078999431804
"telemetry.row('SCEN-A', 'P-02', 'run1:M0:fold4', 'grid[0]').wall_clock_seconds",E,declared telemetry column (R-3),1.667540000002191,2.0527031999081373
"telemetry.row('SCEN-A', 'P-02', 'run1:M0:fold4', 'grid[130]').wall_clock_seconds",E,declared telemetry column (R-3),0.4527005999989342,0.5442753999959677
"telemetry.row('SCEN-A', 'P-02', 'run1:M0:fold4', 'grid[260]').wall_clock_seconds",E,declared telemetry column (R-3),0.6270298999952502,0.7947225000243634
"telemetry.row('SCEN-A', 'P-02', 'run1:M0:full', 'feature').wall_clock_seconds",E,declared telemetry column (R-3),0.5132849000001443,0.5483706999802962
"telemetry.row('SCEN-A', 'P-02', 'run1:M0:full', 'grid[0]').wall_clock_seconds",E,declared telemetry column (R-3),1.839061099999526,1.9057653000345454
"telemetry.row('SCEN-A', 'P-02', 'run1:M0:full', 'grid[130]').wall_clock_seconds",E,declared telemetry column (R-3),0.4376408999960404,0.4718774000648409
"telemetry.row('SCEN-A', 'P-02', 'run1:M0:full', 'grid[260]').wall_clock_seconds",E,declared telemetry column (R-3),0.6921244999975897,0.7498731999658048
"telemetry.row('SCEN-A', 'P-02', 'run1:M0:probeL', 'feature').wall_clock_seconds",E,declared telemetry column (R-3),0.4122886000041035,0.47421010001562536
"telemetry.row('SCEN-A', 'P-02', 'run1:M0:probeL', 'grid[0]').wall_clock_seconds",E,declared telemetry column (R-3),0.7486314999987371,0.9723660999443382
"telemetry.row('SCEN-A', 'P-02', 'run1:M0:probeL', 'grid[130]').wall_clock_seconds",E,declared telemetry column (R-3),0.44663130000117235,0.5321756000630558
"telemetry.row('SCEN-A', 'P-02', 'run1:M0:probeL', 'grid[260]').wall_clock_seconds",E,declared telemetry column (R-3),0.7379332999989856,0.8487917999736965
"telemetry.row('SCEN-A', 'P-02', 'run1:M0:probeR', 'feature').wall_clock_seconds",E,declared telemetry column (R-3),0.40893079999659676,0.4892033999785781
"telemetry.row('SCEN-A', 'P-02', 'run1:M0:probeR', 'grid[0]').wall_clock_seconds",E,declared telemetry column (R-3),2.0124856999973417,2.0000555999577045
"telemetry.row('SCEN-A', 'P-02', 'run1:M0:probeR', 'grid[130]').wall_clock_seconds",E,declared telemetry column (R-3),0.46455049999349285,0.5496844999724999
"telemetry.row('SCEN-A', 'P-02', 'run1:M0:probeR', 'grid[260]').wall_clock_seconds",E,declared telemetry column (R-3),0.7777243000018643,0.8996875999728218
"telemetry.row('SCEN-A', 'P-02', 'run2:F0:fold0', 'feature').wall_clock_seconds",E,declared telemetry column (R-3),0.536954399998649,0.6490980999078602
"telemetry.row('SCEN-A', 'P-02', 'run2:F0:fold0', 'grid[0]').wall_clock_seconds",E,declared telemetry column (R-3),0.6662877999988268,0.8860245000105351
"telemetry.row('SCEN-A', 'P-02', 'run2:F0:fold0', 'grid[130]').wall_clock_seconds",E,declared telemetry column (R-3),0.32789979999506613,0.3988430999452248
"telemetry.row('SCEN-A', 'P-02', 'run2:F0:fold0', 'grid[260]').wall_clock_seconds",E,declared telemetry column (R-3),0.6362976000018534,0.7805560999549925
"telemetry.row('SCEN-A', 'P-02', 'run2:F0:fold1', 'feature').wall_clock_seconds",E,declared telemetry column (R-3),0.527831100000185,0.6862699999473989
"telemetry.row('SCEN-A', 'P-02', 'run2:F0:fold1', 'grid[0]').wall_clock_seconds",E,declared telemetry column (R-3),1.2790976999967825,1.6302180000348017
"telemetry.row('SCEN-A', 'P-02', 'run2:F0:fold1', 'grid[130]').wall_clock_seconds",E,declared telemetry column (R-3),0.4590757999976631,0.6200495000230148
"telemetry.row('SCEN-A', 'P-02', 'run2:F0:fold1', 'grid[260]').wall_clock_seconds",E,declared telemetry column (R-3),0.6923840000017663,0.832259300048463
"telemetry.row('SCEN-A', 'P-02', 'run2:F0:fold2', 'feature').wall_clock_seconds",E,declared telemetry column (R-3),0.44621509999706177,0.5876897999551147
"telemetry.row('SCEN-A', 'P-02', 'run2:F0:fold2', 'grid[0]').wall_clock_seconds",E,declared telemetry column (R-3),0.6900987000044552,0.9098359000636265
"telemetry.row('SCEN-A', 'P-02', 'run2:F0:fold2', 'grid[130]').wall_clock_seconds",E,declared telemetry column (R-3),0.6882217000020319,0.6653390000574291
"telemetry.row('SCEN-A', 'P-02', 'run2:F0:fold2', 'grid[260]').wall_clock_seconds",E,declared telemetry column (R-3),0.5688239999944926,0.7102343000005931
"telemetry.row('SCEN-A', 'P-02', 'run2:F0:fold3', 'feature').wall_clock_seconds",E,declared telemetry column (R-3),0.4633923000001232,0.606686900020577
"telemetry.row('SCEN-A', 'P-02', 'run2:F0:fold3', 'grid[0]').wall_clock_seconds",E,declared telemetry column (R-3),0.8992571999988286,1.1567597999237478
"telemetry.row('SCEN-A', 'P-02', 'run2:F0:fold3', 'grid[130]').wall_clock_seconds",E,declared telemetry column (R-3),0.4297299999961979,0.5622296000365168
"telemetry.row('SCEN-A', 'P-02', 'run2:F0:fold3', 'grid[260]').wall_clock_seconds",E,declared telemetry column (R-3),0.7052915999956895,0.8772204000269994
"telemetry.row('SCEN-A', 'P-02', 'run2:F0:fold4', 'feature').wall_clock_seconds",E,declared telemetry column (R-3),0.5281717000034405,0.7874654000625014
"telemetry.row('SCEN-A', 'P-02', 'run2:F0:fold4', 'grid[0]').wall_clock_seconds",E,declared telemetry column (R-3),0.590246700005082,0.7564377000089735
"telemetry.row('SCEN-A', 'P-02', 'run2:F0:fold4', 'grid[130]').wall_clock_seconds",E,declared telemetry column (R-3),0.4723660000017844,0.6177710000192747
"telemetry.row('SCEN-A', 'P-02', 'run2:F0:fold4', 'grid[260]').wall_clock_seconds",E,declared telemetry column (R-3),0.5900818000009167,0.8427133000222966
"telemetry.row('SCEN-A', 'P-02', 'run2:F0:full', 'feature').wall_clock_seconds",E,declared telemetry column (R-3),0.5180504999952973,0.7423532000975683
"telemetry.row('SCEN-A', 'P-02', 'run2:F0:full', 'grid[0]').wall_clock_seconds",E,declared telemetry column (R-3),1.4814053000009153,1.87197560002096
"telemetry.row('SCEN-A', 'P-02', 'run2:F0:full', 'grid[130]').wall_clock_seconds",E,declared telemetry column (R-3),0.398816100001568,0.5941197000211105
"telemetry.row('SCEN-A', 'P-02', 'run2:F0:full', 'grid[260]').wall_clock_seconds",E,declared telemetry column (R-3),0.6702112999992096,0.9751619999296963
"telemetry.row('SCEN-A', 'P-02', 'run2:F0:probeL', 'feature').wall_clock_seconds",E,declared telemetry column (R-3),0.42594730000564596,0.5306275000330061
"telemetry.row('SCEN-A', 'P-02', 'run2:F0:probeL', 'grid[0]').wall_clock_seconds",E,declared telemetry column (R-3),1.4856870000003255,1.92567190004047
"telemetry.row('SCEN-A', 'P-02', 'run2:F0:probeL', 'grid[130]').wall_clock_seconds",E,declared telemetry column (R-3),0.38801100000273436,0.4895692999707535
"telemetry.row('SCEN-A', 'P-02', 'run2:F0:probeL', 'grid[260]').wall_clock_seconds",E,declared telemetry column (R-3),0.577014299997245,0.7503814999945462
"telemetry.row('SCEN-A', 'P-02', 'run2:F0:probeR', 'feature').wall_clock_seconds",E,declared telemetry column (R-3),0.5013086999970255,0.6665546998847276
"telemetry.row('SCEN-A', 'P-02', 'run2:F0:probeR', 'grid[0]').wall_clock_seconds",E,declared telemetry column (R-3),1.1241417999990517,1.5119766000425443
"telemetry.row('SCEN-A', 'P-02', 'run2:F0:probeR', 'grid[130]').wall_clock_seconds",E,declared telemetry column (R-3),0.457758600001398,0.6022975000087172
"telemetry.row('SCEN-A', 'P-02', 'run2:F0:probeR', 'grid[260]').wall_clock_seconds",E,declared telemetry column (R-3),0.7509676999980002,0.9669391000643373
"telemetry.row('SCEN-A', 'P-02', 'run2:M0:fold0', 'feature').wall_clock_seconds",E,declared telemetry column (R-3),0.37163259999942966,0.453594500082545
"telemetry.row('SCEN-A', 'P-02', 'run2:M0:fold0', 'grid[0]').wall_clock_seconds",E,declared telemetry column (R-3),0.6121977000002516,0.7862142999656498
"telemetry.row('SCEN-A', 'P-02', 'run2:M0:fold0', 'grid[130]').wall_clock_seconds",E,declared telemetry column (R-3),0.4591163000004599,0.5963120000669733
"telemetry.row('SCEN-A', 'P-02', 'run2:M0:fold0', 'grid[260]').wall_clock_seconds",E,declared telemetry column (R-3),1.4065936000042711,1.878941599978134
"telemetry.row('SCEN-A', 'P-02', 'run2:M0:fold1', 'feature').wall_clock_seconds",E,declared telemetry column (R-3),0.3580909000011161,0.4758099999744445
"telemetry.row('SCEN-A', 'P-02', 'run2:M0:fold1', 'grid[0]').wall_clock_seconds",E,declared telemetry column (R-3),0.5483576000042376,0.7444611999671906
"telemetry.row('SCEN-A', 'P-02', 'run2:M0:fold1', 'grid[130]').wall_clock_seconds",E,declared telemetry column (R-3),0.35098260000086157,0.46636040008161217
"telemetry.row('SCEN-A', 'P-02', 'run2:M0:fold1', 'grid[260]').wall_clock_seconds",E,declared telemetry column (R-3),0.513961399999971,0.6292801999952644
"telemetry.row('SCEN-A', 'P-02', 'run2:M0:fold2', 'feature').wall_clock_seconds",E,declared telemetry column (R-3),0.46204969999962486,0.697950900066644
"telemetry.row('SCEN-A', 'P-02', 'run2:M0:fold2', 'grid[0]').wall_clock_seconds",E,declared telemetry column (R-3),1.5306255000032252,1.8818104000529274
"telemetry.row('SCEN-A', 'P-02', 'run2:M0:fold2', 'grid[130]').wall_clock_seconds",E,declared telemetry column (R-3),0.40390860000479734,0.5744111000094563
"telemetry.row('SCEN-A', 'P-02', 'run2:M0:fold2', 'grid[260]').wall_clock_seconds",E,declared telemetry column (R-3),0.5811381000021356,0.8254791999934241
"telemetry.row('SCEN-A', 'P-02', 'run2:M0:fold3', 'feature').wall_clock_seconds",E,declared telemetry column (R-3),0.45177289999992354,0.5913503000047058
"telemetry.row('SCEN-A', 'P-02', 'run2:M0:fold3', 'grid[0]').wall_clock_seconds",E,declared telemetry column (R-3),1.5506543000010424,1.93926440004725
"telemetry.row('SCEN-A', 'P-02', 'run2:M0:fold3', 'grid[130]').wall_clock_seconds",E,declared telemetry column (R-3),0.5305903999978909,0.5382693998981267
"telemetry.row('SCEN-A', 'P-02', 'run2:M0:fold3', 'grid[260]').wall_clock_seconds",E,declared telemetry column (R-3),0.6154514999943785,0.7806019000709057
"telemetry.row('SCEN-A', 'P-02', 'run2:M0:fold4', 'feature').wall_clock_seconds",E,declared telemetry column (R-3),0.4897839999975986,0.5966759000439197
"telemetry.row('SCEN-A', 'P-02', 'run2:M0:fold4', 'grid[0]').wall_clock_seconds",E,declared telemetry column (R-3),1.4008306999967317,1.851825299905613
"telemetry.row('SCEN-A', 'P-02', 'run2:M0:fold4', 'grid[130]').wall_clock_seconds",E,declared telemetry column (R-3),0.3894903999971575,0.5237872999859974
"telemetry.row('SCEN-A', 'P-02', 'run2:M0:fold4', 'grid[260]').wall_clock_seconds",E,declared telemetry column (R-3),0.5316984000019147,0.7034949000226334
"telemetry.row('SCEN-A', 'P-02', 'run2:M0:full', 'feature').wall_clock_seconds",E,declared telemetry column (R-3),0.42635470000095665,0.5593094000359997
"telemetry.row('SCEN-A', 'P-02', 'run2:M0:full', 'grid[0]').wall_clock_seconds",E,declared telemetry column (R-3),1.4225991999992402,1.84059120004531
"telemetry.row('SCEN-A', 'P-02', 'run2:M0:full', 'grid[130]').wall_clock_seconds",E,declared telemetry column (R-3),0.37159580000297865,0.49234999995678663
"telemetry.row('SCEN-A', 'P-02', 'run2:M0:full', 'grid[260]').wall_clock_seconds",E,declared telemetry column (R-3),0.5620759000012185,0.7825691000325605
"telemetry.row('SCEN-A', 'P-02', 'run2:M0:probeL', 'feature').wall_clock_seconds",E,declared telemetry column (R-3),0.34852870000031544,0.4469281000783667
"telemetry.row('SCEN-A', 'P-02', 'run2:M0:probeL', 'grid[0]').wall_clock_seconds",E,declared telemetry column (R-3),0.6498150000043097,0.8411908000707626
"telemetry.row('SCEN-A', 'P-02', 'run2:M0:probeL', 'grid[130]').wall_clock_seconds",E,declared telemetry column (R-3),0.38790639999933774,0.5184933999553323
"telemetry.row('SCEN-A', 'P-02', 'run2:M0:probeL', 'grid[260]').wall_clock_seconds",E,declared telemetry column (R-3),0.617250299997977,0.7859863999765366
"telemetry.row('SCEN-A', 'P-02', 'run2:M0:probeR', 'feature').wall_clock_seconds",E,declared telemetry column (R-3),0.3783391999968444,0.4560873999726027
"telemetry.row('SCEN-A', 'P-02', 'run2:M0:probeR', 'grid[0]').wall_clock_seconds",E,declared telemetry column (R-3),1.3813029000011738,1.8398454999551177
"telemetry.row('SCEN-A', 'P-02', 'run2:M0:probeR', 'grid[130]').wall_clock_seconds",E,declared telemetry column (R-3),0.3901798000006238,0.5006078999722376
"telemetry.row('SCEN-A', 'P-02', 'run2:M0:probeR', 'grid[260]').wall_clock_seconds",E,declared telemetry column (R-3),0.6352813999983482,0.8160989000461996
"telemetry.row('SCEN-B', 'P-01', 'run1:F0:fold0', 'feature').wall_clock_seconds",E,declared telemetry column (R-3),0.4742326000050525,0.5128421999979764
"telemetry.row('SCEN-B', 'P-01', 'run1:F0:fold0', 'grid[0]').wall_clock_seconds",E,declared telemetry column (R-3),0.6439982999945641,0.5081095000496134
"telemetry.row('SCEN-B', 'P-01', 'run1:F0:fold0', 'grid[365]').wall_clock_seconds",E,declared telemetry column (R-3),0.5632409999961965,0.6173129000235349
"telemetry.row('SCEN-B', 'P-01', 'run1:F0:fold0', 'grid[730]').wall_clock_seconds",E,declared telemetry column (R-3),0.19811179999669548,0.19989649998024106
"telemetry.row('SCEN-B', 'P-01', 'run1:F0:fold1', 'feature').wall_clock_seconds",E,declared telemetry column (R-3),0.4410063000032096,0.39149089995771646
"telemetry.row('SCEN-B', 'P-01', 'run1:F0:fold1', 'grid[0]').wall_clock_seconds",E,declared telemetry column (R-3),0.45654719999583904,0.5945474000182003
"telemetry.row('SCEN-B', 'P-01', 'run1:F0:fold1', 'grid[365]').wall_clock_seconds",E,declared telemetry column (R-3),0.9106927000029827,0.6254870999837294
"telemetry.row('SCEN-B', 'P-01', 'run1:F0:fold1', 'grid[730]').wall_clock_seconds",E,declared telemetry column (R-3),0.18816919999517268,0.2273556999862194
"telemetry.row('SCEN-B', 'P-01', 'run1:F0:fold3', 'feature').wall_clock_seconds",E,declared telemetry column (R-3),0.36355129999719793,0.4046241999603808
"telemetry.row('SCEN-B', 'P-01', 'run1:F0:fold3', 'grid[0]').wall_clock_seconds",E,declared telemetry column (R-3),0.4657230999946478,0.5194788000080734
"telemetry.row('SCEN-B', 'P-01', 'run1:F0:fold3', 'grid[365]').wall_clock_seconds",E,declared telemetry column (R-3),0.9190788999985671,0.7747146999463439
"telemetry.row('SCEN-B', 'P-01', 'run1:F0:fold3', 'grid[730]').wall_clock_seconds",E,declared telemetry column (R-3),0.3544206000005943,0.21362420008517802
"telemetry.row('SCEN-B', 'P-01', 'run1:F0:fold4', 'feature').wall_clock_seconds",E,declared telemetry column (R-3),0.421672700002091,0.5538893999764696
"telemetry.row('SCEN-B', 'P-01', 'run1:F0:fold4', 'grid[0]').wall_clock_seconds",E,declared telemetry column (R-3),0.41386100000090664,0.517428099992685
"telemetry.row('SCEN-B', 'P-01', 'run1:F0:fold4', 'grid[365]').wall_clock_seconds",E,declared telemetry column (R-3),0.5378482999949483,0.6786689999280497
"telemetry.row('SCEN-B', 'P-01', 'run1:F0:fold4', 'grid[730]').wall_clock_seconds",E,declared telemetry column (R-3),0.24003119999542832,0.29761560005135834
"telemetry.row('SCEN-B', 'P-01', 'run1:F0:full', 'feature').wall_clock_seconds",E,declared telemetry column (R-3),0.2899411000034888,0.35713760007638484
"telemetry.row('SCEN-B', 'P-01', 'run1:F0:full', 'grid[0]').wall_clock_seconds",E,declared telemetry column (R-3),0.5286779000016395,0.6699372000293806
"telemetry.row('SCEN-B', 'P-01', 'run1:F0:full', 'grid[365]').wall_clock_seconds",E,declared telemetry column (R-3),0.9517399000033038,1.2166178999468684
"telemetry.row('SCEN-B', 'P-01', 'run1:F0:full', 'grid[730]').wall_clock_seconds",E,declared telemetry column (R-3),0.22267830000055255,0.2984355000080541
"telemetry.row('SCEN-B', 'P-01', 'run1:F0:probeL', 'feature').wall_clock_seconds",E,declared telemetry column (R-3),0.37102320000121836,0.5838564999867231
"telemetry.row('SCEN-B', 'P-01', 'run1:F0:probeL', 'grid[0]').wall_clock_seconds",E,declared telemetry column (R-3),0.09208470000157831,0.10703740001190454
"telemetry.row('SCEN-B', 'P-01', 'run1:F0:probeL', 'grid[365]').wall_clock_seconds",E,declared telemetry column (R-3),0.4446659999957774,0.6189578999765217
"telemetry.row('SCEN-B', 'P-01', 'run1:F0:probeL', 'grid[730]').wall_clock_seconds",E,declared telemetry column (R-3),0.12590980000095442,0.17862729995977134
"telemetry.row('SCEN-B', 'P-01', 'run1:F0:probeR', 'feature').wall_clock_seconds",E,declared telemetry column (R-3),0.3083039999983157,0.38574299996253103
"telemetry.row('SCEN-B', 'P-01', 'run1:F0:probeR', 'grid[0]').wall_clock_seconds",E,declared telemetry column (R-3),0.40790840000408934,0.6176917999982834
"telemetry.row('SCEN-B', 'P-01', 'run1:F0:probeR', 'grid[365]').wall_clock_seconds",E,declared telemetry column (R-3),0.5756704999948852,0.7717278000200167
"telemetry.row('SCEN-B', 'P-01', 'run1:F0:probeR', 'grid[730]').wall_clock_seconds",E,declared telemetry column (R-3),0.17934319999767467,0.2300053999060765
"telemetry.row('SCEN-B', 'P-01', 'run1:M0:fold0', 'feature').wall_clock_seconds",E,declared telemetry column (R-3),0.3124833000038052,0.34665820002555847
"telemetry.row('SCEN-B', 'P-01', 'run1:M0:fold0', 'grid[0]').wall_clock_seconds",E,declared telemetry column (R-3),0.30225549999886425,0.36549130000639707
"telemetry.row('SCEN-B', 'P-01', 'run1:M0:fold0', 'grid[365]').wall_clock_seconds",E,declared telemetry column (R-3),0.7085794000013266,0.8347743999911472
"telemetry.row('SCEN-B', 'P-01', 'run1:M0:fold0', 'grid[730]').wall_clock_seconds",E,declared telemetry column (R-3),0.16595779999624938,0.20345449994783849
"telemetry.row('SCEN-B', 'P-01', 'run1:M0:fold1', 'feature').wall_clock_seconds",E,declared telemetry column (R-3),0.2217906999940169,0.2764327999902889
"telemetry.row('SCEN-B', 'P-01', 'run1:M0:fold1', 'grid[0]').wall_clock_seconds",E,declared telemetry column (R-3),0.4028695000015432,0.47393810003995895
"telemetry.row('SCEN-B', 'P-01', 'run1:M0:fold1', 'grid[365]').wall_clock_seconds",E,declared telemetry column (R-3),0.7748740999959409,0.9129685000516474
"telemetry.row('SCEN-B', 'P-01', 'run1:M0:fold1', 'grid[730]').wall_clock_seconds",E,declared telemetry column (R-3),0.1735728999992716,0.2124889000551775
"telemetry.row('SCEN-B', 'P-01', 'run1:M0:fold2', 'feature').wall_clock_seconds",E,declared telemetry column (R-3),0.3556181000021752,0.47223770001437515
"telemetry.row('SCEN-B', 'P-01', 'run1:M0:fold2', 'grid[0]').wall_clock_seconds",E,declared telemetry column (R-3),0.4756070000003092,0.5623944000108168
"telemetry.row('SCEN-B', 'P-01', 'run1:M0:fold2', 'grid[365]').wall_clock_seconds",E,declared telemetry column (R-3),1.2709087999974145,1.5034836999839172
"telemetry.row('SCEN-B', 'P-01', 'run1:M0:fold2', 'grid[730]').wall_clock_seconds",E,declared telemetry column (R-3),0.7694550000014715,0.9707794999703765
"telemetry.row('SCEN-B', 'P-01', 'run1:M0:fold3', 'feature').wall_clock_seconds",E,declared telemetry column (R-3),0.3583366999955615,0.46740210009738803
"telemetry.row('SCEN-B', 'P-01', 'run1:M0:fold3', 'grid[0]').wall_clock_seconds",E,declared telemetry column (R-3),0.4556580999997095,0.5676651999820024
"telemetry.row('SCEN-B', 'P-01', 'run1:M0:fold3', 'grid[365]').wall_clock_seconds",E,declared telemetry column (R-3),0.49820460000046296,0.6805261999834329
"telemetry.row('SCEN-B', 'P-01', 'run1:M0:fold3', 'grid[730]').wall_clock_seconds",E,declared telemetry column (R-3),0.29826589999720454,0.24860799999441952
"telemetry.row('SCEN-B', 'P-01', 'run1:M0:fold4', 'feature').wall_clock_seconds",E,declared telemetry column (R-3),0.3195295999976224,0.3720505000092089
"telemetry.row('SCEN-B', 'P-01', 'run1:M0:fold4', 'grid[0]').wall_clock_seconds",E,declared telemetry column (R-3),0.43018599999777507,0.5227825000183657
"telemetry.row('SCEN-B', 'P-01', 'run1:M0:fold4', 'grid[365]').wall_clock_seconds",E,declared telemetry column (R-3),0.7938716999997268,0.8659368000226095
"telemetry.row('SCEN-B', 'P-01', 'run1:M0:fold4', 'grid[730]').wall_clock_seconds",E,declared telemetry column (R-3),0.09247999999934109,0.1096852000337094
"telemetry.row('SCEN-B', 'P-01', 'run1:M0:full', 'feature').wall_clock_seconds",E,declared telemetry column (R-3),0.37972740000259364,0.37843279994558543
"telemetry.row('SCEN-B', 'P-01', 'run1:M0:full', 'grid[0]').wall_clock_seconds",E,declared telemetry column (R-3),0.5634240999934264,0.7168540999991819
"telemetry.row('SCEN-B', 'P-01', 'run1:M0:full', 'grid[365]').wall_clock_seconds",E,declared telemetry column (R-3),0.19727890000649495,0.2563509000465274
"telemetry.row('SCEN-B', 'P-01', 'run1:M0:full', 'grid[730]').wall_clock_seconds",E,declared telemetry column (R-3),0.19557540000096196,0.23223210009746253
"telemetry.row('SCEN-B', 'P-01', 'run1:M0:probeL', 'feature').wall_clock_seconds",E,declared telemetry column (R-3),0.24186030000419123,0.2868743999861181
"telemetry.row('SCEN-B', 'P-01', 'run1:M0:probeL', 'grid[0]').wall_clock_seconds",E,declared telemetry column (R-3),0.6203521999996156,0.6928644001018256
"telemetry.row('SCEN-B', 'P-01', 'run1:M0:probeL', 'grid[365]').wall_clock_seconds",E,declared telemetry column (R-3),1.2606163999953424,1.6090971999801695
"telemetry.row('SCEN-B', 'P-01', 'run1:M0:probeL', 'grid[730]').wall_clock_seconds",E,declared telemetry column (R-3),0.15320719999726862,0.1903678000671789
"telemetry.row('SCEN-B', 'P-01', 'run1:M0:probeR', 'feature').wall_clock_seconds",E,declared telemetry column (R-3),0.4303085999999894,0.39174980006646365
"telemetry.row('SCEN-B', 'P-01', 'run1:M0:probeR', 'grid[0]').wall_clock_seconds",E,declared telemetry column (R-3),0.5290815999978804,0.6544381999410689
"telemetry.row('SCEN-B', 'P-01', 'run1:M0:probeR', 'grid[365]').wall_clock_seconds",E,declared telemetry column (R-3),0.685653700005787,0.7771910999435931
"telemetry.row('SCEN-B', 'P-01', 'run1:M0:probeR', 'grid[730]').wall_clock_seconds",E,declared telemetry column (R-3),0.15642030000162777,0.15515670005697757
"telemetry.row('SCEN-B', 'P-01', 'run2:F0:fold0', 'feature').wall_clock_seconds",E,declared telemetry column (R-3),0.37654749999637716,0.48539659997913986
"telemetry.row('SCEN-B', 'P-01', 'run2:F0:fold0', 'grid[0]').wall_clock_seconds",E,declared telemetry column (R-3),0.38214240000525024,0.5019598000217229
"telemetry.row('SCEN-B', 'P-01', 'run2:F0:fold0', 'grid[365]').wall_clock_seconds",E,declared telemetry column (R-3),0.4512994000033359,0.6033775000832975
"telemetry.row('SCEN-B', 'P-01', 'run2:F0:fold0', 'grid[730]').wall_clock_seconds",E,declared telemetry column (R-3),0.14994450000085635,0.2023794000269845
"telemetry.row('SCEN-B', 'P-01', 'run2:F0:fold1', 'feature').wall_clock_seconds",E,declared telemetry column (R-3),0.3088720999949146,0.3597734000068158
"telemetry.row('SCEN-B', 'P-01', 'run2:F0:fold1', 'grid[0]').wall_clock_seconds",E,declared telemetry column (R-3),0.45601470000110567,0.5935939999762923
"telemetry.row('SCEN-B', 'P-01', 'run2:F0:fold1', 'grid[365]').wall_clock_seconds",E,declared telemetry column (R-3),0.5888283999956911,0.6142660999903455
"telemetry.row('SCEN-B', 'P-01', 'run2:F0:fold1', 'grid[730]').wall_clock_seconds",E,declared telemetry column (R-3),0.21944510000321316,0.21646330005023628
"telemetry.row('SCEN-B', 'P-01', 'run2:F0:fold3', 'feature').wall_clock_seconds",E,declared telemetry column (R-3),0.30650850000529317,0.38472360000014305
"telemetry.row('SCEN-B', 'P-01', 'run2:F0:fold3', 'grid[0]').wall_clock_seconds",E,declared telemetry column (R-3),0.4296156999989762,0.4919627000344917
"telemetry.row('SCEN-B', 'P-01', 'run2:F0:fold3', 'grid[365]').wall_clock_seconds",E,declared telemetry column (R-3),0.6182490999999573,0.7248089000349864
"telemetry.row('SCEN-B', 'P-01', 'run2:F0:fold3', 'grid[730]').wall_clock_seconds",E,declared telemetry column (R-3),0.1650701000035042,0.1988053999375552
"telemetry.row('SCEN-B', 'P-01', 'run2:F0:fold4', 'feature').wall_clock_seconds",E,declared telemetry column (R-3),0.42064099999697646,0.5700841000070795
"telemetry.row('SCEN-B', 'P-01', 'run2:F0:fold4', 'grid[0]').wall_clock_seconds",E,declared telemetry column (R-3),0.3781797999981791,0.49954900005832314
"telemetry.row('SCEN-B', 'P-01', 'run2:F0:fold4', 'grid[365]').wall_clock_seconds",E,declared telemetry column (R-3),0.5293213000040851,0.6595022999681532
"telemetry.row('SCEN-B', 'P-01', 'run2:F0:fold4', 'grid[730]').wall_clock_seconds",E,declared telemetry column (R-3),0.22485779999988154,0.2854291999246925
"telemetry.row('SCEN-B', 'P-01', 'run2:F0:full', 'feature').wall_clock_seconds",E,declared telemetry column (R-3),0.26742080000258284,0.3420487999683246
"telemetry.row('SCEN-B', 'P-01', 'run2:F0:full', 'grid[0]').wall_clock_seconds",E,declared telemetry column (R-3),0.45801750000100583,0.7054275999544188
"telemetry.row('SCEN-B', 'P-01', 'run2:F0:full', 'grid[365]').wall_clock_seconds",E,declared telemetry column (R-3),0.8910233999995398,1.2249101999914274
"telemetry.row('SCEN-B', 'P-01', 'run2:F0:full', 'grid[730]').wall_clock_seconds",E,declared telemetry column (R-3),0.22124389999953564,0.3052477999590337
"telemetry.row('SCEN-B', 'P-01', 'run2:F0:probeL', 'feature').wall_clock_seconds",E,declared telemetry column (R-3),0.3783707000038703,0.48965099989436567
"telemetry.row('SCEN-B', 'P-01', 'run2:F0:probeL', 'grid[0]').wall_clock_seconds",E,declared telemetry column (R-3),0.07723670000268612,0.1025309000397101
"telemetry.row('SCEN-B', 'P-01', 'run2:F0:probeL', 'grid[365]').wall_clock_seconds",E,declared telemetry column (R-3),0.42977370000153314,0.5792846999829635
"telemetry.row('SCEN-B', 'P-01', 'run2:F0:probeL', 'grid[730]').wall_clock_seconds",E,declared telemetry column (R-3),0.12597529999766266,0.16338809998705983
"telemetry.row('SCEN-B', 'P-01', 'run2:F0:probeR', 'feature').wall_clock_seconds",E,declared telemetry column (R-3),0.27920260000246344,0.34878180001396686
"telemetry.row('SCEN-B', 'P-01', 'run2:F0:probeR', 'grid[0]').wall_clock_seconds",E,declared telemetry column (R-3),0.42260950000490993,0.5590925000142306
"telemetry.row('SCEN-B', 'P-01', 'run2:F0:probeR', 'grid[365]').wall_clock_seconds",E,declared telemetry column (R-3),0.6239969000016572,0.7566895999480039
"telemetry.row('SCEN-B', 'P-01', 'run2:F0:probeR', 'grid[730]').wall_clock_seconds",E,declared telemetry column (R-3),0.16589139999996405,0.2139209999004379
"telemetry.row('SCEN-B', 'P-01', 'run2:M0:fold0', 'feature').wall_clock_seconds",E,declared telemetry column (R-3),0.3004616999969585,0.3474453999660909
"telemetry.row('SCEN-B', 'P-01', 'run2:M0:fold0', 'grid[0]').wall_clock_seconds",E,declared telemetry column (R-3),0.36701309999625664,0.35251660004723817
"telemetry.row('SCEN-B', 'P-01', 'run2:M0:fold0', 'grid[365]').wall_clock_seconds",E,declared telemetry column (R-3),0.7679048999998486,0.831506000016816
"telemetry.row('SCEN-B', 'P-01', 'run2:M0:fold0', 'grid[730]').wall_clock_seconds",E,declared telemetry column (R-3),0.1884353000059491,0.2041501000057906
"telemetry.row('SCEN-B', 'P-01', 'run2:M0:fold1', 'feature').wall_clock_seconds",E,declared telemetry column (R-3),0.218263200004003,0.2819265000289306
"telemetry.row('SCEN-B', 'P-01', 'run2:M0:fold1', 'grid[0]').wall_clock_seconds",E,declared telemetry column (R-3),0.3756148000029498,0.522583800018765
"telemetry.row('SCEN-B', 'P-01', 'run2:M0:fold1', 'grid[365]').wall_clock_seconds",E,declared telemetry column (R-3),0.6987372000003234,1.033289200044237
"telemetry.row('SCEN-B', 'P-01', 'run2:M0:fold1', 'grid[730]').wall_clock_seconds",E,declared telemetry column (R-3),0.18689869999798248,0.19282399991061538
"telemetry.row('SCEN-B', 'P-01', 'run2:M0:fold2', 'feature').wall_clock_seconds",E,declared telemetry column (R-3),0.3458567999987281,0.46540840005036443
"telemetry.row('SCEN-B', 'P-01', 'run2:M0:fold2', 'grid[0]').wall_clock_seconds",E,declared telemetry column (R-3),0.43615480000153184,0.5591157999588177
"telemetry.row('SCEN-B', 'P-01', 'run2:M0:fold2', 'grid[365]').wall_clock_seconds",E,declared telemetry column (R-3),1.1559957999998005,1.4984709999989718
"telemetry.row('SCEN-B', 'P-01', 'run2:M0:fold2', 'grid[730]').wall_clock_seconds",E,declared telemetry column (R-3),0.736969700003101,1.001162700005807
"telemetry.row('SCEN-B', 'P-01', 'run2:M0:fold3', 'feature').wall_clock_seconds",E,declared telemetry column (R-3),0.282485199997609,0.3812832999974489
"telemetry.row('SCEN-B', 'P-01', 'run2:M0:fold3', 'grid[0]').wall_clock_seconds",E,declared telemetry column (R-3),0.4364789000028395,0.573978399974294
"telemetry.row('SCEN-B', 'P-01', 'run2:M0:fold3', 'grid[365]').wall_clock_seconds",E,declared telemetry column (R-3),0.5224579000059748,0.6922226999886334
"telemetry.row('SCEN-B', 'P-01', 'run2:M0:fold3', 'grid[730]').wall_clock_seconds",E,declared telemetry column (R-3),0.1882578000004287,0.2685130999889225
"telemetry.row('SCEN-B', 'P-01', 'run2:M0:fold4', 'feature').wall_clock_seconds",E,declared telemetry column (R-3),0.3184700999991037,0.41136270004790276
"telemetry.row('SCEN-B', 'P-01', 'run2:M0:fold4', 'grid[0]').wall_clock_seconds",E,declared telemetry column (R-3),0.4202487000002293,0.5187842999584973
"telemetry.row('SCEN-B', 'P-01', 'run2:M0:fold4', 'grid[365]').wall_clock_seconds",E,declared telemetry column (R-3),0.6916204000008292,0.8755337001057342
"telemetry.row('SCEN-B', 'P-01', 'run2:M0:fold4', 'grid[730]').wall_clock_seconds",E,declared telemetry column (R-3),0.08375749999686377,0.10200019995681942
"telemetry.row('SCEN-B', 'P-01', 'run2:M0:full', 'feature').wall_clock_seconds",E,declared telemetry column (R-3),0.35642119999829447,0.37231620005331933
"telemetry.row('SCEN-B', 'P-01', 'run2:M0:full', 'grid[0]').wall_clock_seconds",E,declared telemetry column (R-3),0.5528728999997838,0.6848842999897897
"telemetry.row('SCEN-B', 'P-01', 'run2:M0:full', 'grid[365]').wall_clock_seconds",E,declared telemetry column (R-3),0.3017771999948309,0.24065209995023906
"telemetry.row('SCEN-B', 'P-01', 'run2:M0:full', 'grid[730]').wall_clock_seconds",E,declared telemetry column (R-3),0.2563676000063424,0.22795359999872744
"telemetry.row('SCEN-B', 'P-01', 'run2:M0:probeL', 'feature').wall_clock_seconds",E,declared telemetry column (R-3),0.21772369999962393,0.28636329993605614
"telemetry.row('SCEN-B', 'P-01', 'run2:M0:probeL', 'grid[0]').wall_clock_seconds",E,declared telemetry column (R-3),0.5473147000011522,0.7031392001081258
"telemetry.row('SCEN-B', 'P-01', 'run2:M0:probeL', 'grid[365]').wall_clock_seconds",E,declared telemetry column (R-3),1.273753100002068,1.6018226000014693
"telemetry.row('SCEN-B', 'P-01', 'run2:M0:probeL', 'grid[730]').wall_clock_seconds",E,declared telemetry column (R-3),0.14870890000020154,0.18699909991119057
"telemetry.row('SCEN-B', 'P-01', 'run2:M0:probeR', 'feature').wall_clock_seconds",E,declared telemetry column (R-3),0.33416399999987334,0.4177521000383422
"telemetry.row('SCEN-B', 'P-01', 'run2:M0:probeR', 'grid[0]').wall_clock_seconds",E,declared telemetry column (R-3),0.5332407000023522,0.6252040000399575
"telemetry.row('SCEN-B', 'P-01', 'run2:M0:probeR', 'grid[365]').wall_clock_seconds",E,declared telemetry column (R-3),0.6914726000031806,0.8506034000311047
"telemetry.row('SCEN-B', 'P-01', 'run2:M0:probeR', 'grid[730]').wall_clock_seconds",E,declared telemetry column (R-3),0.12746920000063255,0.1689098000060767
"telemetry.row('SCEN-B', 'P-02', 'run1:F0:fold0', 'grid[0]').wall_clock_seconds",E,declared telemetry column (R-3),1.208857399993576,1.5484752000775188
"telemetry.row('SCEN-B', 'P-02', 'run1:F0:fold0', 'grid[130]').wall_clock_seconds",E,declared telemetry column (R-3),0.4501264999998966,0.5903128999052569
"telemetry.row('SCEN-B', 'P-02', 'run1:F0:fold0', 'grid[260]').wall_clock_seconds",E,declared telemetry column (R-3),1.877336000005016,2.0135682000545785
"telemetry.row('SCEN-B', 'P-02', 'run1:F0:fold1', 'feature').wall_clock_seconds",E,declared telemetry column (R-3),0.4285957999964012,0.5770775000564754
"telemetry.row('SCEN-B', 'P-02', 'run1:F0:fold1', 'grid[0]').wall_clock_seconds",E,declared telemetry column (R-3),1.171061799999734,1.4632006000028923
"telemetry.row('SCEN-B', 'P-02', 'run1:F0:fold1', 'grid[130]').wall_clock_seconds",E,declared telemetry column (R-3),0.3972527000005357,0.5224877999862656
"telemetry.row('SCEN-B', 'P-02', 'run1:F0:fold1', 'grid[260]').wall_clock_seconds",E,declared telemetry column (R-3),1.528858500001661,1.960420100018382
"telemetry.row('SCEN-B', 'P-02', 'run1:F0:fold2', 'feature').wall_clock_seconds",E,declared telemetry column (R-3),0.5946021000054316,0.7560573000228032
"telemetry.row('SCEN-B', 'P-02', 'run1:F0:fold2', 'grid[0]').wall_clock_seconds",E,declared telemetry column (R-3),0.5931740000014543,0.8691450000042096
"telemetry.row('SCEN-B', 'P-02', 'run1:F0:fold2', 'grid[130]').wall_clock_seconds",E,declared telemetry column (R-3),0.574562200003129,0.7685399000765756
"telemetry.row('SCEN-B', 'P-02', 'run1:F0:fold2', 'grid[260]').wall_clock_seconds",E,declared telemetry column (R-3),0.6172010000009323,0.8584789000451565
"telemetry.row('SCEN-B', 'P-02', 'run1:F0:fold3', 'feature').wall_clock_seconds",E,declared telemetry column (R-3),0.49742509999487083,0.70294810004998
"telemetry.row('SCEN-B', 'P-02', 'run1:F0:fold3', 'grid[0]').wall_clock_seconds",E,declared telemetry column (R-3),0.6474114000011468,0.9118502999190241
"telemetry.row('SCEN-B', 'P-02', 'run1:F0:fold3', 'grid[130]').wall_clock_seconds",E,declared telemetry column (R-3),0.5262387999973726,0.7210715999826789
"telemetry.row('SCEN-B', 'P-02', 'run1:F0:fold3', 'grid[260]').wall_clock_seconds",E,declared telemetry column (R-3),0.6128949999983888,0.8331792000681162
"telemetry.row('SCEN-B', 'P-02', 'run1:F0:fold4', 'feature').wall_clock_seconds",E,declared telemetry column (R-3),0.5545942000026116,0.7516190999886021
"telemetry.row('SCEN-B', 'P-02', 'run1:F0:fold4', 'grid[0]').wall_clock_seconds",E,declared telemetry column (R-3),1.4499940999958199,1.973223700071685
"telemetry.row('SCEN-B', 'P-02', 'run1:F0:fold4', 'grid[130]').wall_clock_seconds",E,declared telemetry column (R-3),0.4350224000008893,0.5957327999640256
"telemetry.row('SCEN-B', 'P-02', 'run1:F0:fold4', 'grid[260]').wall_clock_seconds",E,declared telemetry column (R-3),1.5227852999960305,1.976446499931626
"telemetry.row('SCEN-B', 'P-02', 'run1:F0:full', 'feature').wall_clock_seconds",E,declared telemetry column (R-3),0.5101571999985026,0.7252282000845298
"telemetry.row('SCEN-B', 'P-02', 'run1:F0:full', 'grid[0]').wall_clock_seconds",E,declared telemetry column (R-3),0.6128320999996504,0.8489775999914855
"telemetry.row('SCEN-B', 'P-02', 'run1:F0:full', 'grid[130]').wall_clock_seconds",E,declared telemetry column (R-3),0.3780622999984189,0.5277572999475524
"telemetry.row('SCEN-B', 'P-02', 'run1:F0:full', 'grid[260]').wall_clock_seconds",E,declared telemetry column (R-3),0.7589600999999675,1.0416217000456527
"telemetry.row('SCEN-B', 'P-02', 'run1:F0:probeL', 'feature').wall_clock_seconds",E,declared telemetry column (R-3),0.39873680000164313,0.5273464000783861
"telemetry.row('SCEN-B', 'P-02', 'run1:F0:probeL', 'grid[0]').wall_clock_seconds",E,declared telemetry column (R-3),1.1502565999981016,1.5209391999524087
"telemetry.row('SCEN-B', 'P-02', 'run1:F0:probeL', 'grid[130]').wall_clock_seconds",E,declared telemetry column (R-3),0.5596799999984796,0.6424525999464095
"telemetry.row('SCEN-B', 'P-02', 'run1:F0:probeL', 'grid[260]').wall_clock_seconds",E,declared telemetry column (R-3),1.7854039000012563,1.9779332999605685
"telemetry.row('SCEN-B', 'P-02', 'run1:F0:probeR', 'feature').wall_clock_seconds",E,declared telemetry column (R-3),0.492679599999974,0.6373054999858141
"telemetry.row('SCEN-B', 'P-02', 'run1:F0:probeR', 'grid[0]').wall_clock_seconds",E,declared telemetry column (R-3),0.5797865999993519,0.8060361000243574
"telemetry.row('SCEN-B', 'P-02', 'run1:F0:probeR', 'grid[130]').wall_clock_seconds",E,declared telemetry column (R-3),0.4588350999983959,0.6170566000510007
"telemetry.row('SCEN-B', 'P-02', 'run1:F0:probeR', 'grid[260]').wall_clock_seconds",E,declared telemetry column (R-3),1.445487700002559,1.9845363999484107
"telemetry.row('SCEN-B', 'P-02', 'run1:M0:fold0', 'feature').wall_clock_seconds",E,declared telemetry column (R-3),0.4989298000000417,0.6214130000444129
"telemetry.row('SCEN-B', 'P-02', 'run1:M0:fold0', 'grid[0]').wall_clock_seconds",E,declared telemetry column (R-3),1.6012801000033505,2.0018843000289053
"telemetry.row('SCEN-B', 'P-02', 'run1:M0:fold0', 'grid[130]').wall_clock_seconds",E,declared telemetry column (R-3),0.50543949999701,0.6489799000555649
"telemetry.row('SCEN-B', 'P-02', 'run1:M0:fold0', 'grid[260]').wall_clock_seconds",E,declared telemetry column (R-3),1.9837900999991689,2.143064499949105
"telemetry.row('SCEN-B', 'P-02', 'run1:M0:fold1', 'feature').wall_clock_seconds",E,declared telemetry column (R-3),0.520870799999102,0.5783456999342889
"telemetry.row('SCEN-B', 'P-02', 'run1:M0:fold1', 'grid[0]').wall_clock_seconds",E,declared telemetry column (R-3),0.7160149999981513,0.7966632999014109
"telemetry.row('SCEN-B', 'P-02', 'run1:M0:fold1', 'grid[130]').wall_clock_seconds",E,declared telemetry column (R-3),0.48057430000335444,0.5627858000807464
"telemetry.row('SCEN-B', 'P-02', 'run1:M0:fold1', 'grid[260]').wall_clock_seconds",E,declared telemetry column (R-3),0.6931890999985626,0.823945099953562
"telemetry.row('SCEN-B', 'P-02', 'run1:M0:fold2', 'feature').wall_clock_seconds",E,declared telemetry column (R-3),0.43297980000352254,0.5150716999778524
"telemetry.row('SCEN-B', 'P-02', 'run1:M0:fold2', 'grid[0]').wall_clock_seconds",E,declared telemetry column (R-3),1.522855500006699,1.786692599998787
"telemetry.row('SCEN-B', 'P-02', 'run1:M0:fold2', 'grid[130]').wall_clock_seconds",E,declared telemetry column (R-3),0.48626710000098683,0.6156722999876365
"telemetry.row('SCEN-B', 'P-02', 'run1:M0:fold2', 'grid[260]').wall_clock_seconds",E,declared telemetry column (R-3),1.5664577999996254,1.8732710999902338
"telemetry.row('SCEN-B', 'P-02', 'run1:M0:fold3', 'feature').wall_clock_seconds",E,declared telemetry column (R-3),0.6390009999959148,0.6710090000415221
"telemetry.row('SCEN-B', 'P-02', 'run1:M0:fold3', 'grid[0]').wall_clock_seconds",E,declared telemetry column (R-3),0.7358639000012772,0.8489939999999478
"telemetry.row('SCEN-B', 'P-02', 'run1:M0:fold3', 'grid[130]').wall_clock_seconds",E,declared telemetry column (R-3),0.5923043000002508,0.6611812999472022
"telemetry.row('SCEN-B', 'P-02', 'run1:M0:fold3', 'grid[260]').wall_clock_seconds",E,declared telemetry column (R-3),0.9886497999978019,0.8709104999434203
"telemetry.row('SCEN-B', 'P-02', 'run1:M0:fold4', 'feature').wall_clock_seconds",E,declared telemetry column (R-3),0.49692510000022594,0.6696140000130981
"telemetry.row('SCEN-B', 'P-02', 'run1:M0:fold4', 'grid[0]').wall_clock_seconds",E,declared telemetry column (R-3),0.9582423000028939,1.0334857000270858
"telemetry.row('SCEN-B', 'P-02', 'run1:M0:fold4', 'grid[130]').wall_clock_seconds",E,declared telemetry column (R-3),0.4574834000013652,0.5646415000082925
"telemetry.row('SCEN-B', 'P-02', 'run1:M0:fold4', 'grid[260]').wall_clock_seconds",E,declared telemetry column (R-3),0.6598623999962001,0.7578790000407025
"telemetry.row('SCEN-B', 'P-02', 'run1:M0:full', 'feature').wall_clock_seconds",E,declared telemetry column (R-3),0.5018669999990379,0.6246648000087589
"telemetry.row('SCEN-B', 'P-02', 'run1:M0:full', 'grid[0]').wall_clock_seconds",E,declared telemetry column (R-3),1.0007665000011912,1.1670053999405354
"telemetry.row('SCEN-B', 'P-02', 'run1:M0:full', 'grid[130]').wall_clock_seconds",E,declared telemetry column (R-3),0.6310378999987734,0.6330900000175461
"telemetry.row('SCEN-B', 'P-02', 'run1:M0:full', 'grid[260]').wall_clock_seconds",E,declared telemetry column (R-3),0.9603931999954511,1.209912999998778
"telemetry.row('SCEN-B', 'P-02', 'run1:M0:probeR', 'feature').wall_clock_seconds",E,declared telemetry column (R-3),0.46070229999895673,0.5633639000589028
"telemetry.row('SCEN-B', 'P-02', 'run1:M0:probeR', 'grid[0]').wall_clock_seconds",E,declared telemetry column (R-3),1.596215999998094,2.1164803999708965
"telemetry.row('SCEN-B', 'P-02', 'run1:M0:probeR', 'grid[130]').wall_clock_seconds",E,declared telemetry column (R-3),0.4509178000007523,0.5851964000612497
"telemetry.row('SCEN-B', 'P-02', 'run1:M0:probeR', 'grid[260]').wall_clock_seconds",E,declared telemetry column (R-3),1.5242046999992453,1.8939781000372022
"telemetry.row('SCEN-B', 'P-02', 'run2:F0:fold0', 'grid[0]').wall_clock_seconds",E,declared telemetry column (R-3),1.1293842000013683,1.7530026000458747
"telemetry.row('SCEN-B', 'P-02', 'run2:F0:fold0', 'grid[130]').wall_clock_seconds",E,declared telemetry column (R-3),0.4304610000035609,0.6145704999798909
"telemetry.row('SCEN-B', 'P-02', 'run2:F0:fold0', 'grid[260]').wall_clock_seconds",E,declared telemetry column (R-3),1.6345363999935216,2.0391598999267444
"telemetry.row('SCEN-B', 'P-02', 'run2:F0:fold1', 'feature').wall_clock_seconds",E,declared telemetry column (R-3),0.5616829999999027,0.5522424000082538
"telemetry.row('SCEN-B', 'P-02', 'run2:F0:fold1', 'grid[0]').wall_clock_seconds",E,declared telemetry column (R-3),1.0653882000042358,1.4613683000206947
"telemetry.row('SCEN-B', 'P-02', 'run2:F0:fold1', 'grid[130]').wall_clock_seconds",E,declared telemetry column (R-3),0.37908990000141785,0.4912832999834791
"telemetry.row('SCEN-B', 'P-02', 'run2:F0:fold1', 'grid[260]').wall_clock_seconds",E,declared telemetry column (R-3),1.4978150999959325,2.013105599908158
"telemetry.row('SCEN-B', 'P-02', 'run2:F0:fold2', 'feature').wall_clock_seconds",E,declared telemetry column (R-3),0.5416407000011532,0.7391714999685064
"telemetry.row('SCEN-B', 'P-02', 'run2:F0:fold2', 'grid[0]').wall_clock_seconds",E,declared telemetry column (R-3),0.6552219999939553,0.7719519999809563
"telemetry.row('SCEN-B', 'P-02', 'run2:F0:fold2', 'grid[130]').wall_clock_seconds",E,declared telemetry column (R-3),0.5588665999966906,0.752034799894318
"telemetry.row('SCEN-B', 'P-02', 'run2:F0:fold2', 'grid[260]').wall_clock_seconds",E,declared telemetry column (R-3),0.6108880000028876,0.8070253999903798
"telemetry.row('SCEN-B', 'P-02', 'run2:F0:fold3', 'feature').wall_clock_seconds",E,declared telemetry column (R-3),0.5218099999983679,0.6702695999993011
"telemetry.row('SCEN-B', 'P-02', 'run2:F0:fold3', 'grid[0]').wall_clock_seconds",E,declared telemetry column (R-3),0.6556429000047501,0.8602193999104202
"telemetry.row('SCEN-B', 'P-02', 'run2:F0:fold3', 'grid[130]').wall_clock_seconds",E,declared telemetry column (R-3),0.5279351999997743,0.6890720999799669
"telemetry.row('SCEN-B', 'P-02', 'run2:F0:fold3', 'grid[260]').wall_clock_seconds",E,declared telemetry column (R-3),0.5969354000044405,0.78877989994362
"telemetry.row('SCEN-B', 'P-02', 'run2:F0:fold4', 'feature').wall_clock_seconds",E,declared telemetry column (R-3),0.5685519000035129,0.7274852000409737
"telemetry.row('SCEN-B', 'P-02', 'run2:F0:fold4', 'grid[0]').wall_clock_seconds",E,declared telemetry column (R-3),1.4442923000024166,2.1106703999685124
"telemetry.row('SCEN-B', 'P-02', 'run2:F0:fold4', 'grid[130]').wall_clock_seconds",E,declared telemetry column (R-3),0.45390600000246195,0.5949088999768719
"telemetry.row('SCEN-B', 'P-02', 'run2:F0:fold4', 'grid[260]').wall_clock_seconds",E,declared telemetry column (R-3),1.420726399999694,1.9102368999738246
"telemetry.row('SCEN-B', 'P-02', 'run2:F0:full', 'feature').wall_clock_seconds",E,declared telemetry column (R-3),0.5041817000019364,0.804841100005433
"telemetry.row('SCEN-B', 'P-02', 'run2:F0:full', 'grid[0]').wall_clock_seconds",E,declared telemetry column (R-3),0.6395770000017365,0.8080607999581844
"telemetry.row('SCEN-B', 'P-02', 'run2:F0:full', 'grid[130]').wall_clock_seconds",E,declared telemetry column (R-3),0.3966048000002047,0.47820909996517
"telemetry.row('SCEN-B', 'P-02', 'run2:F0:full', 'grid[260]').wall_clock_seconds",E,declared telemetry column (R-3),0.7559508999984246,0.9715041000163183
"telemetry.row('SCEN-B', 'P-02', 'run2:F0:probeL', 'feature').wall_clock_seconds",E,declared telemetry column (R-3),0.3859169999996084,0.5225894999457523
"telemetry.row('SCEN-B', 'P-02', 'run2:F0:probeL', 'grid[0]').wall_clock_seconds",E,declared telemetry column (R-3),1.1369770000019344,1.4652330999961123
"telemetry.row('SCEN-B', 'P-02', 'run2:F0:probeL', 'grid[130]').wall_clock_seconds",E,declared telemetry column (R-3),0.5028349999993225,0.6321805999614298
"telemetry.row('SCEN-B', 'P-02', 'run2:F0:probeL', 'grid[260]').wall_clock_seconds",E,declared telemetry column (R-3),1.5526963000011165,1.9490367999533191
"telemetry.row('SCEN-B', 'P-02', 'run2:F0:probeR', 'feature').wall_clock_seconds",E,declared telemetry column (R-3),0.5514511000001221,0.5995312000159174
"telemetry.row('SCEN-B', 'P-02', 'run2:F0:probeR', 'grid[0]').wall_clock_seconds",E,declared telemetry column (R-3),0.5936604999951669,0.7658817999763414
"telemetry.row('SCEN-B', 'P-02', 'run2:F0:probeR', 'grid[130]').wall_clock_seconds",E,declared telemetry column (R-3),0.4213415000049281,0.5906946000177413
"telemetry.row('SCEN-B', 'P-02', 'run2:F0:probeR', 'grid[260]').wall_clock_seconds",E,declared telemetry column (R-3),1.5067605000003823,1.9381803000578657
"telemetry.row('SCEN-B', 'P-02', 'run2:M0:fold0', 'feature').wall_clock_seconds",E,declared telemetry column (R-3),0.41848400000162655,0.5644624000415206
"telemetry.row('SCEN-B', 'P-02', 'run2:M0:fold0', 'grid[0]').wall_clock_seconds",E,declared telemetry column (R-3),1.5379226000004564,1.9715124000795186
"telemetry.row('SCEN-B', 'P-02', 'run2:M0:fold0', 'grid[130]').wall_clock_seconds",E,declared telemetry column (R-3),0.4900973000039812,0.6350792000303045
"telemetry.row('SCEN-B', 'P-02', 'run2:M0:fold0', 'grid[260]').wall_clock_seconds",E,declared telemetry column (R-3),1.6065988999980618,2.0681589000159875
"telemetry.row('SCEN-B', 'P-02', 'run2:M0:fold1', 'feature').wall_clock_seconds",E,declared telemetry column (R-3),0.43777289999707136,0.5711558000184596
"telemetry.row('SCEN-B', 'P-02', 'run2:M0:fold1', 'grid[0]').wall_clock_seconds",E,declared telemetry column (R-3),0.5785755999968387,0.7504700999706984
"telemetry.row('SCEN-B', 'P-02', 'run2:M0:fold1', 'grid[130]').wall_clock_seconds",E,declared telemetry column (R-3),0.4245186000043759,0.5492616000119597
"telemetry.row('SCEN-B', 'P-02', 'run2:M0:fold1', 'grid[260]').wall_clock_seconds",E,declared telemetry column (R-3),0.6216792999985046,0.8008688000263646
"telemetry.row('SCEN-B', 'P-02', 'run2:M0:fold2', 'feature').wall_clock_seconds",E,declared telemetry column (R-3),0.39444450000155484,0.5102111999876797
"telemetry.row('SCEN-B', 'P-02', 'run2:M0:fold2', 'grid[0]').wall_clock_seconds",E,declared telemetry column (R-3),1.3684938999940641,1.7969783000880852
"telemetry.row('SCEN-B', 'P-02', 'run2:M0:fold2', 'grid[130]').wall_clock_seconds",E,declared telemetry column (R-3),0.47707859999354696,0.5910433999961242
"telemetry.row('SCEN-B', 'P-02', 'run2:M0:fold2', 'grid[260]').wall_clock_seconds",E,declared telemetry column (R-3),1.4043510999981663,1.8927326999837533
"telemetry.row('SCEN-B', 'P-02', 'run2:M0:fold3', 'feature').wall_clock_seconds",E,declared telemetry column (R-3),0.5102120000010473,0.6698104999959469
"telemetry.row('SCEN-B', 'P-02', 'run2:M0:fold3', 'grid[0]').wall_clock_seconds",E,declared telemetry column (R-3),0.6409611999988556,0.880615400034003
"telemetry.row('SCEN-B', 'P-02', 'run2:M0:fold3', 'grid[130]').wall_clock_seconds",E,declared telemetry column (R-3),0.4976260999974329,0.6878893999382854
"telemetry.row('SCEN-B', 'P-02', 'run2:M0:fold3', 'grid[260]').wall_clock_seconds",E,declared telemetry column (R-3),0.6302442999949562,0.9150933999335393
"telemetry.row('SCEN-B', 'P-02', 'run2:M0:fold4', 'feature').wall_clock_seconds",E,declared telemetry column (R-3),0.4950962000002619,0.6418103000614792
"telemetry.row('SCEN-B', 'P-02', 'run2:M0:fold4', 'grid[0]').wall_clock_seconds",E,declared telemetry column (R-3),0.8303841000015382,1.0177332001039758
"telemetry.row('SCEN-B', 'P-02', 'run2:M0:fold4', 'grid[130]').wall_clock_seconds",E,declared telemetry column (R-3),0.5602179999987129,0.5930327998939902
"telemetry.row('SCEN-B', 'P-02', 'run2:M0:fold4', 'grid[260]').wall_clock_seconds",E,declared telemetry column (R-3),0.7185300999990432,0.770221299957484
"telemetry.row('SCEN-B', 'P-02', 'run2:M0:full', 'feature').wall_clock_seconds",E,declared telemetry column (R-3),0.4754421000034199,0.650025499984622
"telemetry.row('SCEN-B', 'P-02', 'run2:M0:full', 'grid[0]').wall_clock_seconds",E,declared telemetry column (R-3),0.9758199999996577,1.130305099999532
"telemetry.row('SCEN-B', 'P-02', 'run2:M0:full', 'grid[130]').wall_clock_seconds",E,declared telemetry column (R-3),0.559421600002679,0.6515642000595108
"telemetry.row('SCEN-B', 'P-02', 'run2:M0:full', 'grid[260]').wall_clock_seconds",E,declared telemetry column (R-3),1.046295400003146,1.4778459999943152
"telemetry.row('SCEN-B', 'P-02', 'run2:M0:probeR', 'feature').wall_clock_seconds",E,declared telemetry column (R-3),0.4187711999984458,0.568470099940896
"telemetry.row('SCEN-B', 'P-02', 'run2:M0:probeR', 'grid[0]').wall_clock_seconds",E,declared telemetry column (R-3),1.4666453000027104,1.9163839000975713
"telemetry.row('SCEN-B', 'P-02', 'run2:M0:probeR', 'grid[130]').wall_clock_seconds",E,declared telemetry column (R-3),0.4641860999981873,0.5737260999158025
"telemetry.row('SCEN-B', 'P-02', 'run2:M0:probeR', 'grid[260]').wall_clock_seconds",E,declared telemetry column (R-3),1.5369673000022885,1.877731699962169
end_state.narrowed_evidence,U_FINDING,,"[""T-R2-2""]","[""T-R2-2"", ""T-RP-1""]"
exc_injection_fixtures,U_FINDING,,"{""S1"": {""count"": 1, ""pass_"": true, ""stages"": [1]}, ""S2"": {""count"": 2, ""pass_"": true, ""stages"": [1, 2]}, ""UNRELATED_TYPE"": {""caught_not_crashed"": true, ""context_unverifiable"": true, ""eval_level_dependent_criteria_pending"": {""INJ-SPL-PENDING-FOLD"": {""C2"": {""has_passed_field"": false, ""pending_not_passfail"": true, ""status"": ""STOP_EXACTNESS_PENDING(TEST_ONLY_INJECTED)""}, ""C4a_stays_pass"": true, ""mechanism"": ""MECHANISM_UNDETERMINED_PENDING_EXACTNESS(TEST_ONLY_INJECTED)"", ""p03"": [""PENDING"", ""PENDING""]}","{""S1"": {""count"": 1, ""pass_"": true, ""stages"": [1]}, ""S2"": {""count"": 2, ""pass_"": true, ""stages"": [1, 2]}, ""UNRELATED_TYPE"": {""caught_not_crashed"": true, ""context_unverifiable"": true, ""eval_level_dependent_criteria_pending"": {""INJ-SPL-PENDING-FOLD"": {""C2"": {""has_passed_field"": false, ""pending_not_passfail"": true, ""status"": ""STOP_EXACTNESS_PENDING(TEST_ONLY_INJECTED)""}, ""C4a_stays_pass"": true, ""mechanism"": ""MECHANISM_UNDETERMINED_PENDING_EXACTNESS(TEST_ONLY_INJECTED)"", ""p03"": [""PENDING"", ""PENDING""]}"
test_evidence.exc_captures,U_FINDING,,"[{""exception_type"": ""RuntimeError"", ""fixture"": ""SCEN-A"", ""kind"": ""COVERED"", ""mask_id"": ""run1:F0:full"", ""message"": ""Maximum number of iterations reached."", ""mode"": 113, ""phase"": ""run1"", ""pid"": 10412, ""s2_rule"": ""alpha: NOT accepted at stage 2; chain continues"", ""sex"": ""F"", ""stage"": 2, ""start_iso"": ""2026-09-30T20:38:58.140644"", ""traceback"": ""Traceback (most recent call last):\n  File \""G:\\PycharmProjects\\pkp-worktree\\p_konum_plus\\calibration\\f3_step2_adequacy_harness_r4-2_2026-09-30.py\"", lin","[{""exception_type"": ""RuntimeError"", ""fixture"": ""SCEN-A"", ""kind"": ""COVERED"", ""mask_id"": ""run1:F0:full"", ""message"": ""Maximum number of iterations reached."", ""mode"": 113, ""phase"": ""run1"", ""pid"": 34228, ""s2_rule"": ""alpha: NOT accepted at stage 2; chain continues"", ""sex"": ""F"", ""stage"": 2, ""start_iso"": ""2026-10-06T10:55:39.541069"", ""traceback"": ""Traceback (most recent call last):\n  File \""G:\\PycharmProjects\\pkp-worktree\\p_konum_plus\\calibration\\f3_step2_adequacy_harness_rp1-r1_2026-10-05.py\"", l"
test_evidence.exc_captures_run2,U_FINDING,,"[{""exception_type"": ""RuntimeError"", ""fixture"": ""SCEN-A"", ""kind"": ""COVERED"", ""mask_id"": ""run2:F0:full"", ""message"": ""Maximum number of iterations reached."", ""mode"": 113, ""phase"": ""run2"", ""pid"": 10412, ""s2_rule"": ""alpha: NOT accepted at stage 2; chain continues"", ""sex"": ""F"", ""stage"": 2, ""start_iso"": ""2026-09-30T20:38:58.140644"", ""traceback"": ""Traceback (most recent call last):\n  File \""G:\\PycharmProjects\\pkp-worktree\\p_konum_plus\\calibration\\f3_step2_adequacy_harness_r4-2_2026-09-30.py\"", lin","[{""exception_type"": ""RuntimeError"", ""fixture"": ""SCEN-A"", ""kind"": ""COVERED"", ""mask_id"": ""run2:F0:full"", ""message"": ""Maximum number of iterations reached."", ""mode"": 113, ""phase"": ""run2"", ""pid"": 34228, ""s2_rule"": ""alpha: NOT accepted at stage 2; chain continues"", ""sex"": ""F"", ""stage"": 2, ""start_iso"": ""2026-10-06T10:55:39.541069"", ""traceback"": ""Traceback (most recent call last):\n  File \""G:\\PycharmProjects\\pkp-worktree\\p_konum_plus\\calibration\\f3_step2_adequacy_harness_rp1-r1_2026-10-05.py\"", l"
test_evidence.exc_captures_unit_phase,U_FINDING,,"[{""exception_type"": ""RuntimeError"", ""fixture"": ""INJ-EXC-CAPTURE-S1"", ""kind"": ""COVERED"", ""mask_id"": ""exc:s1"", ""message"": ""TEST_ONLY_INJECTION: forced nnls non-convergence stage 1"", ""mode"": 0, ""phase"": ""unit_tests"", ""pid"": 10412, ""s2_rule"": ""alpha: NOT accepted at stage 1; chain continues"", ""sex"": null, ""stage"": 1, ""start_iso"": ""2026-09-30T20:38:58.140644"", ""traceback"": ""Traceback (most recent call last):\n  File \""G:\\PycharmProjects\\pkp-worktree\\p_konum_plus\\calibration\\f3_step2_adequacy_har","[{""exception_type"": ""RuntimeError"", ""fixture"": ""INJ-EXC-CAPTURE-S1"", ""kind"": ""COVERED"", ""mask_id"": ""exc:s1"", ""message"": ""TEST_ONLY_INJECTION: forced nnls non-convergence stage 1"", ""mode"": 0, ""phase"": ""unit_tests"", ""pid"": 34228, ""s2_rule"": ""alpha: NOT accepted at stage 1; chain continues"", ""sex"": null, ""stage"": 1, ""start_iso"": ""2026-10-06T10:55:39.541069"", ""traceback"": ""Traceback (most recent call last):\n  File \""G:\\PycharmProjects\\pkp-worktree\\p_konum_plus\\calibration\\f3_step2_adequacy_har"
test_evidence.exc_injection_fixtures,U_FINDING,,"{""S1"": {""count"": 1, ""pass_"": true, ""stages"": [1]}, ""S2"": {""count"": 2, ""pass_"": true, ""stages"": [1, 2]}, ""UNRELATED_TYPE"": {""caught_not_crashed"": true, ""context_unverifiable"": true, ""eval_level_dependent_criteria_pending"": {""INJ-SPL-PENDING-FOLD"": {""C2"": {""has_passed_field"": false, ""pending_not_passfail"": true, ""status"": ""STOP_EXACTNESS_PENDING(TEST_ONLY_INJECTED)""}, ""C4a_stays_pass"": true, ""mechanism"": ""MECHANISM_UNDETERMINED_PENDING_EXACTNESS(TEST_ONLY_INJECTED)"", ""p03"": [""PENDING"", ""PENDING""]}","{""S1"": {""count"": 1, ""pass_"": true, ""stages"": [1]}, ""S2"": {""count"": 2, ""pass_"": true, ""stages"": [1, 2]}, ""UNRELATED_TYPE"": {""caught_not_crashed"": true, ""context_unverifiable"": true, ""eval_level_dependent_criteria_pending"": {""INJ-SPL-PENDING-FOLD"": {""C2"": {""has_passed_field"": false, ""pending_not_passfail"": true, ""status"": ""STOP_EXACTNESS_PENDING(TEST_ONLY_INJECTED)""}, ""C4a_stays_pass"": true, ""mechanism"": ""MECHANISM_UNDETERMINED_PENDING_EXACTNESS(TEST_ONLY_INJECTED)"", ""p03"": [""PENDING"", ""PENDING""]}"
