blok,hucre_id,seed_key_hucre,kol,k_true,rho_hedef,sigma,gurultu,rho_max,theta_min,ratio,verdict,rho_mean,d_eff,siniflar,phi,n_per_cluster,kume_boyutlari,sigma_vektoru,atama_id,aykiri_n,aykiri_sigma,jitter,cinsiyet,prototip_set_id,prototip_hash
A_harita,0,0,P_konum,3,r045,0.1,beyaz,0.456,62.9,11.01,kolay,0.276,2.34,peak@1942w15 | peak@1952w15 | peak@1962w15,,10,,,,0,,0,,,
A_harita,1,1,P_konum,3,r045,0.1,ar1_097,0.456,62.9,11.01,kolay,0.276,2.34,peak@1942w15 | peak@1952w15 | peak@1962w15,0.97,10,,,,0,,0,,,
A_harita,2,2,P_konum,3,r045,0.2,beyaz,0.456,62.9,5.56,kolay,0.276,2.34,peak@1942w15 | peak@1952w15 | peak@1962w15,,10,,,,0,,0,,,
A_harita,3,3,P_konum,3,r045,0.2,ar1_097,0.456,62.9,5.56,kolay,0.276,2.34,peak@1942w15 | peak@1952w15 | peak@1962w15,0.97,10,,,,0,,0,,,
A_harita,4,4,P_konum,3,r045,0.3,beyaz,0.456,62.9,3.77,kolay,0.276,2.34,peak@1942w15 | peak@1952w15 | peak@1962w15,,10,,,,0,,0,,,
A_harita,5,5,P_konum,3,r045,0.3,ar1_097,0.456,62.9,3.77,kolay,0.276,2.34,peak@1942w15 | peak@1952w15 | peak@1962w15,0.97,10,,,,0,,0,,,
A_harita,6,6,P_konum,3,r045,0.4,beyaz,0.456,62.9,2.88,orta,0.276,2.34,peak@1942w15 | peak@1952w15 | peak@1962w15,,10,,,,0,,0,,,
A_harita,7,7,P_konum,3,r045,0.4,ar1_097,0.456,62.9,2.88,orta,0.276,2.34,peak@1942w15 | peak@1952w15 | peak@1962w15,0.97,10,,,,0,,0,,,
A_harita,8,8,P_konum,3,r045,0.5,beyaz,0.456,62.9,2.37,orta,0.276,2.34,peak@1942w15 | peak@1952w15 | peak@1962w15,,10,,,,0,,0,,,
A_harita,9,9,P_konum,3,r045,0.5,ar1_097,0.456,62.9,2.37,orta,0.276,2.34,peak@1942w15 | peak@1952w15 | peak@1962w15,0.97,10,,,,0,,0,,,
A_harita,10,10,P_konum,3,r045,0.6,beyaz,0.456,62.9,2.03,orta,0.276,2.34,peak@1942w15 | peak@1952w15 | peak@1962w15,,10,,,,0,,0,,,
A_harita,11,11,P_konum,3,r045,0.6,ar1_097,0.456,62.9,2.03,orta,0.276,2.34,peak@1942w15 | peak@1952w15 | peak@1962w15,0.97,10,,,,0,,0,,,
A_harita,12,12,P_konum,3,r045,0.7,beyaz,0.456,62.9,1.8,orta,0.276,2.34,peak@1942w15 | peak@1952w15 | peak@1962w15,,10,,,,0,,0,,,
A_harita,13,13,P_konum,3,r045,0.7,ar1_097,0.456,62.9,1.8,orta,0.276,2.34,peak@1942w15 | peak@1952w15 | peak@1962w15,0.97,10,,,,0,,0,,,
A_harita,14,14,P_konum,3,r045,0.8,beyaz,0.456,62.9,1.63,orta,0.276,2.34,peak@1942w15 | peak@1952w15 | peak@1962w15,,10,,,,0,,0,,,
A_harita,15,15,P_konum,3,r045,0.8,ar1_097,0.456,62.9,1.63,orta,0.276,2.34,peak@1942w15 | peak@1952w15 | peak@1962w15,0.97,10,,,,0,,0,,,
A_harita,16,16,P_konum,3,r045,0.9,beyaz,0.456,62.9,1.5,zor,0.276,2.34,peak@1942w15 | peak@1952w15 | peak@1962w15,,10,,,,0,,0,,,
A_harita,17,17,P_konum,3,r045,0.9,ar1_097,0.456,62.9,1.5,zor,0.276,2.34,peak@1942w15 | peak@1952w15 | peak@1962w15,0.97,10,,,,0,,0,,,
A_harita,18,18,P_konum,3,r045,1.0,beyaz,0.456,62.9,1.4,zor,0.276,2.34,peak@1942w15 | peak@1952w15 | peak@1962w15,,10,,,,0,,0,,,
A_harita,19,19,P_konum,3,r045,1.0,ar1_097,0.456,62.9,1.4,zor,0.276,2.34,peak@1942w15 | peak@1952w15 | peak@1962w15,0.97,10,,,,0,,0,,,
A_harita,20,20,P_konum,3,r062,0.1,beyaz,0.615,52.1,9.12,kolay,0.43,1.99,peak@1944w15 | peak@1952w15 | peak@1960w15,,10,,,,0,,0,,,
A_harita,21,21,P_konum,3,r062,0.1,ar1_097,0.615,52.1,9.12,kolay,0.43,1.99,peak@1944w15 | peak@1952w15 | peak@1960w15,0.97,10,,,,0,,0,,,
A_harita,22,22,P_konum,3,r062,0.2,beyaz,0.615,52.1,4.61,kolay,0.43,1.99,peak@1944w15 | peak@1952w15 | peak@1960w15,,10,,,,0,,0,,,
A_harita,23,23,P_konum,3,r062,0.2,ar1_097,0.615,52.1,4.61,kolay,0.43,1.99,peak@1944w15 | peak@1952w15 | peak@1960w15,0.97,10,,,,0,,0,,,
A_harita,24,24,P_konum,3,r062,0.3,beyaz,0.615,52.1,3.12,kolay,0.43,1.99,peak@1944w15 | peak@1952w15 | peak@1960w15,,10,,,,0,,0,,,
A_harita,25,25,P_konum,3,r062,0.3,ar1_097,0.615,52.1,3.12,kolay,0.43,1.99,peak@1944w15 | peak@1952w15 | peak@1960w15,0.97,10,,,,0,,0,,,
A_harita,26,26,P_konum,3,r062,0.4,beyaz,0.615,52.1,2.39,orta,0.43,1.99,peak@1944w15 | peak@1952w15 | peak@1960w15,,10,,,,0,,0,,,
A_harita,27,27,P_konum,3,r062,0.4,ar1_097,0.615,52.1,2.39,orta,0.43,1.99,peak@1944w15 | peak@1952w15 | peak@1960w15,0.97,10,,,,0,,0,,,
A_harita,28,28,P_konum,3,r062,0.5,beyaz,0.615,52.1,1.96,orta,0.43,1.99,peak@1944w15 | peak@1952w15 | peak@1960w15,,10,,,,0,,0,,,
A_harita,29,29,P_konum,3,r062,0.5,ar1_097,0.615,52.1,1.96,orta,0.43,1.99,peak@1944w15 | peak@1952w15 | peak@1960w15,0.97,10,,,,0,,0,,,
A_harita,30,30,P_konum,3,r062,0.6,beyaz,0.615,52.1,1.68,orta,0.43,1.99,peak@1944w15 | peak@1952w15 | peak@1960w15,,10,,,,0,,0,,,
A_harita,31,31,P_konum,3,r062,0.6,ar1_097,0.615,52.1,1.68,orta,0.43,1.99,peak@1944w15 | peak@1952w15 | peak@1960w15,0.97,10,,,,0,,0,,,
A_harita,32,32,P_konum,3,r062,0.7,beyaz,0.615,52.1,1.49,zor,0.43,1.99,peak@1944w15 | peak@1952w15 | peak@1960w15,,10,,,,0,,0,,,
A_harita,33,33,P_konum,3,r062,0.7,ar1_097,0.615,52.1,1.49,zor,0.43,1.99,peak@1944w15 | peak@1952w15 | peak@1960w15,0.97,10,,,,0,,0,,,
A_harita,34,34,P_konum,3,r062,0.8,beyaz,0.615,52.1,1.35,zor,0.43,1.99,peak@1944w15 | peak@1952w15 | peak@1960w15,,10,,,,0,,0,,,
A_harita,35,35,P_konum,3,r062,0.8,ar1_097,0.615,52.1,1.35,zor,0.43,1.99,peak@1944w15 | peak@1952w15 | peak@1960w15,0.97,10,,,,0,,0,,,
A_harita,36,36,P_konum,3,r062,0.9,beyaz,0.615,52.1,1.24,zor,0.43,1.99,peak@1944w15 | peak@1952w15 | peak@1960w15,,10,,,,0,,0,,,
A_harita,37,37,P_konum,3,r062,0.9,ar1_097,0.615,52.1,1.24,zor,0.43,1.99,peak@1944w15 | peak@1952w15 | peak@1960w15,0.97,10,,,,0,,0,,,
A_harita,38,38,P_konum,3,r062,1.0,beyaz,0.615,52.1,1.16,zor,0.43,1.99,peak@1944w15 | peak@1952w15 | peak@1960w15,,10,,,,0,,0,,,
A_harita,39,39,P_konum,3,r062,1.0,ar1_097,0.615,52.1,1.16,zor,0.43,1.99,peak@1944w15 | peak@1952w15 | peak@1960w15,0.97,10,,,,0,,0,,,
A_harita,40,40,P_konum,3,r078,0.1,beyaz,0.765,40.1,7.03,kolay,0.611,1.63,peak@1946w15 | peak@1952w15 | peak@1958w15,,10,,,,0,,0,,,
A_harita,41,41,P_konum,3,r078,0.1,ar1_097,0.765,40.1,7.03,kolay,0.611,1.63,peak@1946w15 | peak@1952w15 | peak@1958w15,0.97,10,,,,0,,0,,,
A_harita,42,42,P_konum,3,r078,0.2,beyaz,0.765,40.1,3.55,kolay,0.611,1.63,peak@1946w15 | peak@1952w15 | peak@1958w15,,10,,,,0,,0,,,
A_harita,43,43,P_konum,3,r078,0.2,ar1_097,0.765,40.1,3.55,kolay,0.611,1.63,peak@1946w15 | peak@1952w15 | peak@1958w15,0.97,10,,,,0,,0,,,
A_harita,44,44,P_konum,3,r078,0.3,beyaz,0.765,40.1,2.4,orta,0.611,1.63,peak@1946w15 | peak@1952w15 | peak@1958w15,,10,,,,0,,0,,,
A_harita,45,45,P_konum,3,r078,0.3,ar1_097,0.765,40.1,2.4,orta,0.611,1.63,peak@1946w15 | peak@1952w15 | peak@1958w15,0.97,10,,,,0,,0,,,
A_harita,46,46,P_konum,3,r078,0.4,beyaz,0.765,40.1,1.84,orta,0.611,1.63,peak@1946w15 | peak@1952w15 | peak@1958w15,,10,,,,0,,0,,,
A_harita,47,47,P_konum,3,r078,0.4,ar1_097,0.765,40.1,1.84,orta,0.611,1.63,peak@1946w15 | peak@1952w15 | peak@1958w15,0.97,10,,,,0,,0,,,
A_harita,48,48,P_konum,3,r078,0.5,beyaz,0.765,40.1,1.51,orta,0.611,1.63,peak@1946w15 | peak@1952w15 | peak@1958w15,,10,,,,0,,0,,,
A_harita,49,49,P_konum,3,r078,0.5,ar1_097,0.765,40.1,1.51,orta,0.611,1.63,peak@1946w15 | peak@1952w15 | peak@1958w15,0.97,10,,,,0,,0,,,
A_harita,50,50,P_konum,3,r078,0.6,beyaz,0.765,40.1,1.3,zor,0.611,1.63,peak@1946w15 | peak@1952w15 | peak@1958w15,,10,,,,0,,0,,,
A_harita,51,51,P_konum,3,r078,0.6,ar1_097,0.765,40.1,1.3,zor,0.611,1.63,peak@1946w15 | peak@1952w15 | peak@1958w15,0.97,10,,,,0,,0,,,
A_harita,52,52,P_konum,3,r078,0.7,beyaz,0.765,40.1,1.15,zor,0.611,1.63,peak@1946w15 | peak@1952w15 | peak@1958w15,,10,,,,0,,0,,,
A_harita,53,53,P_konum,3,r078,0.7,ar1_097,0.765,40.1,1.15,zor,0.611,1.63,peak@1946w15 | peak@1952w15 | peak@1958w15,0.97,10,,,,0,,0,,,
A_harita,54,54,P_konum,3,r078,0.8,beyaz,0.765,40.1,1.04,zor,0.611,1.63,peak@1946w15 | peak@1952w15 | peak@1958w15,,10,,,,0,,0,,,
A_harita,55,55,P_konum,3,r078,0.8,ar1_097,0.765,40.1,1.04,zor,0.611,1.63,peak@1946w15 | peak@1952w15 | peak@1958w15,0.97,10,,,,0,,0,,,
A_harita,56,56,P_konum,3,r078,0.9,beyaz,0.765,40.1,0.96,zor,0.611,1.63,peak@1946w15 | peak@1952w15 | peak@1958w15,,10,,,,0,,0,,,
A_harita,57,57,P_konum,3,r078,0.9,ar1_097,0.765,40.1,0.96,zor,0.611,1.63,peak@1946w15 | peak@1952w15 | peak@1958w15,0.97,10,,,,0,,0,,,
A_harita,58,58,P_konum,3,r078,1.0,beyaz,0.765,40.1,0.89,zor,0.611,1.63,peak@1946w15 | peak@1952w15 | peak@1958w15,,10,,,,0,,0,,,
A_harita,59,59,P_konum,3,r078,1.0,ar1_097,0.765,40.1,0.89,zor,0.611,1.63,peak@1946w15 | peak@1952w15 | peak@1958w15,0.97,10,,,,0,,0,,,
A_harita,60,60,P_konum,4,r045,0.1,beyaz,0.456,62.9,11.01,kolay,0.171,3.0,peak@1937w15 | peak@1947w15 | peak@1957w15 | peak@1967w15,,10,,,,0,,0,,,
A_harita,61,61,P_konum,4,r045,0.1,ar1_097,0.456,62.9,11.01,kolay,0.171,3.0,peak@1937w15 | peak@1947w15 | peak@1957w15 | peak@1967w15,0.97,10,,,,0,,0,,,
A_harita,62,62,P_konum,4,r045,0.2,beyaz,0.456,62.9,5.56,kolay,0.171,3.0,peak@1937w15 | peak@1947w15 | peak@1957w15 | peak@1967w15,,10,,,,0,,0,,,
A_harita,63,63,P_konum,4,r045,0.2,ar1_097,0.456,62.9,5.56,kolay,0.171,3.0,peak@1937w15 | peak@1947w15 | peak@1957w15 | peak@1967w15,0.97,10,,,,0,,0,,,
A_harita,64,64,P_konum,4,r045,0.3,beyaz,0.456,62.9,3.77,kolay,0.171,3.0,peak@1937w15 | peak@1947w15 | peak@1957w15 | peak@1967w15,,10,,,,0,,0,,,
A_harita,65,65,P_konum,4,r045,0.3,ar1_097,0.456,62.9,3.77,kolay,0.171,3.0,peak@1937w15 | peak@1947w15 | peak@1957w15 | peak@1967w15,0.97,10,,,,0,,0,,,
A_harita,66,66,P_konum,4,r045,0.4,beyaz,0.456,62.9,2.88,orta,0.171,3.0,peak@1937w15 | peak@1947w15 | peak@1957w15 | peak@1967w15,,10,,,,0,,0,,,
A_harita,67,67,P_konum,4,r045,0.4,ar1_097,0.456,62.9,2.88,orta,0.171,3.0,peak@1937w15 | peak@1947w15 | peak@1957w15 | peak@1967w15,0.97,10,,,,0,,0,,,
A_harita,68,68,P_konum,4,r045,0.5,beyaz,0.456,62.9,2.37,orta,0.171,3.0,peak@1937w15 | peak@1947w15 | peak@1957w15 | peak@1967w15,,10,,,,0,,0,,,
A_harita,69,69,P_konum,4,r045,0.5,ar1_097,0.456,62.9,2.37,orta,0.171,3.0,peak@1937w15 | peak@1947w15 | peak@1957w15 | peak@1967w15,0.97,10,,,,0,,0,,,
A_harita,70,70,P_konum,4,r045,0.6,beyaz,0.456,62.9,2.03,orta,0.171,3.0,peak@1937w15 | peak@1947w15 | peak@1957w15 | peak@1967w15,,10,,,,0,,0,,,
A_harita,71,71,P_konum,4,r045,0.6,ar1_097,0.456,62.9,2.03,orta,0.171,3.0,peak@1937w15 | peak@1947w15 | peak@1957w15 | peak@1967w15,0.97,10,,,,0,,0,,,
A_harita,72,72,P_konum,4,r045,0.7,beyaz,0.456,62.9,1.8,orta,0.171,3.0,peak@1937w15 | peak@1947w15 | peak@1957w15 | peak@1967w15,,10,,,,0,,0,,,
A_harita,73,73,P_konum,4,r045,0.7,ar1_097,0.456,62.9,1.8,orta,0.171,3.0,peak@1937w15 | peak@1947w15 | peak@1957w15 | peak@1967w15,0.97,10,,,,0,,0,,,
A_harita,74,74,P_konum,4,r045,0.8,beyaz,0.456,62.9,1.63,orta,0.171,3.0,peak@1937w15 | peak@1947w15 | peak@1957w15 | peak@1967w15,,10,,,,0,,0,,,
A_harita,75,75,P_konum,4,r045,0.8,ar1_097,0.456,62.9,1.63,orta,0.171,3.0,peak@1937w15 | peak@1947w15 | peak@1957w15 | peak@1967w15,0.97,10,,,,0,,0,,,
A_harita,76,76,P_konum,4,r045,0.9,beyaz,0.456,62.9,1.5,zor,0.171,3.0,peak@1937w15 | peak@1947w15 | peak@1957w15 | peak@1967w15,,10,,,,0,,0,,,
A_harita,77,77,P_konum,4,r045,0.9,ar1_097,0.456,62.9,1.5,zor,0.171,3.0,peak@1937w15 | peak@1947w15 | peak@1957w15 | peak@1967w15,0.97,10,,,,0,,0,,,
A_harita,78,78,P_konum,4,r045,1.0,beyaz,0.456,62.9,1.4,zor,0.171,3.0,peak@1937w15 | peak@1947w15 | peak@1957w15 | peak@1967w15,,10,,,,0,,0,,,
A_harita,79,79,P_konum,4,r045,1.0,ar1_097,0.456,62.9,1.4,zor,0.171,3.0,peak@1937w15 | peak@1947w15 | peak@1957w15 | peak@1967w15,0.97,10,,,,0,,0,,,
A_harita,80,80,P_konum,4,r062,0.1,beyaz,0.615,52.1,9.12,kolay,0.303,2.53,peak@1940w15 | peak@1948w15 | peak@1956w15 | peak@1964w15,,10,,,,0,,0,,,
A_harita,81,81,P_konum,4,r062,0.1,ar1_097,0.615,52.1,9.12,kolay,0.303,2.53,peak@1940w15 | peak@1948w15 | peak@1956w15 | peak@1964w15,0.97,10,,,,0,,0,,,
A_harita,82,82,P_konum,4,r062,0.2,beyaz,0.615,52.1,4.61,kolay,0.303,2.53,peak@1940w15 | peak@1948w15 | peak@1956w15 | peak@1964w15,,10,,,,0,,0,,,
A_harita,83,83,P_konum,4,r062,0.2,ar1_097,0.615,52.1,4.61,kolay,0.303,2.53,peak@1940w15 | peak@1948w15 | peak@1956w15 | peak@1964w15,0.97,10,,,,0,,0,,,
A_harita,84,84,P_konum,4,r062,0.3,beyaz,0.615,52.1,3.12,kolay,0.303,2.53,peak@1940w15 | peak@1948w15 | peak@1956w15 | peak@1964w15,,10,,,,0,,0,,,
A_harita,85,85,P_konum,4,r062,0.3,ar1_097,0.615,52.1,3.12,kolay,0.303,2.53,peak@1940w15 | peak@1948w15 | peak@1956w15 | peak@1964w15,0.97,10,,,,0,,0,,,
A_harita,86,86,P_konum,4,r062,0.4,beyaz,0.615,52.1,2.39,orta,0.303,2.53,peak@1940w15 | peak@1948w15 | peak@1956w15 | peak@1964w15,,10,,,,0,,0,,,
A_harita,87,87,P_konum,4,r062,0.4,ar1_097,0.615,52.1,2.39,orta,0.303,2.53,peak@1940w15 | peak@1948w15 | peak@1956w15 | peak@1964w15,0.97,10,,,,0,,0,,,
A_harita,88,88,P_konum,4,r062,0.5,beyaz,0.615,52.1,1.96,orta,0.303,2.53,peak@1940w15 | peak@1948w15 | peak@1956w15 | peak@1964w15,,10,,,,0,,0,,,
A_harita,89,89,P_konum,4,r062,0.5,ar1_097,0.615,52.1,1.96,orta,0.303,2.53,peak@1940w15 | peak@1948w15 | peak@1956w15 | peak@1964w15,0.97,10,,,,0,,0,,,
A_harita,90,90,P_konum,4,r062,0.6,beyaz,0.615,52.1,1.68,orta,0.303,2.53,peak@1940w15 | peak@1948w15 | peak@1956w15 | peak@1964w15,,10,,,,0,,0,,,
A_harita,91,91,P_konum,4,r062,0.6,ar1_097,0.615,52.1,1.68,orta,0.303,2.53,peak@1940w15 | peak@1948w15 | peak@1956w15 | peak@1964w15,0.97,10,,,,0,,0,,,
A_harita,92,92,P_konum,4,r062,0.7,beyaz,0.615,52.1,1.49,zor,0.303,2.53,peak@1940w15 | peak@1948w15 | peak@1956w15 | peak@1964w15,,10,,,,0,,0,,,
A_harita,93,93,P_konum,4,r062,0.7,ar1_097,0.615,52.1,1.49,zor,0.303,2.53,peak@1940w15 | peak@1948w15 | peak@1956w15 | peak@1964w15,0.97,10,,,,0,,0,,,
A_harita,94,94,P_konum,4,r062,0.8,beyaz,0.615,52.1,1.35,zor,0.303,2.53,peak@1940w15 | peak@1948w15 | peak@1956w15 | peak@1964w15,,10,,,,0,,0,,,
A_harita,95,95,P_konum,4,r062,0.8,ar1_097,0.615,52.1,1.35,zor,0.303,2.53,peak@1940w15 | peak@1948w15 | peak@1956w15 | peak@1964w15,0.97,10,,,,0,,0,,,
A_harita,96,96,P_konum,4,r062,0.9,beyaz,0.615,52.1,1.24,zor,0.303,2.53,peak@1940w15 | peak@1948w15 | peak@1956w15 | peak@1964w15,,10,,,,0,,0,,,
A_harita,97,97,P_konum,4,r062,0.9,ar1_097,0.615,52.1,1.24,zor,0.303,2.53,peak@1940w15 | peak@1948w15 | peak@1956w15 | peak@1964w15,0.97,10,,,,0,,0,,,
A_harita,98,98,P_konum,4,r062,1.0,beyaz,0.615,52.1,1.16,zor,0.303,2.53,peak@1940w15 | peak@1948w15 | peak@1956w15 | peak@1964w15,,10,,,,0,,0,,,
A_harita,99,99,P_konum,4,r062,1.0,ar1_097,0.615,52.1,1.16,zor,0.303,2.53,peak@1940w15 | peak@1948w15 | peak@1956w15 | peak@1964w15,0.97,10,,,,0,,0,,,
A_harita,100,100,P_konum,4,r078,0.1,beyaz,0.765,40.1,7.03,kolay,0.48,2.03,peak@1943w15 | peak@1949w15 | peak@1955w15 | peak@1961w15,,10,,,,0,,0,,,
A_harita,101,101,P_konum,4,r078,0.1,ar1_097,0.765,40.1,7.03,kolay,0.48,2.03,peak@1943w15 | peak@1949w15 | peak@1955w15 | peak@1961w15,0.97,10,,,,0,,0,,,
A_harita,102,102,P_konum,4,r078,0.2,beyaz,0.765,40.1,3.55,kolay,0.48,2.03,peak@1943w15 | peak@1949w15 | peak@1955w15 | peak@1961w15,,10,,,,0,,0,,,
A_harita,103,103,P_konum,4,r078,0.2,ar1_097,0.765,40.1,3.55,kolay,0.48,2.03,peak@1943w15 | peak@1949w15 | peak@1955w15 | peak@1961w15,0.97,10,,,,0,,0,,,
A_harita,104,104,P_konum,4,r078,0.3,beyaz,0.765,40.1,2.4,orta,0.48,2.03,peak@1943w15 | peak@1949w15 | peak@1955w15 | peak@1961w15,,10,,,,0,,0,,,
A_harita,105,105,P_konum,4,r078,0.3,ar1_097,0.765,40.1,2.4,orta,0.48,2.03,peak@1943w15 | peak@1949w15 | peak@1955w15 | peak@1961w15,0.97,10,,,,0,,0,,,
A_harita,106,106,P_konum,4,r078,0.4,beyaz,0.765,40.1,1.84,orta,0.48,2.03,peak@1943w15 | peak@1949w15 | peak@1955w15 | peak@1961w15,,10,,,,0,,0,,,
A_harita,107,107,P_konum,4,r078,0.4,ar1_097,0.765,40.1,1.84,orta,0.48,2.03,peak@1943w15 | peak@1949w15 | peak@1955w15 | peak@1961w15,0.97,10,,,,0,,0,,,
A_harita,108,108,P_konum,4,r078,0.5,beyaz,0.765,40.1,1.51,orta,0.48,2.03,peak@1943w15 | peak@1949w15 | peak@1955w15 | peak@1961w15,,10,,,,0,,0,,,
A_harita,109,109,P_konum,4,r078,0.5,ar1_097,0.765,40.1,1.51,orta,0.48,2.03,peak@1943w15 | peak@1949w15 | peak@1955w15 | peak@1961w15,0.97,10,,,,0,,0,,,
A_harita,110,110,P_konum,4,r078,0.6,beyaz,0.765,40.1,1.3,zor,0.48,2.03,peak@1943w15 | peak@1949w15 | peak@1955w15 | peak@1961w15,,10,,,,0,,0,,,
A_harita,111,111,P_konum,4,r078,0.6,ar1_097,0.765,40.1,1.3,zor,0.48,2.03,peak@1943w15 | peak@1949w15 | peak@1955w15 | peak@1961w15,0.97,10,,,,0,,0,,,
A_harita,112,112,P_konum,4,r078,0.7,beyaz,0.765,40.1,1.15,zor,0.48,2.03,peak@1943w15 | peak@1949w15 | peak@1955w15 | peak@1961w15,,10,,,,0,,0,,,
A_harita,113,113,P_konum,4,r078,0.7,ar1_097,0.765,40.1,1.15,zor,0.48,2.03,peak@1943w15 | peak@1949w15 | peak@1955w15 | peak@1961w15,0.97,10,,,,0,,0,,,
A_harita,114,114,P_konum,4,r078,0.8,beyaz,0.765,40.1,1.04,zor,0.48,2.03,peak@1943w15 | peak@1949w15 | peak@1955w15 | peak@1961w15,,10,,,,0,,0,,,
A_harita,115,115,P_konum,4,r078,0.8,ar1_097,0.765,40.1,1.04,zor,0.48,2.03,peak@1943w15 | peak@1949w15 | peak@1955w15 | peak@1961w15,0.97,10,,,,0,,0,,,
A_harita,116,116,P_konum,4,r078,0.9,beyaz,0.765,40.1,0.96,zor,0.48,2.03,peak@1943w15 | peak@1949w15 | peak@1955w15 | peak@1961w15,,10,,,,0,,0,,,
A_harita,117,117,P_konum,4,r078,0.9,ar1_097,0.765,40.1,0.96,zor,0.48,2.03,peak@1943w15 | peak@1949w15 | peak@1955w15 | peak@1961w15,0.97,10,,,,0,,0,,,
A_harita,118,118,P_konum,4,r078,1.0,beyaz,0.765,40.1,0.89,zor,0.48,2.03,peak@1943w15 | peak@1949w15 | peak@1955w15 | peak@1961w15,,10,,,,0,,0,,,
A_harita,119,119,P_konum,4,r078,1.0,ar1_097,0.765,40.1,0.89,zor,0.48,2.03,peak@1943w15 | peak@1949w15 | peak@1955w15 | peak@1961w15,0.97,10,,,,0,,0,,,
A_harita,120,120,P_konum,5,r045,0.1,beyaz,0.456,62.9,11.01,kolay,0.104,3.62,peak@1932w15 | peak@1942w15 | peak@1952w15 | peak@1962w15 | peak@1972w15,,10,,,,0,,0,,,
A_harita,121,121,P_konum,5,r045,0.1,ar1_097,0.456,62.9,11.01,kolay,0.104,3.62,peak@1932w15 | peak@1942w15 | peak@1952w15 | peak@1962w15 | peak@1972w15,0.97,10,,,,0,,0,,,
A_harita,122,122,P_konum,5,r045,0.2,beyaz,0.456,62.9,5.56,kolay,0.104,3.62,peak@1932w15 | peak@1942w15 | peak@1952w15 | peak@1962w15 | peak@1972w15,,10,,,,0,,0,,,
A_harita,123,123,P_konum,5,r045,0.2,ar1_097,0.456,62.9,5.56,kolay,0.104,3.62,peak@1932w15 | peak@1942w15 | peak@1952w15 | peak@1962w15 | peak@1972w15,0.97,10,,,,0,,0,,,
A_harita,124,124,P_konum,5,r045,0.3,beyaz,0.456,62.9,3.77,kolay,0.104,3.62,peak@1932w15 | peak@1942w15 | peak@1952w15 | peak@1962w15 | peak@1972w15,,10,,,,0,,0,,,
A_harita,125,125,P_konum,5,r045,0.3,ar1_097,0.456,62.9,3.77,kolay,0.104,3.62,peak@1932w15 | peak@1942w15 | peak@1952w15 | peak@1962w15 | peak@1972w15,0.97,10,,,,0,,0,,,
A_harita,126,126,P_konum,5,r045,0.4,beyaz,0.456,62.9,2.88,orta,0.104,3.62,peak@1932w15 | peak@1942w15 | peak@1952w15 | peak@1962w15 | peak@1972w15,,10,,,,0,,0,,,
A_harita,127,127,P_konum,5,r045,0.4,ar1_097,0.456,62.9,2.88,orta,0.104,3.62,peak@1932w15 | peak@1942w15 | peak@1952w15 | peak@1962w15 | peak@1972w15,0.97,10,,,,0,,0,,,
A_harita,128,128,P_konum,5,r045,0.5,beyaz,0.456,62.9,2.37,orta,0.104,3.62,peak@1932w15 | peak@1942w15 | peak@1952w15 | peak@1962w15 | peak@1972w15,,10,,,,0,,0,,,
A_harita,129,129,P_konum,5,r045,0.5,ar1_097,0.456,62.9,2.37,orta,0.104,3.62,peak@1932w15 | peak@1942w15 | peak@1952w15 | peak@1962w15 | peak@1972w15,0.97,10,,,,0,,0,,,
A_harita,130,130,P_konum,5,r045,0.6,beyaz,0.456,62.9,2.03,orta,0.104,3.62,peak@1932w15 | peak@1942w15 | peak@1952w15 | peak@1962w15 | peak@1972w15,,10,,,,0,,0,,,
A_harita,131,131,P_konum,5,r045,0.6,ar1_097,0.456,62.9,2.03,orta,0.104,3.62,peak@1932w15 | peak@1942w15 | peak@1952w15 | peak@1962w15 | peak@1972w15,0.97,10,,,,0,,0,,,
A_harita,132,132,P_konum,5,r045,0.7,beyaz,0.456,62.9,1.8,orta,0.104,3.62,peak@1932w15 | peak@1942w15 | peak@1952w15 | peak@1962w15 | peak@1972w15,,10,,,,0,,0,,,
A_harita,133,133,P_konum,5,r045,0.7,ar1_097,0.456,62.9,1.8,orta,0.104,3.62,peak@1932w15 | peak@1942w15 | peak@1952w15 | peak@1962w15 | peak@1972w15,0.97,10,,,,0,,0,,,
A_harita,134,134,P_konum,5,r045,0.8,beyaz,0.456,62.9,1.63,orta,0.104,3.62,peak@1932w15 | peak@1942w15 | peak@1952w15 | peak@1962w15 | peak@1972w15,,10,,,,0,,0,,,
A_harita,135,135,P_konum,5,r045,0.8,ar1_097,0.456,62.9,1.63,orta,0.104,3.62,peak@1932w15 | peak@1942w15 | peak@1952w15 | peak@1962w15 | peak@1972w15,0.97,10,,,,0,,0,,,
A_harita,136,136,P_konum,5,r045,0.9,beyaz,0.456,62.9,1.5,zor,0.104,3.62,peak@1932w15 | peak@1942w15 | peak@1952w15 | peak@1962w15 | peak@1972w15,,10,,,,0,,0,,,
A_harita,137,137,P_konum,5,r045,0.9,ar1_097,0.456,62.9,1.5,zor,0.104,3.62,peak@1932w15 | peak@1942w15 | peak@1952w15 | peak@1962w15 | peak@1972w15,0.97,10,,,,0,,0,,,
A_harita,138,138,P_konum,5,r045,1.0,beyaz,0.456,62.9,1.4,zor,0.104,3.62,peak@1932w15 | peak@1942w15 | peak@1952w15 | peak@1962w15 | peak@1972w15,,10,,,,0,,0,,,
A_harita,139,139,P_konum,5,r045,1.0,ar1_097,0.456,62.9,1.4,zor,0.104,3.62,peak@1932w15 | peak@1942w15 | peak@1952w15 | peak@1962w15 | peak@1972w15,0.97,10,,,,0,,0,,,
A_harita,140,140,P_konum,5,r062,0.1,beyaz,0.615,52.1,9.12,kolay,0.216,3.05,peak@1936w15 | peak@1944w15 | peak@1952w15 | peak@1960w15 | peak@1968w15,,10,,,,0,,0,,,
A_harita,141,141,P_konum,5,r062,0.1,ar1_097,0.615,52.1,9.12,kolay,0.216,3.05,peak@1936w15 | peak@1944w15 | peak@1952w15 | peak@1960w15 | peak@1968w15,0.97,10,,,,0,,0,,,
A_harita,142,142,P_konum,5,r062,0.2,beyaz,0.615,52.1,4.61,kolay,0.216,3.05,peak@1936w15 | peak@1944w15 | peak@1952w15 | peak@1960w15 | peak@1968w15,,10,,,,0,,0,,,
A_harita,143,143,P_konum,5,r062,0.2,ar1_097,0.615,52.1,4.61,kolay,0.216,3.05,peak@1936w15 | peak@1944w15 | peak@1952w15 | peak@1960w15 | peak@1968w15,0.97,10,,,,0,,0,,,
A_harita,144,144,P_konum,5,r062,0.3,beyaz,0.615,52.1,3.12,kolay,0.216,3.05,peak@1936w15 | peak@1944w15 | peak@1952w15 | peak@1960w15 | peak@1968w15,,10,,,,0,,0,,,
A_harita,145,145,P_konum,5,r062,0.3,ar1_097,0.615,52.1,3.12,kolay,0.216,3.05,peak@1936w15 | peak@1944w15 | peak@1952w15 | peak@1960w15 | peak@1968w15,0.97,10,,,,0,,0,,,
A_harita,146,146,P_konum,5,r062,0.4,beyaz,0.615,52.1,2.39,orta,0.216,3.05,peak@1936w15 | peak@1944w15 | peak@1952w15 | peak@1960w15 | peak@1968w15,,10,,,,0,,0,,,
A_harita,147,147,P_konum,5,r062,0.4,ar1_097,0.615,52.1,2.39,orta,0.216,3.05,peak@1936w15 | peak@1944w15 | peak@1952w15 | peak@1960w15 | peak@1968w15,0.97,10,,,,0,,0,,,
A_harita,148,148,P_konum,5,r062,0.5,beyaz,0.615,52.1,1.96,orta,0.216,3.05,peak@1936w15 | peak@1944w15 | peak@1952w15 | peak@1960w15 | peak@1968w15,,10,,,,0,,0,,,
A_harita,149,149,P_konum,5,r062,0.5,ar1_097,0.615,52.1,1.96,orta,0.216,3.05,peak@1936w15 | peak@1944w15 | peak@1952w15 | peak@1960w15 | peak@1968w15,0.97,10,,,,0,,0,,,
A_harita,150,150,P_konum,5,r062,0.6,beyaz,0.615,52.1,1.68,orta,0.216,3.05,peak@1936w15 | peak@1944w15 | peak@1952w15 | peak@1960w15 | peak@1968w15,,10,,,,0,,0,,,
A_harita,151,151,P_konum,5,r062,0.6,ar1_097,0.615,52.1,1.68,orta,0.216,3.05,peak@1936w15 | peak@1944w15 | peak@1952w15 | peak@1960w15 | peak@1968w15,0.97,10,,,,0,,0,,,
A_harita,152,152,P_konum,5,r062,0.7,beyaz,0.615,52.1,1.49,zor,0.216,3.05,peak@1936w15 | peak@1944w15 | peak@1952w15 | peak@1960w15 | peak@1968w15,,10,,,,0,,0,,,
A_harita,153,153,P_konum,5,r062,0.7,ar1_097,0.615,52.1,1.49,zor,0.216,3.05,peak@1936w15 | peak@1944w15 | peak@1952w15 | peak@1960w15 | peak@1968w15,0.97,10,,,,0,,0,,,
A_harita,154,154,P_konum,5,r062,0.8,beyaz,0.615,52.1,1.35,zor,0.216,3.05,peak@1936w15 | peak@1944w15 | peak@1952w15 | peak@1960w15 | peak@1968w15,,10,,,,0,,0,,,
A_harita,155,155,P_konum,5,r062,0.8,ar1_097,0.615,52.1,1.35,zor,0.216,3.05,peak@1936w15 | peak@1944w15 | peak@1952w15 | peak@1960w15 | peak@1968w15,0.97,10,,,,0,,0,,,
A_harita,156,156,P_konum,5,r062,0.9,beyaz,0.615,52.1,1.24,zor,0.216,3.05,peak@1936w15 | peak@1944w15 | peak@1952w15 | peak@1960w15 | peak@1968w15,,10,,,,0,,0,,,
A_harita,157,157,P_konum,5,r062,0.9,ar1_097,0.615,52.1,1.24,zor,0.216,3.05,peak@1936w15 | peak@1944w15 | peak@1952w15 | peak@1960w15 | peak@1968w15,0.97,10,,,,0,,0,,,
A_harita,158,158,P_konum,5,r062,1.0,beyaz,0.615,52.1,1.16,zor,0.216,3.05,peak@1936w15 | peak@1944w15 | peak@1952w15 | peak@1960w15 | peak@1968w15,,10,,,,0,,0,,,
A_harita,159,159,P_konum,5,r062,1.0,ar1_097,0.615,52.1,1.16,zor,0.216,3.05,peak@1936w15 | peak@1944w15 | peak@1952w15 | peak@1960w15 | peak@1968w15,0.97,10,,,,0,,0,,,
A_harita,160,160,P_konum,5,r078,0.1,beyaz,0.765,40.1,7.03,kolay,0.378,2.43,peak@1940w15 | peak@1946w15 | peak@1952w15 | peak@1958w15 | peak@1964w15,,10,,,,0,,0,,,
A_harita,161,161,P_konum,5,r078,0.1,ar1_097,0.765,40.1,7.03,kolay,0.378,2.43,peak@1940w15 | peak@1946w15 | peak@1952w15 | peak@1958w15 | peak@1964w15,0.97,10,,,,0,,0,,,
A_harita,162,162,P_konum,5,r078,0.2,beyaz,0.765,40.1,3.55,kolay,0.378,2.43,peak@1940w15 | peak@1946w15 | peak@1952w15 | peak@1958w15 | peak@1964w15,,10,,,,0,,0,,,
A_harita,163,163,P_konum,5,r078,0.2,ar1_097,0.765,40.1,3.55,kolay,0.378,2.43,peak@1940w15 | peak@1946w15 | peak@1952w15 | peak@1958w15 | peak@1964w15,0.97,10,,,,0,,0,,,
A_harita,164,164,P_konum,5,r078,0.3,beyaz,0.765,40.1,2.4,orta,0.378,2.43,peak@1940w15 | peak@1946w15 | peak@1952w15 | peak@1958w15 | peak@1964w15,,10,,,,0,,0,,,
A_harita,165,165,P_konum,5,r078,0.3,ar1_097,0.765,40.1,2.4,orta,0.378,2.43,peak@1940w15 | peak@1946w15 | peak@1952w15 | peak@1958w15 | peak@1964w15,0.97,10,,,,0,,0,,,
A_harita,166,166,P_konum,5,r078,0.4,beyaz,0.765,40.1,1.84,orta,0.378,2.43,peak@1940w15 | peak@1946w15 | peak@1952w15 | peak@1958w15 | peak@1964w15,,10,,,,0,,0,,,
A_harita,167,167,P_konum,5,r078,0.4,ar1_097,0.765,40.1,1.84,orta,0.378,2.43,peak@1940w15 | peak@1946w15 | peak@1952w15 | peak@1958w15 | peak@1964w15,0.97,10,,,,0,,0,,,
A_harita,168,168,P_konum,5,r078,0.5,beyaz,0.765,40.1,1.51,orta,0.378,2.43,peak@1940w15 | peak@1946w15 | peak@1952w15 | peak@1958w15 | peak@1964w15,,10,,,,0,,0,,,
A_harita,169,169,P_konum,5,r078,0.5,ar1_097,0.765,40.1,1.51,orta,0.378,2.43,peak@1940w15 | peak@1946w15 | peak@1952w15 | peak@1958w15 | peak@1964w15,0.97,10,,,,0,,0,,,
A_harita,170,170,P_konum,5,r078,0.6,beyaz,0.765,40.1,1.3,zor,0.378,2.43,peak@1940w15 | peak@1946w15 | peak@1952w15 | peak@1958w15 | peak@1964w15,,10,,,,0,,0,,,
A_harita,171,171,P_konum,5,r078,0.6,ar1_097,0.765,40.1,1.3,zor,0.378,2.43,peak@1940w15 | peak@1946w15 | peak@1952w15 | peak@1958w15 | peak@1964w15,0.97,10,,,,0,,0,,,
A_harita,172,172,P_konum,5,r078,0.7,beyaz,0.765,40.1,1.15,zor,0.378,2.43,peak@1940w15 | peak@1946w15 | peak@1952w15 | peak@1958w15 | peak@1964w15,,10,,,,0,,0,,,
A_harita,173,173,P_konum,5,r078,0.7,ar1_097,0.765,40.1,1.15,zor,0.378,2.43,peak@1940w15 | peak@1946w15 | peak@1952w15 | peak@1958w15 | peak@1964w15,0.97,10,,,,0,,0,,,
A_harita,174,174,P_konum,5,r078,0.8,beyaz,0.765,40.1,1.04,zor,0.378,2.43,peak@1940w15 | peak@1946w15 | peak@1952w15 | peak@1958w15 | peak@1964w15,,10,,,,0,,0,,,
A_harita,175,175,P_konum,5,r078,0.8,ar1_097,0.765,40.1,1.04,zor,0.378,2.43,peak@1940w15 | peak@1946w15 | peak@1952w15 | peak@1958w15 | peak@1964w15,0.97,10,,,,0,,0,,,
A_harita,176,176,P_konum,5,r078,0.9,beyaz,0.765,40.1,0.96,zor,0.378,2.43,peak@1940w15 | peak@1946w15 | peak@1952w15 | peak@1958w15 | peak@1964w15,,10,,,,0,,0,,,
A_harita,177,177,P_konum,5,r078,0.9,ar1_097,0.765,40.1,0.96,zor,0.378,2.43,peak@1940w15 | peak@1946w15 | peak@1952w15 | peak@1958w15 | peak@1964w15,0.97,10,,,,0,,0,,,
A_harita,178,178,P_konum,5,r078,1.0,beyaz,0.765,40.1,0.89,zor,0.378,2.43,peak@1940w15 | peak@1946w15 | peak@1952w15 | peak@1958w15 | peak@1964w15,,10,,,,0,,0,,,
A_harita,179,179,P_konum,5,r078,1.0,ar1_097,0.765,40.1,0.89,zor,0.378,2.43,peak@1940w15 | peak@1946w15 | peak@1952w15 | peak@1958w15 | peak@1964w15,0.97,10,,,,0,,0,,,
A_harita,180,180,P_konum,6,r045,0.1,beyaz,0.456,62.9,11.01,kolay,0.058,4.22,peak@1927w15 | peak@1937w15 | peak@1947w15 | peak@1957w15 | peak@1967w15 | peak@1977w15,,10,,,,0,,0,,,
A_harita,181,181,P_konum,6,r045,0.1,ar1_097,0.456,62.9,11.01,kolay,0.058,4.22,peak@1927w15 | peak@1937w15 | peak@1947w15 | peak@1957w15 | peak@1967w15 | peak@1977w15,0.97,10,,,,0,,0,,,
A_harita,182,182,P_konum,6,r045,0.2,beyaz,0.456,62.9,5.56,kolay,0.058,4.22,peak@1927w15 | peak@1937w15 | peak@1947w15 | peak@1957w15 | peak@1967w15 | peak@1977w15,,10,,,,0,,0,,,
A_harita,183,183,P_konum,6,r045,0.2,ar1_097,0.456,62.9,5.56,kolay,0.058,4.22,peak@1927w15 | peak@1937w15 | peak@1947w15 | peak@1957w15 | peak@1967w15 | peak@1977w15,0.97,10,,,,0,,0,,,
A_harita,184,184,P_konum,6,r045,0.3,beyaz,0.456,62.9,3.77,kolay,0.058,4.22,peak@1927w15 | peak@1937w15 | peak@1947w15 | peak@1957w15 | peak@1967w15 | peak@1977w15,,10,,,,0,,0,,,
A_harita,185,185,P_konum,6,r045,0.3,ar1_097,0.456,62.9,3.77,kolay,0.058,4.22,peak@1927w15 | peak@1937w15 | peak@1947w15 | peak@1957w15 | peak@1967w15 | peak@1977w15,0.97,10,,,,0,,0,,,
A_harita,186,186,P_konum,6,r045,0.4,beyaz,0.456,62.9,2.88,orta,0.058,4.22,peak@1927w15 | peak@1937w15 | peak@1947w15 | peak@1957w15 | peak@1967w15 | peak@1977w15,,10,,,,0,,0,,,
A_harita,187,187,P_konum,6,r045,0.4,ar1_097,0.456,62.9,2.88,orta,0.058,4.22,peak@1927w15 | peak@1937w15 | peak@1947w15 | peak@1957w15 | peak@1967w15 | peak@1977w15,0.97,10,,,,0,,0,,,
A_harita,188,188,P_konum,6,r045,0.5,beyaz,0.456,62.9,2.37,orta,0.058,4.22,peak@1927w15 | peak@1937w15 | peak@1947w15 | peak@1957w15 | peak@1967w15 | peak@1977w15,,10,,,,0,,0,,,
A_harita,189,189,P_konum,6,r045,0.5,ar1_097,0.456,62.9,2.37,orta,0.058,4.22,peak@1927w15 | peak@1937w15 | peak@1947w15 | peak@1957w15 | peak@1967w15 | peak@1977w15,0.97,10,,,,0,,0,,,
A_harita,190,190,P_konum,6,r045,0.6,beyaz,0.456,62.9,2.03,orta,0.058,4.22,peak@1927w15 | peak@1937w15 | peak@1947w15 | peak@1957w15 | peak@1967w15 | peak@1977w15,,10,,,,0,,0,,,
A_harita,191,191,P_konum,6,r045,0.6,ar1_097,0.456,62.9,2.03,orta,0.058,4.22,peak@1927w15 | peak@1937w15 | peak@1947w15 | peak@1957w15 | peak@1967w15 | peak@1977w15,0.97,10,,,,0,,0,,,
A_harita,192,192,P_konum,6,r045,0.7,beyaz,0.456,62.9,1.8,orta,0.058,4.22,peak@1927w15 | peak@1937w15 | peak@1947w15 | peak@1957w15 | peak@1967w15 | peak@1977w15,,10,,,,0,,0,,,
A_harita,193,193,P_konum,6,r045,0.7,ar1_097,0.456,62.9,1.8,orta,0.058,4.22,peak@1927w15 | peak@1937w15 | peak@1947w15 | peak@1957w15 | peak@1967w15 | peak@1977w15,0.97,10,,,,0,,0,,,
A_harita,194,194,P_konum,6,r045,0.8,beyaz,0.456,62.9,1.63,orta,0.058,4.22,peak@1927w15 | peak@1937w15 | peak@1947w15 | peak@1957w15 | peak@1967w15 | peak@1977w15,,10,,,,0,,0,,,
A_harita,195,195,P_konum,6,r045,0.8,ar1_097,0.456,62.9,1.63,orta,0.058,4.22,peak@1927w15 | peak@1937w15 | peak@1947w15 | peak@1957w15 | peak@1967w15 | peak@1977w15,0.97,10,,,,0,,0,,,
A_harita,196,196,P_konum,6,r045,0.9,beyaz,0.456,62.9,1.5,zor,0.058,4.22,peak@1927w15 | peak@1937w15 | peak@1947w15 | peak@1957w15 | peak@1967w15 | peak@1977w15,,10,,,,0,,0,,,
A_harita,197,197,P_konum,6,r045,0.9,ar1_097,0.456,62.9,1.5,zor,0.058,4.22,peak@1927w15 | peak@1937w15 | peak@1947w15 | peak@1957w15 | peak@1967w15 | peak@1977w15,0.97,10,,,,0,,0,,,
A_harita,198,198,P_konum,6,r045,1.0,beyaz,0.456,62.9,1.4,zor,0.058,4.22,peak@1927w15 | peak@1937w15 | peak@1947w15 | peak@1957w15 | peak@1967w15 | peak@1977w15,,10,,,,0,,0,,,
A_harita,199,199,P_konum,6,r045,1.0,ar1_097,0.456,62.9,1.4,zor,0.058,4.22,peak@1927w15 | peak@1937w15 | peak@1947w15 | peak@1957w15 | peak@1967w15 | peak@1977w15,0.97,10,,,,0,,0,,,
A_harita,200,200,P_konum,6,r062,0.1,beyaz,0.615,52.1,9.12,kolay,0.155,3.55,peak@1932w15 | peak@1940w15 | peak@1948w15 | peak@1956w15 | peak@1964w15 | peak@1972w15,,10,,,,0,,0,,,
A_harita,201,201,P_konum,6,r062,0.1,ar1_097,0.615,52.1,9.12,kolay,0.155,3.55,peak@1932w15 | peak@1940w15 | peak@1948w15 | peak@1956w15 | peak@1964w15 | peak@1972w15,0.97,10,,,,0,,0,,,
A_harita,202,202,P_konum,6,r062,0.2,beyaz,0.615,52.1,4.61,kolay,0.155,3.55,peak@1932w15 | peak@1940w15 | peak@1948w15 | peak@1956w15 | peak@1964w15 | peak@1972w15,,10,,,,0,,0,,,
A_harita,203,203,P_konum,6,r062,0.2,ar1_097,0.615,52.1,4.61,kolay,0.155,3.55,peak@1932w15 | peak@1940w15 | peak@1948w15 | peak@1956w15 | peak@1964w15 | peak@1972w15,0.97,10,,,,0,,0,,,
A_harita,204,204,P_konum,6,r062,0.3,beyaz,0.615,52.1,3.12,kolay,0.155,3.55,peak@1932w15 | peak@1940w15 | peak@1948w15 | peak@1956w15 | peak@1964w15 | peak@1972w15,,10,,,,0,,0,,,
A_harita,205,205,P_konum,6,r062,0.3,ar1_097,0.615,52.1,3.12,kolay,0.155,3.55,peak@1932w15 | peak@1940w15 | peak@1948w15 | peak@1956w15 | peak@1964w15 | peak@1972w15,0.97,10,,,,0,,0,,,
A_harita,206,206,P_konum,6,r062,0.4,beyaz,0.615,52.1,2.39,orta,0.155,3.55,peak@1932w15 | peak@1940w15 | peak@1948w15 | peak@1956w15 | peak@1964w15 | peak@1972w15,,10,,,,0,,0,,,
A_harita,207,207,P_konum,6,r062,0.4,ar1_097,0.615,52.1,2.39,orta,0.155,3.55,peak@1932w15 | peak@1940w15 | peak@1948w15 | peak@1956w15 | peak@1964w15 | peak@1972w15,0.97,10,,,,0,,0,,,
A_harita,208,208,P_konum,6,r062,0.5,beyaz,0.615,52.1,1.96,orta,0.155,3.55,peak@1932w15 | peak@1940w15 | peak@1948w15 | peak@1956w15 | peak@1964w15 | peak@1972w15,,10,,,,0,,0,,,
A_harita,209,209,P_konum,6,r062,0.5,ar1_097,0.615,52.1,1.96,orta,0.155,3.55,peak@1932w15 | peak@1940w15 | peak@1948w15 | peak@1956w15 | peak@1964w15 | peak@1972w15,0.97,10,,,,0,,0,,,
A_harita,210,210,P_konum,6,r062,0.6,beyaz,0.615,52.1,1.68,orta,0.155,3.55,peak@1932w15 | peak@1940w15 | peak@1948w15 | peak@1956w15 | peak@1964w15 | peak@1972w15,,10,,,,0,,0,,,
A_harita,211,211,P_konum,6,r062,0.6,ar1_097,0.615,52.1,1.68,orta,0.155,3.55,peak@1932w15 | peak@1940w15 | peak@1948w15 | peak@1956w15 | peak@1964w15 | peak@1972w15,0.97,10,,,,0,,0,,,
A_harita,212,212,P_konum,6,r062,0.7,beyaz,0.615,52.1,1.49,zor,0.155,3.55,peak@1932w15 | peak@1940w15 | peak@1948w15 | peak@1956w15 | peak@1964w15 | peak@1972w15,,10,,,,0,,0,,,
A_harita,213,213,P_konum,6,r062,0.7,ar1_097,0.615,52.1,1.49,zor,0.155,3.55,peak@1932w15 | peak@1940w15 | peak@1948w15 | peak@1956w15 | peak@1964w15 | peak@1972w15,0.97,10,,,,0,,0,,,
A_harita,214,214,P_konum,6,r062,0.8,beyaz,0.615,52.1,1.35,zor,0.155,3.55,peak@1932w15 | peak@1940w15 | peak@1948w15 | peak@1956w15 | peak@1964w15 | peak@1972w15,,10,,,,0,,0,,,
A_harita,215,215,P_konum,6,r062,0.8,ar1_097,0.615,52.1,1.35,zor,0.155,3.55,peak@1932w15 | peak@1940w15 | peak@1948w15 | peak@1956w15 | peak@1964w15 | peak@1972w15,0.97,10,,,,0,,0,,,
A_harita,216,216,P_konum,6,r062,0.9,beyaz,0.615,52.1,1.24,zor,0.155,3.55,peak@1932w15 | peak@1940w15 | peak@1948w15 | peak@1956w15 | peak@1964w15 | peak@1972w15,,10,,,,0,,0,,,
A_harita,217,217,P_konum,6,r062,0.9,ar1_097,0.615,52.1,1.24,zor,0.155,3.55,peak@1932w15 | peak@1940w15 | peak@1948w15 | peak@1956w15 | peak@1964w15 | peak@1972w15,0.97,10,,,,0,,0,,,
A_harita,218,218,P_konum,6,r062,1.0,beyaz,0.615,52.1,1.16,zor,0.155,3.55,peak@1932w15 | peak@1940w15 | peak@1948w15 | peak@1956w15 | peak@1964w15 | peak@1972w15,,10,,,,0,,0,,,
A_harita,219,219,P_konum,6,r062,1.0,ar1_097,0.615,52.1,1.16,zor,0.155,3.55,peak@1932w15 | peak@1940w15 | peak@1948w15 | peak@1956w15 | peak@1964w15 | peak@1972w15,0.97,10,,,,0,,0,,,
A_harita,220,220,P_konum,6,r078,0.1,beyaz,0.765,40.1,7.03,kolay,0.3,2.83,peak@1937w15 | peak@1943w15 | peak@1949w15 | peak@1955w15 | peak@1961w15 | peak@1967w15,,10,,,,0,,0,,,
A_harita,221,221,P_konum,6,r078,0.1,ar1_097,0.765,40.1,7.03,kolay,0.3,2.83,peak@1937w15 | peak@1943w15 | peak@1949w15 | peak@1955w15 | peak@1961w15 | peak@1967w15,0.97,10,,,,0,,0,,,
A_harita,222,222,P_konum,6,r078,0.2,beyaz,0.765,40.1,3.55,kolay,0.3,2.83,peak@1937w15 | peak@1943w15 | peak@1949w15 | peak@1955w15 | peak@1961w15 | peak@1967w15,,10,,,,0,,0,,,
A_harita,223,223,P_konum,6,r078,0.2,ar1_097,0.765,40.1,3.55,kolay,0.3,2.83,peak@1937w15 | peak@1943w15 | peak@1949w15 | peak@1955w15 | peak@1961w15 | peak@1967w15,0.97,10,,,,0,,0,,,
A_harita,224,224,P_konum,6,r078,0.3,beyaz,0.765,40.1,2.4,orta,0.3,2.83,peak@1937w15 | peak@1943w15 | peak@1949w15 | peak@1955w15 | peak@1961w15 | peak@1967w15,,10,,,,0,,0,,,
A_harita,225,225,P_konum,6,r078,0.3,ar1_097,0.765,40.1,2.4,orta,0.3,2.83,peak@1937w15 | peak@1943w15 | peak@1949w15 | peak@1955w15 | peak@1961w15 | peak@1967w15,0.97,10,,,,0,,0,,,
A_harita,226,226,P_konum,6,r078,0.4,beyaz,0.765,40.1,1.84,orta,0.3,2.83,peak@1937w15 | peak@1943w15 | peak@1949w15 | peak@1955w15 | peak@1961w15 | peak@1967w15,,10,,,,0,,0,,,
A_harita,227,227,P_konum,6,r078,0.4,ar1_097,0.765,40.1,1.84,orta,0.3,2.83,peak@1937w15 | peak@1943w15 | peak@1949w15 | peak@1955w15 | peak@1961w15 | peak@1967w15,0.97,10,,,,0,,0,,,
A_harita,228,228,P_konum,6,r078,0.5,beyaz,0.765,40.1,1.51,orta,0.3,2.83,peak@1937w15 | peak@1943w15 | peak@1949w15 | peak@1955w15 | peak@1961w15 | peak@1967w15,,10,,,,0,,0,,,
A_harita,229,229,P_konum,6,r078,0.5,ar1_097,0.765,40.1,1.51,orta,0.3,2.83,peak@1937w15 | peak@1943w15 | peak@1949w15 | peak@1955w15 | peak@1961w15 | peak@1967w15,0.97,10,,,,0,,0,,,
A_harita,230,230,P_konum,6,r078,0.6,beyaz,0.765,40.1,1.3,zor,0.3,2.83,peak@1937w15 | peak@1943w15 | peak@1949w15 | peak@1955w15 | peak@1961w15 | peak@1967w15,,10,,,,0,,0,,,
A_harita,231,231,P_konum,6,r078,0.6,ar1_097,0.765,40.1,1.3,zor,0.3,2.83,peak@1937w15 | peak@1943w15 | peak@1949w15 | peak@1955w15 | peak@1961w15 | peak@1967w15,0.97,10,,,,0,,0,,,
A_harita,232,232,P_konum,6,r078,0.7,beyaz,0.765,40.1,1.15,zor,0.3,2.83,peak@1937w15 | peak@1943w15 | peak@1949w15 | peak@1955w15 | peak@1961w15 | peak@1967w15,,10,,,,0,,0,,,
A_harita,233,233,P_konum,6,r078,0.7,ar1_097,0.765,40.1,1.15,zor,0.3,2.83,peak@1937w15 | peak@1943w15 | peak@1949w15 | peak@1955w15 | peak@1961w15 | peak@1967w15,0.97,10,,,,0,,0,,,
A_harita,234,234,P_konum,6,r078,0.8,beyaz,0.765,40.1,1.04,zor,0.3,2.83,peak@1937w15 | peak@1943w15 | peak@1949w15 | peak@1955w15 | peak@1961w15 | peak@1967w15,,10,,,,0,,0,,,
A_harita,235,235,P_konum,6,r078,0.8,ar1_097,0.765,40.1,1.04,zor,0.3,2.83,peak@1937w15 | peak@1943w15 | peak@1949w15 | peak@1955w15 | peak@1961w15 | peak@1967w15,0.97,10,,,,0,,0,,,
A_harita,236,236,P_konum,6,r078,0.9,beyaz,0.765,40.1,0.96,zor,0.3,2.83,peak@1937w15 | peak@1943w15 | peak@1949w15 | peak@1955w15 | peak@1961w15 | peak@1967w15,,10,,,,0,,0,,,
A_harita,237,237,P_konum,6,r078,0.9,ar1_097,0.765,40.1,0.96,zor,0.3,2.83,peak@1937w15 | peak@1943w15 | peak@1949w15 | peak@1955w15 | peak@1961w15 | peak@1967w15,0.97,10,,,,0,,0,,,
A_harita,238,238,P_konum,6,r078,1.0,beyaz,0.765,40.1,0.89,zor,0.3,2.83,peak@1937w15 | peak@1943w15 | peak@1949w15 | peak@1955w15 | peak@1961w15 | peak@1967w15,,10,,,,0,,0,,,
A_harita,239,239,P_konum,6,r078,1.0,ar1_097,0.765,40.1,0.89,zor,0.3,2.83,peak@1937w15 | peak@1943w15 | peak@1949w15 | peak@1955w15 | peak@1961w15 | peak@1967w15,0.97,10,,,,0,,0,,,
A_harita,240,240,P_konum,8,r045,0.1,beyaz,0.456,62.9,11.01,kolay,-0.001,5.34,peak@1917w15 | peak@1927w15 | peak@1937w15 | peak@1947w15 | peak@1957w15 | peak@1967w15 | peak@1977w15 | peak@1987w15,,10,,,,0,,0,,,
A_harita,241,241,P_konum,8,r045,0.1,ar1_097,0.456,62.9,11.01,kolay,-0.001,5.34,peak@1917w15 | peak@1927w15 | peak@1937w15 | peak@1947w15 | peak@1957w15 | peak@1967w15 | peak@1977w15 | peak@1987w15,0.97,10,,,,0,,0,,,
A_harita,242,242,P_konum,8,r045,0.2,beyaz,0.456,62.9,5.56,kolay,-0.001,5.34,peak@1917w15 | peak@1927w15 | peak@1937w15 | peak@1947w15 | peak@1957w15 | peak@1967w15 | peak@1977w15 | peak@1987w15,,10,,,,0,,0,,,
A_harita,243,243,P_konum,8,r045,0.2,ar1_097,0.456,62.9,5.56,kolay,-0.001,5.34,peak@1917w15 | peak@1927w15 | peak@1937w15 | peak@1947w15 | peak@1957w15 | peak@1967w15 | peak@1977w15 | peak@1987w15,0.97,10,,,,0,,0,,,
A_harita,244,244,P_konum,8,r045,0.3,beyaz,0.456,62.9,3.77,kolay,-0.001,5.34,peak@1917w15 | peak@1927w15 | peak@1937w15 | peak@1947w15 | peak@1957w15 | peak@1967w15 | peak@1977w15 | peak@1987w15,,10,,,,0,,0,,,
A_harita,245,245,P_konum,8,r045,0.3,ar1_097,0.456,62.9,3.77,kolay,-0.001,5.34,peak@1917w15 | peak@1927w15 | peak@1937w15 | peak@1947w15 | peak@1957w15 | peak@1967w15 | peak@1977w15 | peak@1987w15,0.97,10,,,,0,,0,,,
A_harita,246,246,P_konum,8,r045,0.4,beyaz,0.456,62.9,2.88,orta,-0.001,5.34,peak@1917w15 | peak@1927w15 | peak@1937w15 | peak@1947w15 | peak@1957w15 | peak@1967w15 | peak@1977w15 | peak@1987w15,,10,,,,0,,0,,,
A_harita,247,247,P_konum,8,r045,0.4,ar1_097,0.456,62.9,2.88,orta,-0.001,5.34,peak@1917w15 | peak@1927w15 | peak@1937w15 | peak@1947w15 | peak@1957w15 | peak@1967w15 | peak@1977w15 | peak@1987w15,0.97,10,,,,0,,0,,,
A_harita,248,248,P_konum,8,r045,0.5,beyaz,0.456,62.9,2.37,orta,-0.001,5.34,peak@1917w15 | peak@1927w15 | peak@1937w15 | peak@1947w15 | peak@1957w15 | peak@1967w15 | peak@1977w15 | peak@1987w15,,10,,,,0,,0,,,
A_harita,249,249,P_konum,8,r045,0.5,ar1_097,0.456,62.9,2.37,orta,-0.001,5.34,peak@1917w15 | peak@1927w15 | peak@1937w15 | peak@1947w15 | peak@1957w15 | peak@1967w15 | peak@1977w15 | peak@1987w15,0.97,10,,,,0,,0,,,
A_harita,250,250,P_konum,8,r045,0.6,beyaz,0.456,62.9,2.03,orta,-0.001,5.34,peak@1917w15 | peak@1927w15 | peak@1937w15 | peak@1947w15 | peak@1957w15 | peak@1967w15 | peak@1977w15 | peak@1987w15,,10,,,,0,,0,,,
A_harita,251,251,P_konum,8,r045,0.6,ar1_097,0.456,62.9,2.03,orta,-0.001,5.34,peak@1917w15 | peak@1927w15 | peak@1937w15 | peak@1947w15 | peak@1957w15 | peak@1967w15 | peak@1977w15 | peak@1987w15,0.97,10,,,,0,,0,,,
A_harita,252,252,P_konum,8,r045,0.7,beyaz,0.456,62.9,1.8,orta,-0.001,5.34,peak@1917w15 | peak@1927w15 | peak@1937w15 | peak@1947w15 | peak@1957w15 | peak@1967w15 | peak@1977w15 | peak@1987w15,,10,,,,0,,0,,,
A_harita,253,253,P_konum,8,r045,0.7,ar1_097,0.456,62.9,1.8,orta,-0.001,5.34,peak@1917w15 | peak@1927w15 | peak@1937w15 | peak@1947w15 | peak@1957w15 | peak@1967w15 | peak@1977w15 | peak@1987w15,0.97,10,,,,0,,0,,,
A_harita,254,254,P_konum,8,r045,0.8,beyaz,0.456,62.9,1.63,orta,-0.001,5.34,peak@1917w15 | peak@1927w15 | peak@1937w15 | peak@1947w15 | peak@1957w15 | peak@1967w15 | peak@1977w15 | peak@1987w15,,10,,,,0,,0,,,
A_harita,255,255,P_konum,8,r045,0.8,ar1_097,0.456,62.9,1.63,orta,-0.001,5.34,peak@1917w15 | peak@1927w15 | peak@1937w15 | peak@1947w15 | peak@1957w15 | peak@1967w15 | peak@1977w15 | peak@1987w15,0.97,10,,,,0,,0,,,
A_harita,256,256,P_konum,8,r045,0.9,beyaz,0.456,62.9,1.5,zor,-0.001,5.34,peak@1917w15 | peak@1927w15 | peak@1937w15 | peak@1947w15 | peak@1957w15 | peak@1967w15 | peak@1977w15 | peak@1987w15,,10,,,,0,,0,,,
A_harita,257,257,P_konum,8,r045,0.9,ar1_097,0.456,62.9,1.5,zor,-0.001,5.34,peak@1917w15 | peak@1927w15 | peak@1937w15 | peak@1947w15 | peak@1957w15 | peak@1967w15 | peak@1977w15 | peak@1987w15,0.97,10,,,,0,,0,,,
A_harita,258,258,P_konum,8,r045,1.0,beyaz,0.456,62.9,1.4,zor,-0.001,5.34,peak@1917w15 | peak@1927w15 | peak@1937w15 | peak@1947w15 | peak@1957w15 | peak@1967w15 | peak@1977w15 | peak@1987w15,,10,,,,0,,0,,,
A_harita,259,259,P_konum,8,r045,1.0,ar1_097,0.456,62.9,1.4,zor,-0.001,5.34,peak@1917w15 | peak@1927w15 | peak@1937w15 | peak@1947w15 | peak@1957w15 | peak@1967w15 | peak@1977w15 | peak@1987w15,0.97,10,,,,0,,0,,,
A_harita,260,260,P_konum,8,r062,0.1,beyaz,0.615,52.1,9.12,kolay,0.075,4.5,peak@1924w15 | peak@1932w15 | peak@1940w15 | peak@1948w15 | peak@1956w15 | peak@1964w15 | peak@1972w15 | peak@1980w15,,10,,,,0,,0,,,
A_harita,261,261,P_konum,8,r062,0.1,ar1_097,0.615,52.1,9.12,kolay,0.075,4.5,peak@1924w15 | peak@1932w15 | peak@1940w15 | peak@1948w15 | peak@1956w15 | peak@1964w15 | peak@1972w15 | peak@1980w15,0.97,10,,,,0,,0,,,
A_harita,262,262,P_konum,8,r062,0.2,beyaz,0.615,52.1,4.61,kolay,0.075,4.5,peak@1924w15 | peak@1932w15 | peak@1940w15 | peak@1948w15 | peak@1956w15 | peak@1964w15 | peak@1972w15 | peak@1980w15,,10,,,,0,,0,,,
A_harita,263,263,P_konum,8,r062,0.2,ar1_097,0.615,52.1,4.61,kolay,0.075,4.5,peak@1924w15 | peak@1932w15 | peak@1940w15 | peak@1948w15 | peak@1956w15 | peak@1964w15 | peak@1972w15 | peak@1980w15,0.97,10,,,,0,,0,,,
A_harita,264,264,P_konum,8,r062,0.3,beyaz,0.615,52.1,3.12,kolay,0.075,4.5,peak@1924w15 | peak@1932w15 | peak@1940w15 | peak@1948w15 | peak@1956w15 | peak@1964w15 | peak@1972w15 | peak@1980w15,,10,,,,0,,0,,,
A_harita,265,265,P_konum,8,r062,0.3,ar1_097,0.615,52.1,3.12,kolay,0.075,4.5,peak@1924w15 | peak@1932w15 | peak@1940w15 | peak@1948w15 | peak@1956w15 | peak@1964w15 | peak@1972w15 | peak@1980w15,0.97,10,,,,0,,0,,,
A_harita,266,266,P_konum,8,r062,0.4,beyaz,0.615,52.1,2.39,orta,0.075,4.5,peak@1924w15 | peak@1932w15 | peak@1940w15 | peak@1948w15 | peak@1956w15 | peak@1964w15 | peak@1972w15 | peak@1980w15,,10,,,,0,,0,,,
A_harita,267,267,P_konum,8,r062,0.4,ar1_097,0.615,52.1,2.39,orta,0.075,4.5,peak@1924w15 | peak@1932w15 | peak@1940w15 | peak@1948w15 | peak@1956w15 | peak@1964w15 | peak@1972w15 | peak@1980w15,0.97,10,,,,0,,0,,,
A_harita,268,268,P_konum,8,r062,0.5,beyaz,0.615,52.1,1.96,orta,0.075,4.5,peak@1924w15 | peak@1932w15 | peak@1940w15 | peak@1948w15 | peak@1956w15 | peak@1964w15 | peak@1972w15 | peak@1980w15,,10,,,,0,,0,,,
A_harita,269,269,P_konum,8,r062,0.5,ar1_097,0.615,52.1,1.96,orta,0.075,4.5,peak@1924w15 | peak@1932w15 | peak@1940w15 | peak@1948w15 | peak@1956w15 | peak@1964w15 | peak@1972w15 | peak@1980w15,0.97,10,,,,0,,0,,,
A_harita,270,270,P_konum,8,r062,0.6,beyaz,0.615,52.1,1.68,orta,0.075,4.5,peak@1924w15 | peak@1932w15 | peak@1940w15 | peak@1948w15 | peak@1956w15 | peak@1964w15 | peak@1972w15 | peak@1980w15,,10,,,,0,,0,,,
A_harita,271,271,P_konum,8,r062,0.6,ar1_097,0.615,52.1,1.68,orta,0.075,4.5,peak@1924w15 | peak@1932w15 | peak@1940w15 | peak@1948w15 | peak@1956w15 | peak@1964w15 | peak@1972w15 | peak@1980w15,0.97,10,,,,0,,0,,,
A_harita,272,272,P_konum,8,r062,0.7,beyaz,0.615,52.1,1.49,zor,0.075,4.5,peak@1924w15 | peak@1932w15 | peak@1940w15 | peak@1948w15 | peak@1956w15 | peak@1964w15 | peak@1972w15 | peak@1980w15,,10,,,,0,,0,,,
A_harita,273,273,P_konum,8,r062,0.7,ar1_097,0.615,52.1,1.49,zor,0.075,4.5,peak@1924w15 | peak@1932w15 | peak@1940w15 | peak@1948w15 | peak@1956w15 | peak@1964w15 | peak@1972w15 | peak@1980w15,0.97,10,,,,0,,0,,,
A_harita,274,274,P_konum,8,r062,0.8,beyaz,0.615,52.1,1.35,zor,0.075,4.5,peak@1924w15 | peak@1932w15 | peak@1940w15 | peak@1948w15 | peak@1956w15 | peak@1964w15 | peak@1972w15 | peak@1980w15,,10,,,,0,,0,,,
A_harita,275,275,P_konum,8,r062,0.8,ar1_097,0.615,52.1,1.35,zor,0.075,4.5,peak@1924w15 | peak@1932w15 | peak@1940w15 | peak@1948w15 | peak@1956w15 | peak@1964w15 | peak@1972w15 | peak@1980w15,0.97,10,,,,0,,0,,,
A_harita,276,276,P_konum,8,r062,0.9,beyaz,0.615,52.1,1.24,zor,0.075,4.5,peak@1924w15 | peak@1932w15 | peak@1940w15 | peak@1948w15 | peak@1956w15 | peak@1964w15 | peak@1972w15 | peak@1980w15,,10,,,,0,,0,,,
A_harita,277,277,P_konum,8,r062,0.9,ar1_097,0.615,52.1,1.24,zor,0.075,4.5,peak@1924w15 | peak@1932w15 | peak@1940w15 | peak@1948w15 | peak@1956w15 | peak@1964w15 | peak@1972w15 | peak@1980w15,0.97,10,,,,0,,0,,,
A_harita,278,278,P_konum,8,r062,1.0,beyaz,0.615,52.1,1.16,zor,0.075,4.5,peak@1924w15 | peak@1932w15 | peak@1940w15 | peak@1948w15 | peak@1956w15 | peak@1964w15 | peak@1972w15 | peak@1980w15,,10,,,,0,,0,,,
A_harita,279,279,P_konum,8,r062,1.0,ar1_097,0.615,52.1,1.16,zor,0.075,4.5,peak@1924w15 | peak@1932w15 | peak@1940w15 | peak@1948w15 | peak@1956w15 | peak@1964w15 | peak@1972w15 | peak@1980w15,0.97,10,,,,0,,0,,,
A_harita,280,280,P_konum,8,r078,0.1,beyaz,0.765,40.1,7.03,kolay,0.192,3.58,peak@1931w15 | peak@1937w15 | peak@1943w15 | peak@1949w15 | peak@1955w15 | peak@1961w15 | peak@1967w15 | peak@1973w15,,10,,,,0,,0,,,
A_harita,281,281,P_konum,8,r078,0.1,ar1_097,0.765,40.1,7.03,kolay,0.192,3.58,peak@1931w15 | peak@1937w15 | peak@1943w15 | peak@1949w15 | peak@1955w15 | peak@1961w15 | peak@1967w15 | peak@1973w15,0.97,10,,,,0,,0,,,
A_harita,282,282,P_konum,8,r078,0.2,beyaz,0.765,40.1,3.55,kolay,0.192,3.58,peak@1931w15 | peak@1937w15 | peak@1943w15 | peak@1949w15 | peak@1955w15 | peak@1961w15 | peak@1967w15 | peak@1973w15,,10,,,,0,,0,,,
A_harita,283,283,P_konum,8,r078,0.2,ar1_097,0.765,40.1,3.55,kolay,0.192,3.58,peak@1931w15 | peak@1937w15 | peak@1943w15 | peak@1949w15 | peak@1955w15 | peak@1961w15 | peak@1967w15 | peak@1973w15,0.97,10,,,,0,,0,,,
A_harita,284,284,P_konum,8,r078,0.3,beyaz,0.765,40.1,2.4,orta,0.192,3.58,peak@1931w15 | peak@1937w15 | peak@1943w15 | peak@1949w15 | peak@1955w15 | peak@1961w15 | peak@1967w15 | peak@1973w15,,10,,,,0,,0,,,
A_harita,285,285,P_konum,8,r078,0.3,ar1_097,0.765,40.1,2.4,orta,0.192,3.58,peak@1931w15 | peak@1937w15 | peak@1943w15 | peak@1949w15 | peak@1955w15 | peak@1961w15 | peak@1967w15 | peak@1973w15,0.97,10,,,,0,,0,,,
A_harita,286,286,P_konum,8,r078,0.4,beyaz,0.765,40.1,1.84,orta,0.192,3.58,peak@1931w15 | peak@1937w15 | peak@1943w15 | peak@1949w15 | peak@1955w15 | peak@1961w15 | peak@1967w15 | peak@1973w15,,10,,,,0,,0,,,
A_harita,287,287,P_konum,8,r078,0.4,ar1_097,0.765,40.1,1.84,orta,0.192,3.58,peak@1931w15 | peak@1937w15 | peak@1943w15 | peak@1949w15 | peak@1955w15 | peak@1961w15 | peak@1967w15 | peak@1973w15,0.97,10,,,,0,,0,,,
A_harita,288,288,P_konum,8,r078,0.5,beyaz,0.765,40.1,1.51,orta,0.192,3.58,peak@1931w15 | peak@1937w15 | peak@1943w15 | peak@1949w15 | peak@1955w15 | peak@1961w15 | peak@1967w15 | peak@1973w15,,10,,,,0,,0,,,
A_harita,289,289,P_konum,8,r078,0.5,ar1_097,0.765,40.1,1.51,orta,0.192,3.58,peak@1931w15 | peak@1937w15 | peak@1943w15 | peak@1949w15 | peak@1955w15 | peak@1961w15 | peak@1967w15 | peak@1973w15,0.97,10,,,,0,,0,,,
A_harita,290,290,P_konum,8,r078,0.6,beyaz,0.765,40.1,1.3,zor,0.192,3.58,peak@1931w15 | peak@1937w15 | peak@1943w15 | peak@1949w15 | peak@1955w15 | peak@1961w15 | peak@1967w15 | peak@1973w15,,10,,,,0,,0,,,
A_harita,291,291,P_konum,8,r078,0.6,ar1_097,0.765,40.1,1.3,zor,0.192,3.58,peak@1931w15 | peak@1937w15 | peak@1943w15 | peak@1949w15 | peak@1955w15 | peak@1961w15 | peak@1967w15 | peak@1973w15,0.97,10,,,,0,,0,,,
A_harita,292,292,P_konum,8,r078,0.7,beyaz,0.765,40.1,1.15,zor,0.192,3.58,peak@1931w15 | peak@1937w15 | peak@1943w15 | peak@1949w15 | peak@1955w15 | peak@1961w15 | peak@1967w15 | peak@1973w15,,10,,,,0,,0,,,
A_harita,293,293,P_konum,8,r078,0.7,ar1_097,0.765,40.1,1.15,zor,0.192,3.58,peak@1931w15 | peak@1937w15 | peak@1943w15 | peak@1949w15 | peak@1955w15 | peak@1961w15 | peak@1967w15 | peak@1973w15,0.97,10,,,,0,,0,,,
A_harita,294,294,P_konum,8,r078,0.8,beyaz,0.765,40.1,1.04,zor,0.192,3.58,peak@1931w15 | peak@1937w15 | peak@1943w15 | peak@1949w15 | peak@1955w15 | peak@1961w15 | peak@1967w15 | peak@1973w15,,10,,,,0,,0,,,
A_harita,295,295,P_konum,8,r078,0.8,ar1_097,0.765,40.1,1.04,zor,0.192,3.58,peak@1931w15 | peak@1937w15 | peak@1943w15 | peak@1949w15 | peak@1955w15 | peak@1961w15 | peak@1967w15 | peak@1973w15,0.97,10,,,,0,,0,,,
A_harita,296,296,P_konum,8,r078,0.9,beyaz,0.765,40.1,0.96,zor,0.192,3.58,peak@1931w15 | peak@1937w15 | peak@1943w15 | peak@1949w15 | peak@1955w15 | peak@1961w15 | peak@1967w15 | peak@1973w15,,10,,,,0,,0,,,
A_harita,297,297,P_konum,8,r078,0.9,ar1_097,0.765,40.1,0.96,zor,0.192,3.58,peak@1931w15 | peak@1937w15 | peak@1943w15 | peak@1949w15 | peak@1955w15 | peak@1961w15 | peak@1967w15 | peak@1973w15,0.97,10,,,,0,,0,,,
A_harita,298,298,P_konum,8,r078,1.0,beyaz,0.765,40.1,0.89,zor,0.192,3.58,peak@1931w15 | peak@1937w15 | peak@1943w15 | peak@1949w15 | peak@1955w15 | peak@1961w15 | peak@1967w15 | peak@1973w15,,10,,,,0,,0,,,
A_harita,299,299,P_konum,8,r078,1.0,ar1_097,0.765,40.1,0.89,zor,0.192,3.58,peak@1931w15 | peak@1937w15 | peak@1943w15 | peak@1949w15 | peak@1955w15 | peak@1961w15 | peak@1967w15 | peak@1973w15,0.97,10,,,,0,,0,,,
A_harita,300,300,M_karisik,3,r045,0.1,beyaz,0.456,62.9,11.01,kolay,0.095,2.46,peak@1947w15 | peak@1957w15 | level_shift@1955,,10,,,,0,,0,,,
A_harita,301,301,M_karisik,3,r045,0.1,ar1_097,0.456,62.9,11.01,kolay,0.095,2.46,peak@1947w15 | peak@1957w15 | level_shift@1955,0.97,10,,,,0,,0,,,
A_harita,302,302,M_karisik,3,r045,0.2,beyaz,0.456,62.9,5.56,kolay,0.095,2.46,peak@1947w15 | peak@1957w15 | level_shift@1955,,10,,,,0,,0,,,
A_harita,303,303,M_karisik,3,r045,0.2,ar1_097,0.456,62.9,5.56,kolay,0.095,2.46,peak@1947w15 | peak@1957w15 | level_shift@1955,0.97,10,,,,0,,0,,,
A_harita,304,304,M_karisik,3,r045,0.3,beyaz,0.456,62.9,3.77,kolay,0.095,2.46,peak@1947w15 | peak@1957w15 | level_shift@1955,,10,,,,0,,0,,,
A_harita,305,305,M_karisik,3,r045,0.3,ar1_097,0.456,62.9,3.77,kolay,0.095,2.46,peak@1947w15 | peak@1957w15 | level_shift@1955,0.97,10,,,,0,,0,,,
A_harita,306,306,M_karisik,3,r045,0.4,beyaz,0.456,62.9,2.88,orta,0.095,2.46,peak@1947w15 | peak@1957w15 | level_shift@1955,,10,,,,0,,0,,,
A_harita,307,307,M_karisik,3,r045,0.4,ar1_097,0.456,62.9,2.88,orta,0.095,2.46,peak@1947w15 | peak@1957w15 | level_shift@1955,0.97,10,,,,0,,0,,,
A_harita,308,308,M_karisik,3,r045,0.5,beyaz,0.456,62.9,2.37,orta,0.095,2.46,peak@1947w15 | peak@1957w15 | level_shift@1955,,10,,,,0,,0,,,
A_harita,309,309,M_karisik,3,r045,0.5,ar1_097,0.456,62.9,2.37,orta,0.095,2.46,peak@1947w15 | peak@1957w15 | level_shift@1955,0.97,10,,,,0,,0,,,
A_harita,310,310,M_karisik,3,r045,0.6,beyaz,0.456,62.9,2.03,orta,0.095,2.46,peak@1947w15 | peak@1957w15 | level_shift@1955,,10,,,,0,,0,,,
A_harita,311,311,M_karisik,3,r045,0.6,ar1_097,0.456,62.9,2.03,orta,0.095,2.46,peak@1947w15 | peak@1957w15 | level_shift@1955,0.97,10,,,,0,,0,,,
A_harita,312,312,M_karisik,3,r045,0.7,beyaz,0.456,62.9,1.8,orta,0.095,2.46,peak@1947w15 | peak@1957w15 | level_shift@1955,,10,,,,0,,0,,,
A_harita,313,313,M_karisik,3,r045,0.7,ar1_097,0.456,62.9,1.8,orta,0.095,2.46,peak@1947w15 | peak@1957w15 | level_shift@1955,0.97,10,,,,0,,0,,,
A_harita,314,314,M_karisik,3,r045,0.8,beyaz,0.456,62.9,1.63,orta,0.095,2.46,peak@1947w15 | peak@1957w15 | level_shift@1955,,10,,,,0,,0,,,
A_harita,315,315,M_karisik,3,r045,0.8,ar1_097,0.456,62.9,1.63,orta,0.095,2.46,peak@1947w15 | peak@1957w15 | level_shift@1955,0.97,10,,,,0,,0,,,
A_harita,316,316,M_karisik,3,r045,0.9,beyaz,0.456,62.9,1.5,zor,0.095,2.46,peak@1947w15 | peak@1957w15 | level_shift@1955,,10,,,,0,,0,,,
A_harita,317,317,M_karisik,3,r045,0.9,ar1_097,0.456,62.9,1.5,zor,0.095,2.46,peak@1947w15 | peak@1957w15 | level_shift@1955,0.97,10,,,,0,,0,,,
A_harita,318,318,M_karisik,3,r045,1.0,beyaz,0.456,62.9,1.4,zor,0.095,2.46,peak@1947w15 | peak@1957w15 | level_shift@1955,,10,,,,0,,0,,,
A_harita,319,319,M_karisik,3,r045,1.0,ar1_097,0.456,62.9,1.4,zor,0.095,2.46,peak@1947w15 | peak@1957w15 | level_shift@1955,0.97,10,,,,0,,0,,,
A_harita,320,320,M_karisik,3,r062,0.1,beyaz,0.615,52.1,9.12,kolay,0.14,2.29,peak@1948w15 | peak@1956w15 | level_shift@1955,,10,,,,0,,0,,,
A_harita,321,321,M_karisik,3,r062,0.1,ar1_097,0.615,52.1,9.12,kolay,0.14,2.29,peak@1948w15 | peak@1956w15 | level_shift@1955,0.97,10,,,,0,,0,,,
A_harita,322,322,M_karisik,3,r062,0.2,beyaz,0.615,52.1,4.61,kolay,0.14,2.29,peak@1948w15 | peak@1956w15 | level_shift@1955,,10,,,,0,,0,,,
A_harita,323,323,M_karisik,3,r062,0.2,ar1_097,0.615,52.1,4.61,kolay,0.14,2.29,peak@1948w15 | peak@1956w15 | level_shift@1955,0.97,10,,,,0,,0,,,
A_harita,324,324,M_karisik,3,r062,0.3,beyaz,0.615,52.1,3.12,kolay,0.14,2.29,peak@1948w15 | peak@1956w15 | level_shift@1955,,10,,,,0,,0,,,
A_harita,325,325,M_karisik,3,r062,0.3,ar1_097,0.615,52.1,3.12,kolay,0.14,2.29,peak@1948w15 | peak@1956w15 | level_shift@1955,0.97,10,,,,0,,0,,,
A_harita,326,326,M_karisik,3,r062,0.4,beyaz,0.615,52.1,2.39,orta,0.14,2.29,peak@1948w15 | peak@1956w15 | level_shift@1955,,10,,,,0,,0,,,
A_harita,327,327,M_karisik,3,r062,0.4,ar1_097,0.615,52.1,2.39,orta,0.14,2.29,peak@1948w15 | peak@1956w15 | level_shift@1955,0.97,10,,,,0,,0,,,
A_harita,328,328,M_karisik,3,r062,0.5,beyaz,0.615,52.1,1.96,orta,0.14,2.29,peak@1948w15 | peak@1956w15 | level_shift@1955,,10,,,,0,,0,,,
A_harita,329,329,M_karisik,3,r062,0.5,ar1_097,0.615,52.1,1.96,orta,0.14,2.29,peak@1948w15 | peak@1956w15 | level_shift@1955,0.97,10,,,,0,,0,,,
A_harita,330,330,M_karisik,3,r062,0.6,beyaz,0.615,52.1,1.68,orta,0.14,2.29,peak@1948w15 | peak@1956w15 | level_shift@1955,,10,,,,0,,0,,,
A_harita,331,331,M_karisik,3,r062,0.6,ar1_097,0.615,52.1,1.68,orta,0.14,2.29,peak@1948w15 | peak@1956w15 | level_shift@1955,0.97,10,,,,0,,0,,,
A_harita,332,332,M_karisik,3,r062,0.7,beyaz,0.615,52.1,1.49,zor,0.14,2.29,peak@1948w15 | peak@1956w15 | level_shift@1955,,10,,,,0,,0,,,
A_harita,333,333,M_karisik,3,r062,0.7,ar1_097,0.615,52.1,1.49,zor,0.14,2.29,peak@1948w15 | peak@1956w15 | level_shift@1955,0.97,10,,,,0,,0,,,
A_harita,334,334,M_karisik,3,r062,0.8,beyaz,0.615,52.1,1.35,zor,0.14,2.29,peak@1948w15 | peak@1956w15 | level_shift@1955,,10,,,,0,,0,,,
A_harita,335,335,M_karisik,3,r062,0.8,ar1_097,0.615,52.1,1.35,zor,0.14,2.29,peak@1948w15 | peak@1956w15 | level_shift@1955,0.97,10,,,,0,,0,,,
A_harita,336,336,M_karisik,3,r062,0.9,beyaz,0.615,52.1,1.24,zor,0.14,2.29,peak@1948w15 | peak@1956w15 | level_shift@1955,,10,,,,0,,0,,,
A_harita,337,337,M_karisik,3,r062,0.9,ar1_097,0.615,52.1,1.24,zor,0.14,2.29,peak@1948w15 | peak@1956w15 | level_shift@1955,0.97,10,,,,0,,0,,,
A_harita,338,338,M_karisik,3,r062,1.0,beyaz,0.615,52.1,1.16,zor,0.14,2.29,peak@1948w15 | peak@1956w15 | level_shift@1955,,10,,,,0,,0,,,
A_harita,339,339,M_karisik,3,r062,1.0,ar1_097,0.615,52.1,1.16,zor,0.14,2.29,peak@1948w15 | peak@1956w15 | level_shift@1955,0.97,10,,,,0,,0,,,
A_harita,340,340,M_karisik,3,r078,0.1,beyaz,0.765,40.1,7.03,kolay,0.184,2.09,peak@1949w15 | peak@1955w15 | level_shift@1955,,10,,,,0,,0,,,
A_harita,341,341,M_karisik,3,r078,0.1,ar1_097,0.765,40.1,7.03,kolay,0.184,2.09,peak@1949w15 | peak@1955w15 | level_shift@1955,0.97,10,,,,0,,0,,,
A_harita,342,342,M_karisik,3,r078,0.2,beyaz,0.765,40.1,3.55,kolay,0.184,2.09,peak@1949w15 | peak@1955w15 | level_shift@1955,,10,,,,0,,0,,,
A_harita,343,343,M_karisik,3,r078,0.2,ar1_097,0.765,40.1,3.55,kolay,0.184,2.09,peak@1949w15 | peak@1955w15 | level_shift@1955,0.97,10,,,,0,,0,,,
A_harita,344,344,M_karisik,3,r078,0.3,beyaz,0.765,40.1,2.4,orta,0.184,2.09,peak@1949w15 | peak@1955w15 | level_shift@1955,,10,,,,0,,0,,,
A_harita,345,345,M_karisik,3,r078,0.3,ar1_097,0.765,40.1,2.4,orta,0.184,2.09,peak@1949w15 | peak@1955w15 | level_shift@1955,0.97,10,,,,0,,0,,,
A_harita,346,346,M_karisik,3,r078,0.4,beyaz,0.765,40.1,1.84,orta,0.184,2.09,peak@1949w15 | peak@1955w15 | level_shift@1955,,10,,,,0,,0,,,
A_harita,347,347,M_karisik,3,r078,0.4,ar1_097,0.765,40.1,1.84,orta,0.184,2.09,peak@1949w15 | peak@1955w15 | level_shift@1955,0.97,10,,,,0,,0,,,
A_harita,348,348,M_karisik,3,r078,0.5,beyaz,0.765,40.1,1.51,orta,0.184,2.09,peak@1949w15 | peak@1955w15 | level_shift@1955,,10,,,,0,,0,,,
A_harita,349,349,M_karisik,3,r078,0.5,ar1_097,0.765,40.1,1.51,orta,0.184,2.09,peak@1949w15 | peak@1955w15 | level_shift@1955,0.97,10,,,,0,,0,,,
A_harita,350,350,M_karisik,3,r078,0.6,beyaz,0.765,40.1,1.3,zor,0.184,2.09,peak@1949w15 | peak@1955w15 | level_shift@1955,,10,,,,0,,0,,,
A_harita,351,351,M_karisik,3,r078,0.6,ar1_097,0.765,40.1,1.3,zor,0.184,2.09,peak@1949w15 | peak@1955w15 | level_shift@1955,0.97,10,,,,0,,0,,,
A_harita,352,352,M_karisik,3,r078,0.7,beyaz,0.765,40.1,1.15,zor,0.184,2.09,peak@1949w15 | peak@1955w15 | level_shift@1955,,10,,,,0,,0,,,
A_harita,353,353,M_karisik,3,r078,0.7,ar1_097,0.765,40.1,1.15,zor,0.184,2.09,peak@1949w15 | peak@1955w15 | level_shift@1955,0.97,10,,,,0,,0,,,
A_harita,354,354,M_karisik,3,r078,0.8,beyaz,0.765,40.1,1.04,zor,0.184,2.09,peak@1949w15 | peak@1955w15 | level_shift@1955,,10,,,,0,,0,,,
A_harita,355,355,M_karisik,3,r078,0.8,ar1_097,0.765,40.1,1.04,zor,0.184,2.09,peak@1949w15 | peak@1955w15 | level_shift@1955,0.97,10,,,,0,,0,,,
A_harita,356,356,M_karisik,3,r078,0.9,beyaz,0.765,40.1,0.96,zor,0.184,2.09,peak@1949w15 | peak@1955w15 | level_shift@1955,,10,,,,0,,0,,,
A_harita,357,357,M_karisik,3,r078,0.9,ar1_097,0.765,40.1,0.96,zor,0.184,2.09,peak@1949w15 | peak@1955w15 | level_shift@1955,0.97,10,,,,0,,0,,,
A_harita,358,358,M_karisik,3,r078,1.0,beyaz,0.765,40.1,0.89,zor,0.184,2.09,peak@1949w15 | peak@1955w15 | level_shift@1955,,10,,,,0,,0,,,
A_harita,359,359,M_karisik,3,r078,1.0,ar1_097,0.765,40.1,0.89,zor,0.184,2.09,peak@1949w15 | peak@1955w15 | level_shift@1955,0.97,10,,,,0,,0,,,
A_harita,360,360,M_karisik,4,r045,0.1,beyaz,0.456,62.9,11.01,kolay,0.007,3.14,peak@1947w15 | peak@1957w15 | level_shift@1955 | trough@1975w15,,10,,,,0,,0,,,
A_harita,361,361,M_karisik,4,r045,0.1,ar1_097,0.456,62.9,11.01,kolay,0.007,3.14,peak@1947w15 | peak@1957w15 | level_shift@1955 | trough@1975w15,0.97,10,,,,0,,0,,,
A_harita,362,362,M_karisik,4,r045,0.2,beyaz,0.456,62.9,5.56,kolay,0.007,3.14,peak@1947w15 | peak@1957w15 | level_shift@1955 | trough@1975w15,,10,,,,0,,0,,,
A_harita,363,363,M_karisik,4,r045,0.2,ar1_097,0.456,62.9,5.56,kolay,0.007,3.14,peak@1947w15 | peak@1957w15 | level_shift@1955 | trough@1975w15,0.97,10,,,,0,,0,,,
A_harita,364,364,M_karisik,4,r045,0.3,beyaz,0.456,62.9,3.77,kolay,0.007,3.14,peak@1947w15 | peak@1957w15 | level_shift@1955 | trough@1975w15,,10,,,,0,,0,,,
A_harita,365,365,M_karisik,4,r045,0.3,ar1_097,0.456,62.9,3.77,kolay,0.007,3.14,peak@1947w15 | peak@1957w15 | level_shift@1955 | trough@1975w15,0.97,10,,,,0,,0,,,
A_harita,366,366,M_karisik,4,r045,0.4,beyaz,0.456,62.9,2.88,orta,0.007,3.14,peak@1947w15 | peak@1957w15 | level_shift@1955 | trough@1975w15,,10,,,,0,,0,,,
A_harita,367,367,M_karisik,4,r045,0.4,ar1_097,0.456,62.9,2.88,orta,0.007,3.14,peak@1947w15 | peak@1957w15 | level_shift@1955 | trough@1975w15,0.97,10,,,,0,,0,,,
A_harita,368,368,M_karisik,4,r045,0.5,beyaz,0.456,62.9,2.37,orta,0.007,3.14,peak@1947w15 | peak@1957w15 | level_shift@1955 | trough@1975w15,,10,,,,0,,0,,,
A_harita,369,369,M_karisik,4,r045,0.5,ar1_097,0.456,62.9,2.37,orta,0.007,3.14,peak@1947w15 | peak@1957w15 | level_shift@1955 | trough@1975w15,0.97,10,,,,0,,0,,,
A_harita,370,370,M_karisik,4,r045,0.6,beyaz,0.456,62.9,2.03,orta,0.007,3.14,peak@1947w15 | peak@1957w15 | level_shift@1955 | trough@1975w15,,10,,,,0,,0,,,
A_harita,371,371,M_karisik,4,r045,0.6,ar1_097,0.456,62.9,2.03,orta,0.007,3.14,peak@1947w15 | peak@1957w15 | level_shift@1955 | trough@1975w15,0.97,10,,,,0,,0,,,
A_harita,372,372,M_karisik,4,r045,0.7,beyaz,0.456,62.9,1.8,orta,0.007,3.14,peak@1947w15 | peak@1957w15 | level_shift@1955 | trough@1975w15,,10,,,,0,,0,,,
A_harita,373,373,M_karisik,4,r045,0.7,ar1_097,0.456,62.9,1.8,orta,0.007,3.14,peak@1947w15 | peak@1957w15 | level_shift@1955 | trough@1975w15,0.97,10,,,,0,,0,,,
A_harita,374,374,M_karisik,4,r045,0.8,beyaz,0.456,62.9,1.63,orta,0.007,3.14,peak@1947w15 | peak@1957w15 | level_shift@1955 | trough@1975w15,,10,,,,0,,0,,,
A_harita,375,375,M_karisik,4,r045,0.8,ar1_097,0.456,62.9,1.63,orta,0.007,3.14,peak@1947w15 | peak@1957w15 | level_shift@1955 | trough@1975w15,0.97,10,,,,0,,0,,,
A_harita,376,376,M_karisik,4,r045,0.9,beyaz,0.456,62.9,1.5,zor,0.007,3.14,peak@1947w15 | peak@1957w15 | level_shift@1955 | trough@1975w15,,10,,,,0,,0,,,
A_harita,377,377,M_karisik,4,r045,0.9,ar1_097,0.456,62.9,1.5,zor,0.007,3.14,peak@1947w15 | peak@1957w15 | level_shift@1955 | trough@1975w15,0.97,10,,,,0,,0,,,
A_harita,378,378,M_karisik,4,r045,1.0,beyaz,0.456,62.9,1.4,zor,0.007,3.14,peak@1947w15 | peak@1957w15 | level_shift@1955 | trough@1975w15,,10,,,,0,,0,,,
A_harita,379,379,M_karisik,4,r045,1.0,ar1_097,0.456,62.9,1.4,zor,0.007,3.14,peak@1947w15 | peak@1957w15 | level_shift@1955 | trough@1975w15,0.97,10,,,,0,,0,,,
A_harita,380,380,M_karisik,4,r062,0.1,beyaz,0.615,52.1,9.12,kolay,0.034,2.97,peak@1948w15 | peak@1956w15 | level_shift@1955 | trough@1975w15,,10,,,,0,,0,,,
A_harita,381,381,M_karisik,4,r062,0.1,ar1_097,0.615,52.1,9.12,kolay,0.034,2.97,peak@1948w15 | peak@1956w15 | level_shift@1955 | trough@1975w15,0.97,10,,,,0,,0,,,
A_harita,382,382,M_karisik,4,r062,0.2,beyaz,0.615,52.1,4.61,kolay,0.034,2.97,peak@1948w15 | peak@1956w15 | level_shift@1955 | trough@1975w15,,10,,,,0,,0,,,
A_harita,383,383,M_karisik,4,r062,0.2,ar1_097,0.615,52.1,4.61,kolay,0.034,2.97,peak@1948w15 | peak@1956w15 | level_shift@1955 | trough@1975w15,0.97,10,,,,0,,0,,,
A_harita,384,384,M_karisik,4,r062,0.3,beyaz,0.615,52.1,3.12,kolay,0.034,2.97,peak@1948w15 | peak@1956w15 | level_shift@1955 | trough@1975w15,,10,,,,0,,0,,,
A_harita,385,385,M_karisik,4,r062,0.3,ar1_097,0.615,52.1,3.12,kolay,0.034,2.97,peak@1948w15 | peak@1956w15 | level_shift@1955 | trough@1975w15,0.97,10,,,,0,,0,,,
A_harita,386,386,M_karisik,4,r062,0.4,beyaz,0.615,52.1,2.39,orta,0.034,2.97,peak@1948w15 | peak@1956w15 | level_shift@1955 | trough@1975w15,,10,,,,0,,0,,,
A_harita,387,387,M_karisik,4,r062,0.4,ar1_097,0.615,52.1,2.39,orta,0.034,2.97,peak@1948w15 | peak@1956w15 | level_shift@1955 | trough@1975w15,0.97,10,,,,0,,0,,,
A_harita,388,388,M_karisik,4,r062,0.5,beyaz,0.615,52.1,1.96,orta,0.034,2.97,peak@1948w15 | peak@1956w15 | level_shift@1955 | trough@1975w15,,10,,,,0,,0,,,
A_harita,389,389,M_karisik,4,r062,0.5,ar1_097,0.615,52.1,1.96,orta,0.034,2.97,peak@1948w15 | peak@1956w15 | level_shift@1955 | trough@1975w15,0.97,10,,,,0,,0,,,
A_harita,390,390,M_karisik,4,r062,0.6,beyaz,0.615,52.1,1.68,orta,0.034,2.97,peak@1948w15 | peak@1956w15 | level_shift@1955 | trough@1975w15,,10,,,,0,,0,,,
A_harita,391,391,M_karisik,4,r062,0.6,ar1_097,0.615,52.1,1.68,orta,0.034,2.97,peak@1948w15 | peak@1956w15 | level_shift@1955 | trough@1975w15,0.97,10,,,,0,,0,,,
A_harita,392,392,M_karisik,4,r062,0.7,beyaz,0.615,52.1,1.49,zor,0.034,2.97,peak@1948w15 | peak@1956w15 | level_shift@1955 | trough@1975w15,,10,,,,0,,0,,,
A_harita,393,393,M_karisik,4,r062,0.7,ar1_097,0.615,52.1,1.49,zor,0.034,2.97,peak@1948w15 | peak@1956w15 | level_shift@1955 | trough@1975w15,0.97,10,,,,0,,0,,,
A_harita,394,394,M_karisik,4,r062,0.8,beyaz,0.615,52.1,1.35,zor,0.034,2.97,peak@1948w15 | peak@1956w15 | level_shift@1955 | trough@1975w15,,10,,,,0,,0,,,
A_harita,395,395,M_karisik,4,r062,0.8,ar1_097,0.615,52.1,1.35,zor,0.034,2.97,peak@1948w15 | peak@1956w15 | level_shift@1955 | trough@1975w15,0.97,10,,,,0,,0,,,
A_harita,396,396,M_karisik,4,r062,0.9,beyaz,0.615,52.1,1.24,zor,0.034,2.97,peak@1948w15 | peak@1956w15 | level_shift@1955 | trough@1975w15,,10,,,,0,,0,,,
A_harita,397,397,M_karisik,4,r062,0.9,ar1_097,0.615,52.1,1.24,zor,0.034,2.97,peak@1948w15 | peak@1956w15 | level_shift@1955 | trough@1975w15,0.97,10,,,,0,,0,,,
A_harita,398,398,M_karisik,4,r062,1.0,beyaz,0.615,52.1,1.16,zor,0.034,2.97,peak@1948w15 | peak@1956w15 | level_shift@1955 | trough@1975w15,,10,,,,0,,0,,,
A_harita,399,399,M_karisik,4,r062,1.0,ar1_097,0.615,52.1,1.16,zor,0.034,2.97,peak@1948w15 | peak@1956w15 | level_shift@1955 | trough@1975w15,0.97,10,,,,0,,0,,,
A_harita,400,400,M_karisik,4,r078,0.1,beyaz,0.765,40.1,7.03,kolay,0.06,2.78,peak@1949w15 | peak@1955w15 | level_shift@1955 | trough@1975w15,,10,,,,0,,0,,,
A_harita,401,401,M_karisik,4,r078,0.1,ar1_097,0.765,40.1,7.03,kolay,0.06,2.78,peak@1949w15 | peak@1955w15 | level_shift@1955 | trough@1975w15,0.97,10,,,,0,,0,,,
A_harita,402,402,M_karisik,4,r078,0.2,beyaz,0.765,40.1,3.55,kolay,0.06,2.78,peak@1949w15 | peak@1955w15 | level_shift@1955 | trough@1975w15,,10,,,,0,,0,,,
A_harita,403,403,M_karisik,4,r078,0.2,ar1_097,0.765,40.1,3.55,kolay,0.06,2.78,peak@1949w15 | peak@1955w15 | level_shift@1955 | trough@1975w15,0.97,10,,,,0,,0,,,
A_harita,404,404,M_karisik,4,r078,0.3,beyaz,0.765,40.1,2.4,orta,0.06,2.78,peak@1949w15 | peak@1955w15 | level_shift@1955 | trough@1975w15,,10,,,,0,,0,,,
A_harita,405,405,M_karisik,4,r078,0.3,ar1_097,0.765,40.1,2.4,orta,0.06,2.78,peak@1949w15 | peak@1955w15 | level_shift@1955 | trough@1975w15,0.97,10,,,,0,,0,,,
A_harita,406,406,M_karisik,4,r078,0.4,beyaz,0.765,40.1,1.84,orta,0.06,2.78,peak@1949w15 | peak@1955w15 | level_shift@1955 | trough@1975w15,,10,,,,0,,0,,,
A_harita,407,407,M_karisik,4,r078,0.4,ar1_097,0.765,40.1,1.84,orta,0.06,2.78,peak@1949w15 | peak@1955w15 | level_shift@1955 | trough@1975w15,0.97,10,,,,0,,0,,,
A_harita,408,408,M_karisik,4,r078,0.5,beyaz,0.765,40.1,1.51,orta,0.06,2.78,peak@1949w15 | peak@1955w15 | level_shift@1955 | trough@1975w15,,10,,,,0,,0,,,
A_harita,409,409,M_karisik,4,r078,0.5,ar1_097,0.765,40.1,1.51,orta,0.06,2.78,peak@1949w15 | peak@1955w15 | level_shift@1955 | trough@1975w15,0.97,10,,,,0,,0,,,
A_harita,410,410,M_karisik,4,r078,0.6,beyaz,0.765,40.1,1.3,zor,0.06,2.78,peak@1949w15 | peak@1955w15 | level_shift@1955 | trough@1975w15,,10,,,,0,,0,,,
A_harita,411,411,M_karisik,4,r078,0.6,ar1_097,0.765,40.1,1.3,zor,0.06,2.78,peak@1949w15 | peak@1955w15 | level_shift@1955 | trough@1975w15,0.97,10,,,,0,,0,,,
A_harita,412,412,M_karisik,4,r078,0.7,beyaz,0.765,40.1,1.15,zor,0.06,2.78,peak@1949w15 | peak@1955w15 | level_shift@1955 | trough@1975w15,,10,,,,0,,0,,,
A_harita,413,413,M_karisik,4,r078,0.7,ar1_097,0.765,40.1,1.15,zor,0.06,2.78,peak@1949w15 | peak@1955w15 | level_shift@1955 | trough@1975w15,0.97,10,,,,0,,0,,,
A_harita,414,414,M_karisik,4,r078,0.8,beyaz,0.765,40.1,1.04,zor,0.06,2.78,peak@1949w15 | peak@1955w15 | level_shift@1955 | trough@1975w15,,10,,,,0,,0,,,
A_harita,415,415,M_karisik,4,r078,0.8,ar1_097,0.765,40.1,1.04,zor,0.06,2.78,peak@1949w15 | peak@1955w15 | level_shift@1955 | trough@1975w15,0.97,10,,,,0,,0,,,
A_harita,416,416,M_karisik,4,r078,0.9,beyaz,0.765,40.1,0.96,zor,0.06,2.78,peak@1949w15 | peak@1955w15 | level_shift@1955 | trough@1975w15,,10,,,,0,,0,,,
A_harita,417,417,M_karisik,4,r078,0.9,ar1_097,0.765,40.1,0.96,zor,0.06,2.78,peak@1949w15 | peak@1955w15 | level_shift@1955 | trough@1975w15,0.97,10,,,,0,,0,,,
A_harita,418,418,M_karisik,4,r078,1.0,beyaz,0.765,40.1,0.89,zor,0.06,2.78,peak@1949w15 | peak@1955w15 | level_shift@1955 | trough@1975w15,,10,,,,0,,0,,,
A_harita,419,419,M_karisik,4,r078,1.0,ar1_097,0.765,40.1,0.89,zor,0.06,2.78,peak@1949w15 | peak@1955w15 | level_shift@1955 | trough@1975w15,0.97,10,,,,0,,0,,,
A_harita,420,420,M_karisik,5,r045,0.1,beyaz,0.456,62.9,11.01,kolay,0.03,3.57,peak@1942w15 | peak@1952w15 | peak@1962w15 | level_shift@1955 | trough@1975w15,,10,,,,0,,0,,,
A_harita,421,421,M_karisik,5,r045,0.1,ar1_097,0.456,62.9,11.01,kolay,0.03,3.57,peak@1942w15 | peak@1952w15 | peak@1962w15 | level_shift@1955 | trough@1975w15,0.97,10,,,,0,,0,,,
A_harita,422,422,M_karisik,5,r045,0.2,beyaz,0.456,62.9,5.56,kolay,0.03,3.57,peak@1942w15 | peak@1952w15 | peak@1962w15 | level_shift@1955 | trough@1975w15,,10,,,,0,,0,,,
A_harita,423,423,M_karisik,5,r045,0.2,ar1_097,0.456,62.9,5.56,kolay,0.03,3.57,peak@1942w15 | peak@1952w15 | peak@1962w15 | level_shift@1955 | trough@1975w15,0.97,10,,,,0,,0,,,
A_harita,424,424,M_karisik,5,r045,0.3,beyaz,0.456,62.9,3.77,kolay,0.03,3.57,peak@1942w15 | peak@1952w15 | peak@1962w15 | level_shift@1955 | trough@1975w15,,10,,,,0,,0,,,
A_harita,425,425,M_karisik,5,r045,0.3,ar1_097,0.456,62.9,3.77,kolay,0.03,3.57,peak@1942w15 | peak@1952w15 | peak@1962w15 | level_shift@1955 | trough@1975w15,0.97,10,,,,0,,0,,,
A_harita,426,426,M_karisik,5,r045,0.4,beyaz,0.456,62.9,2.88,orta,0.03,3.57,peak@1942w15 | peak@1952w15 | peak@1962w15 | level_shift@1955 | trough@1975w15,,10,,,,0,,0,,,
A_harita,427,427,M_karisik,5,r045,0.4,ar1_097,0.456,62.9,2.88,orta,0.03,3.57,peak@1942w15 | peak@1952w15 | peak@1962w15 | level_shift@1955 | trough@1975w15,0.97,10,,,,0,,0,,,
A_harita,428,428,M_karisik,5,r045,0.5,beyaz,0.456,62.9,2.37,orta,0.03,3.57,peak@1942w15 | peak@1952w15 | peak@1962w15 | level_shift@1955 | trough@1975w15,,10,,,,0,,0,,,
A_harita,429,429,M_karisik,5,r045,0.5,ar1_097,0.456,62.9,2.37,orta,0.03,3.57,peak@1942w15 | peak@1952w15 | peak@1962w15 | level_shift@1955 | trough@1975w15,0.97,10,,,,0,,0,,,
A_harita,430,430,M_karisik,5,r045,0.6,beyaz,0.456,62.9,2.03,orta,0.03,3.57,peak@1942w15 | peak@1952w15 | peak@1962w15 | level_shift@1955 | trough@1975w15,,10,,,,0,,0,,,
A_harita,431,431,M_karisik,5,r045,0.6,ar1_097,0.456,62.9,2.03,orta,0.03,3.57,peak@1942w15 | peak@1952w15 | peak@1962w15 | level_shift@1955 | trough@1975w15,0.97,10,,,,0,,0,,,
A_harita,432,432,M_karisik,5,r045,0.7,beyaz,0.456,62.9,1.8,orta,0.03,3.57,peak@1942w15 | peak@1952w15 | peak@1962w15 | level_shift@1955 | trough@1975w15,,10,,,,0,,0,,,
A_harita,433,433,M_karisik,5,r045,0.7,ar1_097,0.456,62.9,1.8,orta,0.03,3.57,peak@1942w15 | peak@1952w15 | peak@1962w15 | level_shift@1955 | trough@1975w15,0.97,10,,,,0,,0,,,
A_harita,434,434,M_karisik,5,r045,0.8,beyaz,0.456,62.9,1.63,orta,0.03,3.57,peak@1942w15 | peak@1952w15 | peak@1962w15 | level_shift@1955 | trough@1975w15,,10,,,,0,,0,,,
A_harita,435,435,M_karisik,5,r045,0.8,ar1_097,0.456,62.9,1.63,orta,0.03,3.57,peak@1942w15 | peak@1952w15 | peak@1962w15 | level_shift@1955 | trough@1975w15,0.97,10,,,,0,,0,,,
A_harita,436,436,M_karisik,5,r045,0.9,beyaz,0.456,62.9,1.5,zor,0.03,3.57,peak@1942w15 | peak@1952w15 | peak@1962w15 | level_shift@1955 | trough@1975w15,,10,,,,0,,0,,,
A_harita,437,437,M_karisik,5,r045,0.9,ar1_097,0.456,62.9,1.5,zor,0.03,3.57,peak@1942w15 | peak@1952w15 | peak@1962w15 | level_shift@1955 | trough@1975w15,0.97,10,,,,0,,0,,,
A_harita,438,438,M_karisik,5,r045,1.0,beyaz,0.456,62.9,1.4,zor,0.03,3.57,peak@1942w15 | peak@1952w15 | peak@1962w15 | level_shift@1955 | trough@1975w15,,10,,,,0,,0,,,
A_harita,439,439,M_karisik,5,r045,1.0,ar1_097,0.456,62.9,1.4,zor,0.03,3.57,peak@1942w15 | peak@1952w15 | peak@1962w15 | level_shift@1955 | trough@1975w15,0.97,10,,,,0,,0,,,
A_harita,440,440,M_karisik,5,r062,0.1,beyaz,0.615,52.1,9.12,kolay,0.084,3.34,peak@1944w15 | peak@1952w15 | peak@1960w15 | level_shift@1955 | trough@1975w15,,10,,,,0,,0,,,
A_harita,441,441,M_karisik,5,r062,0.1,ar1_097,0.615,52.1,9.12,kolay,0.084,3.34,peak@1944w15 | peak@1952w15 | peak@1960w15 | level_shift@1955 | trough@1975w15,0.97,10,,,,0,,0,,,
A_harita,442,442,M_karisik,5,r062,0.2,beyaz,0.615,52.1,4.61,kolay,0.084,3.34,peak@1944w15 | peak@1952w15 | peak@1960w15 | level_shift@1955 | trough@1975w15,,10,,,,0,,0,,,
A_harita,443,443,M_karisik,5,r062,0.2,ar1_097,0.615,52.1,4.61,kolay,0.084,3.34,peak@1944w15 | peak@1952w15 | peak@1960w15 | level_shift@1955 | trough@1975w15,0.97,10,,,,0,,0,,,
A_harita,444,444,M_karisik,5,r062,0.3,beyaz,0.615,52.1,3.12,kolay,0.084,3.34,peak@1944w15 | peak@1952w15 | peak@1960w15 | level_shift@1955 | trough@1975w15,,10,,,,0,,0,,,
A_harita,445,445,M_karisik,5,r062,0.3,ar1_097,0.615,52.1,3.12,kolay,0.084,3.34,peak@1944w15 | peak@1952w15 | peak@1960w15 | level_shift@1955 | trough@1975w15,0.97,10,,,,0,,0,,,
A_harita,446,446,M_karisik,5,r062,0.4,beyaz,0.615,52.1,2.39,orta,0.084,3.34,peak@1944w15 | peak@1952w15 | peak@1960w15 | level_shift@1955 | trough@1975w15,,10,,,,0,,0,,,
A_harita,447,447,M_karisik,5,r062,0.4,ar1_097,0.615,52.1,2.39,orta,0.084,3.34,peak@1944w15 | peak@1952w15 | peak@1960w15 | level_shift@1955 | trough@1975w15,0.97,10,,,,0,,0,,,
A_harita,448,448,M_karisik,5,r062,0.5,beyaz,0.615,52.1,1.96,orta,0.084,3.34,peak@1944w15 | peak@1952w15 | peak@1960w15 | level_shift@1955 | trough@1975w15,,10,,,,0,,0,,,
A_harita,449,449,M_karisik,5,r062,0.5,ar1_097,0.615,52.1,1.96,orta,0.084,3.34,peak@1944w15 | peak@1952w15 | peak@1960w15 | level_shift@1955 | trough@1975w15,0.97,10,,,,0,,0,,,
A_harita,450,450,M_karisik,5,r062,0.6,beyaz,0.615,52.1,1.68,orta,0.084,3.34,peak@1944w15 | peak@1952w15 | peak@1960w15 | level_shift@1955 | trough@1975w15,,10,,,,0,,0,,,
A_harita,451,451,M_karisik,5,r062,0.6,ar1_097,0.615,52.1,1.68,orta,0.084,3.34,peak@1944w15 | peak@1952w15 | peak@1960w15 | level_shift@1955 | trough@1975w15,0.97,10,,,,0,,0,,,
A_harita,452,452,M_karisik,5,r062,0.7,beyaz,0.615,52.1,1.49,zor,0.084,3.34,peak@1944w15 | peak@1952w15 | peak@1960w15 | level_shift@1955 | trough@1975w15,,10,,,,0,,0,,,
A_harita,453,453,M_karisik,5,r062,0.7,ar1_097,0.615,52.1,1.49,zor,0.084,3.34,peak@1944w15 | peak@1952w15 | peak@1960w15 | level_shift@1955 | trough@1975w15,0.97,10,,,,0,,0,,,
A_harita,454,454,M_karisik,5,r062,0.8,beyaz,0.615,52.1,1.35,zor,0.084,3.34,peak@1944w15 | peak@1952w15 | peak@1960w15 | level_shift@1955 | trough@1975w15,,10,,,,0,,0,,,
A_harita,455,455,M_karisik,5,r062,0.8,ar1_097,0.615,52.1,1.35,zor,0.084,3.34,peak@1944w15 | peak@1952w15 | peak@1960w15 | level_shift@1955 | trough@1975w15,0.97,10,,,,0,,0,,,
A_harita,456,456,M_karisik,5,r062,0.9,beyaz,0.615,52.1,1.24,zor,0.084,3.34,peak@1944w15 | peak@1952w15 | peak@1960w15 | level_shift@1955 | trough@1975w15,,10,,,,0,,0,,,
A_harita,457,457,M_karisik,5,r062,0.9,ar1_097,0.615,52.1,1.24,zor,0.084,3.34,peak@1944w15 | peak@1952w15 | peak@1960w15 | level_shift@1955 | trough@1975w15,0.97,10,,,,0,,0,,,
A_harita,458,458,M_karisik,5,r062,1.0,beyaz,0.615,52.1,1.16,zor,0.084,3.34,peak@1944w15 | peak@1952w15 | peak@1960w15 | level_shift@1955 | trough@1975w15,,10,,,,0,,0,,,
A_harita,459,459,M_karisik,5,r062,1.0,ar1_097,0.615,52.1,1.16,zor,0.084,3.34,peak@1944w15 | peak@1952w15 | peak@1960w15 | level_shift@1955 | trough@1975w15,0.97,10,,,,0,,0,,,
A_harita,460,460,M_karisik,5,r078,0.1,beyaz,0.765,40.1,7.03,kolay,0.142,3.0,peak@1946w15 | peak@1952w15 | peak@1958w15 | level_shift@1955 | trough@1975w15,,10,,,,0,,0,,,
A_harita,461,461,M_karisik,5,r078,0.1,ar1_097,0.765,40.1,7.03,kolay,0.142,3.0,peak@1946w15 | peak@1952w15 | peak@1958w15 | level_shift@1955 | trough@1975w15,0.97,10,,,,0,,0,,,
A_harita,462,462,M_karisik,5,r078,0.2,beyaz,0.765,40.1,3.55,kolay,0.142,3.0,peak@1946w15 | peak@1952w15 | peak@1958w15 | level_shift@1955 | trough@1975w15,,10,,,,0,,0,,,
A_harita,463,463,M_karisik,5,r078,0.2,ar1_097,0.765,40.1,3.55,kolay,0.142,3.0,peak@1946w15 | peak@1952w15 | peak@1958w15 | level_shift@1955 | trough@1975w15,0.97,10,,,,0,,0,,,
A_harita,464,464,M_karisik,5,r078,0.3,beyaz,0.765,40.1,2.4,orta,0.142,3.0,peak@1946w15 | peak@1952w15 | peak@1958w15 | level_shift@1955 | trough@1975w15,,10,,,,0,,0,,,
A_harita,465,465,M_karisik,5,r078,0.3,ar1_097,0.765,40.1,2.4,orta,0.142,3.0,peak@1946w15 | peak@1952w15 | peak@1958w15 | level_shift@1955 | trough@1975w15,0.97,10,,,,0,,0,,,
A_harita,466,466,M_karisik,5,r078,0.4,beyaz,0.765,40.1,1.84,orta,0.142,3.0,peak@1946w15 | peak@1952w15 | peak@1958w15 | level_shift@1955 | trough@1975w15,,10,,,,0,,0,,,
A_harita,467,467,M_karisik,5,r078,0.4,ar1_097,0.765,40.1,1.84,orta,0.142,3.0,peak@1946w15 | peak@1952w15 | peak@1958w15 | level_shift@1955 | trough@1975w15,0.97,10,,,,0,,0,,,
A_harita,468,468,M_karisik,5,r078,0.5,beyaz,0.765,40.1,1.51,orta,0.142,3.0,peak@1946w15 | peak@1952w15 | peak@1958w15 | level_shift@1955 | trough@1975w15,,10,,,,0,,0,,,
A_harita,469,469,M_karisik,5,r078,0.5,ar1_097,0.765,40.1,1.51,orta,0.142,3.0,peak@1946w15 | peak@1952w15 | peak@1958w15 | level_shift@1955 | trough@1975w15,0.97,10,,,,0,,0,,,
A_harita,470,470,M_karisik,5,r078,0.6,beyaz,0.765,40.1,1.3,zor,0.142,3.0,peak@1946w15 | peak@1952w15 | peak@1958w15 | level_shift@1955 | trough@1975w15,,10,,,,0,,0,,,
A_harita,471,471,M_karisik,5,r078,0.6,ar1_097,0.765,40.1,1.3,zor,0.142,3.0,peak@1946w15 | peak@1952w15 | peak@1958w15 | level_shift@1955 | trough@1975w15,0.97,10,,,,0,,0,,,
A_harita,472,472,M_karisik,5,r078,0.7,beyaz,0.765,40.1,1.15,zor,0.142,3.0,peak@1946w15 | peak@1952w15 | peak@1958w15 | level_shift@1955 | trough@1975w15,,10,,,,0,,0,,,
A_harita,473,473,M_karisik,5,r078,0.7,ar1_097,0.765,40.1,1.15,zor,0.142,3.0,peak@1946w15 | peak@1952w15 | peak@1958w15 | level_shift@1955 | trough@1975w15,0.97,10,,,,0,,0,,,
A_harita,474,474,M_karisik,5,r078,0.8,beyaz,0.765,40.1,1.04,zor,0.142,3.0,peak@1946w15 | peak@1952w15 | peak@1958w15 | level_shift@1955 | trough@1975w15,,10,,,,0,,0,,,
A_harita,475,475,M_karisik,5,r078,0.8,ar1_097,0.765,40.1,1.04,zor,0.142,3.0,peak@1946w15 | peak@1952w15 | peak@1958w15 | level_shift@1955 | trough@1975w15,0.97,10,,,,0,,0,,,
A_harita,476,476,M_karisik,5,r078,0.9,beyaz,0.765,40.1,0.96,zor,0.142,3.0,peak@1946w15 | peak@1952w15 | peak@1958w15 | level_shift@1955 | trough@1975w15,,10,,,,0,,0,,,
A_harita,477,477,M_karisik,5,r078,0.9,ar1_097,0.765,40.1,0.96,zor,0.142,3.0,peak@1946w15 | peak@1952w15 | peak@1958w15 | level_shift@1955 | trough@1975w15,0.97,10,,,,0,,0,,,
A_harita,478,478,M_karisik,5,r078,1.0,beyaz,0.765,40.1,0.89,zor,0.142,3.0,peak@1946w15 | peak@1952w15 | peak@1958w15 | level_shift@1955 | trough@1975w15,,10,,,,0,,0,,,
A_harita,479,479,M_karisik,5,r078,1.0,ar1_097,0.765,40.1,0.89,zor,0.142,3.0,peak@1946w15 | peak@1952w15 | peak@1958w15 | level_shift@1955 | trough@1975w15,0.97,10,,,,0,,0,,,
A_harita,480,480,M_karisik,6,r045,0.1,beyaz,0.456,62.9,11.01,kolay,-0.046,3.91,peak@1942w15 | peak@1952w15 | peak@1962w15 | level_shift@1955 | trough@1975w15 | cylinder@1915w40,,10,,,,0,,0,,,
A_harita,481,481,M_karisik,6,r045,0.1,ar1_097,0.456,62.9,11.01,kolay,-0.046,3.91,peak@1942w15 | peak@1952w15 | peak@1962w15 | level_shift@1955 | trough@1975w15 | cylinder@1915w40,0.97,10,,,,0,,0,,,
A_harita,482,482,M_karisik,6,r045,0.2,beyaz,0.456,62.9,5.56,kolay,-0.046,3.91,peak@1942w15 | peak@1952w15 | peak@1962w15 | level_shift@1955 | trough@1975w15 | cylinder@1915w40,,10,,,,0,,0,,,
A_harita,483,483,M_karisik,6,r045,0.2,ar1_097,0.456,62.9,5.56,kolay,-0.046,3.91,peak@1942w15 | peak@1952w15 | peak@1962w15 | level_shift@1955 | trough@1975w15 | cylinder@1915w40,0.97,10,,,,0,,0,,,
A_harita,484,484,M_karisik,6,r045,0.3,beyaz,0.456,62.9,3.77,kolay,-0.046,3.91,peak@1942w15 | peak@1952w15 | peak@1962w15 | level_shift@1955 | trough@1975w15 | cylinder@1915w40,,10,,,,0,,0,,,
A_harita,485,485,M_karisik,6,r045,0.3,ar1_097,0.456,62.9,3.77,kolay,-0.046,3.91,peak@1942w15 | peak@1952w15 | peak@1962w15 | level_shift@1955 | trough@1975w15 | cylinder@1915w40,0.97,10,,,,0,,0,,,
A_harita,486,486,M_karisik,6,r045,0.4,beyaz,0.456,62.9,2.88,orta,-0.046,3.91,peak@1942w15 | peak@1952w15 | peak@1962w15 | level_shift@1955 | trough@1975w15 | cylinder@1915w40,,10,,,,0,,0,,,
A_harita,487,487,M_karisik,6,r045,0.4,ar1_097,0.456,62.9,2.88,orta,-0.046,3.91,peak@1942w15 | peak@1952w15 | peak@1962w15 | level_shift@1955 | trough@1975w15 | cylinder@1915w40,0.97,10,,,,0,,0,,,
A_harita,488,488,M_karisik,6,r045,0.5,beyaz,0.456,62.9,2.37,orta,-0.046,3.91,peak@1942w15 | peak@1952w15 | peak@1962w15 | level_shift@1955 | trough@1975w15 | cylinder@1915w40,,10,,,,0,,0,,,
A_harita,489,489,M_karisik,6,r045,0.5,ar1_097,0.456,62.9,2.37,orta,-0.046,3.91,peak@1942w15 | peak@1952w15 | peak@1962w15 | level_shift@1955 | trough@1975w15 | cylinder@1915w40,0.97,10,,,,0,,0,,,
A_harita,490,490,M_karisik,6,r045,0.6,beyaz,0.456,62.9,2.03,orta,-0.046,3.91,peak@1942w15 | peak@1952w15 | peak@1962w15 | level_shift@1955 | trough@1975w15 | cylinder@1915w40,,10,,,,0,,0,,,
A_harita,491,491,M_karisik,6,r045,0.6,ar1_097,0.456,62.9,2.03,orta,-0.046,3.91,peak@1942w15 | peak@1952w15 | peak@1962w15 | level_shift@1955 | trough@1975w15 | cylinder@1915w40,0.97,10,,,,0,,0,,,
A_harita,492,492,M_karisik,6,r045,0.7,beyaz,0.456,62.9,1.8,orta,-0.046,3.91,peak@1942w15 | peak@1952w15 | peak@1962w15 | level_shift@1955 | trough@1975w15 | cylinder@1915w40,,10,,,,0,,0,,,
A_harita,493,493,M_karisik,6,r045,0.7,ar1_097,0.456,62.9,1.8,orta,-0.046,3.91,peak@1942w15 | peak@1952w15 | peak@1962w15 | level_shift@1955 | trough@1975w15 | cylinder@1915w40,0.97,10,,,,0,,0,,,
A_harita,494,494,M_karisik,6,r045,0.8,beyaz,0.456,62.9,1.63,orta,-0.046,3.91,peak@1942w15 | peak@1952w15 | peak@1962w15 | level_shift@1955 | trough@1975w15 | cylinder@1915w40,,10,,,,0,,0,,,
A_harita,495,495,M_karisik,6,r045,0.8,ar1_097,0.456,62.9,1.63,orta,-0.046,3.91,peak@1942w15 | peak@1952w15 | peak@1962w15 | level_shift@1955 | trough@1975w15 | cylinder@1915w40,0.97,10,,,,0,,0,,,
A_harita,496,496,M_karisik,6,r045,0.9,beyaz,0.456,62.9,1.5,zor,-0.046,3.91,peak@1942w15 | peak@1952w15 | peak@1962w15 | level_shift@1955 | trough@1975w15 | cylinder@1915w40,,10,,,,0,,0,,,
A_harita,497,497,M_karisik,6,r045,0.9,ar1_097,0.456,62.9,1.5,zor,-0.046,3.91,peak@1942w15 | peak@1952w15 | peak@1962w15 | level_shift@1955 | trough@1975w15 | cylinder@1915w40,0.97,10,,,,0,,0,,,
A_harita,498,498,M_karisik,6,r045,1.0,beyaz,0.456,62.9,1.4,zor,-0.046,3.91,peak@1942w15 | peak@1952w15 | peak@1962w15 | level_shift@1955 | trough@1975w15 | cylinder@1915w40,,10,,,,0,,0,,,
A_harita,499,499,M_karisik,6,r045,1.0,ar1_097,0.456,62.9,1.4,zor,-0.046,3.91,peak@1942w15 | peak@1952w15 | peak@1962w15 | level_shift@1955 | trough@1975w15 | cylinder@1915w40,0.97,10,,,,0,,0,,,
A_harita,500,500,M_karisik,6,r062,0.1,beyaz,0.615,52.1,9.12,kolay,-0.014,3.7,peak@1944w15 | peak@1952w15 | peak@1960w15 | level_shift@1955 | trough@1975w15 | cylinder@1915w40,,10,,,,0,,0,,,
A_harita,501,501,M_karisik,6,r062,0.1,ar1_097,0.615,52.1,9.12,kolay,-0.014,3.7,peak@1944w15 | peak@1952w15 | peak@1960w15 | level_shift@1955 | trough@1975w15 | cylinder@1915w40,0.97,10,,,,0,,0,,,
A_harita,502,502,M_karisik,6,r062,0.2,beyaz,0.615,52.1,4.61,kolay,-0.014,3.7,peak@1944w15 | peak@1952w15 | peak@1960w15 | level_shift@1955 | trough@1975w15 | cylinder@1915w40,,10,,,,0,,0,,,
A_harita,503,503,M_karisik,6,r062,0.2,ar1_097,0.615,52.1,4.61,kolay,-0.014,3.7,peak@1944w15 | peak@1952w15 | peak@1960w15 | level_shift@1955 | trough@1975w15 | cylinder@1915w40,0.97,10,,,,0,,0,,,
A_harita,504,504,M_karisik,6,r062,0.3,beyaz,0.615,52.1,3.12,kolay,-0.014,3.7,peak@1944w15 | peak@1952w15 | peak@1960w15 | level_shift@1955 | trough@1975w15 | cylinder@1915w40,,10,,,,0,,0,,,
A_harita,505,505,M_karisik,6,r062,0.3,ar1_097,0.615,52.1,3.12,kolay,-0.014,3.7,peak@1944w15 | peak@1952w15 | peak@1960w15 | level_shift@1955 | trough@1975w15 | cylinder@1915w40,0.97,10,,,,0,,0,,,
A_harita,506,506,M_karisik,6,r062,0.4,beyaz,0.615,52.1,2.39,orta,-0.014,3.7,peak@1944w15 | peak@1952w15 | peak@1960w15 | level_shift@1955 | trough@1975w15 | cylinder@1915w40,,10,,,,0,,0,,,
A_harita,507,507,M_karisik,6,r062,0.4,ar1_097,0.615,52.1,2.39,orta,-0.014,3.7,peak@1944w15 | peak@1952w15 | peak@1960w15 | level_shift@1955 | trough@1975w15 | cylinder@1915w40,0.97,10,,,,0,,0,,,
A_harita,508,508,M_karisik,6,r062,0.5,beyaz,0.615,52.1,1.96,orta,-0.014,3.7,peak@1944w15 | peak@1952w15 | peak@1960w15 | level_shift@1955 | trough@1975w15 | cylinder@1915w40,,10,,,,0,,0,,,
A_harita,509,509,M_karisik,6,r062,0.5,ar1_097,0.615,52.1,1.96,orta,-0.014,3.7,peak@1944w15 | peak@1952w15 | peak@1960w15 | level_shift@1955 | trough@1975w15 | cylinder@1915w40,0.97,10,,,,0,,0,,,
A_harita,510,510,M_karisik,6,r062,0.6,beyaz,0.615,52.1,1.68,orta,-0.014,3.7,peak@1944w15 | peak@1952w15 | peak@1960w15 | level_shift@1955 | trough@1975w15 | cylinder@1915w40,,10,,,,0,,0,,,
A_harita,511,511,M_karisik,6,r062,0.6,ar1_097,0.615,52.1,1.68,orta,-0.014,3.7,peak@1944w15 | peak@1952w15 | peak@1960w15 | level_shift@1955 | trough@1975w15 | cylinder@1915w40,0.97,10,,,,0,,0,,,
A_harita,512,512,M_karisik,6,r062,0.7,beyaz,0.615,52.1,1.49,zor,-0.014,3.7,peak@1944w15 | peak@1952w15 | peak@1960w15 | level_shift@1955 | trough@1975w15 | cylinder@1915w40,,10,,,,0,,0,,,
A_harita,513,513,M_karisik,6,r062,0.7,ar1_097,0.615,52.1,1.49,zor,-0.014,3.7,peak@1944w15 | peak@1952w15 | peak@1960w15 | level_shift@1955 | trough@1975w15 | cylinder@1915w40,0.97,10,,,,0,,0,,,
A_harita,514,514,M_karisik,6,r062,0.8,beyaz,0.615,52.1,1.35,zor,-0.014,3.7,peak@1944w15 | peak@1952w15 | peak@1960w15 | level_shift@1955 | trough@1975w15 | cylinder@1915w40,,10,,,,0,,0,,,
A_harita,515,515,M_karisik,6,r062,0.8,ar1_097,0.615,52.1,1.35,zor,-0.014,3.7,peak@1944w15 | peak@1952w15 | peak@1960w15 | level_shift@1955 | trough@1975w15 | cylinder@1915w40,0.97,10,,,,0,,0,,,
A_harita,516,516,M_karisik,6,r062,0.9,beyaz,0.615,52.1,1.24,zor,-0.014,3.7,peak@1944w15 | peak@1952w15 | peak@1960w15 | level_shift@1955 | trough@1975w15 | cylinder@1915w40,,10,,,,0,,0,,,
A_harita,517,517,M_karisik,6,r062,0.9,ar1_097,0.615,52.1,1.24,zor,-0.014,3.7,peak@1944w15 | peak@1952w15 | peak@1960w15 | level_shift@1955 | trough@1975w15 | cylinder@1915w40,0.97,10,,,,0,,0,,,
A_harita,518,518,M_karisik,6,r062,1.0,beyaz,0.615,52.1,1.16,zor,-0.014,3.7,peak@1944w15 | peak@1952w15 | peak@1960w15 | level_shift@1955 | trough@1975w15 | cylinder@1915w40,,10,,,,0,,0,,,
A_harita,519,519,M_karisik,6,r062,1.0,ar1_097,0.615,52.1,1.16,zor,-0.014,3.7,peak@1944w15 | peak@1952w15 | peak@1960w15 | level_shift@1955 | trough@1975w15 | cylinder@1915w40,0.97,10,,,,0,,0,,,
A_harita,520,520,M_karisik,6,r078,0.1,beyaz,0.765,40.1,7.03,kolay,0.022,3.4,peak@1946w15 | peak@1952w15 | peak@1958w15 | level_shift@1955 | trough@1975w15 | cylinder@1915w40,,10,,,,0,,0,,,
A_harita,521,521,M_karisik,6,r078,0.1,ar1_097,0.765,40.1,7.03,kolay,0.022,3.4,peak@1946w15 | peak@1952w15 | peak@1958w15 | level_shift@1955 | trough@1975w15 | cylinder@1915w40,0.97,10,,,,0,,0,,,
A_harita,522,522,M_karisik,6,r078,0.2,beyaz,0.765,40.1,3.55,kolay,0.022,3.4,peak@1946w15 | peak@1952w15 | peak@1958w15 | level_shift@1955 | trough@1975w15 | cylinder@1915w40,,10,,,,0,,0,,,
A_harita,523,523,M_karisik,6,r078,0.2,ar1_097,0.765,40.1,3.55,kolay,0.022,3.4,peak@1946w15 | peak@1952w15 | peak@1958w15 | level_shift@1955 | trough@1975w15 | cylinder@1915w40,0.97,10,,,,0,,0,,,
A_harita,524,524,M_karisik,6,r078,0.3,beyaz,0.765,40.1,2.4,orta,0.022,3.4,peak@1946w15 | peak@1952w15 | peak@1958w15 | level_shift@1955 | trough@1975w15 | cylinder@1915w40,,10,,,,0,,0,,,
A_harita,525,525,M_karisik,6,r078,0.3,ar1_097,0.765,40.1,2.4,orta,0.022,3.4,peak@1946w15 | peak@1952w15 | peak@1958w15 | level_shift@1955 | trough@1975w15 | cylinder@1915w40,0.97,10,,,,0,,0,,,
A_harita,526,526,M_karisik,6,r078,0.4,beyaz,0.765,40.1,1.84,orta,0.022,3.4,peak@1946w15 | peak@1952w15 | peak@1958w15 | level_shift@1955 | trough@1975w15 | cylinder@1915w40,,10,,,,0,,0,,,
A_harita,527,527,M_karisik,6,r078,0.4,ar1_097,0.765,40.1,1.84,orta,0.022,3.4,peak@1946w15 | peak@1952w15 | peak@1958w15 | level_shift@1955 | trough@1975w15 | cylinder@1915w40,0.97,10,,,,0,,0,,,
A_harita,528,528,M_karisik,6,r078,0.5,beyaz,0.765,40.1,1.51,orta,0.022,3.4,peak@1946w15 | peak@1952w15 | peak@1958w15 | level_shift@1955 | trough@1975w15 | cylinder@1915w40,,10,,,,0,,0,,,
A_harita,529,529,M_karisik,6,r078,0.5,ar1_097,0.765,40.1,1.51,orta,0.022,3.4,peak@1946w15 | peak@1952w15 | peak@1958w15 | level_shift@1955 | trough@1975w15 | cylinder@1915w40,0.97,10,,,,0,,0,,,
A_harita,530,530,M_karisik,6,r078,0.6,beyaz,0.765,40.1,1.3,zor,0.022,3.4,peak@1946w15 | peak@1952w15 | peak@1958w15 | level_shift@1955 | trough@1975w15 | cylinder@1915w40,,10,,,,0,,0,,,
A_harita,531,531,M_karisik,6,r078,0.6,ar1_097,0.765,40.1,1.3,zor,0.022,3.4,peak@1946w15 | peak@1952w15 | peak@1958w15 | level_shift@1955 | trough@1975w15 | cylinder@1915w40,0.97,10,,,,0,,0,,,
A_harita,532,532,M_karisik,6,r078,0.7,beyaz,0.765,40.1,1.15,zor,0.022,3.4,peak@1946w15 | peak@1952w15 | peak@1958w15 | level_shift@1955 | trough@1975w15 | cylinder@1915w40,,10,,,,0,,0,,,
A_harita,533,533,M_karisik,6,r078,0.7,ar1_097,0.765,40.1,1.15,zor,0.022,3.4,peak@1946w15 | peak@1952w15 | peak@1958w15 | level_shift@1955 | trough@1975w15 | cylinder@1915w40,0.97,10,,,,0,,0,,,
A_harita,534,534,M_karisik,6,r078,0.8,beyaz,0.765,40.1,1.04,zor,0.022,3.4,peak@1946w15 | peak@1952w15 | peak@1958w15 | level_shift@1955 | trough@1975w15 | cylinder@1915w40,,10,,,,0,,0,,,
A_harita,535,535,M_karisik,6,r078,0.8,ar1_097,0.765,40.1,1.04,zor,0.022,3.4,peak@1946w15 | peak@1952w15 | peak@1958w15 | level_shift@1955 | trough@1975w15 | cylinder@1915w40,0.97,10,,,,0,,0,,,
A_harita,536,536,M_karisik,6,r078,0.9,beyaz,0.765,40.1,0.96,zor,0.022,3.4,peak@1946w15 | peak@1952w15 | peak@1958w15 | level_shift@1955 | trough@1975w15 | cylinder@1915w40,,10,,,,0,,0,,,
A_harita,537,537,M_karisik,6,r078,0.9,ar1_097,0.765,40.1,0.96,zor,0.022,3.4,peak@1946w15 | peak@1952w15 | peak@1958w15 | level_shift@1955 | trough@1975w15 | cylinder@1915w40,0.97,10,,,,0,,0,,,
A_harita,538,538,M_karisik,6,r078,1.0,beyaz,0.765,40.1,0.89,zor,0.022,3.4,peak@1946w15 | peak@1952w15 | peak@1958w15 | level_shift@1955 | trough@1975w15 | cylinder@1915w40,,10,,,,0,,0,,,
A_harita,539,539,M_karisik,6,r078,1.0,ar1_097,0.765,40.1,0.89,zor,0.022,3.4,peak@1946w15 | peak@1952w15 | peak@1958w15 | level_shift@1955 | trough@1975w15 | cylinder@1915w40,0.97,10,,,,0,,0,,,
A_harita,540,540,M_karisik,8,r045,0.1,beyaz,0.456,62.9,11.01,kolay,-0.039,4.19,peak@1932w15 | peak@1942w15 | peak@1952w15 | peak@1962w15 | peak@1972w15 | level_shift@1955 | trough@1975w15 | cylinder@1915w40,,10,,,,0,,0,,,
A_harita,541,541,M_karisik,8,r045,0.1,ar1_097,0.456,62.9,11.01,kolay,-0.039,4.19,peak@1932w15 | peak@1942w15 | peak@1952w15 | peak@1962w15 | peak@1972w15 | level_shift@1955 | trough@1975w15 | cylinder@1915w40,0.97,10,,,,0,,0,,,
A_harita,542,542,M_karisik,8,r045,0.2,beyaz,0.456,62.9,5.56,kolay,-0.039,4.19,peak@1932w15 | peak@1942w15 | peak@1952w15 | peak@1962w15 | peak@1972w15 | level_shift@1955 | trough@1975w15 | cylinder@1915w40,,10,,,,0,,0,,,
A_harita,543,543,M_karisik,8,r045,0.2,ar1_097,0.456,62.9,5.56,kolay,-0.039,4.19,peak@1932w15 | peak@1942w15 | peak@1952w15 | peak@1962w15 | peak@1972w15 | level_shift@1955 | trough@1975w15 | cylinder@1915w40,0.97,10,,,,0,,0,,,
A_harita,544,544,M_karisik,8,r045,0.3,beyaz,0.456,62.9,3.77,kolay,-0.039,4.19,peak@1932w15 | peak@1942w15 | peak@1952w15 | peak@1962w15 | peak@1972w15 | level_shift@1955 | trough@1975w15 | cylinder@1915w40,,10,,,,0,,0,,,
A_harita,545,545,M_karisik,8,r045,0.3,ar1_097,0.456,62.9,3.77,kolay,-0.039,4.19,peak@1932w15 | peak@1942w15 | peak@1952w15 | peak@1962w15 | peak@1972w15 | level_shift@1955 | trough@1975w15 | cylinder@1915w40,0.97,10,,,,0,,0,,,
A_harita,546,546,M_karisik,8,r045,0.4,beyaz,0.456,62.9,2.88,orta,-0.039,4.19,peak@1932w15 | peak@1942w15 | peak@1952w15 | peak@1962w15 | peak@1972w15 | level_shift@1955 | trough@1975w15 | cylinder@1915w40,,10,,,,0,,0,,,
A_harita,547,547,M_karisik,8,r045,0.4,ar1_097,0.456,62.9,2.88,orta,-0.039,4.19,peak@1932w15 | peak@1942w15 | peak@1952w15 | peak@1962w15 | peak@1972w15 | level_shift@1955 | trough@1975w15 | cylinder@1915w40,0.97,10,,,,0,,0,,,
A_harita,548,548,M_karisik,8,r045,0.5,beyaz,0.456,62.9,2.37,orta,-0.039,4.19,peak@1932w15 | peak@1942w15 | peak@1952w15 | peak@1962w15 | peak@1972w15 | level_shift@1955 | trough@1975w15 | cylinder@1915w40,,10,,,,0,,0,,,
A_harita,549,549,M_karisik,8,r045,0.5,ar1_097,0.456,62.9,2.37,orta,-0.039,4.19,peak@1932w15 | peak@1942w15 | peak@1952w15 | peak@1962w15 | peak@1972w15 | level_shift@1955 | trough@1975w15 | cylinder@1915w40,0.97,10,,,,0,,0,,,
A_harita,550,550,M_karisik,8,r045,0.6,beyaz,0.456,62.9,2.03,orta,-0.039,4.19,peak@1932w15 | peak@1942w15 | peak@1952w15 | peak@1962w15 | peak@1972w15 | level_shift@1955 | trough@1975w15 | cylinder@1915w40,,10,,,,0,,0,,,
A_harita,551,551,M_karisik,8,r045,0.6,ar1_097,0.456,62.9,2.03,orta,-0.039,4.19,peak@1932w15 | peak@1942w15 | peak@1952w15 | peak@1962w15 | peak@1972w15 | level_shift@1955 | trough@1975w15 | cylinder@1915w40,0.97,10,,,,0,,0,,,
A_harita,552,552,M_karisik,8,r045,0.7,beyaz,0.456,62.9,1.8,orta,-0.039,4.19,peak@1932w15 | peak@1942w15 | peak@1952w15 | peak@1962w15 | peak@1972w15 | level_shift@1955 | trough@1975w15 | cylinder@1915w40,,10,,,,0,,0,,,
A_harita,553,553,M_karisik,8,r045,0.7,ar1_097,0.456,62.9,1.8,orta,-0.039,4.19,peak@1932w15 | peak@1942w15 | peak@1952w15 | peak@1962w15 | peak@1972w15 | level_shift@1955 | trough@1975w15 | cylinder@1915w40,0.97,10,,,,0,,0,,,
A_harita,554,554,M_karisik,8,r045,0.8,beyaz,0.456,62.9,1.63,orta,-0.039,4.19,peak@1932w15 | peak@1942w15 | peak@1952w15 | peak@1962w15 | peak@1972w15 | level_shift@1955 | trough@1975w15 | cylinder@1915w40,,10,,,,0,,0,,,
A_harita,555,555,M_karisik,8,r045,0.8,ar1_097,0.456,62.9,1.63,orta,-0.039,4.19,peak@1932w15 | peak@1942w15 | peak@1952w15 | peak@1962w15 | peak@1972w15 | level_shift@1955 | trough@1975w15 | cylinder@1915w40,0.97,10,,,,0,,0,,,
A_harita,556,556,M_karisik,8,r045,0.9,beyaz,0.456,62.9,1.5,zor,-0.039,4.19,peak@1932w15 | peak@1942w15 | peak@1952w15 | peak@1962w15 | peak@1972w15 | level_shift@1955 | trough@1975w15 | cylinder@1915w40,,10,,,,0,,0,,,
A_harita,557,557,M_karisik,8,r045,0.9,ar1_097,0.456,62.9,1.5,zor,-0.039,4.19,peak@1932w15 | peak@1942w15 | peak@1952w15 | peak@1962w15 | peak@1972w15 | level_shift@1955 | trough@1975w15 | cylinder@1915w40,0.97,10,,,,0,,0,,,
A_harita,558,558,M_karisik,8,r045,1.0,beyaz,0.456,62.9,1.4,zor,-0.039,4.19,peak@1932w15 | peak@1942w15 | peak@1952w15 | peak@1962w15 | peak@1972w15 | level_shift@1955 | trough@1975w15 | cylinder@1915w40,,10,,,,0,,0,,,
A_harita,559,559,M_karisik,8,r045,1.0,ar1_097,0.456,62.9,1.4,zor,-0.039,4.19,peak@1932w15 | peak@1942w15 | peak@1952w15 | peak@1962w15 | peak@1972w15 | level_shift@1955 | trough@1975w15 | cylinder@1915w40,0.97,10,,,,0,,0,,,
A_harita,560,560,M_karisik,8,r062,0.1,beyaz,0.615,52.1,9.12,kolay,0.003,4.17,peak@1936w15 | peak@1944w15 | peak@1952w15 | peak@1960w15 | peak@1968w15 | level_shift@1955 | trough@1975w15 | cylinder@1915w40,,10,,,,0,,0,,,
A_harita,561,561,M_karisik,8,r062,0.1,ar1_097,0.615,52.1,9.12,kolay,0.003,4.17,peak@1936w15 | peak@1944w15 | peak@1952w15 | peak@1960w15 | peak@1968w15 | level_shift@1955 | trough@1975w15 | cylinder@1915w40,0.97,10,,,,0,,0,,,
A_harita,562,562,M_karisik,8,r062,0.2,beyaz,0.615,52.1,4.61,kolay,0.003,4.17,peak@1936w15 | peak@1944w15 | peak@1952w15 | peak@1960w15 | peak@1968w15 | level_shift@1955 | trough@1975w15 | cylinder@1915w40,,10,,,,0,,0,,,
A_harita,563,563,M_karisik,8,r062,0.2,ar1_097,0.615,52.1,4.61,kolay,0.003,4.17,peak@1936w15 | peak@1944w15 | peak@1952w15 | peak@1960w15 | peak@1968w15 | level_shift@1955 | trough@1975w15 | cylinder@1915w40,0.97,10,,,,0,,0,,,
A_harita,564,564,M_karisik,8,r062,0.3,beyaz,0.615,52.1,3.12,kolay,0.003,4.17,peak@1936w15 | peak@1944w15 | peak@1952w15 | peak@1960w15 | peak@1968w15 | level_shift@1955 | trough@1975w15 | cylinder@1915w40,,10,,,,0,,0,,,
A_harita,565,565,M_karisik,8,r062,0.3,ar1_097,0.615,52.1,3.12,kolay,0.003,4.17,peak@1936w15 | peak@1944w15 | peak@1952w15 | peak@1960w15 | peak@1968w15 | level_shift@1955 | trough@1975w15 | cylinder@1915w40,0.97,10,,,,0,,0,,,
A_harita,566,566,M_karisik,8,r062,0.4,beyaz,0.615,52.1,2.39,orta,0.003,4.17,peak@1936w15 | peak@1944w15 | peak@1952w15 | peak@1960w15 | peak@1968w15 | level_shift@1955 | trough@1975w15 | cylinder@1915w40,,10,,,,0,,0,,,
A_harita,567,567,M_karisik,8,r062,0.4,ar1_097,0.615,52.1,2.39,orta,0.003,4.17,peak@1936w15 | peak@1944w15 | peak@1952w15 | peak@1960w15 | peak@1968w15 | level_shift@1955 | trough@1975w15 | cylinder@1915w40,0.97,10,,,,0,,0,,,
A_harita,568,568,M_karisik,8,r062,0.5,beyaz,0.615,52.1,1.96,orta,0.003,4.17,peak@1936w15 | peak@1944w15 | peak@1952w15 | peak@1960w15 | peak@1968w15 | level_shift@1955 | trough@1975w15 | cylinder@1915w40,,10,,,,0,,0,,,
A_harita,569,569,M_karisik,8,r062,0.5,ar1_097,0.615,52.1,1.96,orta,0.003,4.17,peak@1936w15 | peak@1944w15 | peak@1952w15 | peak@1960w15 | peak@1968w15 | level_shift@1955 | trough@1975w15 | cylinder@1915w40,0.97,10,,,,0,,0,,,
A_harita,570,570,M_karisik,8,r062,0.6,beyaz,0.615,52.1,1.68,orta,0.003,4.17,peak@1936w15 | peak@1944w15 | peak@1952w15 | peak@1960w15 | peak@1968w15 | level_shift@1955 | trough@1975w15 | cylinder@1915w40,,10,,,,0,,0,,,
A_harita,571,571,M_karisik,8,r062,0.6,ar1_097,0.615,52.1,1.68,orta,0.003,4.17,peak@1936w15 | peak@1944w15 | peak@1952w15 | peak@1960w15 | peak@1968w15 | level_shift@1955 | trough@1975w15 | cylinder@1915w40,0.97,10,,,,0,,0,,,
A_harita,572,572,M_karisik,8,r062,0.7,beyaz,0.615,52.1,1.49,zor,0.003,4.17,peak@1936w15 | peak@1944w15 | peak@1952w15 | peak@1960w15 | peak@1968w15 | level_shift@1955 | trough@1975w15 | cylinder@1915w40,,10,,,,0,,0,,,
A_harita,573,573,M_karisik,8,r062,0.7,ar1_097,0.615,52.1,1.49,zor,0.003,4.17,peak@1936w15 | peak@1944w15 | peak@1952w15 | peak@1960w15 | peak@1968w15 | level_shift@1955 | trough@1975w15 | cylinder@1915w40,0.97,10,,,,0,,0,,,
A_harita,574,574,M_karisik,8,r062,0.8,beyaz,0.615,52.1,1.35,zor,0.003,4.17,peak@1936w15 | peak@1944w15 | peak@1952w15 | peak@1960w15 | peak@1968w15 | level_shift@1955 | trough@1975w15 | cylinder@1915w40,,10,,,,0,,0,,,
A_harita,575,575,M_karisik,8,r062,0.8,ar1_097,0.615,52.1,1.35,zor,0.003,4.17,peak@1936w15 | peak@1944w15 | peak@1952w15 | peak@1960w15 | peak@1968w15 | level_shift@1955 | trough@1975w15 | cylinder@1915w40,0.97,10,,,,0,,0,,,
A_harita,576,576,M_karisik,8,r062,0.9,beyaz,0.615,52.1,1.24,zor,0.003,4.17,peak@1936w15 | peak@1944w15 | peak@1952w15 | peak@1960w15 | peak@1968w15 | level_shift@1955 | trough@1975w15 | cylinder@1915w40,,10,,,,0,,0,,,
A_harita,577,577,M_karisik,8,r062,0.9,ar1_097,0.615,52.1,1.24,zor,0.003,4.17,peak@1936w15 | peak@1944w15 | peak@1952w15 | peak@1960w15 | peak@1968w15 | level_shift@1955 | trough@1975w15 | cylinder@1915w40,0.97,10,,,,0,,0,,,
A_harita,578,578,M_karisik,8,r062,1.0,beyaz,0.615,52.1,1.16,zor,0.003,4.17,peak@1936w15 | peak@1944w15 | peak@1952w15 | peak@1960w15 | peak@1968w15 | level_shift@1955 | trough@1975w15 | cylinder@1915w40,,10,,,,0,,0,,,
A_harita,579,579,M_karisik,8,r062,1.0,ar1_097,0.615,52.1,1.16,zor,0.003,4.17,peak@1936w15 | peak@1944w15 | peak@1952w15 | peak@1960w15 | peak@1968w15 | level_shift@1955 | trough@1975w15 | cylinder@1915w40,0.97,10,,,,0,,0,,,
A_harita,580,580,M_karisik,8,r078,0.1,beyaz,0.765,40.1,7.03,kolay,0.063,3.88,peak@1940w15 | peak@1946w15 | peak@1952w15 | peak@1958w15 | peak@1964w15 | level_shift@1955 | trough@1975w15 | cylinder@1915w40,,10,,,,0,,0,,,
A_harita,581,581,M_karisik,8,r078,0.1,ar1_097,0.765,40.1,7.03,kolay,0.063,3.88,peak@1940w15 | peak@1946w15 | peak@1952w15 | peak@1958w15 | peak@1964w15 | level_shift@1955 | trough@1975w15 | cylinder@1915w40,0.97,10,,,,0,,0,,,
A_harita,582,582,M_karisik,8,r078,0.2,beyaz,0.765,40.1,3.55,kolay,0.063,3.88,peak@1940w15 | peak@1946w15 | peak@1952w15 | peak@1958w15 | peak@1964w15 | level_shift@1955 | trough@1975w15 | cylinder@1915w40,,10,,,,0,,0,,,
A_harita,583,583,M_karisik,8,r078,0.2,ar1_097,0.765,40.1,3.55,kolay,0.063,3.88,peak@1940w15 | peak@1946w15 | peak@1952w15 | peak@1958w15 | peak@1964w15 | level_shift@1955 | trough@1975w15 | cylinder@1915w40,0.97,10,,,,0,,0,,,
A_harita,584,584,M_karisik,8,r078,0.3,beyaz,0.765,40.1,2.4,orta,0.063,3.88,peak@1940w15 | peak@1946w15 | peak@1952w15 | peak@1958w15 | peak@1964w15 | level_shift@1955 | trough@1975w15 | cylinder@1915w40,,10,,,,0,,0,,,
A_harita,585,585,M_karisik,8,r078,0.3,ar1_097,0.765,40.1,2.4,orta,0.063,3.88,peak@1940w15 | peak@1946w15 | peak@1952w15 | peak@1958w15 | peak@1964w15 | level_shift@1955 | trough@1975w15 | cylinder@1915w40,0.97,10,,,,0,,0,,,
A_harita,586,586,M_karisik,8,r078,0.4,beyaz,0.765,40.1,1.84,orta,0.063,3.88,peak@1940w15 | peak@1946w15 | peak@1952w15 | peak@1958w15 | peak@1964w15 | level_shift@1955 | trough@1975w15 | cylinder@1915w40,,10,,,,0,,0,,,
A_harita,587,587,M_karisik,8,r078,0.4,ar1_097,0.765,40.1,1.84,orta,0.063,3.88,peak@1940w15 | peak@1946w15 | peak@1952w15 | peak@1958w15 | peak@1964w15 | level_shift@1955 | trough@1975w15 | cylinder@1915w40,0.97,10,,,,0,,0,,,
A_harita,588,588,M_karisik,8,r078,0.5,beyaz,0.765,40.1,1.51,orta,0.063,3.88,peak@1940w15 | peak@1946w15 | peak@1952w15 | peak@1958w15 | peak@1964w15 | level_shift@1955 | trough@1975w15 | cylinder@1915w40,,10,,,,0,,0,,,
A_harita,589,589,M_karisik,8,r078,0.5,ar1_097,0.765,40.1,1.51,orta,0.063,3.88,peak@1940w15 | peak@1946w15 | peak@1952w15 | peak@1958w15 | peak@1964w15 | level_shift@1955 | trough@1975w15 | cylinder@1915w40,0.97,10,,,,0,,0,,,
A_harita,590,590,M_karisik,8,r078,0.6,beyaz,0.765,40.1,1.3,zor,0.063,3.88,peak@1940w15 | peak@1946w15 | peak@1952w15 | peak@1958w15 | peak@1964w15 | level_shift@1955 | trough@1975w15 | cylinder@1915w40,,10,,,,0,,0,,,
A_harita,591,591,M_karisik,8,r078,0.6,ar1_097,0.765,40.1,1.3,zor,0.063,3.88,peak@1940w15 | peak@1946w15 | peak@1952w15 | peak@1958w15 | peak@1964w15 | level_shift@1955 | trough@1975w15 | cylinder@1915w40,0.97,10,,,,0,,0,,,
A_harita,592,592,M_karisik,8,r078,0.7,beyaz,0.765,40.1,1.15,zor,0.063,3.88,peak@1940w15 | peak@1946w15 | peak@1952w15 | peak@1958w15 | peak@1964w15 | level_shift@1955 | trough@1975w15 | cylinder@1915w40,,10,,,,0,,0,,,
A_harita,593,593,M_karisik,8,r078,0.7,ar1_097,0.765,40.1,1.15,zor,0.063,3.88,peak@1940w15 | peak@1946w15 | peak@1952w15 | peak@1958w15 | peak@1964w15 | level_shift@1955 | trough@1975w15 | cylinder@1915w40,0.97,10,,,,0,,0,,,
A_harita,594,594,M_karisik,8,r078,0.8,beyaz,0.765,40.1,1.04,zor,0.063,3.88,peak@1940w15 | peak@1946w15 | peak@1952w15 | peak@1958w15 | peak@1964w15 | level_shift@1955 | trough@1975w15 | cylinder@1915w40,,10,,,,0,,0,,,
A_harita,595,595,M_karisik,8,r078,0.8,ar1_097,0.765,40.1,1.04,zor,0.063,3.88,peak@1940w15 | peak@1946w15 | peak@1952w15 | peak@1958w15 | peak@1964w15 | level_shift@1955 | trough@1975w15 | cylinder@1915w40,0.97,10,,,,0,,0,,,
A_harita,596,596,M_karisik,8,r078,0.9,beyaz,0.765,40.1,0.96,zor,0.063,3.88,peak@1940w15 | peak@1946w15 | peak@1952w15 | peak@1958w15 | peak@1964w15 | level_shift@1955 | trough@1975w15 | cylinder@1915w40,,10,,,,0,,0,,,
A_harita,597,597,M_karisik,8,r078,0.9,ar1_097,0.765,40.1,0.96,zor,0.063,3.88,peak@1940w15 | peak@1946w15 | peak@1952w15 | peak@1958w15 | peak@1964w15 | level_shift@1955 | trough@1975w15 | cylinder@1915w40,0.97,10,,,,0,,0,,,
A_harita,598,598,M_karisik,8,r078,1.0,beyaz,0.765,40.1,0.89,zor,0.063,3.88,peak@1940w15 | peak@1946w15 | peak@1952w15 | peak@1958w15 | peak@1964w15 | level_shift@1955 | trough@1975w15 | cylinder@1915w40,,10,,,,0,,0,,,
A_harita,599,599,M_karisik,8,r078,1.0,ar1_097,0.765,40.1,0.89,zor,0.063,3.88,peak@1940w15 | peak@1946w15 | peak@1952w15 | peak@1958w15 | peak@1964w15 | level_shift@1955 | trough@1975w15 | cylinder@1915w40,0.97,10,,,,0,,0,,,
C_sabit_ratio,600,600,P_konum,5,g16,1.579,beyaz,0.061,86.5,1.5,orta,-0.085,4.61,peak@1920w15 | peak@1936w15 | peak@1952w15 | peak@1968w15 | peak@1984w15,,10,,,,0,,0,,,
C_sabit_ratio,601,601,P_konum,5,g13,1.233,beyaz,0.235,76.4,1.5,orta,-0.01,4.31,peak@1926w15 | peak@1939w15 | peak@1952w15 | peak@1965w15 | peak@1978w15,,10,,,,0,,0,,,
C_sabit_ratio,602,602,P_konum,5,g10,0.898,beyaz,0.456,62.9,1.5,orta,0.104,3.62,peak@1932w15 | peak@1942w15 | peak@1952w15 | peak@1962w15 | peak@1972w15,,10,,,,0,,0,,,
C_sabit_ratio,603,603,P_konum,5,g8,0.693,beyaz,0.615,52.1,1.5,orta,0.216,3.05,peak@1936w15 | peak@1944w15 | peak@1952w15 | peak@1960w15 | peak@1968w15,,10,,,,0,,0,,,
C_sabit_ratio,604,604,P_konum,5,g6,0.504,beyaz,0.765,40.1,1.5,orta,0.378,2.43,peak@1940w15 | peak@1946w15 | peak@1952w15 | peak@1958w15 | peak@1964w15,,10,,,,0,,0,,,
C_sabit_ratio,605,605,P_konum,5,g5,0.415,beyaz,0.831,33.8,1.5,orta,0.484,2.11,peak@1942w15 | peak@1947w15 | peak@1952w15 | peak@1957w15 | peak@1962w15,,10,,,,0,,0,,,
C_sabit_ratio,606,606,P_konum,5,g16,0.69,beyaz,0.061,86.5,2.5,orta,-0.085,4.61,peak@1920w15 | peak@1936w15 | peak@1952w15 | peak@1968w15 | peak@1984w15,,10,,,,0,,0,,,
C_sabit_ratio,607,607,P_konum,5,g13,0.591,beyaz,0.235,76.4,2.5,orta,-0.01,4.31,peak@1926w15 | peak@1939w15 | peak@1952w15 | peak@1965w15 | peak@1978w15,,10,,,,0,,0,,,
C_sabit_ratio,608,608,P_konum,5,g10,0.47,beyaz,0.456,62.9,2.5,orta,0.104,3.62,peak@1932w15 | peak@1942w15 | peak@1952w15 | peak@1962w15 | peak@1972w15,,10,,,,0,,0,,,
C_sabit_ratio,609,609,P_konum,5,g8,0.381,beyaz,0.615,52.1,2.5,orta,0.216,3.05,peak@1936w15 | peak@1944w15 | peak@1952w15 | peak@1960w15 | peak@1968w15,,10,,,,0,,0,,,
C_sabit_ratio,610,610,P_konum,5,g6,0.288,beyaz,0.765,40.1,2.5,orta,0.378,2.43,peak@1940w15 | peak@1946w15 | peak@1952w15 | peak@1958w15 | peak@1964w15,,10,,,,0,,0,,,
C_sabit_ratio,611,611,P_konum,5,g5,0.24,beyaz,0.831,33.8,2.5,orta,0.484,2.11,peak@1942w15 | peak@1947w15 | peak@1952w15 | peak@1957w15 | peak@1962w15,,10,,,,0,,0,,,
B_duyarlilik,612,449,,5,r062,0.5,ar1_097,0.615,52.1,1.96,orta,0.084,3.34,peak@1944w15 | peak@1952w15 | peak@1960w15 | level_shift@1955 | trough@1975w15,0.97,10,,,,0,,0,,,
B_duyarlilik,613,613,,5,r062,0.5,ar1_097,0.615,52.1,1.96,orta,0.084,3.34,peak@1944w15 | peak@1952w15 | peak@1960w15 | level_shift@1955 | trough@1975w15,0.97,5,,,,0,,0,,,
B_duyarlilik,614,614,,5,r062,0.5,ar1_097,0.615,52.1,1.96,orta,0.084,3.34,peak@1944w15 | peak@1952w15 | peak@1960w15 | level_shift@1955 | trough@1975w15,0.97,20,,,,0,,0,,,
B_duyarlilik,615,615,,5,r062,0.5,ar1_097,0.615,52.1,1.96,orta,0.084,3.34,peak@1944w15 | peak@1952w15 | peak@1960w15 | level_shift@1955 | trough@1975w15,0.97,10,10;15;10;5;10,,A1,0,,0,,,
B_duyarlilik,616,616,,5,r062,0.5,ar1_097,0.615,52.1,1.96,orta,0.084,3.34,peak@1944w15 | peak@1952w15 | peak@1960w15 | level_shift@1955 | trough@1975w15,0.97,10,10;5;10;15;10,,A2,0,,0,,,
B_duyarlilik,617,617,,5,r062,0.5,ar1_097,0.615,52.1,1.96,orta,0.084,3.34,peak@1944w15 | peak@1952w15 | peak@1960w15 | level_shift@1955 | trough@1975w15,0.97,10,9;20;9;4;8,,A1,0,,0,,,
B_duyarlilik,618,618,,5,r062,0.5,ar1_097,0.615,52.1,1.96,orta,0.084,3.34,peak@1944w15 | peak@1952w15 | peak@1960w15 | level_shift@1955 | trough@1975w15,0.97,10,9;4;9;20;8,,A2,0,,0,,,
B_duyarlilik,619,619,,5,r062,0.51,ar1_097,0.615,52.1,1.96,orta,0.084,3.34,peak@1944w15 | peak@1952w15 | peak@1960w15 | level_shift@1955 | trough@1975w15,0.97,10,,0.5;0.7;0.5;0.35;0.5,A1,0,,0,,,
B_duyarlilik,620,620,,5,r062,0.51,ar1_097,0.615,52.1,1.96,orta,0.084,3.34,peak@1944w15 | peak@1952w15 | peak@1960w15 | level_shift@1955 | trough@1975w15,0.97,10,,0.5;0.35;0.5;0.7;0.5,A2,0,,0,,,
B_duyarlilik,621,621,,5,r062,0.5,ar1_097,0.615,52.1,1.96,orta,0.084,3.34,peak@1944w15 | peak@1952w15 | peak@1960w15 | level_shift@1955 | trough@1975w15,0.97,10,,,,3,1.5,0,,,
B_duyarlilik,622,622,,5,r062,0.5,ar1_097,0.615,52.1,1.96,orta,0.084,3.34,peak@1944w15 | peak@1952w15 | peak@1960w15 | level_shift@1955 | trough@1975w15,0.97,10,,,,0,,1,,,
B_duyarlilik,623,623,,5,r062,0.5,ar1_080,0.615,52.1,1.96,orta,0.084,3.34,peak@1944w15 | peak@1952w15 | peak@1960w15 | level_shift@1955 | trough@1975w15,0.8,10,,,,0,,0,,,
B_duyarlilik,624,624,,5,r062,0.5,ar1_090,0.615,52.1,1.96,orta,0.084,3.34,peak@1944w15 | peak@1952w15 | peak@1960w15 | level_shift@1955 | trough@1975w15,0.9,10,,,,0,,0,,,
B_duyarlilik,625,625,,5,r062,0.5,ar1_099,0.615,52.1,1.96,orta,0.084,3.34,peak@1944w15 | peak@1952w15 | peak@1960w15 | level_shift@1955 | trough@1975w15,0.99,10,,,,0,,0,,,
B_duyarlilik,626,626,,5,r062,0.475,ar1_097,0.615,52.1,1.96,orta,0.084,3.34,peak@1944w15 | peak@1952w15 | peak@1960w15 | level_shift@1955 | trough@1975w15,0.97,10,10;15;10;5;10,0.5;0.35;0.5;0.7;0.5,,3,1.5,0,,,
D_koprusu,627,627,,5,,0.4,ar1_097,0.315,71.7,3.29,kolay,-0.223,2.82,blokD_prototip_erkek_k5.npy,0.97,10,,,,0,,0,erkek,blokD_prototip_erkek_k5,3cdf4f26f0884c6f8d36c2c2d811d63522a3f35bc55dd91138796a4c3ccbd53e
D_koprusu,628,628,,5,,0.6,ar1_097,0.315,71.7,2.31,orta,-0.223,2.82,blokD_prototip_erkek_k5.npy,0.97,10,,,,0,,0,erkek,blokD_prototip_erkek_k5,3cdf4f26f0884c6f8d36c2c2d811d63522a3f35bc55dd91138796a4c3ccbd53e
D_koprusu,629,629,,5,,0.4,ar1_097,0.319,71.4,3.28,kolay,-0.227,3.36,blokD_prototip_kadin_k5.npy,0.97,10,,,,0,,0,kadin,blokD_prototip_kadin_k5,16ebb091ba12d87cca93209f383226193e498e20e8d10c5db4843a3e9f706d81
D_koprusu,630,630,,5,,0.6,ar1_097,0.319,71.4,2.31,orta,-0.227,3.36,blokD_prototip_kadin_k5.npy,0.97,10,,,,0,,0,kadin,blokD_prototip_kadin_k5,16ebb091ba12d87cca93209f383226193e498e20e8d10c5db4843a3e9f706d81
