family,start_id,start_type,parameter_order,parameter_values,source_rule,conditional_upstream_decisions,Kural_T_pass,Kural_S_pass,retained,rejection_reason
P-01,P01-G-0001,fixed_grid,c_r;c_d;k_r;k_d,-1.0;-1.0;4.0;4.0,"quarter_window_location_lattice(step=0.25,[-1,2]) x ordered_pairs(c_r<=c_d) x geometric3_k_lattice([4,KMAX])^2","D-F2-02;D-F2-03;D-F2-04;D-F2-06a;D-F2-06b;D-F2-06c(w_min_years=5);D-F2-06d(KuralT+KuralS,n_min=3)",true,true,true,none
P-01,P01-G-0002,fixed_grid,c_r;c_d;k_r;k_d,-1.0;-1.0;4.0;22.577778941738334,"quarter_window_location_lattice(step=0.25,[-1,2]) x ordered_pairs(c_r<=c_d) x geometric3_k_lattice([4,KMAX])^2","D-F2-02;D-F2-03;D-F2-04;D-F2-06a;D-F2-06b;D-F2-06c(w_min_years=5);D-F2-06d(KuralT+KuralS,n_min=3)",true,true,true,none
P-01,P01-G-0003,fixed_grid,c_r;c_d;k_r;k_d,-1.0;-1.0;4.0;127.43902548550072,"quarter_window_location_lattice(step=0.25,[-1,2]) x ordered_pairs(c_r<=c_d) x geometric3_k_lattice([4,KMAX])^2","D-F2-02;D-F2-03;D-F2-04;D-F2-06a;D-F2-06b;D-F2-06c(w_min_years=5);D-F2-06d(KuralT+KuralS,n_min=3)",true,false,false,KURAL_S_FAIL
P-01,P01-G-0004,fixed_grid,c_r;c_d;k_r;k_d,-1.0;-1.0;22.577778941738334;4.0,"quarter_window_location_lattice(step=0.25,[-1,2]) x ordered_pairs(c_r<=c_d) x geometric3_k_lattice([4,KMAX])^2","D-F2-02;D-F2-03;D-F2-04;D-F2-06a;D-F2-06b;D-F2-06c(w_min_years=5);D-F2-06d(KuralT+KuralS,n_min=3)",true,true,true,none
P-01,P01-G-0005,fixed_grid,c_r;c_d;k_r;k_d,-1.0;-1.0;22.577778941738334;22.577778941738334,"quarter_window_location_lattice(step=0.25,[-1,2]) x ordered_pairs(c_r<=c_d) x geometric3_k_lattice([4,KMAX])^2","D-F2-02;D-F2-03;D-F2-04;D-F2-06a;D-F2-06b;D-F2-06c(w_min_years=5);D-F2-06d(KuralT+KuralS,n_min=3)",true,true,true,none
P-01,P01-G-0006,fixed_grid,c_r;c_d;k_r;k_d,-1.0;-1.0;22.577778941738334;127.43902548550072,"quarter_window_location_lattice(step=0.25,[-1,2]) x ordered_pairs(c_r<=c_d) x geometric3_k_lattice([4,KMAX])^2","D-F2-02;D-F2-03;D-F2-04;D-F2-06a;D-F2-06b;D-F2-06c(w_min_years=5);D-F2-06d(KuralT+KuralS,n_min=3)",true,false,false,KURAL_S_FAIL
P-01,P01-G-0007,fixed_grid,c_r;c_d;k_r;k_d,-1.0;-1.0;127.43902548550072;4.0,"quarter_window_location_lattice(step=0.25,[-1,2]) x ordered_pairs(c_r<=c_d) x geometric3_k_lattice([4,KMAX])^2","D-F2-02;D-F2-03;D-F2-04;D-F2-06a;D-F2-06b;D-F2-06c(w_min_years=5);D-F2-06d(KuralT+KuralS,n_min=3)",true,true,true,none
P-01,P01-G-0008,fixed_grid,c_r;c_d;k_r;k_d,-1.0;-1.0;127.43902548550072;22.577778941738334,"quarter_window_location_lattice(step=0.25,[-1,2]) x ordered_pairs(c_r<=c_d) x geometric3_k_lattice([4,KMAX])^2","D-F2-02;D-F2-03;D-F2-04;D-F2-06a;D-F2-06b;D-F2-06c(w_min_years=5);D-F2-06d(KuralT+KuralS,n_min=3)",true,true,true,none
P-01,P01-G-0009,fixed_grid,c_r;c_d;k_r;k_d,-1.0;-1.0;127.43902548550072;127.43902548550072,"quarter_window_location_lattice(step=0.25,[-1,2]) x ordered_pairs(c_r<=c_d) x geometric3_k_lattice([4,KMAX])^2","D-F2-02;D-F2-03;D-F2-04;D-F2-06a;D-F2-06b;D-F2-06c(w_min_years=5);D-F2-06d(KuralT+KuralS,n_min=3)",true,false,false,KURAL_S_FAIL
P-01,P01-G-0010,fixed_grid,c_r;c_d;k_r;k_d,-1.0;-0.75;4.0;4.0,"quarter_window_location_lattice(step=0.25,[-1,2]) x ordered_pairs(c_r<=c_d) x geometric3_k_lattice([4,KMAX])^2","D-F2-02;D-F2-03;D-F2-04;D-F2-06a;D-F2-06b;D-F2-06c(w_min_years=5);D-F2-06d(KuralT+KuralS,n_min=3)",true,true,true,none
P-01,P01-G-0011,fixed_grid,c_r;c_d;k_r;k_d,-1.0;-0.75;4.0;22.577778941738334,"quarter_window_location_lattice(step=0.25,[-1,2]) x ordered_pairs(c_r<=c_d) x geometric3_k_lattice([4,KMAX])^2","D-F2-02;D-F2-03;D-F2-04;D-F2-06a;D-F2-06b;D-F2-06c(w_min_years=5);D-F2-06d(KuralT+KuralS,n_min=3)",true,true,true,none
P-01,P01-G-0012,fixed_grid,c_r;c_d;k_r;k_d,-1.0;-0.75;4.0;127.43902548550072,"quarter_window_location_lattice(step=0.25,[-1,2]) x ordered_pairs(c_r<=c_d) x geometric3_k_lattice([4,KMAX])^2","D-F2-02;D-F2-03;D-F2-04;D-F2-06a;D-F2-06b;D-F2-06c(w_min_years=5);D-F2-06d(KuralT+KuralS,n_min=3)",true,false,false,KURAL_S_FAIL
P-01,P01-G-0013,fixed_grid,c_r;c_d;k_r;k_d,-1.0;-0.75;22.577778941738334;4.0,"quarter_window_location_lattice(step=0.25,[-1,2]) x ordered_pairs(c_r<=c_d) x geometric3_k_lattice([4,KMAX])^2","D-F2-02;D-F2-03;D-F2-04;D-F2-06a;D-F2-06b;D-F2-06c(w_min_years=5);D-F2-06d(KuralT+KuralS,n_min=3)",true,true,true,none
P-01,P01-G-0014,fixed_grid,c_r;c_d;k_r;k_d,-1.0;-0.75;22.577778941738334;22.577778941738334,"quarter_window_location_lattice(step=0.25,[-1,2]) x ordered_pairs(c_r<=c_d) x geometric3_k_lattice([4,KMAX])^2","D-F2-02;D-F2-03;D-F2-04;D-F2-06a;D-F2-06b;D-F2-06c(w_min_years=5);D-F2-06d(KuralT+KuralS,n_min=3)",true,true,true,none
P-01,P01-G-0015,fixed_grid,c_r;c_d;k_r;k_d,-1.0;-0.75;22.577778941738334;127.43902548550072,"quarter_window_location_lattice(step=0.25,[-1,2]) x ordered_pairs(c_r<=c_d) x geometric3_k_lattice([4,KMAX])^2","D-F2-02;D-F2-03;D-F2-04;D-F2-06a;D-F2-06b;D-F2-06c(w_min_years=5);D-F2-06d(KuralT+KuralS,n_min=3)",true,false,false,KURAL_S_FAIL
P-01,P01-G-0016,fixed_grid,c_r;c_d;k_r;k_d,-1.0;-0.75;127.43902548550072;4.0,"quarter_window_location_lattice(step=0.25,[-1,2]) x ordered_pairs(c_r<=c_d) x geometric3_k_lattice([4,KMAX])^2","D-F2-02;D-F2-03;D-F2-04;D-F2-06a;D-F2-06b;D-F2-06c(w_min_years=5);D-F2-06d(KuralT+KuralS,n_min=3)",true,true,true,none
P-01,P01-G-0017,fixed_grid,c_r;c_d;k_r;k_d,-1.0;-0.75;127.43902548550072;22.577778941738334,"quarter_window_location_lattice(step=0.25,[-1,2]) x ordered_pairs(c_r<=c_d) x geometric3_k_lattice([4,KMAX])^2","D-F2-02;D-F2-03;D-F2-04;D-F2-06a;D-F2-06b;D-F2-06c(w_min_years=5);D-F2-06d(KuralT+KuralS,n_min=3)",true,true,true,none
P-01,P01-G-0018,fixed_grid,c_r;c_d;k_r;k_d,-1.0;-0.75;127.43902548550072;127.43902548550072,"quarter_window_location_lattice(step=0.25,[-1,2]) x ordered_pairs(c_r<=c_d) x geometric3_k_lattice([4,KMAX])^2","D-F2-02;D-F2-03;D-F2-04;D-F2-06a;D-F2-06b;D-F2-06c(w_min_years=5);D-F2-06d(KuralT+KuralS,n_min=3)",true,false,false,KURAL_S_FAIL
P-01,P01-G-0019,fixed_grid,c_r;c_d;k_r;k_d,-1.0;-0.5;4.0;4.0,"quarter_window_location_lattice(step=0.25,[-1,2]) x ordered_pairs(c_r<=c_d) x geometric3_k_lattice([4,KMAX])^2","D-F2-02;D-F2-03;D-F2-04;D-F2-06a;D-F2-06b;D-F2-06c(w_min_years=5);D-F2-06d(KuralT+KuralS,n_min=3)",true,true,true,none
P-01,P01-G-0020,fixed_grid,c_r;c_d;k_r;k_d,-1.0;-0.5;4.0;22.577778941738334,"quarter_window_location_lattice(step=0.25,[-1,2]) x ordered_pairs(c_r<=c_d) x geometric3_k_lattice([4,KMAX])^2","D-F2-02;D-F2-03;D-F2-04;D-F2-06a;D-F2-06b;D-F2-06c(w_min_years=5);D-F2-06d(KuralT+KuralS,n_min=3)",true,true,true,none
P-01,P01-G-0021,fixed_grid,c_r;c_d;k_r;k_d,-1.0;-0.5;4.0;127.43902548550072,"quarter_window_location_lattice(step=0.25,[-1,2]) x ordered_pairs(c_r<=c_d) x geometric3_k_lattice([4,KMAX])^2","D-F2-02;D-F2-03;D-F2-04;D-F2-06a;D-F2-06b;D-F2-06c(w_min_years=5);D-F2-06d(KuralT+KuralS,n_min=3)",true,false,false,KURAL_S_FAIL
P-01,P01-G-0022,fixed_grid,c_r;c_d;k_r;k_d,-1.0;-0.5;22.577778941738334;4.0,"quarter_window_location_lattice(step=0.25,[-1,2]) x ordered_pairs(c_r<=c_d) x geometric3_k_lattice([4,KMAX])^2","D-F2-02;D-F2-03;D-F2-04;D-F2-06a;D-F2-06b;D-F2-06c(w_min_years=5);D-F2-06d(KuralT+KuralS,n_min=3)",true,true,true,none
P-01,P01-G-0023,fixed_grid,c_r;c_d;k_r;k_d,-1.0;-0.5;22.577778941738334;22.577778941738334,"quarter_window_location_lattice(step=0.25,[-1,2]) x ordered_pairs(c_r<=c_d) x geometric3_k_lattice([4,KMAX])^2","D-F2-02;D-F2-03;D-F2-04;D-F2-06a;D-F2-06b;D-F2-06c(w_min_years=5);D-F2-06d(KuralT+KuralS,n_min=3)",true,true,true,none
P-01,P01-G-0024,fixed_grid,c_r;c_d;k_r;k_d,-1.0;-0.5;22.577778941738334;127.43902548550072,"quarter_window_location_lattice(step=0.25,[-1,2]) x ordered_pairs(c_r<=c_d) x geometric3_k_lattice([4,KMAX])^2","D-F2-02;D-F2-03;D-F2-04;D-F2-06a;D-F2-06b;D-F2-06c(w_min_years=5);D-F2-06d(KuralT+KuralS,n_min=3)",true,false,false,KURAL_S_FAIL
P-01,P01-G-0025,fixed_grid,c_r;c_d;k_r;k_d,-1.0;-0.5;127.43902548550072;4.0,"quarter_window_location_lattice(step=0.25,[-1,2]) x ordered_pairs(c_r<=c_d) x geometric3_k_lattice([4,KMAX])^2","D-F2-02;D-F2-03;D-F2-04;D-F2-06a;D-F2-06b;D-F2-06c(w_min_years=5);D-F2-06d(KuralT+KuralS,n_min=3)",true,true,true,none
P-01,P01-G-0026,fixed_grid,c_r;c_d;k_r;k_d,-1.0;-0.5;127.43902548550072;22.577778941738334,"quarter_window_location_lattice(step=0.25,[-1,2]) x ordered_pairs(c_r<=c_d) x geometric3_k_lattice([4,KMAX])^2","D-F2-02;D-F2-03;D-F2-04;D-F2-06a;D-F2-06b;D-F2-06c(w_min_years=5);D-F2-06d(KuralT+KuralS,n_min=3)",true,true,true,none
P-01,P01-G-0027,fixed_grid,c_r;c_d;k_r;k_d,-1.0;-0.5;127.43902548550072;127.43902548550072,"quarter_window_location_lattice(step=0.25,[-1,2]) x ordered_pairs(c_r<=c_d) x geometric3_k_lattice([4,KMAX])^2","D-F2-02;D-F2-03;D-F2-04;D-F2-06a;D-F2-06b;D-F2-06c(w_min_years=5);D-F2-06d(KuralT+KuralS,n_min=3)",true,false,false,KURAL_S_FAIL
P-01,P01-G-0028,fixed_grid,c_r;c_d;k_r;k_d,-1.0;-0.25;4.0;4.0,"quarter_window_location_lattice(step=0.25,[-1,2]) x ordered_pairs(c_r<=c_d) x geometric3_k_lattice([4,KMAX])^2","D-F2-02;D-F2-03;D-F2-04;D-F2-06a;D-F2-06b;D-F2-06c(w_min_years=5);D-F2-06d(KuralT+KuralS,n_min=3)",true,true,true,none
P-01,P01-G-0029,fixed_grid,c_r;c_d;k_r;k_d,-1.0;-0.25;4.0;22.577778941738334,"quarter_window_location_lattice(step=0.25,[-1,2]) x ordered_pairs(c_r<=c_d) x geometric3_k_lattice([4,KMAX])^2","D-F2-02;D-F2-03;D-F2-04;D-F2-06a;D-F2-06b;D-F2-06c(w_min_years=5);D-F2-06d(KuralT+KuralS,n_min=3)",true,true,true,none
P-01,P01-G-0030,fixed_grid,c_r;c_d;k_r;k_d,-1.0;-0.25;4.0;127.43902548550072,"quarter_window_location_lattice(step=0.25,[-1,2]) x ordered_pairs(c_r<=c_d) x geometric3_k_lattice([4,KMAX])^2","D-F2-02;D-F2-03;D-F2-04;D-F2-06a;D-F2-06b;D-F2-06c(w_min_years=5);D-F2-06d(KuralT+KuralS,n_min=3)",true,false,false,KURAL_S_FAIL
P-01,P01-G-0031,fixed_grid,c_r;c_d;k_r;k_d,-1.0;-0.25;22.577778941738334;4.0,"quarter_window_location_lattice(step=0.25,[-1,2]) x ordered_pairs(c_r<=c_d) x geometric3_k_lattice([4,KMAX])^2","D-F2-02;D-F2-03;D-F2-04;D-F2-06a;D-F2-06b;D-F2-06c(w_min_years=5);D-F2-06d(KuralT+KuralS,n_min=3)",true,true,true,none
P-01,P01-G-0032,fixed_grid,c_r;c_d;k_r;k_d,-1.0;-0.25;22.577778941738334;22.577778941738334,"quarter_window_location_lattice(step=0.25,[-1,2]) x ordered_pairs(c_r<=c_d) x geometric3_k_lattice([4,KMAX])^2","D-F2-02;D-F2-03;D-F2-04;D-F2-06a;D-F2-06b;D-F2-06c(w_min_years=5);D-F2-06d(KuralT+KuralS,n_min=3)",true,true,true,none
P-01,P01-G-0033,fixed_grid,c_r;c_d;k_r;k_d,-1.0;-0.25;22.577778941738334;127.43902548550072,"quarter_window_location_lattice(step=0.25,[-1,2]) x ordered_pairs(c_r<=c_d) x geometric3_k_lattice([4,KMAX])^2","D-F2-02;D-F2-03;D-F2-04;D-F2-06a;D-F2-06b;D-F2-06c(w_min_years=5);D-F2-06d(KuralT+KuralS,n_min=3)",true,false,false,KURAL_S_FAIL
P-01,P01-G-0034,fixed_grid,c_r;c_d;k_r;k_d,-1.0;-0.25;127.43902548550072;4.0,"quarter_window_location_lattice(step=0.25,[-1,2]) x ordered_pairs(c_r<=c_d) x geometric3_k_lattice([4,KMAX])^2","D-F2-02;D-F2-03;D-F2-04;D-F2-06a;D-F2-06b;D-F2-06c(w_min_years=5);D-F2-06d(KuralT+KuralS,n_min=3)",true,true,true,none
P-01,P01-G-0035,fixed_grid,c_r;c_d;k_r;k_d,-1.0;-0.25;127.43902548550072;22.577778941738334,"quarter_window_location_lattice(step=0.25,[-1,2]) x ordered_pairs(c_r<=c_d) x geometric3_k_lattice([4,KMAX])^2","D-F2-02;D-F2-03;D-F2-04;D-F2-06a;D-F2-06b;D-F2-06c(w_min_years=5);D-F2-06d(KuralT+KuralS,n_min=3)",true,true,true,none
P-01,P01-G-0036,fixed_grid,c_r;c_d;k_r;k_d,-1.0;-0.25;127.43902548550072;127.43902548550072,"quarter_window_location_lattice(step=0.25,[-1,2]) x ordered_pairs(c_r<=c_d) x geometric3_k_lattice([4,KMAX])^2","D-F2-02;D-F2-03;D-F2-04;D-F2-06a;D-F2-06b;D-F2-06c(w_min_years=5);D-F2-06d(KuralT+KuralS,n_min=3)",true,false,false,KURAL_S_FAIL
P-01,P01-G-0037,fixed_grid,c_r;c_d;k_r;k_d,-1.0;0.0;4.0;4.0,"quarter_window_location_lattice(step=0.25,[-1,2]) x ordered_pairs(c_r<=c_d) x geometric3_k_lattice([4,KMAX])^2","D-F2-02;D-F2-03;D-F2-04;D-F2-06a;D-F2-06b;D-F2-06c(w_min_years=5);D-F2-06d(KuralT+KuralS,n_min=3)",true,true,true,none
P-01,P01-G-0038,fixed_grid,c_r;c_d;k_r;k_d,-1.0;0.0;4.0;22.577778941738334,"quarter_window_location_lattice(step=0.25,[-1,2]) x ordered_pairs(c_r<=c_d) x geometric3_k_lattice([4,KMAX])^2","D-F2-02;D-F2-03;D-F2-04;D-F2-06a;D-F2-06b;D-F2-06c(w_min_years=5);D-F2-06d(KuralT+KuralS,n_min=3)",true,true,true,none
P-01,P01-G-0039,fixed_grid,c_r;c_d;k_r;k_d,-1.0;0.0;4.0;127.43902548550072,"quarter_window_location_lattice(step=0.25,[-1,2]) x ordered_pairs(c_r<=c_d) x geometric3_k_lattice([4,KMAX])^2","D-F2-02;D-F2-03;D-F2-04;D-F2-06a;D-F2-06b;D-F2-06c(w_min_years=5);D-F2-06d(KuralT+KuralS,n_min=3)",true,false,false,KURAL_S_FAIL
P-01,P01-G-0040,fixed_grid,c_r;c_d;k_r;k_d,-1.0;0.0;22.577778941738334;4.0,"quarter_window_location_lattice(step=0.25,[-1,2]) x ordered_pairs(c_r<=c_d) x geometric3_k_lattice([4,KMAX])^2","D-F2-02;D-F2-03;D-F2-04;D-F2-06a;D-F2-06b;D-F2-06c(w_min_years=5);D-F2-06d(KuralT+KuralS,n_min=3)",true,true,true,none
P-01,P01-G-0041,fixed_grid,c_r;c_d;k_r;k_d,-1.0;0.0;22.577778941738334;22.577778941738334,"quarter_window_location_lattice(step=0.25,[-1,2]) x ordered_pairs(c_r<=c_d) x geometric3_k_lattice([4,KMAX])^2","D-F2-02;D-F2-03;D-F2-04;D-F2-06a;D-F2-06b;D-F2-06c(w_min_years=5);D-F2-06d(KuralT+KuralS,n_min=3)",true,true,true,none
P-01,P01-G-0042,fixed_grid,c_r;c_d;k_r;k_d,-1.0;0.0;22.577778941738334;127.43902548550072,"quarter_window_location_lattice(step=0.25,[-1,2]) x ordered_pairs(c_r<=c_d) x geometric3_k_lattice([4,KMAX])^2","D-F2-02;D-F2-03;D-F2-04;D-F2-06a;D-F2-06b;D-F2-06c(w_min_years=5);D-F2-06d(KuralT+KuralS,n_min=3)",true,false,false,KURAL_S_FAIL
P-01,P01-G-0043,fixed_grid,c_r;c_d;k_r;k_d,-1.0;0.0;127.43902548550072;4.0,"quarter_window_location_lattice(step=0.25,[-1,2]) x ordered_pairs(c_r<=c_d) x geometric3_k_lattice([4,KMAX])^2","D-F2-02;D-F2-03;D-F2-04;D-F2-06a;D-F2-06b;D-F2-06c(w_min_years=5);D-F2-06d(KuralT+KuralS,n_min=3)",true,true,true,none
P-01,P01-G-0044,fixed_grid,c_r;c_d;k_r;k_d,-1.0;0.0;127.43902548550072;22.577778941738334,"quarter_window_location_lattice(step=0.25,[-1,2]) x ordered_pairs(c_r<=c_d) x geometric3_k_lattice([4,KMAX])^2","D-F2-02;D-F2-03;D-F2-04;D-F2-06a;D-F2-06b;D-F2-06c(w_min_years=5);D-F2-06d(KuralT+KuralS,n_min=3)",true,true,true,none
P-01,P01-G-0045,fixed_grid,c_r;c_d;k_r;k_d,-1.0;0.0;127.43902548550072;127.43902548550072,"quarter_window_location_lattice(step=0.25,[-1,2]) x ordered_pairs(c_r<=c_d) x geometric3_k_lattice([4,KMAX])^2","D-F2-02;D-F2-03;D-F2-04;D-F2-06a;D-F2-06b;D-F2-06c(w_min_years=5);D-F2-06d(KuralT+KuralS,n_min=3)",true,false,false,KURAL_S_FAIL
P-01,P01-G-0046,fixed_grid,c_r;c_d;k_r;k_d,-1.0;0.25;4.0;4.0,"quarter_window_location_lattice(step=0.25,[-1,2]) x ordered_pairs(c_r<=c_d) x geometric3_k_lattice([4,KMAX])^2","D-F2-02;D-F2-03;D-F2-04;D-F2-06a;D-F2-06b;D-F2-06c(w_min_years=5);D-F2-06d(KuralT+KuralS,n_min=3)",true,true,true,none
P-01,P01-G-0047,fixed_grid,c_r;c_d;k_r;k_d,-1.0;0.25;4.0;22.577778941738334,"quarter_window_location_lattice(step=0.25,[-1,2]) x ordered_pairs(c_r<=c_d) x geometric3_k_lattice([4,KMAX])^2","D-F2-02;D-F2-03;D-F2-04;D-F2-06a;D-F2-06b;D-F2-06c(w_min_years=5);D-F2-06d(KuralT+KuralS,n_min=3)",true,true,true,none
P-01,P01-G-0048,fixed_grid,c_r;c_d;k_r;k_d,-1.0;0.25;4.0;127.43902548550072,"quarter_window_location_lattice(step=0.25,[-1,2]) x ordered_pairs(c_r<=c_d) x geometric3_k_lattice([4,KMAX])^2","D-F2-02;D-F2-03;D-F2-04;D-F2-06a;D-F2-06b;D-F2-06c(w_min_years=5);D-F2-06d(KuralT+KuralS,n_min=3)",true,true,true,none
P-01,P01-G-0049,fixed_grid,c_r;c_d;k_r;k_d,-1.0;0.25;22.577778941738334;4.0,"quarter_window_location_lattice(step=0.25,[-1,2]) x ordered_pairs(c_r<=c_d) x geometric3_k_lattice([4,KMAX])^2","D-F2-02;D-F2-03;D-F2-04;D-F2-06a;D-F2-06b;D-F2-06c(w_min_years=5);D-F2-06d(KuralT+KuralS,n_min=3)",true,true,true,none
P-01,P01-G-0050,fixed_grid,c_r;c_d;k_r;k_d,-1.0;0.25;22.577778941738334;22.577778941738334,"quarter_window_location_lattice(step=0.25,[-1,2]) x ordered_pairs(c_r<=c_d) x geometric3_k_lattice([4,KMAX])^2","D-F2-02;D-F2-03;D-F2-04;D-F2-06a;D-F2-06b;D-F2-06c(w_min_years=5);D-F2-06d(KuralT+KuralS,n_min=3)",true,true,true,none
P-01,P01-G-0051,fixed_grid,c_r;c_d;k_r;k_d,-1.0;0.25;22.577778941738334;127.43902548550072,"quarter_window_location_lattice(step=0.25,[-1,2]) x ordered_pairs(c_r<=c_d) x geometric3_k_lattice([4,KMAX])^2","D-F2-02;D-F2-03;D-F2-04;D-F2-06a;D-F2-06b;D-F2-06c(w_min_years=5);D-F2-06d(KuralT+KuralS,n_min=3)",true,true,true,none
P-01,P01-G-0052,fixed_grid,c_r;c_d;k_r;k_d,-1.0;0.25;127.43902548550072;4.0,"quarter_window_location_lattice(step=0.25,[-1,2]) x ordered_pairs(c_r<=c_d) x geometric3_k_lattice([4,KMAX])^2","D-F2-02;D-F2-03;D-F2-04;D-F2-06a;D-F2-06b;D-F2-06c(w_min_years=5);D-F2-06d(KuralT+KuralS,n_min=3)",true,true,true,none
P-01,P01-G-0053,fixed_grid,c_r;c_d;k_r;k_d,-1.0;0.25;127.43902548550072;22.577778941738334,"quarter_window_location_lattice(step=0.25,[-1,2]) x ordered_pairs(c_r<=c_d) x geometric3_k_lattice([4,KMAX])^2","D-F2-02;D-F2-03;D-F2-04;D-F2-06a;D-F2-06b;D-F2-06c(w_min_years=5);D-F2-06d(KuralT+KuralS,n_min=3)",true,true,true,none
P-01,P01-G-0054,fixed_grid,c_r;c_d;k_r;k_d,-1.0;0.25;127.43902548550072;127.43902548550072,"quarter_window_location_lattice(step=0.25,[-1,2]) x ordered_pairs(c_r<=c_d) x geometric3_k_lattice([4,KMAX])^2","D-F2-02;D-F2-03;D-F2-04;D-F2-06a;D-F2-06b;D-F2-06c(w_min_years=5);D-F2-06d(KuralT+KuralS,n_min=3)",true,true,true,none
P-01,P01-G-0055,fixed_grid,c_r;c_d;k_r;k_d,-1.0;0.5;4.0;4.0,"quarter_window_location_lattice(step=0.25,[-1,2]) x ordered_pairs(c_r<=c_d) x geometric3_k_lattice([4,KMAX])^2","D-F2-02;D-F2-03;D-F2-04;D-F2-06a;D-F2-06b;D-F2-06c(w_min_years=5);D-F2-06d(KuralT+KuralS,n_min=3)",true,true,true,none
P-01,P01-G-0056,fixed_grid,c_r;c_d;k_r;k_d,-1.0;0.5;4.0;22.577778941738334,"quarter_window_location_lattice(step=0.25,[-1,2]) x ordered_pairs(c_r<=c_d) x geometric3_k_lattice([4,KMAX])^2","D-F2-02;D-F2-03;D-F2-04;D-F2-06a;D-F2-06b;D-F2-06c(w_min_years=5);D-F2-06d(KuralT+KuralS,n_min=3)",true,true,true,none
P-01,P01-G-0057,fixed_grid,c_r;c_d;k_r;k_d,-1.0;0.5;4.0;127.43902548550072,"quarter_window_location_lattice(step=0.25,[-1,2]) x ordered_pairs(c_r<=c_d) x geometric3_k_lattice([4,KMAX])^2","D-F2-02;D-F2-03;D-F2-04;D-F2-06a;D-F2-06b;D-F2-06c(w_min_years=5);D-F2-06d(KuralT+KuralS,n_min=3)",true,true,true,none
P-01,P01-G-0058,fixed_grid,c_r;c_d;k_r;k_d,-1.0;0.5;22.577778941738334;4.0,"quarter_window_location_lattice(step=0.25,[-1,2]) x ordered_pairs(c_r<=c_d) x geometric3_k_lattice([4,KMAX])^2","D-F2-02;D-F2-03;D-F2-04;D-F2-06a;D-F2-06b;D-F2-06c(w_min_years=5);D-F2-06d(KuralT+KuralS,n_min=3)",true,true,true,none
P-01,P01-G-0059,fixed_grid,c_r;c_d;k_r;k_d,-1.0;0.5;22.577778941738334;22.577778941738334,"quarter_window_location_lattice(step=0.25,[-1,2]) x ordered_pairs(c_r<=c_d) x geometric3_k_lattice([4,KMAX])^2","D-F2-02;D-F2-03;D-F2-04;D-F2-06a;D-F2-06b;D-F2-06c(w_min_years=5);D-F2-06d(KuralT+KuralS,n_min=3)",true,true,true,none
P-01,P01-G-0060,fixed_grid,c_r;c_d;k_r;k_d,-1.0;0.5;22.577778941738334;127.43902548550072,"quarter_window_location_lattice(step=0.25,[-1,2]) x ordered_pairs(c_r<=c_d) x geometric3_k_lattice([4,KMAX])^2","D-F2-02;D-F2-03;D-F2-04;D-F2-06a;D-F2-06b;D-F2-06c(w_min_years=5);D-F2-06d(KuralT+KuralS,n_min=3)",true,true,true,none
P-01,P01-G-0061,fixed_grid,c_r;c_d;k_r;k_d,-1.0;0.5;127.43902548550072;4.0,"quarter_window_location_lattice(step=0.25,[-1,2]) x ordered_pairs(c_r<=c_d) x geometric3_k_lattice([4,KMAX])^2","D-F2-02;D-F2-03;D-F2-04;D-F2-06a;D-F2-06b;D-F2-06c(w_min_years=5);D-F2-06d(KuralT+KuralS,n_min=3)",true,true,true,none
P-01,P01-G-0062,fixed_grid,c_r;c_d;k_r;k_d,-1.0;0.5;127.43902548550072;22.577778941738334,"quarter_window_location_lattice(step=0.25,[-1,2]) x ordered_pairs(c_r<=c_d) x geometric3_k_lattice([4,KMAX])^2","D-F2-02;D-F2-03;D-F2-04;D-F2-06a;D-F2-06b;D-F2-06c(w_min_years=5);D-F2-06d(KuralT+KuralS,n_min=3)",true,true,true,none
P-01,P01-G-0063,fixed_grid,c_r;c_d;k_r;k_d,-1.0;0.5;127.43902548550072;127.43902548550072,"quarter_window_location_lattice(step=0.25,[-1,2]) x ordered_pairs(c_r<=c_d) x geometric3_k_lattice([4,KMAX])^2","D-F2-02;D-F2-03;D-F2-04;D-F2-06a;D-F2-06b;D-F2-06c(w_min_years=5);D-F2-06d(KuralT+KuralS,n_min=3)",true,true,true,none
P-01,P01-G-0064,fixed_grid,c_r;c_d;k_r;k_d,-1.0;0.75;4.0;4.0,"quarter_window_location_lattice(step=0.25,[-1,2]) x ordered_pairs(c_r<=c_d) x geometric3_k_lattice([4,KMAX])^2","D-F2-02;D-F2-03;D-F2-04;D-F2-06a;D-F2-06b;D-F2-06c(w_min_years=5);D-F2-06d(KuralT+KuralS,n_min=3)",true,true,true,none
P-01,P01-G-0065,fixed_grid,c_r;c_d;k_r;k_d,-1.0;0.75;4.0;22.577778941738334,"quarter_window_location_lattice(step=0.25,[-1,2]) x ordered_pairs(c_r<=c_d) x geometric3_k_lattice([4,KMAX])^2","D-F2-02;D-F2-03;D-F2-04;D-F2-06a;D-F2-06b;D-F2-06c(w_min_years=5);D-F2-06d(KuralT+KuralS,n_min=3)",true,true,true,none
P-01,P01-G-0066,fixed_grid,c_r;c_d;k_r;k_d,-1.0;0.75;4.0;127.43902548550072,"quarter_window_location_lattice(step=0.25,[-1,2]) x ordered_pairs(c_r<=c_d) x geometric3_k_lattice([4,KMAX])^2","D-F2-02;D-F2-03;D-F2-04;D-F2-06a;D-F2-06b;D-F2-06c(w_min_years=5);D-F2-06d(KuralT+KuralS,n_min=3)",true,true,true,none
P-01,P01-G-0067,fixed_grid,c_r;c_d;k_r;k_d,-1.0;0.75;22.577778941738334;4.0,"quarter_window_location_lattice(step=0.25,[-1,2]) x ordered_pairs(c_r<=c_d) x geometric3_k_lattice([4,KMAX])^2","D-F2-02;D-F2-03;D-F2-04;D-F2-06a;D-F2-06b;D-F2-06c(w_min_years=5);D-F2-06d(KuralT+KuralS,n_min=3)",true,true,true,none
P-01,P01-G-0068,fixed_grid,c_r;c_d;k_r;k_d,-1.0;0.75;22.577778941738334;22.577778941738334,"quarter_window_location_lattice(step=0.25,[-1,2]) x ordered_pairs(c_r<=c_d) x geometric3_k_lattice([4,KMAX])^2","D-F2-02;D-F2-03;D-F2-04;D-F2-06a;D-F2-06b;D-F2-06c(w_min_years=5);D-F2-06d(KuralT+KuralS,n_min=3)",true,true,true,none
P-01,P01-G-0069,fixed_grid,c_r;c_d;k_r;k_d,-1.0;0.75;22.577778941738334;127.43902548550072,"quarter_window_location_lattice(step=0.25,[-1,2]) x ordered_pairs(c_r<=c_d) x geometric3_k_lattice([4,KMAX])^2","D-F2-02;D-F2-03;D-F2-04;D-F2-06a;D-F2-06b;D-F2-06c(w_min_years=5);D-F2-06d(KuralT+KuralS,n_min=3)",true,true,true,none
P-01,P01-G-0070,fixed_grid,c_r;c_d;k_r;k_d,-1.0;0.75;127.43902548550072;4.0,"quarter_window_location_lattice(step=0.25,[-1,2]) x ordered_pairs(c_r<=c_d) x geometric3_k_lattice([4,KMAX])^2","D-F2-02;D-F2-03;D-F2-04;D-F2-06a;D-F2-06b;D-F2-06c(w_min_years=5);D-F2-06d(KuralT+KuralS,n_min=3)",true,true,true,none
P-01,P01-G-0071,fixed_grid,c_r;c_d;k_r;k_d,-1.0;0.75;127.43902548550072;22.577778941738334,"quarter_window_location_lattice(step=0.25,[-1,2]) x ordered_pairs(c_r<=c_d) x geometric3_k_lattice([4,KMAX])^2","D-F2-02;D-F2-03;D-F2-04;D-F2-06a;D-F2-06b;D-F2-06c(w_min_years=5);D-F2-06d(KuralT+KuralS,n_min=3)",true,true,true,none
P-01,P01-G-0072,fixed_grid,c_r;c_d;k_r;k_d,-1.0;0.75;127.43902548550072;127.43902548550072,"quarter_window_location_lattice(step=0.25,[-1,2]) x ordered_pairs(c_r<=c_d) x geometric3_k_lattice([4,KMAX])^2","D-F2-02;D-F2-03;D-F2-04;D-F2-06a;D-F2-06b;D-F2-06c(w_min_years=5);D-F2-06d(KuralT+KuralS,n_min=3)",true,true,true,none
P-01,P01-G-0073,fixed_grid,c_r;c_d;k_r;k_d,-1.0;1.0;4.0;4.0,"quarter_window_location_lattice(step=0.25,[-1,2]) x ordered_pairs(c_r<=c_d) x geometric3_k_lattice([4,KMAX])^2","D-F2-02;D-F2-03;D-F2-04;D-F2-06a;D-F2-06b;D-F2-06c(w_min_years=5);D-F2-06d(KuralT+KuralS,n_min=3)",true,true,true,none
P-01,P01-G-0074,fixed_grid,c_r;c_d;k_r;k_d,-1.0;1.0;4.0;22.577778941738334,"quarter_window_location_lattice(step=0.25,[-1,2]) x ordered_pairs(c_r<=c_d) x geometric3_k_lattice([4,KMAX])^2","D-F2-02;D-F2-03;D-F2-04;D-F2-06a;D-F2-06b;D-F2-06c(w_min_years=5);D-F2-06d(KuralT+KuralS,n_min=3)",true,true,true,none
P-01,P01-G-0075,fixed_grid,c_r;c_d;k_r;k_d,-1.0;1.0;4.0;127.43902548550072,"quarter_window_location_lattice(step=0.25,[-1,2]) x ordered_pairs(c_r<=c_d) x geometric3_k_lattice([4,KMAX])^2","D-F2-02;D-F2-03;D-F2-04;D-F2-06a;D-F2-06b;D-F2-06c(w_min_years=5);D-F2-06d(KuralT+KuralS,n_min=3)",true,true,true,none
P-01,P01-G-0076,fixed_grid,c_r;c_d;k_r;k_d,-1.0;1.0;22.577778941738334;4.0,"quarter_window_location_lattice(step=0.25,[-1,2]) x ordered_pairs(c_r<=c_d) x geometric3_k_lattice([4,KMAX])^2","D-F2-02;D-F2-03;D-F2-04;D-F2-06a;D-F2-06b;D-F2-06c(w_min_years=5);D-F2-06d(KuralT+KuralS,n_min=3)",true,true,true,none
P-01,P01-G-0077,fixed_grid,c_r;c_d;k_r;k_d,-1.0;1.0;22.577778941738334;22.577778941738334,"quarter_window_location_lattice(step=0.25,[-1,2]) x ordered_pairs(c_r<=c_d) x geometric3_k_lattice([4,KMAX])^2","D-F2-02;D-F2-03;D-F2-04;D-F2-06a;D-F2-06b;D-F2-06c(w_min_years=5);D-F2-06d(KuralT+KuralS,n_min=3)",true,true,true,none
P-01,P01-G-0078,fixed_grid,c_r;c_d;k_r;k_d,-1.0;1.0;22.577778941738334;127.43902548550072,"quarter_window_location_lattice(step=0.25,[-1,2]) x ordered_pairs(c_r<=c_d) x geometric3_k_lattice([4,KMAX])^2","D-F2-02;D-F2-03;D-F2-04;D-F2-06a;D-F2-06b;D-F2-06c(w_min_years=5);D-F2-06d(KuralT+KuralS,n_min=3)",true,true,true,none
P-01,P01-G-0079,fixed_grid,c_r;c_d;k_r;k_d,-1.0;1.0;127.43902548550072;4.0,"quarter_window_location_lattice(step=0.25,[-1,2]) x ordered_pairs(c_r<=c_d) x geometric3_k_lattice([4,KMAX])^2","D-F2-02;D-F2-03;D-F2-04;D-F2-06a;D-F2-06b;D-F2-06c(w_min_years=5);D-F2-06d(KuralT+KuralS,n_min=3)",true,true,true,none
P-01,P01-G-0080,fixed_grid,c_r;c_d;k_r;k_d,-1.0;1.0;127.43902548550072;22.577778941738334,"quarter_window_location_lattice(step=0.25,[-1,2]) x ordered_pairs(c_r<=c_d) x geometric3_k_lattice([4,KMAX])^2","D-F2-02;D-F2-03;D-F2-04;D-F2-06a;D-F2-06b;D-F2-06c(w_min_years=5);D-F2-06d(KuralT+KuralS,n_min=3)",true,true,true,none
P-01,P01-G-0081,fixed_grid,c_r;c_d;k_r;k_d,-1.0;1.0;127.43902548550072;127.43902548550072,"quarter_window_location_lattice(step=0.25,[-1,2]) x ordered_pairs(c_r<=c_d) x geometric3_k_lattice([4,KMAX])^2","D-F2-02;D-F2-03;D-F2-04;D-F2-06a;D-F2-06b;D-F2-06c(w_min_years=5);D-F2-06d(KuralT+KuralS,n_min=3)",true,true,true,none
P-01,P01-G-0082,fixed_grid,c_r;c_d;k_r;k_d,-1.0;1.25;4.0;4.0,"quarter_window_location_lattice(step=0.25,[-1,2]) x ordered_pairs(c_r<=c_d) x geometric3_k_lattice([4,KMAX])^2","D-F2-02;D-F2-03;D-F2-04;D-F2-06a;D-F2-06b;D-F2-06c(w_min_years=5);D-F2-06d(KuralT+KuralS,n_min=3)",true,true,true,none
P-01,P01-G-0083,fixed_grid,c_r;c_d;k_r;k_d,-1.0;1.25;4.0;22.577778941738334,"quarter_window_location_lattice(step=0.25,[-1,2]) x ordered_pairs(c_r<=c_d) x geometric3_k_lattice([4,KMAX])^2","D-F2-02;D-F2-03;D-F2-04;D-F2-06a;D-F2-06b;D-F2-06c(w_min_years=5);D-F2-06d(KuralT+KuralS,n_min=3)",true,true,true,none
P-01,P01-G-0084,fixed_grid,c_r;c_d;k_r;k_d,-1.0;1.25;4.0;127.43902548550072,"quarter_window_location_lattice(step=0.25,[-1,2]) x ordered_pairs(c_r<=c_d) x geometric3_k_lattice([4,KMAX])^2","D-F2-02;D-F2-03;D-F2-04;D-F2-06a;D-F2-06b;D-F2-06c(w_min_years=5);D-F2-06d(KuralT+KuralS,n_min=3)",true,true,true,none
P-01,P01-G-0085,fixed_grid,c_r;c_d;k_r;k_d,-1.0;1.25;22.577778941738334;4.0,"quarter_window_location_lattice(step=0.25,[-1,2]) x ordered_pairs(c_r<=c_d) x geometric3_k_lattice([4,KMAX])^2","D-F2-02;D-F2-03;D-F2-04;D-F2-06a;D-F2-06b;D-F2-06c(w_min_years=5);D-F2-06d(KuralT+KuralS,n_min=3)",true,true,true,none
P-01,P01-G-0086,fixed_grid,c_r;c_d;k_r;k_d,-1.0;1.25;22.577778941738334;22.577778941738334,"quarter_window_location_lattice(step=0.25,[-1,2]) x ordered_pairs(c_r<=c_d) x geometric3_k_lattice([4,KMAX])^2","D-F2-02;D-F2-03;D-F2-04;D-F2-06a;D-F2-06b;D-F2-06c(w_min_years=5);D-F2-06d(KuralT+KuralS,n_min=3)",true,true,true,none
P-01,P01-G-0087,fixed_grid,c_r;c_d;k_r;k_d,-1.0;1.25;22.577778941738334;127.43902548550072,"quarter_window_location_lattice(step=0.25,[-1,2]) x ordered_pairs(c_r<=c_d) x geometric3_k_lattice([4,KMAX])^2","D-F2-02;D-F2-03;D-F2-04;D-F2-06a;D-F2-06b;D-F2-06c(w_min_years=5);D-F2-06d(KuralT+KuralS,n_min=3)",true,true,true,none
P-01,P01-G-0088,fixed_grid,c_r;c_d;k_r;k_d,-1.0;1.25;127.43902548550072;4.0,"quarter_window_location_lattice(step=0.25,[-1,2]) x ordered_pairs(c_r<=c_d) x geometric3_k_lattice([4,KMAX])^2","D-F2-02;D-F2-03;D-F2-04;D-F2-06a;D-F2-06b;D-F2-06c(w_min_years=5);D-F2-06d(KuralT+KuralS,n_min=3)",true,true,true,none
P-01,P01-G-0089,fixed_grid,c_r;c_d;k_r;k_d,-1.0;1.25;127.43902548550072;22.577778941738334,"quarter_window_location_lattice(step=0.25,[-1,2]) x ordered_pairs(c_r<=c_d) x geometric3_k_lattice([4,KMAX])^2","D-F2-02;D-F2-03;D-F2-04;D-F2-06a;D-F2-06b;D-F2-06c(w_min_years=5);D-F2-06d(KuralT+KuralS,n_min=3)",true,true,true,none
P-01,P01-G-0090,fixed_grid,c_r;c_d;k_r;k_d,-1.0;1.25;127.43902548550072;127.43902548550072,"quarter_window_location_lattice(step=0.25,[-1,2]) x ordered_pairs(c_r<=c_d) x geometric3_k_lattice([4,KMAX])^2","D-F2-02;D-F2-03;D-F2-04;D-F2-06a;D-F2-06b;D-F2-06c(w_min_years=5);D-F2-06d(KuralT+KuralS,n_min=3)",true,true,true,none
P-01,P01-G-0091,fixed_grid,c_r;c_d;k_r;k_d,-1.0;1.5;4.0;4.0,"quarter_window_location_lattice(step=0.25,[-1,2]) x ordered_pairs(c_r<=c_d) x geometric3_k_lattice([4,KMAX])^2","D-F2-02;D-F2-03;D-F2-04;D-F2-06a;D-F2-06b;D-F2-06c(w_min_years=5);D-F2-06d(KuralT+KuralS,n_min=3)",true,true,true,none
P-01,P01-G-0092,fixed_grid,c_r;c_d;k_r;k_d,-1.0;1.5;4.0;22.577778941738334,"quarter_window_location_lattice(step=0.25,[-1,2]) x ordered_pairs(c_r<=c_d) x geometric3_k_lattice([4,KMAX])^2","D-F2-02;D-F2-03;D-F2-04;D-F2-06a;D-F2-06b;D-F2-06c(w_min_years=5);D-F2-06d(KuralT+KuralS,n_min=3)",true,true,true,none
P-01,P01-G-0093,fixed_grid,c_r;c_d;k_r;k_d,-1.0;1.5;4.0;127.43902548550072,"quarter_window_location_lattice(step=0.25,[-1,2]) x ordered_pairs(c_r<=c_d) x geometric3_k_lattice([4,KMAX])^2","D-F2-02;D-F2-03;D-F2-04;D-F2-06a;D-F2-06b;D-F2-06c(w_min_years=5);D-F2-06d(KuralT+KuralS,n_min=3)",true,true,true,none
P-01,P01-G-0094,fixed_grid,c_r;c_d;k_r;k_d,-1.0;1.5;22.577778941738334;4.0,"quarter_window_location_lattice(step=0.25,[-1,2]) x ordered_pairs(c_r<=c_d) x geometric3_k_lattice([4,KMAX])^2","D-F2-02;D-F2-03;D-F2-04;D-F2-06a;D-F2-06b;D-F2-06c(w_min_years=5);D-F2-06d(KuralT+KuralS,n_min=3)",true,true,true,none
P-01,P01-G-0095,fixed_grid,c_r;c_d;k_r;k_d,-1.0;1.5;22.577778941738334;22.577778941738334,"quarter_window_location_lattice(step=0.25,[-1,2]) x ordered_pairs(c_r<=c_d) x geometric3_k_lattice([4,KMAX])^2","D-F2-02;D-F2-03;D-F2-04;D-F2-06a;D-F2-06b;D-F2-06c(w_min_years=5);D-F2-06d(KuralT+KuralS,n_min=3)",true,true,true,none
P-01,P01-G-0096,fixed_grid,c_r;c_d;k_r;k_d,-1.0;1.5;22.577778941738334;127.43902548550072,"quarter_window_location_lattice(step=0.25,[-1,2]) x ordered_pairs(c_r<=c_d) x geometric3_k_lattice([4,KMAX])^2","D-F2-02;D-F2-03;D-F2-04;D-F2-06a;D-F2-06b;D-F2-06c(w_min_years=5);D-F2-06d(KuralT+KuralS,n_min=3)",true,true,true,none
P-01,P01-G-0097,fixed_grid,c_r;c_d;k_r;k_d,-1.0;1.5;127.43902548550072;4.0,"quarter_window_location_lattice(step=0.25,[-1,2]) x ordered_pairs(c_r<=c_d) x geometric3_k_lattice([4,KMAX])^2","D-F2-02;D-F2-03;D-F2-04;D-F2-06a;D-F2-06b;D-F2-06c(w_min_years=5);D-F2-06d(KuralT+KuralS,n_min=3)",true,true,true,none
P-01,P01-G-0098,fixed_grid,c_r;c_d;k_r;k_d,-1.0;1.5;127.43902548550072;22.577778941738334,"quarter_window_location_lattice(step=0.25,[-1,2]) x ordered_pairs(c_r<=c_d) x geometric3_k_lattice([4,KMAX])^2","D-F2-02;D-F2-03;D-F2-04;D-F2-06a;D-F2-06b;D-F2-06c(w_min_years=5);D-F2-06d(KuralT+KuralS,n_min=3)",true,true,true,none
P-01,P01-G-0099,fixed_grid,c_r;c_d;k_r;k_d,-1.0;1.5;127.43902548550072;127.43902548550072,"quarter_window_location_lattice(step=0.25,[-1,2]) x ordered_pairs(c_r<=c_d) x geometric3_k_lattice([4,KMAX])^2","D-F2-02;D-F2-03;D-F2-04;D-F2-06a;D-F2-06b;D-F2-06c(w_min_years=5);D-F2-06d(KuralT+KuralS,n_min=3)",true,true,true,none
P-01,P01-G-0100,fixed_grid,c_r;c_d;k_r;k_d,-1.0;1.75;4.0;4.0,"quarter_window_location_lattice(step=0.25,[-1,2]) x ordered_pairs(c_r<=c_d) x geometric3_k_lattice([4,KMAX])^2","D-F2-02;D-F2-03;D-F2-04;D-F2-06a;D-F2-06b;D-F2-06c(w_min_years=5);D-F2-06d(KuralT+KuralS,n_min=3)",true,true,true,none
P-01,P01-G-0101,fixed_grid,c_r;c_d;k_r;k_d,-1.0;1.75;4.0;22.577778941738334,"quarter_window_location_lattice(step=0.25,[-1,2]) x ordered_pairs(c_r<=c_d) x geometric3_k_lattice([4,KMAX])^2","D-F2-02;D-F2-03;D-F2-04;D-F2-06a;D-F2-06b;D-F2-06c(w_min_years=5);D-F2-06d(KuralT+KuralS,n_min=3)",true,true,true,none
P-01,P01-G-0102,fixed_grid,c_r;c_d;k_r;k_d,-1.0;1.75;4.0;127.43902548550072,"quarter_window_location_lattice(step=0.25,[-1,2]) x ordered_pairs(c_r<=c_d) x geometric3_k_lattice([4,KMAX])^2","D-F2-02;D-F2-03;D-F2-04;D-F2-06a;D-F2-06b;D-F2-06c(w_min_years=5);D-F2-06d(KuralT+KuralS,n_min=3)",true,true,true,none
P-01,P01-G-0103,fixed_grid,c_r;c_d;k_r;k_d,-1.0;1.75;22.577778941738334;4.0,"quarter_window_location_lattice(step=0.25,[-1,2]) x ordered_pairs(c_r<=c_d) x geometric3_k_lattice([4,KMAX])^2","D-F2-02;D-F2-03;D-F2-04;D-F2-06a;D-F2-06b;D-F2-06c(w_min_years=5);D-F2-06d(KuralT+KuralS,n_min=3)",true,true,true,none
P-01,P01-G-0104,fixed_grid,c_r;c_d;k_r;k_d,-1.0;1.75;22.577778941738334;22.577778941738334,"quarter_window_location_lattice(step=0.25,[-1,2]) x ordered_pairs(c_r<=c_d) x geometric3_k_lattice([4,KMAX])^2","D-F2-02;D-F2-03;D-F2-04;D-F2-06a;D-F2-06b;D-F2-06c(w_min_years=5);D-F2-06d(KuralT+KuralS,n_min=3)",true,true,true,none
P-01,P01-G-0105,fixed_grid,c_r;c_d;k_r;k_d,-1.0;1.75;22.577778941738334;127.43902548550072,"quarter_window_location_lattice(step=0.25,[-1,2]) x ordered_pairs(c_r<=c_d) x geometric3_k_lattice([4,KMAX])^2","D-F2-02;D-F2-03;D-F2-04;D-F2-06a;D-F2-06b;D-F2-06c(w_min_years=5);D-F2-06d(KuralT+KuralS,n_min=3)",true,true,true,none
P-01,P01-G-0106,fixed_grid,c_r;c_d;k_r;k_d,-1.0;1.75;127.43902548550072;4.0,"quarter_window_location_lattice(step=0.25,[-1,2]) x ordered_pairs(c_r<=c_d) x geometric3_k_lattice([4,KMAX])^2","D-F2-02;D-F2-03;D-F2-04;D-F2-06a;D-F2-06b;D-F2-06c(w_min_years=5);D-F2-06d(KuralT+KuralS,n_min=3)",true,true,true,none
P-01,P01-G-0107,fixed_grid,c_r;c_d;k_r;k_d,-1.0;1.75;127.43902548550072;22.577778941738334,"quarter_window_location_lattice(step=0.25,[-1,2]) x ordered_pairs(c_r<=c_d) x geometric3_k_lattice([4,KMAX])^2","D-F2-02;D-F2-03;D-F2-04;D-F2-06a;D-F2-06b;D-F2-06c(w_min_years=5);D-F2-06d(KuralT+KuralS,n_min=3)",true,true,true,none
P-01,P01-G-0108,fixed_grid,c_r;c_d;k_r;k_d,-1.0;1.75;127.43902548550072;127.43902548550072,"quarter_window_location_lattice(step=0.25,[-1,2]) x ordered_pairs(c_r<=c_d) x geometric3_k_lattice([4,KMAX])^2","D-F2-02;D-F2-03;D-F2-04;D-F2-06a;D-F2-06b;D-F2-06c(w_min_years=5);D-F2-06d(KuralT+KuralS,n_min=3)",true,true,true,none
P-01,P01-G-0109,fixed_grid,c_r;c_d;k_r;k_d,-1.0;2.0;4.0;4.0,"quarter_window_location_lattice(step=0.25,[-1,2]) x ordered_pairs(c_r<=c_d) x geometric3_k_lattice([4,KMAX])^2","D-F2-02;D-F2-03;D-F2-04;D-F2-06a;D-F2-06b;D-F2-06c(w_min_years=5);D-F2-06d(KuralT+KuralS,n_min=3)",true,true,true,none
P-01,P01-G-0110,fixed_grid,c_r;c_d;k_r;k_d,-1.0;2.0;4.0;22.577778941738334,"quarter_window_location_lattice(step=0.25,[-1,2]) x ordered_pairs(c_r<=c_d) x geometric3_k_lattice([4,KMAX])^2","D-F2-02;D-F2-03;D-F2-04;D-F2-06a;D-F2-06b;D-F2-06c(w_min_years=5);D-F2-06d(KuralT+KuralS,n_min=3)",true,true,true,none
P-01,P01-G-0111,fixed_grid,c_r;c_d;k_r;k_d,-1.0;2.0;4.0;127.43902548550072,"quarter_window_location_lattice(step=0.25,[-1,2]) x ordered_pairs(c_r<=c_d) x geometric3_k_lattice([4,KMAX])^2","D-F2-02;D-F2-03;D-F2-04;D-F2-06a;D-F2-06b;D-F2-06c(w_min_years=5);D-F2-06d(KuralT+KuralS,n_min=3)",true,true,true,none
P-01,P01-G-0112,fixed_grid,c_r;c_d;k_r;k_d,-1.0;2.0;22.577778941738334;4.0,"quarter_window_location_lattice(step=0.25,[-1,2]) x ordered_pairs(c_r<=c_d) x geometric3_k_lattice([4,KMAX])^2","D-F2-02;D-F2-03;D-F2-04;D-F2-06a;D-F2-06b;D-F2-06c(w_min_years=5);D-F2-06d(KuralT+KuralS,n_min=3)",true,true,true,none
P-01,P01-G-0113,fixed_grid,c_r;c_d;k_r;k_d,-1.0;2.0;22.577778941738334;22.577778941738334,"quarter_window_location_lattice(step=0.25,[-1,2]) x ordered_pairs(c_r<=c_d) x geometric3_k_lattice([4,KMAX])^2","D-F2-02;D-F2-03;D-F2-04;D-F2-06a;D-F2-06b;D-F2-06c(w_min_years=5);D-F2-06d(KuralT+KuralS,n_min=3)",true,true,true,none
P-01,P01-G-0114,fixed_grid,c_r;c_d;k_r;k_d,-1.0;2.0;22.577778941738334;127.43902548550072,"quarter_window_location_lattice(step=0.25,[-1,2]) x ordered_pairs(c_r<=c_d) x geometric3_k_lattice([4,KMAX])^2","D-F2-02;D-F2-03;D-F2-04;D-F2-06a;D-F2-06b;D-F2-06c(w_min_years=5);D-F2-06d(KuralT+KuralS,n_min=3)",true,true,true,none
P-01,P01-G-0115,fixed_grid,c_r;c_d;k_r;k_d,-1.0;2.0;127.43902548550072;4.0,"quarter_window_location_lattice(step=0.25,[-1,2]) x ordered_pairs(c_r<=c_d) x geometric3_k_lattice([4,KMAX])^2","D-F2-02;D-F2-03;D-F2-04;D-F2-06a;D-F2-06b;D-F2-06c(w_min_years=5);D-F2-06d(KuralT+KuralS,n_min=3)",true,true,true,none
P-01,P01-G-0116,fixed_grid,c_r;c_d;k_r;k_d,-1.0;2.0;127.43902548550072;22.577778941738334,"quarter_window_location_lattice(step=0.25,[-1,2]) x ordered_pairs(c_r<=c_d) x geometric3_k_lattice([4,KMAX])^2","D-F2-02;D-F2-03;D-F2-04;D-F2-06a;D-F2-06b;D-F2-06c(w_min_years=5);D-F2-06d(KuralT+KuralS,n_min=3)",true,true,true,none
P-01,P01-G-0117,fixed_grid,c_r;c_d;k_r;k_d,-1.0;2.0;127.43902548550072;127.43902548550072,"quarter_window_location_lattice(step=0.25,[-1,2]) x ordered_pairs(c_r<=c_d) x geometric3_k_lattice([4,KMAX])^2","D-F2-02;D-F2-03;D-F2-04;D-F2-06a;D-F2-06b;D-F2-06c(w_min_years=5);D-F2-06d(KuralT+KuralS,n_min=3)",true,true,true,none
P-01,P01-G-0118,fixed_grid,c_r;c_d;k_r;k_d,-0.75;-0.75;4.0;4.0,"quarter_window_location_lattice(step=0.25,[-1,2]) x ordered_pairs(c_r<=c_d) x geometric3_k_lattice([4,KMAX])^2","D-F2-02;D-F2-03;D-F2-04;D-F2-06a;D-F2-06b;D-F2-06c(w_min_years=5);D-F2-06d(KuralT+KuralS,n_min=3)",true,true,true,none
P-01,P01-G-0119,fixed_grid,c_r;c_d;k_r;k_d,-0.75;-0.75;4.0;22.577778941738334,"quarter_window_location_lattice(step=0.25,[-1,2]) x ordered_pairs(c_r<=c_d) x geometric3_k_lattice([4,KMAX])^2","D-F2-02;D-F2-03;D-F2-04;D-F2-06a;D-F2-06b;D-F2-06c(w_min_years=5);D-F2-06d(KuralT+KuralS,n_min=3)",true,true,true,none
P-01,P01-G-0120,fixed_grid,c_r;c_d;k_r;k_d,-0.75;-0.75;4.0;127.43902548550072,"quarter_window_location_lattice(step=0.25,[-1,2]) x ordered_pairs(c_r<=c_d) x geometric3_k_lattice([4,KMAX])^2","D-F2-02;D-F2-03;D-F2-04;D-F2-06a;D-F2-06b;D-F2-06c(w_min_years=5);D-F2-06d(KuralT+KuralS,n_min=3)",true,false,false,KURAL_S_FAIL
P-01,P01-G-0121,fixed_grid,c_r;c_d;k_r;k_d,-0.75;-0.75;22.577778941738334;4.0,"quarter_window_location_lattice(step=0.25,[-1,2]) x ordered_pairs(c_r<=c_d) x geometric3_k_lattice([4,KMAX])^2","D-F2-02;D-F2-03;D-F2-04;D-F2-06a;D-F2-06b;D-F2-06c(w_min_years=5);D-F2-06d(KuralT+KuralS,n_min=3)",true,true,true,none
P-01,P01-G-0122,fixed_grid,c_r;c_d;k_r;k_d,-0.75;-0.75;22.577778941738334;22.577778941738334,"quarter_window_location_lattice(step=0.25,[-1,2]) x ordered_pairs(c_r<=c_d) x geometric3_k_lattice([4,KMAX])^2","D-F2-02;D-F2-03;D-F2-04;D-F2-06a;D-F2-06b;D-F2-06c(w_min_years=5);D-F2-06d(KuralT+KuralS,n_min=3)",true,true,true,none
P-01,P01-G-0123,fixed_grid,c_r;c_d;k_r;k_d,-0.75;-0.75;22.577778941738334;127.43902548550072,"quarter_window_location_lattice(step=0.25,[-1,2]) x ordered_pairs(c_r<=c_d) x geometric3_k_lattice([4,KMAX])^2","D-F2-02;D-F2-03;D-F2-04;D-F2-06a;D-F2-06b;D-F2-06c(w_min_years=5);D-F2-06d(KuralT+KuralS,n_min=3)",true,false,false,KURAL_S_FAIL
P-01,P01-G-0124,fixed_grid,c_r;c_d;k_r;k_d,-0.75;-0.75;127.43902548550072;4.0,"quarter_window_location_lattice(step=0.25,[-1,2]) x ordered_pairs(c_r<=c_d) x geometric3_k_lattice([4,KMAX])^2","D-F2-02;D-F2-03;D-F2-04;D-F2-06a;D-F2-06b;D-F2-06c(w_min_years=5);D-F2-06d(KuralT+KuralS,n_min=3)",true,true,true,none
P-01,P01-G-0125,fixed_grid,c_r;c_d;k_r;k_d,-0.75;-0.75;127.43902548550072;22.577778941738334,"quarter_window_location_lattice(step=0.25,[-1,2]) x ordered_pairs(c_r<=c_d) x geometric3_k_lattice([4,KMAX])^2","D-F2-02;D-F2-03;D-F2-04;D-F2-06a;D-F2-06b;D-F2-06c(w_min_years=5);D-F2-06d(KuralT+KuralS,n_min=3)",true,true,true,none
P-01,P01-G-0126,fixed_grid,c_r;c_d;k_r;k_d,-0.75;-0.75;127.43902548550072;127.43902548550072,"quarter_window_location_lattice(step=0.25,[-1,2]) x ordered_pairs(c_r<=c_d) x geometric3_k_lattice([4,KMAX])^2","D-F2-02;D-F2-03;D-F2-04;D-F2-06a;D-F2-06b;D-F2-06c(w_min_years=5);D-F2-06d(KuralT+KuralS,n_min=3)",true,false,false,KURAL_S_FAIL
P-01,P01-G-0127,fixed_grid,c_r;c_d;k_r;k_d,-0.75;-0.5;4.0;4.0,"quarter_window_location_lattice(step=0.25,[-1,2]) x ordered_pairs(c_r<=c_d) x geometric3_k_lattice([4,KMAX])^2","D-F2-02;D-F2-03;D-F2-04;D-F2-06a;D-F2-06b;D-F2-06c(w_min_years=5);D-F2-06d(KuralT+KuralS,n_min=3)",true,true,true,none
P-01,P01-G-0128,fixed_grid,c_r;c_d;k_r;k_d,-0.75;-0.5;4.0;22.577778941738334,"quarter_window_location_lattice(step=0.25,[-1,2]) x ordered_pairs(c_r<=c_d) x geometric3_k_lattice([4,KMAX])^2","D-F2-02;D-F2-03;D-F2-04;D-F2-06a;D-F2-06b;D-F2-06c(w_min_years=5);D-F2-06d(KuralT+KuralS,n_min=3)",true,true,true,none
P-01,P01-G-0129,fixed_grid,c_r;c_d;k_r;k_d,-0.75;-0.5;4.0;127.43902548550072,"quarter_window_location_lattice(step=0.25,[-1,2]) x ordered_pairs(c_r<=c_d) x geometric3_k_lattice([4,KMAX])^2","D-F2-02;D-F2-03;D-F2-04;D-F2-06a;D-F2-06b;D-F2-06c(w_min_years=5);D-F2-06d(KuralT+KuralS,n_min=3)",true,false,false,KURAL_S_FAIL
P-01,P01-G-0130,fixed_grid,c_r;c_d;k_r;k_d,-0.75;-0.5;22.577778941738334;4.0,"quarter_window_location_lattice(step=0.25,[-1,2]) x ordered_pairs(c_r<=c_d) x geometric3_k_lattice([4,KMAX])^2","D-F2-02;D-F2-03;D-F2-04;D-F2-06a;D-F2-06b;D-F2-06c(w_min_years=5);D-F2-06d(KuralT+KuralS,n_min=3)",true,true,true,none
P-01,P01-G-0131,fixed_grid,c_r;c_d;k_r;k_d,-0.75;-0.5;22.577778941738334;22.577778941738334,"quarter_window_location_lattice(step=0.25,[-1,2]) x ordered_pairs(c_r<=c_d) x geometric3_k_lattice([4,KMAX])^2","D-F2-02;D-F2-03;D-F2-04;D-F2-06a;D-F2-06b;D-F2-06c(w_min_years=5);D-F2-06d(KuralT+KuralS,n_min=3)",true,true,true,none
P-01,P01-G-0132,fixed_grid,c_r;c_d;k_r;k_d,-0.75;-0.5;22.577778941738334;127.43902548550072,"quarter_window_location_lattice(step=0.25,[-1,2]) x ordered_pairs(c_r<=c_d) x geometric3_k_lattice([4,KMAX])^2","D-F2-02;D-F2-03;D-F2-04;D-F2-06a;D-F2-06b;D-F2-06c(w_min_years=5);D-F2-06d(KuralT+KuralS,n_min=3)",true,false,false,KURAL_S_FAIL
P-01,P01-G-0133,fixed_grid,c_r;c_d;k_r;k_d,-0.75;-0.5;127.43902548550072;4.0,"quarter_window_location_lattice(step=0.25,[-1,2]) x ordered_pairs(c_r<=c_d) x geometric3_k_lattice([4,KMAX])^2","D-F2-02;D-F2-03;D-F2-04;D-F2-06a;D-F2-06b;D-F2-06c(w_min_years=5);D-F2-06d(KuralT+KuralS,n_min=3)",true,true,true,none
P-01,P01-G-0134,fixed_grid,c_r;c_d;k_r;k_d,-0.75;-0.5;127.43902548550072;22.577778941738334,"quarter_window_location_lattice(step=0.25,[-1,2]) x ordered_pairs(c_r<=c_d) x geometric3_k_lattice([4,KMAX])^2","D-F2-02;D-F2-03;D-F2-04;D-F2-06a;D-F2-06b;D-F2-06c(w_min_years=5);D-F2-06d(KuralT+KuralS,n_min=3)",true,true,true,none
P-01,P01-G-0135,fixed_grid,c_r;c_d;k_r;k_d,-0.75;-0.5;127.43902548550072;127.43902548550072,"quarter_window_location_lattice(step=0.25,[-1,2]) x ordered_pairs(c_r<=c_d) x geometric3_k_lattice([4,KMAX])^2","D-F2-02;D-F2-03;D-F2-04;D-F2-06a;D-F2-06b;D-F2-06c(w_min_years=5);D-F2-06d(KuralT+KuralS,n_min=3)",true,false,false,KURAL_S_FAIL
P-01,P01-G-0136,fixed_grid,c_r;c_d;k_r;k_d,-0.75;-0.25;4.0;4.0,"quarter_window_location_lattice(step=0.25,[-1,2]) x ordered_pairs(c_r<=c_d) x geometric3_k_lattice([4,KMAX])^2","D-F2-02;D-F2-03;D-F2-04;D-F2-06a;D-F2-06b;D-F2-06c(w_min_years=5);D-F2-06d(KuralT+KuralS,n_min=3)",true,true,true,none
P-01,P01-G-0137,fixed_grid,c_r;c_d;k_r;k_d,-0.75;-0.25;4.0;22.577778941738334,"quarter_window_location_lattice(step=0.25,[-1,2]) x ordered_pairs(c_r<=c_d) x geometric3_k_lattice([4,KMAX])^2","D-F2-02;D-F2-03;D-F2-04;D-F2-06a;D-F2-06b;D-F2-06c(w_min_years=5);D-F2-06d(KuralT+KuralS,n_min=3)",true,true,true,none
P-01,P01-G-0138,fixed_grid,c_r;c_d;k_r;k_d,-0.75;-0.25;4.0;127.43902548550072,"quarter_window_location_lattice(step=0.25,[-1,2]) x ordered_pairs(c_r<=c_d) x geometric3_k_lattice([4,KMAX])^2","D-F2-02;D-F2-03;D-F2-04;D-F2-06a;D-F2-06b;D-F2-06c(w_min_years=5);D-F2-06d(KuralT+KuralS,n_min=3)",true,false,false,KURAL_S_FAIL
P-01,P01-G-0139,fixed_grid,c_r;c_d;k_r;k_d,-0.75;-0.25;22.577778941738334;4.0,"quarter_window_location_lattice(step=0.25,[-1,2]) x ordered_pairs(c_r<=c_d) x geometric3_k_lattice([4,KMAX])^2","D-F2-02;D-F2-03;D-F2-04;D-F2-06a;D-F2-06b;D-F2-06c(w_min_years=5);D-F2-06d(KuralT+KuralS,n_min=3)",true,true,true,none
P-01,P01-G-0140,fixed_grid,c_r;c_d;k_r;k_d,-0.75;-0.25;22.577778941738334;22.577778941738334,"quarter_window_location_lattice(step=0.25,[-1,2]) x ordered_pairs(c_r<=c_d) x geometric3_k_lattice([4,KMAX])^2","D-F2-02;D-F2-03;D-F2-04;D-F2-06a;D-F2-06b;D-F2-06c(w_min_years=5);D-F2-06d(KuralT+KuralS,n_min=3)",true,true,true,none
P-01,P01-G-0141,fixed_grid,c_r;c_d;k_r;k_d,-0.75;-0.25;22.577778941738334;127.43902548550072,"quarter_window_location_lattice(step=0.25,[-1,2]) x ordered_pairs(c_r<=c_d) x geometric3_k_lattice([4,KMAX])^2","D-F2-02;D-F2-03;D-F2-04;D-F2-06a;D-F2-06b;D-F2-06c(w_min_years=5);D-F2-06d(KuralT+KuralS,n_min=3)",true,false,false,KURAL_S_FAIL
P-01,P01-G-0142,fixed_grid,c_r;c_d;k_r;k_d,-0.75;-0.25;127.43902548550072;4.0,"quarter_window_location_lattice(step=0.25,[-1,2]) x ordered_pairs(c_r<=c_d) x geometric3_k_lattice([4,KMAX])^2","D-F2-02;D-F2-03;D-F2-04;D-F2-06a;D-F2-06b;D-F2-06c(w_min_years=5);D-F2-06d(KuralT+KuralS,n_min=3)",true,true,true,none
P-01,P01-G-0143,fixed_grid,c_r;c_d;k_r;k_d,-0.75;-0.25;127.43902548550072;22.577778941738334,"quarter_window_location_lattice(step=0.25,[-1,2]) x ordered_pairs(c_r<=c_d) x geometric3_k_lattice([4,KMAX])^2","D-F2-02;D-F2-03;D-F2-04;D-F2-06a;D-F2-06b;D-F2-06c(w_min_years=5);D-F2-06d(KuralT+KuralS,n_min=3)",true,true,true,none
P-01,P01-G-0144,fixed_grid,c_r;c_d;k_r;k_d,-0.75;-0.25;127.43902548550072;127.43902548550072,"quarter_window_location_lattice(step=0.25,[-1,2]) x ordered_pairs(c_r<=c_d) x geometric3_k_lattice([4,KMAX])^2","D-F2-02;D-F2-03;D-F2-04;D-F2-06a;D-F2-06b;D-F2-06c(w_min_years=5);D-F2-06d(KuralT+KuralS,n_min=3)",true,false,false,KURAL_S_FAIL
P-01,P01-G-0145,fixed_grid,c_r;c_d;k_r;k_d,-0.75;0.0;4.0;4.0,"quarter_window_location_lattice(step=0.25,[-1,2]) x ordered_pairs(c_r<=c_d) x geometric3_k_lattice([4,KMAX])^2","D-F2-02;D-F2-03;D-F2-04;D-F2-06a;D-F2-06b;D-F2-06c(w_min_years=5);D-F2-06d(KuralT+KuralS,n_min=3)",true,true,true,none
P-01,P01-G-0146,fixed_grid,c_r;c_d;k_r;k_d,-0.75;0.0;4.0;22.577778941738334,"quarter_window_location_lattice(step=0.25,[-1,2]) x ordered_pairs(c_r<=c_d) x geometric3_k_lattice([4,KMAX])^2","D-F2-02;D-F2-03;D-F2-04;D-F2-06a;D-F2-06b;D-F2-06c(w_min_years=5);D-F2-06d(KuralT+KuralS,n_min=3)",true,true,true,none
P-01,P01-G-0147,fixed_grid,c_r;c_d;k_r;k_d,-0.75;0.0;4.0;127.43902548550072,"quarter_window_location_lattice(step=0.25,[-1,2]) x ordered_pairs(c_r<=c_d) x geometric3_k_lattice([4,KMAX])^2","D-F2-02;D-F2-03;D-F2-04;D-F2-06a;D-F2-06b;D-F2-06c(w_min_years=5);D-F2-06d(KuralT+KuralS,n_min=3)",true,false,false,KURAL_S_FAIL
P-01,P01-G-0148,fixed_grid,c_r;c_d;k_r;k_d,-0.75;0.0;22.577778941738334;4.0,"quarter_window_location_lattice(step=0.25,[-1,2]) x ordered_pairs(c_r<=c_d) x geometric3_k_lattice([4,KMAX])^2","D-F2-02;D-F2-03;D-F2-04;D-F2-06a;D-F2-06b;D-F2-06c(w_min_years=5);D-F2-06d(KuralT+KuralS,n_min=3)",true,true,true,none
P-01,P01-G-0149,fixed_grid,c_r;c_d;k_r;k_d,-0.75;0.0;22.577778941738334;22.577778941738334,"quarter_window_location_lattice(step=0.25,[-1,2]) x ordered_pairs(c_r<=c_d) x geometric3_k_lattice([4,KMAX])^2","D-F2-02;D-F2-03;D-F2-04;D-F2-06a;D-F2-06b;D-F2-06c(w_min_years=5);D-F2-06d(KuralT+KuralS,n_min=3)",true,true,true,none
P-01,P01-G-0150,fixed_grid,c_r;c_d;k_r;k_d,-0.75;0.0;22.577778941738334;127.43902548550072,"quarter_window_location_lattice(step=0.25,[-1,2]) x ordered_pairs(c_r<=c_d) x geometric3_k_lattice([4,KMAX])^2","D-F2-02;D-F2-03;D-F2-04;D-F2-06a;D-F2-06b;D-F2-06c(w_min_years=5);D-F2-06d(KuralT+KuralS,n_min=3)",true,false,false,KURAL_S_FAIL
P-01,P01-G-0151,fixed_grid,c_r;c_d;k_r;k_d,-0.75;0.0;127.43902548550072;4.0,"quarter_window_location_lattice(step=0.25,[-1,2]) x ordered_pairs(c_r<=c_d) x geometric3_k_lattice([4,KMAX])^2","D-F2-02;D-F2-03;D-F2-04;D-F2-06a;D-F2-06b;D-F2-06c(w_min_years=5);D-F2-06d(KuralT+KuralS,n_min=3)",true,true,true,none
P-01,P01-G-0152,fixed_grid,c_r;c_d;k_r;k_d,-0.75;0.0;127.43902548550072;22.577778941738334,"quarter_window_location_lattice(step=0.25,[-1,2]) x ordered_pairs(c_r<=c_d) x geometric3_k_lattice([4,KMAX])^2","D-F2-02;D-F2-03;D-F2-04;D-F2-06a;D-F2-06b;D-F2-06c(w_min_years=5);D-F2-06d(KuralT+KuralS,n_min=3)",true,true,true,none
P-01,P01-G-0153,fixed_grid,c_r;c_d;k_r;k_d,-0.75;0.0;127.43902548550072;127.43902548550072,"quarter_window_location_lattice(step=0.25,[-1,2]) x ordered_pairs(c_r<=c_d) x geometric3_k_lattice([4,KMAX])^2","D-F2-02;D-F2-03;D-F2-04;D-F2-06a;D-F2-06b;D-F2-06c(w_min_years=5);D-F2-06d(KuralT+KuralS,n_min=3)",true,false,false,KURAL_S_FAIL
P-01,P01-G-0154,fixed_grid,c_r;c_d;k_r;k_d,-0.75;0.25;4.0;4.0,"quarter_window_location_lattice(step=0.25,[-1,2]) x ordered_pairs(c_r<=c_d) x geometric3_k_lattice([4,KMAX])^2","D-F2-02;D-F2-03;D-F2-04;D-F2-06a;D-F2-06b;D-F2-06c(w_min_years=5);D-F2-06d(KuralT+KuralS,n_min=3)",true,true,true,none
P-01,P01-G-0155,fixed_grid,c_r;c_d;k_r;k_d,-0.75;0.25;4.0;22.577778941738334,"quarter_window_location_lattice(step=0.25,[-1,2]) x ordered_pairs(c_r<=c_d) x geometric3_k_lattice([4,KMAX])^2","D-F2-02;D-F2-03;D-F2-04;D-F2-06a;D-F2-06b;D-F2-06c(w_min_years=5);D-F2-06d(KuralT+KuralS,n_min=3)",true,true,true,none
P-01,P01-G-0156,fixed_grid,c_r;c_d;k_r;k_d,-0.75;0.25;4.0;127.43902548550072,"quarter_window_location_lattice(step=0.25,[-1,2]) x ordered_pairs(c_r<=c_d) x geometric3_k_lattice([4,KMAX])^2","D-F2-02;D-F2-03;D-F2-04;D-F2-06a;D-F2-06b;D-F2-06c(w_min_years=5);D-F2-06d(KuralT+KuralS,n_min=3)",true,true,true,none
P-01,P01-G-0157,fixed_grid,c_r;c_d;k_r;k_d,-0.75;0.25;22.577778941738334;4.0,"quarter_window_location_lattice(step=0.25,[-1,2]) x ordered_pairs(c_r<=c_d) x geometric3_k_lattice([4,KMAX])^2","D-F2-02;D-F2-03;D-F2-04;D-F2-06a;D-F2-06b;D-F2-06c(w_min_years=5);D-F2-06d(KuralT+KuralS,n_min=3)",true,true,true,none
P-01,P01-G-0158,fixed_grid,c_r;c_d;k_r;k_d,-0.75;0.25;22.577778941738334;22.577778941738334,"quarter_window_location_lattice(step=0.25,[-1,2]) x ordered_pairs(c_r<=c_d) x geometric3_k_lattice([4,KMAX])^2","D-F2-02;D-F2-03;D-F2-04;D-F2-06a;D-F2-06b;D-F2-06c(w_min_years=5);D-F2-06d(KuralT+KuralS,n_min=3)",true,true,true,none
P-01,P01-G-0159,fixed_grid,c_r;c_d;k_r;k_d,-0.75;0.25;22.577778941738334;127.43902548550072,"quarter_window_location_lattice(step=0.25,[-1,2]) x ordered_pairs(c_r<=c_d) x geometric3_k_lattice([4,KMAX])^2","D-F2-02;D-F2-03;D-F2-04;D-F2-06a;D-F2-06b;D-F2-06c(w_min_years=5);D-F2-06d(KuralT+KuralS,n_min=3)",true,true,true,none
P-01,P01-G-0160,fixed_grid,c_r;c_d;k_r;k_d,-0.75;0.25;127.43902548550072;4.0,"quarter_window_location_lattice(step=0.25,[-1,2]) x ordered_pairs(c_r<=c_d) x geometric3_k_lattice([4,KMAX])^2","D-F2-02;D-F2-03;D-F2-04;D-F2-06a;D-F2-06b;D-F2-06c(w_min_years=5);D-F2-06d(KuralT+KuralS,n_min=3)",true,true,true,none
P-01,P01-G-0161,fixed_grid,c_r;c_d;k_r;k_d,-0.75;0.25;127.43902548550072;22.577778941738334,"quarter_window_location_lattice(step=0.25,[-1,2]) x ordered_pairs(c_r<=c_d) x geometric3_k_lattice([4,KMAX])^2","D-F2-02;D-F2-03;D-F2-04;D-F2-06a;D-F2-06b;D-F2-06c(w_min_years=5);D-F2-06d(KuralT+KuralS,n_min=3)",true,true,true,none
P-01,P01-G-0162,fixed_grid,c_r;c_d;k_r;k_d,-0.75;0.25;127.43902548550072;127.43902548550072,"quarter_window_location_lattice(step=0.25,[-1,2]) x ordered_pairs(c_r<=c_d) x geometric3_k_lattice([4,KMAX])^2","D-F2-02;D-F2-03;D-F2-04;D-F2-06a;D-F2-06b;D-F2-06c(w_min_years=5);D-F2-06d(KuralT+KuralS,n_min=3)",true,true,true,none
P-01,P01-G-0163,fixed_grid,c_r;c_d;k_r;k_d,-0.75;0.5;4.0;4.0,"quarter_window_location_lattice(step=0.25,[-1,2]) x ordered_pairs(c_r<=c_d) x geometric3_k_lattice([4,KMAX])^2","D-F2-02;D-F2-03;D-F2-04;D-F2-06a;D-F2-06b;D-F2-06c(w_min_years=5);D-F2-06d(KuralT+KuralS,n_min=3)",true,true,true,none
P-01,P01-G-0164,fixed_grid,c_r;c_d;k_r;k_d,-0.75;0.5;4.0;22.577778941738334,"quarter_window_location_lattice(step=0.25,[-1,2]) x ordered_pairs(c_r<=c_d) x geometric3_k_lattice([4,KMAX])^2","D-F2-02;D-F2-03;D-F2-04;D-F2-06a;D-F2-06b;D-F2-06c(w_min_years=5);D-F2-06d(KuralT+KuralS,n_min=3)",true,true,true,none
P-01,P01-G-0165,fixed_grid,c_r;c_d;k_r;k_d,-0.75;0.5;4.0;127.43902548550072,"quarter_window_location_lattice(step=0.25,[-1,2]) x ordered_pairs(c_r<=c_d) x geometric3_k_lattice([4,KMAX])^2","D-F2-02;D-F2-03;D-F2-04;D-F2-06a;D-F2-06b;D-F2-06c(w_min_years=5);D-F2-06d(KuralT+KuralS,n_min=3)",true,true,true,none
P-01,P01-G-0166,fixed_grid,c_r;c_d;k_r;k_d,-0.75;0.5;22.577778941738334;4.0,"quarter_window_location_lattice(step=0.25,[-1,2]) x ordered_pairs(c_r<=c_d) x geometric3_k_lattice([4,KMAX])^2","D-F2-02;D-F2-03;D-F2-04;D-F2-06a;D-F2-06b;D-F2-06c(w_min_years=5);D-F2-06d(KuralT+KuralS,n_min=3)",true,true,true,none
P-01,P01-G-0167,fixed_grid,c_r;c_d;k_r;k_d,-0.75;0.5;22.577778941738334;22.577778941738334,"quarter_window_location_lattice(step=0.25,[-1,2]) x ordered_pairs(c_r<=c_d) x geometric3_k_lattice([4,KMAX])^2","D-F2-02;D-F2-03;D-F2-04;D-F2-06a;D-F2-06b;D-F2-06c(w_min_years=5);D-F2-06d(KuralT+KuralS,n_min=3)",true,true,true,none
P-01,P01-G-0168,fixed_grid,c_r;c_d;k_r;k_d,-0.75;0.5;22.577778941738334;127.43902548550072,"quarter_window_location_lattice(step=0.25,[-1,2]) x ordered_pairs(c_r<=c_d) x geometric3_k_lattice([4,KMAX])^2","D-F2-02;D-F2-03;D-F2-04;D-F2-06a;D-F2-06b;D-F2-06c(w_min_years=5);D-F2-06d(KuralT+KuralS,n_min=3)",true,true,true,none
P-01,P01-G-0169,fixed_grid,c_r;c_d;k_r;k_d,-0.75;0.5;127.43902548550072;4.0,"quarter_window_location_lattice(step=0.25,[-1,2]) x ordered_pairs(c_r<=c_d) x geometric3_k_lattice([4,KMAX])^2","D-F2-02;D-F2-03;D-F2-04;D-F2-06a;D-F2-06b;D-F2-06c(w_min_years=5);D-F2-06d(KuralT+KuralS,n_min=3)",true,true,true,none
P-01,P01-G-0170,fixed_grid,c_r;c_d;k_r;k_d,-0.75;0.5;127.43902548550072;22.577778941738334,"quarter_window_location_lattice(step=0.25,[-1,2]) x ordered_pairs(c_r<=c_d) x geometric3_k_lattice([4,KMAX])^2","D-F2-02;D-F2-03;D-F2-04;D-F2-06a;D-F2-06b;D-F2-06c(w_min_years=5);D-F2-06d(KuralT+KuralS,n_min=3)",true,true,true,none
P-01,P01-G-0171,fixed_grid,c_r;c_d;k_r;k_d,-0.75;0.5;127.43902548550072;127.43902548550072,"quarter_window_location_lattice(step=0.25,[-1,2]) x ordered_pairs(c_r<=c_d) x geometric3_k_lattice([4,KMAX])^2","D-F2-02;D-F2-03;D-F2-04;D-F2-06a;D-F2-06b;D-F2-06c(w_min_years=5);D-F2-06d(KuralT+KuralS,n_min=3)",true,true,true,none
P-01,P01-G-0172,fixed_grid,c_r;c_d;k_r;k_d,-0.75;0.75;4.0;4.0,"quarter_window_location_lattice(step=0.25,[-1,2]) x ordered_pairs(c_r<=c_d) x geometric3_k_lattice([4,KMAX])^2","D-F2-02;D-F2-03;D-F2-04;D-F2-06a;D-F2-06b;D-F2-06c(w_min_years=5);D-F2-06d(KuralT+KuralS,n_min=3)",true,true,true,none
P-01,P01-G-0173,fixed_grid,c_r;c_d;k_r;k_d,-0.75;0.75;4.0;22.577778941738334,"quarter_window_location_lattice(step=0.25,[-1,2]) x ordered_pairs(c_r<=c_d) x geometric3_k_lattice([4,KMAX])^2","D-F2-02;D-F2-03;D-F2-04;D-F2-06a;D-F2-06b;D-F2-06c(w_min_years=5);D-F2-06d(KuralT+KuralS,n_min=3)",true,true,true,none
P-01,P01-G-0174,fixed_grid,c_r;c_d;k_r;k_d,-0.75;0.75;4.0;127.43902548550072,"quarter_window_location_lattice(step=0.25,[-1,2]) x ordered_pairs(c_r<=c_d) x geometric3_k_lattice([4,KMAX])^2","D-F2-02;D-F2-03;D-F2-04;D-F2-06a;D-F2-06b;D-F2-06c(w_min_years=5);D-F2-06d(KuralT+KuralS,n_min=3)",true,true,true,none
P-01,P01-G-0175,fixed_grid,c_r;c_d;k_r;k_d,-0.75;0.75;22.577778941738334;4.0,"quarter_window_location_lattice(step=0.25,[-1,2]) x ordered_pairs(c_r<=c_d) x geometric3_k_lattice([4,KMAX])^2","D-F2-02;D-F2-03;D-F2-04;D-F2-06a;D-F2-06b;D-F2-06c(w_min_years=5);D-F2-06d(KuralT+KuralS,n_min=3)",true,true,true,none
P-01,P01-G-0176,fixed_grid,c_r;c_d;k_r;k_d,-0.75;0.75;22.577778941738334;22.577778941738334,"quarter_window_location_lattice(step=0.25,[-1,2]) x ordered_pairs(c_r<=c_d) x geometric3_k_lattice([4,KMAX])^2","D-F2-02;D-F2-03;D-F2-04;D-F2-06a;D-F2-06b;D-F2-06c(w_min_years=5);D-F2-06d(KuralT+KuralS,n_min=3)",true,true,true,none
P-01,P01-G-0177,fixed_grid,c_r;c_d;k_r;k_d,-0.75;0.75;22.577778941738334;127.43902548550072,"quarter_window_location_lattice(step=0.25,[-1,2]) x ordered_pairs(c_r<=c_d) x geometric3_k_lattice([4,KMAX])^2","D-F2-02;D-F2-03;D-F2-04;D-F2-06a;D-F2-06b;D-F2-06c(w_min_years=5);D-F2-06d(KuralT+KuralS,n_min=3)",true,true,true,none
P-01,P01-G-0178,fixed_grid,c_r;c_d;k_r;k_d,-0.75;0.75;127.43902548550072;4.0,"quarter_window_location_lattice(step=0.25,[-1,2]) x ordered_pairs(c_r<=c_d) x geometric3_k_lattice([4,KMAX])^2","D-F2-02;D-F2-03;D-F2-04;D-F2-06a;D-F2-06b;D-F2-06c(w_min_years=5);D-F2-06d(KuralT+KuralS,n_min=3)",true,true,true,none
P-01,P01-G-0179,fixed_grid,c_r;c_d;k_r;k_d,-0.75;0.75;127.43902548550072;22.577778941738334,"quarter_window_location_lattice(step=0.25,[-1,2]) x ordered_pairs(c_r<=c_d) x geometric3_k_lattice([4,KMAX])^2","D-F2-02;D-F2-03;D-F2-04;D-F2-06a;D-F2-06b;D-F2-06c(w_min_years=5);D-F2-06d(KuralT+KuralS,n_min=3)",true,true,true,none
P-01,P01-G-0180,fixed_grid,c_r;c_d;k_r;k_d,-0.75;0.75;127.43902548550072;127.43902548550072,"quarter_window_location_lattice(step=0.25,[-1,2]) x ordered_pairs(c_r<=c_d) x geometric3_k_lattice([4,KMAX])^2","D-F2-02;D-F2-03;D-F2-04;D-F2-06a;D-F2-06b;D-F2-06c(w_min_years=5);D-F2-06d(KuralT+KuralS,n_min=3)",true,true,true,none
P-01,P01-G-0181,fixed_grid,c_r;c_d;k_r;k_d,-0.75;1.0;4.0;4.0,"quarter_window_location_lattice(step=0.25,[-1,2]) x ordered_pairs(c_r<=c_d) x geometric3_k_lattice([4,KMAX])^2","D-F2-02;D-F2-03;D-F2-04;D-F2-06a;D-F2-06b;D-F2-06c(w_min_years=5);D-F2-06d(KuralT+KuralS,n_min=3)",true,true,true,none
P-01,P01-G-0182,fixed_grid,c_r;c_d;k_r;k_d,-0.75;1.0;4.0;22.577778941738334,"quarter_window_location_lattice(step=0.25,[-1,2]) x ordered_pairs(c_r<=c_d) x geometric3_k_lattice([4,KMAX])^2","D-F2-02;D-F2-03;D-F2-04;D-F2-06a;D-F2-06b;D-F2-06c(w_min_years=5);D-F2-06d(KuralT+KuralS,n_min=3)",true,true,true,none
P-01,P01-G-0183,fixed_grid,c_r;c_d;k_r;k_d,-0.75;1.0;4.0;127.43902548550072,"quarter_window_location_lattice(step=0.25,[-1,2]) x ordered_pairs(c_r<=c_d) x geometric3_k_lattice([4,KMAX])^2","D-F2-02;D-F2-03;D-F2-04;D-F2-06a;D-F2-06b;D-F2-06c(w_min_years=5);D-F2-06d(KuralT+KuralS,n_min=3)",true,true,true,none
P-01,P01-G-0184,fixed_grid,c_r;c_d;k_r;k_d,-0.75;1.0;22.577778941738334;4.0,"quarter_window_location_lattice(step=0.25,[-1,2]) x ordered_pairs(c_r<=c_d) x geometric3_k_lattice([4,KMAX])^2","D-F2-02;D-F2-03;D-F2-04;D-F2-06a;D-F2-06b;D-F2-06c(w_min_years=5);D-F2-06d(KuralT+KuralS,n_min=3)",true,true,true,none
P-01,P01-G-0185,fixed_grid,c_r;c_d;k_r;k_d,-0.75;1.0;22.577778941738334;22.577778941738334,"quarter_window_location_lattice(step=0.25,[-1,2]) x ordered_pairs(c_r<=c_d) x geometric3_k_lattice([4,KMAX])^2","D-F2-02;D-F2-03;D-F2-04;D-F2-06a;D-F2-06b;D-F2-06c(w_min_years=5);D-F2-06d(KuralT+KuralS,n_min=3)",true,true,true,none
P-01,P01-G-0186,fixed_grid,c_r;c_d;k_r;k_d,-0.75;1.0;22.577778941738334;127.43902548550072,"quarter_window_location_lattice(step=0.25,[-1,2]) x ordered_pairs(c_r<=c_d) x geometric3_k_lattice([4,KMAX])^2","D-F2-02;D-F2-03;D-F2-04;D-F2-06a;D-F2-06b;D-F2-06c(w_min_years=5);D-F2-06d(KuralT+KuralS,n_min=3)",true,true,true,none
P-01,P01-G-0187,fixed_grid,c_r;c_d;k_r;k_d,-0.75;1.0;127.43902548550072;4.0,"quarter_window_location_lattice(step=0.25,[-1,2]) x ordered_pairs(c_r<=c_d) x geometric3_k_lattice([4,KMAX])^2","D-F2-02;D-F2-03;D-F2-04;D-F2-06a;D-F2-06b;D-F2-06c(w_min_years=5);D-F2-06d(KuralT+KuralS,n_min=3)",true,true,true,none
P-01,P01-G-0188,fixed_grid,c_r;c_d;k_r;k_d,-0.75;1.0;127.43902548550072;22.577778941738334,"quarter_window_location_lattice(step=0.25,[-1,2]) x ordered_pairs(c_r<=c_d) x geometric3_k_lattice([4,KMAX])^2","D-F2-02;D-F2-03;D-F2-04;D-F2-06a;D-F2-06b;D-F2-06c(w_min_years=5);D-F2-06d(KuralT+KuralS,n_min=3)",true,true,true,none
P-01,P01-G-0189,fixed_grid,c_r;c_d;k_r;k_d,-0.75;1.0;127.43902548550072;127.43902548550072,"quarter_window_location_lattice(step=0.25,[-1,2]) x ordered_pairs(c_r<=c_d) x geometric3_k_lattice([4,KMAX])^2","D-F2-02;D-F2-03;D-F2-04;D-F2-06a;D-F2-06b;D-F2-06c(w_min_years=5);D-F2-06d(KuralT+KuralS,n_min=3)",true,true,true,none
P-01,P01-G-0190,fixed_grid,c_r;c_d;k_r;k_d,-0.75;1.25;4.0;4.0,"quarter_window_location_lattice(step=0.25,[-1,2]) x ordered_pairs(c_r<=c_d) x geometric3_k_lattice([4,KMAX])^2","D-F2-02;D-F2-03;D-F2-04;D-F2-06a;D-F2-06b;D-F2-06c(w_min_years=5);D-F2-06d(KuralT+KuralS,n_min=3)",true,true,true,none
P-01,P01-G-0191,fixed_grid,c_r;c_d;k_r;k_d,-0.75;1.25;4.0;22.577778941738334,"quarter_window_location_lattice(step=0.25,[-1,2]) x ordered_pairs(c_r<=c_d) x geometric3_k_lattice([4,KMAX])^2","D-F2-02;D-F2-03;D-F2-04;D-F2-06a;D-F2-06b;D-F2-06c(w_min_years=5);D-F2-06d(KuralT+KuralS,n_min=3)",true,true,true,none
P-01,P01-G-0192,fixed_grid,c_r;c_d;k_r;k_d,-0.75;1.25;4.0;127.43902548550072,"quarter_window_location_lattice(step=0.25,[-1,2]) x ordered_pairs(c_r<=c_d) x geometric3_k_lattice([4,KMAX])^2","D-F2-02;D-F2-03;D-F2-04;D-F2-06a;D-F2-06b;D-F2-06c(w_min_years=5);D-F2-06d(KuralT+KuralS,n_min=3)",true,true,true,none
P-01,P01-G-0193,fixed_grid,c_r;c_d;k_r;k_d,-0.75;1.25;22.577778941738334;4.0,"quarter_window_location_lattice(step=0.25,[-1,2]) x ordered_pairs(c_r<=c_d) x geometric3_k_lattice([4,KMAX])^2","D-F2-02;D-F2-03;D-F2-04;D-F2-06a;D-F2-06b;D-F2-06c(w_min_years=5);D-F2-06d(KuralT+KuralS,n_min=3)",true,true,true,none
P-01,P01-G-0194,fixed_grid,c_r;c_d;k_r;k_d,-0.75;1.25;22.577778941738334;22.577778941738334,"quarter_window_location_lattice(step=0.25,[-1,2]) x ordered_pairs(c_r<=c_d) x geometric3_k_lattice([4,KMAX])^2","D-F2-02;D-F2-03;D-F2-04;D-F2-06a;D-F2-06b;D-F2-06c(w_min_years=5);D-F2-06d(KuralT+KuralS,n_min=3)",true,true,true,none
P-01,P01-G-0195,fixed_grid,c_r;c_d;k_r;k_d,-0.75;1.25;22.577778941738334;127.43902548550072,"quarter_window_location_lattice(step=0.25,[-1,2]) x ordered_pairs(c_r<=c_d) x geometric3_k_lattice([4,KMAX])^2","D-F2-02;D-F2-03;D-F2-04;D-F2-06a;D-F2-06b;D-F2-06c(w_min_years=5);D-F2-06d(KuralT+KuralS,n_min=3)",true,true,true,none
P-01,P01-G-0196,fixed_grid,c_r;c_d;k_r;k_d,-0.75;1.25;127.43902548550072;4.0,"quarter_window_location_lattice(step=0.25,[-1,2]) x ordered_pairs(c_r<=c_d) x geometric3_k_lattice([4,KMAX])^2","D-F2-02;D-F2-03;D-F2-04;D-F2-06a;D-F2-06b;D-F2-06c(w_min_years=5);D-F2-06d(KuralT+KuralS,n_min=3)",true,true,true,none
P-01,P01-G-0197,fixed_grid,c_r;c_d;k_r;k_d,-0.75;1.25;127.43902548550072;22.577778941738334,"quarter_window_location_lattice(step=0.25,[-1,2]) x ordered_pairs(c_r<=c_d) x geometric3_k_lattice([4,KMAX])^2","D-F2-02;D-F2-03;D-F2-04;D-F2-06a;D-F2-06b;D-F2-06c(w_min_years=5);D-F2-06d(KuralT+KuralS,n_min=3)",true,true,true,none
P-01,P01-G-0198,fixed_grid,c_r;c_d;k_r;k_d,-0.75;1.25;127.43902548550072;127.43902548550072,"quarter_window_location_lattice(step=0.25,[-1,2]) x ordered_pairs(c_r<=c_d) x geometric3_k_lattice([4,KMAX])^2","D-F2-02;D-F2-03;D-F2-04;D-F2-06a;D-F2-06b;D-F2-06c(w_min_years=5);D-F2-06d(KuralT+KuralS,n_min=3)",true,true,true,none
P-01,P01-G-0199,fixed_grid,c_r;c_d;k_r;k_d,-0.75;1.5;4.0;4.0,"quarter_window_location_lattice(step=0.25,[-1,2]) x ordered_pairs(c_r<=c_d) x geometric3_k_lattice([4,KMAX])^2","D-F2-02;D-F2-03;D-F2-04;D-F2-06a;D-F2-06b;D-F2-06c(w_min_years=5);D-F2-06d(KuralT+KuralS,n_min=3)",true,true,true,none
P-01,P01-G-0200,fixed_grid,c_r;c_d;k_r;k_d,-0.75;1.5;4.0;22.577778941738334,"quarter_window_location_lattice(step=0.25,[-1,2]) x ordered_pairs(c_r<=c_d) x geometric3_k_lattice([4,KMAX])^2","D-F2-02;D-F2-03;D-F2-04;D-F2-06a;D-F2-06b;D-F2-06c(w_min_years=5);D-F2-06d(KuralT+KuralS,n_min=3)",true,true,true,none
P-01,P01-G-0201,fixed_grid,c_r;c_d;k_r;k_d,-0.75;1.5;4.0;127.43902548550072,"quarter_window_location_lattice(step=0.25,[-1,2]) x ordered_pairs(c_r<=c_d) x geometric3_k_lattice([4,KMAX])^2","D-F2-02;D-F2-03;D-F2-04;D-F2-06a;D-F2-06b;D-F2-06c(w_min_years=5);D-F2-06d(KuralT+KuralS,n_min=3)",true,true,true,none
P-01,P01-G-0202,fixed_grid,c_r;c_d;k_r;k_d,-0.75;1.5;22.577778941738334;4.0,"quarter_window_location_lattice(step=0.25,[-1,2]) x ordered_pairs(c_r<=c_d) x geometric3_k_lattice([4,KMAX])^2","D-F2-02;D-F2-03;D-F2-04;D-F2-06a;D-F2-06b;D-F2-06c(w_min_years=5);D-F2-06d(KuralT+KuralS,n_min=3)",true,true,true,none
P-01,P01-G-0203,fixed_grid,c_r;c_d;k_r;k_d,-0.75;1.5;22.577778941738334;22.577778941738334,"quarter_window_location_lattice(step=0.25,[-1,2]) x ordered_pairs(c_r<=c_d) x geometric3_k_lattice([4,KMAX])^2","D-F2-02;D-F2-03;D-F2-04;D-F2-06a;D-F2-06b;D-F2-06c(w_min_years=5);D-F2-06d(KuralT+KuralS,n_min=3)",true,true,true,none
P-01,P01-G-0204,fixed_grid,c_r;c_d;k_r;k_d,-0.75;1.5;22.577778941738334;127.43902548550072,"quarter_window_location_lattice(step=0.25,[-1,2]) x ordered_pairs(c_r<=c_d) x geometric3_k_lattice([4,KMAX])^2","D-F2-02;D-F2-03;D-F2-04;D-F2-06a;D-F2-06b;D-F2-06c(w_min_years=5);D-F2-06d(KuralT+KuralS,n_min=3)",true,true,true,none
P-01,P01-G-0205,fixed_grid,c_r;c_d;k_r;k_d,-0.75;1.5;127.43902548550072;4.0,"quarter_window_location_lattice(step=0.25,[-1,2]) x ordered_pairs(c_r<=c_d) x geometric3_k_lattice([4,KMAX])^2","D-F2-02;D-F2-03;D-F2-04;D-F2-06a;D-F2-06b;D-F2-06c(w_min_years=5);D-F2-06d(KuralT+KuralS,n_min=3)",true,true,true,none
P-01,P01-G-0206,fixed_grid,c_r;c_d;k_r;k_d,-0.75;1.5;127.43902548550072;22.577778941738334,"quarter_window_location_lattice(step=0.25,[-1,2]) x ordered_pairs(c_r<=c_d) x geometric3_k_lattice([4,KMAX])^2","D-F2-02;D-F2-03;D-F2-04;D-F2-06a;D-F2-06b;D-F2-06c(w_min_years=5);D-F2-06d(KuralT+KuralS,n_min=3)",true,true,true,none
P-01,P01-G-0207,fixed_grid,c_r;c_d;k_r;k_d,-0.75;1.5;127.43902548550072;127.43902548550072,"quarter_window_location_lattice(step=0.25,[-1,2]) x ordered_pairs(c_r<=c_d) x geometric3_k_lattice([4,KMAX])^2","D-F2-02;D-F2-03;D-F2-04;D-F2-06a;D-F2-06b;D-F2-06c(w_min_years=5);D-F2-06d(KuralT+KuralS,n_min=3)",true,true,true,none
P-01,P01-G-0208,fixed_grid,c_r;c_d;k_r;k_d,-0.75;1.75;4.0;4.0,"quarter_window_location_lattice(step=0.25,[-1,2]) x ordered_pairs(c_r<=c_d) x geometric3_k_lattice([4,KMAX])^2","D-F2-02;D-F2-03;D-F2-04;D-F2-06a;D-F2-06b;D-F2-06c(w_min_years=5);D-F2-06d(KuralT+KuralS,n_min=3)",true,true,true,none
P-01,P01-G-0209,fixed_grid,c_r;c_d;k_r;k_d,-0.75;1.75;4.0;22.577778941738334,"quarter_window_location_lattice(step=0.25,[-1,2]) x ordered_pairs(c_r<=c_d) x geometric3_k_lattice([4,KMAX])^2","D-F2-02;D-F2-03;D-F2-04;D-F2-06a;D-F2-06b;D-F2-06c(w_min_years=5);D-F2-06d(KuralT+KuralS,n_min=3)",true,true,true,none
P-01,P01-G-0210,fixed_grid,c_r;c_d;k_r;k_d,-0.75;1.75;4.0;127.43902548550072,"quarter_window_location_lattice(step=0.25,[-1,2]) x ordered_pairs(c_r<=c_d) x geometric3_k_lattice([4,KMAX])^2","D-F2-02;D-F2-03;D-F2-04;D-F2-06a;D-F2-06b;D-F2-06c(w_min_years=5);D-F2-06d(KuralT+KuralS,n_min=3)",true,true,true,none
P-01,P01-G-0211,fixed_grid,c_r;c_d;k_r;k_d,-0.75;1.75;22.577778941738334;4.0,"quarter_window_location_lattice(step=0.25,[-1,2]) x ordered_pairs(c_r<=c_d) x geometric3_k_lattice([4,KMAX])^2","D-F2-02;D-F2-03;D-F2-04;D-F2-06a;D-F2-06b;D-F2-06c(w_min_years=5);D-F2-06d(KuralT+KuralS,n_min=3)",true,true,true,none
P-01,P01-G-0212,fixed_grid,c_r;c_d;k_r;k_d,-0.75;1.75;22.577778941738334;22.577778941738334,"quarter_window_location_lattice(step=0.25,[-1,2]) x ordered_pairs(c_r<=c_d) x geometric3_k_lattice([4,KMAX])^2","D-F2-02;D-F2-03;D-F2-04;D-F2-06a;D-F2-06b;D-F2-06c(w_min_years=5);D-F2-06d(KuralT+KuralS,n_min=3)",true,true,true,none
P-01,P01-G-0213,fixed_grid,c_r;c_d;k_r;k_d,-0.75;1.75;22.577778941738334;127.43902548550072,"quarter_window_location_lattice(step=0.25,[-1,2]) x ordered_pairs(c_r<=c_d) x geometric3_k_lattice([4,KMAX])^2","D-F2-02;D-F2-03;D-F2-04;D-F2-06a;D-F2-06b;D-F2-06c(w_min_years=5);D-F2-06d(KuralT+KuralS,n_min=3)",true,true,true,none
P-01,P01-G-0214,fixed_grid,c_r;c_d;k_r;k_d,-0.75;1.75;127.43902548550072;4.0,"quarter_window_location_lattice(step=0.25,[-1,2]) x ordered_pairs(c_r<=c_d) x geometric3_k_lattice([4,KMAX])^2","D-F2-02;D-F2-03;D-F2-04;D-F2-06a;D-F2-06b;D-F2-06c(w_min_years=5);D-F2-06d(KuralT+KuralS,n_min=3)",true,true,true,none
P-01,P01-G-0215,fixed_grid,c_r;c_d;k_r;k_d,-0.75;1.75;127.43902548550072;22.577778941738334,"quarter_window_location_lattice(step=0.25,[-1,2]) x ordered_pairs(c_r<=c_d) x geometric3_k_lattice([4,KMAX])^2","D-F2-02;D-F2-03;D-F2-04;D-F2-06a;D-F2-06b;D-F2-06c(w_min_years=5);D-F2-06d(KuralT+KuralS,n_min=3)",true,true,true,none
P-01,P01-G-0216,fixed_grid,c_r;c_d;k_r;k_d,-0.75;1.75;127.43902548550072;127.43902548550072,"quarter_window_location_lattice(step=0.25,[-1,2]) x ordered_pairs(c_r<=c_d) x geometric3_k_lattice([4,KMAX])^2","D-F2-02;D-F2-03;D-F2-04;D-F2-06a;D-F2-06b;D-F2-06c(w_min_years=5);D-F2-06d(KuralT+KuralS,n_min=3)",true,true,true,none
P-01,P01-G-0217,fixed_grid,c_r;c_d;k_r;k_d,-0.75;2.0;4.0;4.0,"quarter_window_location_lattice(step=0.25,[-1,2]) x ordered_pairs(c_r<=c_d) x geometric3_k_lattice([4,KMAX])^2","D-F2-02;D-F2-03;D-F2-04;D-F2-06a;D-F2-06b;D-F2-06c(w_min_years=5);D-F2-06d(KuralT+KuralS,n_min=3)",true,true,true,none
P-01,P01-G-0218,fixed_grid,c_r;c_d;k_r;k_d,-0.75;2.0;4.0;22.577778941738334,"quarter_window_location_lattice(step=0.25,[-1,2]) x ordered_pairs(c_r<=c_d) x geometric3_k_lattice([4,KMAX])^2","D-F2-02;D-F2-03;D-F2-04;D-F2-06a;D-F2-06b;D-F2-06c(w_min_years=5);D-F2-06d(KuralT+KuralS,n_min=3)",true,true,true,none
P-01,P01-G-0219,fixed_grid,c_r;c_d;k_r;k_d,-0.75;2.0;4.0;127.43902548550072,"quarter_window_location_lattice(step=0.25,[-1,2]) x ordered_pairs(c_r<=c_d) x geometric3_k_lattice([4,KMAX])^2","D-F2-02;D-F2-03;D-F2-04;D-F2-06a;D-F2-06b;D-F2-06c(w_min_years=5);D-F2-06d(KuralT+KuralS,n_min=3)",true,true,true,none
P-01,P01-G-0220,fixed_grid,c_r;c_d;k_r;k_d,-0.75;2.0;22.577778941738334;4.0,"quarter_window_location_lattice(step=0.25,[-1,2]) x ordered_pairs(c_r<=c_d) x geometric3_k_lattice([4,KMAX])^2","D-F2-02;D-F2-03;D-F2-04;D-F2-06a;D-F2-06b;D-F2-06c(w_min_years=5);D-F2-06d(KuralT+KuralS,n_min=3)",true,true,true,none
P-01,P01-G-0221,fixed_grid,c_r;c_d;k_r;k_d,-0.75;2.0;22.577778941738334;22.577778941738334,"quarter_window_location_lattice(step=0.25,[-1,2]) x ordered_pairs(c_r<=c_d) x geometric3_k_lattice([4,KMAX])^2","D-F2-02;D-F2-03;D-F2-04;D-F2-06a;D-F2-06b;D-F2-06c(w_min_years=5);D-F2-06d(KuralT+KuralS,n_min=3)",true,true,true,none
P-01,P01-G-0222,fixed_grid,c_r;c_d;k_r;k_d,-0.75;2.0;22.577778941738334;127.43902548550072,"quarter_window_location_lattice(step=0.25,[-1,2]) x ordered_pairs(c_r<=c_d) x geometric3_k_lattice([4,KMAX])^2","D-F2-02;D-F2-03;D-F2-04;D-F2-06a;D-F2-06b;D-F2-06c(w_min_years=5);D-F2-06d(KuralT+KuralS,n_min=3)",true,true,true,none
P-01,P01-G-0223,fixed_grid,c_r;c_d;k_r;k_d,-0.75;2.0;127.43902548550072;4.0,"quarter_window_location_lattice(step=0.25,[-1,2]) x ordered_pairs(c_r<=c_d) x geometric3_k_lattice([4,KMAX])^2","D-F2-02;D-F2-03;D-F2-04;D-F2-06a;D-F2-06b;D-F2-06c(w_min_years=5);D-F2-06d(KuralT+KuralS,n_min=3)",true,true,true,none
P-01,P01-G-0224,fixed_grid,c_r;c_d;k_r;k_d,-0.75;2.0;127.43902548550072;22.577778941738334,"quarter_window_location_lattice(step=0.25,[-1,2]) x ordered_pairs(c_r<=c_d) x geometric3_k_lattice([4,KMAX])^2","D-F2-02;D-F2-03;D-F2-04;D-F2-06a;D-F2-06b;D-F2-06c(w_min_years=5);D-F2-06d(KuralT+KuralS,n_min=3)",true,true,true,none
P-01,P01-G-0225,fixed_grid,c_r;c_d;k_r;k_d,-0.75;2.0;127.43902548550072;127.43902548550072,"quarter_window_location_lattice(step=0.25,[-1,2]) x ordered_pairs(c_r<=c_d) x geometric3_k_lattice([4,KMAX])^2","D-F2-02;D-F2-03;D-F2-04;D-F2-06a;D-F2-06b;D-F2-06c(w_min_years=5);D-F2-06d(KuralT+KuralS,n_min=3)",true,true,true,none
P-01,P01-G-0226,fixed_grid,c_r;c_d;k_r;k_d,-0.5;-0.5;4.0;4.0,"quarter_window_location_lattice(step=0.25,[-1,2]) x ordered_pairs(c_r<=c_d) x geometric3_k_lattice([4,KMAX])^2","D-F2-02;D-F2-03;D-F2-04;D-F2-06a;D-F2-06b;D-F2-06c(w_min_years=5);D-F2-06d(KuralT+KuralS,n_min=3)",true,true,true,none
P-01,P01-G-0227,fixed_grid,c_r;c_d;k_r;k_d,-0.5;-0.5;4.0;22.577778941738334,"quarter_window_location_lattice(step=0.25,[-1,2]) x ordered_pairs(c_r<=c_d) x geometric3_k_lattice([4,KMAX])^2","D-F2-02;D-F2-03;D-F2-04;D-F2-06a;D-F2-06b;D-F2-06c(w_min_years=5);D-F2-06d(KuralT+KuralS,n_min=3)",true,true,true,none
P-01,P01-G-0228,fixed_grid,c_r;c_d;k_r;k_d,-0.5;-0.5;4.0;127.43902548550072,"quarter_window_location_lattice(step=0.25,[-1,2]) x ordered_pairs(c_r<=c_d) x geometric3_k_lattice([4,KMAX])^2","D-F2-02;D-F2-03;D-F2-04;D-F2-06a;D-F2-06b;D-F2-06c(w_min_years=5);D-F2-06d(KuralT+KuralS,n_min=3)",true,false,false,KURAL_S_FAIL
P-01,P01-G-0229,fixed_grid,c_r;c_d;k_r;k_d,-0.5;-0.5;22.577778941738334;4.0,"quarter_window_location_lattice(step=0.25,[-1,2]) x ordered_pairs(c_r<=c_d) x geometric3_k_lattice([4,KMAX])^2","D-F2-02;D-F2-03;D-F2-04;D-F2-06a;D-F2-06b;D-F2-06c(w_min_years=5);D-F2-06d(KuralT+KuralS,n_min=3)",true,true,true,none
P-01,P01-G-0230,fixed_grid,c_r;c_d;k_r;k_d,-0.5;-0.5;22.577778941738334;22.577778941738334,"quarter_window_location_lattice(step=0.25,[-1,2]) x ordered_pairs(c_r<=c_d) x geometric3_k_lattice([4,KMAX])^2","D-F2-02;D-F2-03;D-F2-04;D-F2-06a;D-F2-06b;D-F2-06c(w_min_years=5);D-F2-06d(KuralT+KuralS,n_min=3)",true,true,true,none
P-01,P01-G-0231,fixed_grid,c_r;c_d;k_r;k_d,-0.5;-0.5;22.577778941738334;127.43902548550072,"quarter_window_location_lattice(step=0.25,[-1,2]) x ordered_pairs(c_r<=c_d) x geometric3_k_lattice([4,KMAX])^2","D-F2-02;D-F2-03;D-F2-04;D-F2-06a;D-F2-06b;D-F2-06c(w_min_years=5);D-F2-06d(KuralT+KuralS,n_min=3)",true,false,false,KURAL_S_FAIL
P-01,P01-G-0232,fixed_grid,c_r;c_d;k_r;k_d,-0.5;-0.5;127.43902548550072;4.0,"quarter_window_location_lattice(step=0.25,[-1,2]) x ordered_pairs(c_r<=c_d) x geometric3_k_lattice([4,KMAX])^2","D-F2-02;D-F2-03;D-F2-04;D-F2-06a;D-F2-06b;D-F2-06c(w_min_years=5);D-F2-06d(KuralT+KuralS,n_min=3)",true,true,true,none
P-01,P01-G-0233,fixed_grid,c_r;c_d;k_r;k_d,-0.5;-0.5;127.43902548550072;22.577778941738334,"quarter_window_location_lattice(step=0.25,[-1,2]) x ordered_pairs(c_r<=c_d) x geometric3_k_lattice([4,KMAX])^2","D-F2-02;D-F2-03;D-F2-04;D-F2-06a;D-F2-06b;D-F2-06c(w_min_years=5);D-F2-06d(KuralT+KuralS,n_min=3)",true,true,true,none
P-01,P01-G-0234,fixed_grid,c_r;c_d;k_r;k_d,-0.5;-0.5;127.43902548550072;127.43902548550072,"quarter_window_location_lattice(step=0.25,[-1,2]) x ordered_pairs(c_r<=c_d) x geometric3_k_lattice([4,KMAX])^2","D-F2-02;D-F2-03;D-F2-04;D-F2-06a;D-F2-06b;D-F2-06c(w_min_years=5);D-F2-06d(KuralT+KuralS,n_min=3)",true,false,false,KURAL_S_FAIL
P-01,P01-G-0235,fixed_grid,c_r;c_d;k_r;k_d,-0.5;-0.25;4.0;4.0,"quarter_window_location_lattice(step=0.25,[-1,2]) x ordered_pairs(c_r<=c_d) x geometric3_k_lattice([4,KMAX])^2","D-F2-02;D-F2-03;D-F2-04;D-F2-06a;D-F2-06b;D-F2-06c(w_min_years=5);D-F2-06d(KuralT+KuralS,n_min=3)",true,true,true,none
P-01,P01-G-0236,fixed_grid,c_r;c_d;k_r;k_d,-0.5;-0.25;4.0;22.577778941738334,"quarter_window_location_lattice(step=0.25,[-1,2]) x ordered_pairs(c_r<=c_d) x geometric3_k_lattice([4,KMAX])^2","D-F2-02;D-F2-03;D-F2-04;D-F2-06a;D-F2-06b;D-F2-06c(w_min_years=5);D-F2-06d(KuralT+KuralS,n_min=3)",true,true,true,none
P-01,P01-G-0237,fixed_grid,c_r;c_d;k_r;k_d,-0.5;-0.25;4.0;127.43902548550072,"quarter_window_location_lattice(step=0.25,[-1,2]) x ordered_pairs(c_r<=c_d) x geometric3_k_lattice([4,KMAX])^2","D-F2-02;D-F2-03;D-F2-04;D-F2-06a;D-F2-06b;D-F2-06c(w_min_years=5);D-F2-06d(KuralT+KuralS,n_min=3)",true,false,false,KURAL_S_FAIL
P-01,P01-G-0238,fixed_grid,c_r;c_d;k_r;k_d,-0.5;-0.25;22.577778941738334;4.0,"quarter_window_location_lattice(step=0.25,[-1,2]) x ordered_pairs(c_r<=c_d) x geometric3_k_lattice([4,KMAX])^2","D-F2-02;D-F2-03;D-F2-04;D-F2-06a;D-F2-06b;D-F2-06c(w_min_years=5);D-F2-06d(KuralT+KuralS,n_min=3)",true,true,true,none
P-01,P01-G-0239,fixed_grid,c_r;c_d;k_r;k_d,-0.5;-0.25;22.577778941738334;22.577778941738334,"quarter_window_location_lattice(step=0.25,[-1,2]) x ordered_pairs(c_r<=c_d) x geometric3_k_lattice([4,KMAX])^2","D-F2-02;D-F2-03;D-F2-04;D-F2-06a;D-F2-06b;D-F2-06c(w_min_years=5);D-F2-06d(KuralT+KuralS,n_min=3)",true,true,true,none
P-01,P01-G-0240,fixed_grid,c_r;c_d;k_r;k_d,-0.5;-0.25;22.577778941738334;127.43902548550072,"quarter_window_location_lattice(step=0.25,[-1,2]) x ordered_pairs(c_r<=c_d) x geometric3_k_lattice([4,KMAX])^2","D-F2-02;D-F2-03;D-F2-04;D-F2-06a;D-F2-06b;D-F2-06c(w_min_years=5);D-F2-06d(KuralT+KuralS,n_min=3)",true,false,false,KURAL_S_FAIL
P-01,P01-G-0241,fixed_grid,c_r;c_d;k_r;k_d,-0.5;-0.25;127.43902548550072;4.0,"quarter_window_location_lattice(step=0.25,[-1,2]) x ordered_pairs(c_r<=c_d) x geometric3_k_lattice([4,KMAX])^2","D-F2-02;D-F2-03;D-F2-04;D-F2-06a;D-F2-06b;D-F2-06c(w_min_years=5);D-F2-06d(KuralT+KuralS,n_min=3)",true,true,true,none
P-01,P01-G-0242,fixed_grid,c_r;c_d;k_r;k_d,-0.5;-0.25;127.43902548550072;22.577778941738334,"quarter_window_location_lattice(step=0.25,[-1,2]) x ordered_pairs(c_r<=c_d) x geometric3_k_lattice([4,KMAX])^2","D-F2-02;D-F2-03;D-F2-04;D-F2-06a;D-F2-06b;D-F2-06c(w_min_years=5);D-F2-06d(KuralT+KuralS,n_min=3)",true,true,true,none
P-01,P01-G-0243,fixed_grid,c_r;c_d;k_r;k_d,-0.5;-0.25;127.43902548550072;127.43902548550072,"quarter_window_location_lattice(step=0.25,[-1,2]) x ordered_pairs(c_r<=c_d) x geometric3_k_lattice([4,KMAX])^2","D-F2-02;D-F2-03;D-F2-04;D-F2-06a;D-F2-06b;D-F2-06c(w_min_years=5);D-F2-06d(KuralT+KuralS,n_min=3)",true,false,false,KURAL_S_FAIL
P-01,P01-G-0244,fixed_grid,c_r;c_d;k_r;k_d,-0.5;0.0;4.0;4.0,"quarter_window_location_lattice(step=0.25,[-1,2]) x ordered_pairs(c_r<=c_d) x geometric3_k_lattice([4,KMAX])^2","D-F2-02;D-F2-03;D-F2-04;D-F2-06a;D-F2-06b;D-F2-06c(w_min_years=5);D-F2-06d(KuralT+KuralS,n_min=3)",true,true,true,none
P-01,P01-G-0245,fixed_grid,c_r;c_d;k_r;k_d,-0.5;0.0;4.0;22.577778941738334,"quarter_window_location_lattice(step=0.25,[-1,2]) x ordered_pairs(c_r<=c_d) x geometric3_k_lattice([4,KMAX])^2","D-F2-02;D-F2-03;D-F2-04;D-F2-06a;D-F2-06b;D-F2-06c(w_min_years=5);D-F2-06d(KuralT+KuralS,n_min=3)",true,true,true,none
P-01,P01-G-0246,fixed_grid,c_r;c_d;k_r;k_d,-0.5;0.0;4.0;127.43902548550072,"quarter_window_location_lattice(step=0.25,[-1,2]) x ordered_pairs(c_r<=c_d) x geometric3_k_lattice([4,KMAX])^2","D-F2-02;D-F2-03;D-F2-04;D-F2-06a;D-F2-06b;D-F2-06c(w_min_years=5);D-F2-06d(KuralT+KuralS,n_min=3)",true,false,false,KURAL_S_FAIL
P-01,P01-G-0247,fixed_grid,c_r;c_d;k_r;k_d,-0.5;0.0;22.577778941738334;4.0,"quarter_window_location_lattice(step=0.25,[-1,2]) x ordered_pairs(c_r<=c_d) x geometric3_k_lattice([4,KMAX])^2","D-F2-02;D-F2-03;D-F2-04;D-F2-06a;D-F2-06b;D-F2-06c(w_min_years=5);D-F2-06d(KuralT+KuralS,n_min=3)",true,true,true,none
P-01,P01-G-0248,fixed_grid,c_r;c_d;k_r;k_d,-0.5;0.0;22.577778941738334;22.577778941738334,"quarter_window_location_lattice(step=0.25,[-1,2]) x ordered_pairs(c_r<=c_d) x geometric3_k_lattice([4,KMAX])^2","D-F2-02;D-F2-03;D-F2-04;D-F2-06a;D-F2-06b;D-F2-06c(w_min_years=5);D-F2-06d(KuralT+KuralS,n_min=3)",true,true,true,none
P-01,P01-G-0249,fixed_grid,c_r;c_d;k_r;k_d,-0.5;0.0;22.577778941738334;127.43902548550072,"quarter_window_location_lattice(step=0.25,[-1,2]) x ordered_pairs(c_r<=c_d) x geometric3_k_lattice([4,KMAX])^2","D-F2-02;D-F2-03;D-F2-04;D-F2-06a;D-F2-06b;D-F2-06c(w_min_years=5);D-F2-06d(KuralT+KuralS,n_min=3)",true,false,false,KURAL_S_FAIL
P-01,P01-G-0250,fixed_grid,c_r;c_d;k_r;k_d,-0.5;0.0;127.43902548550072;4.0,"quarter_window_location_lattice(step=0.25,[-1,2]) x ordered_pairs(c_r<=c_d) x geometric3_k_lattice([4,KMAX])^2","D-F2-02;D-F2-03;D-F2-04;D-F2-06a;D-F2-06b;D-F2-06c(w_min_years=5);D-F2-06d(KuralT+KuralS,n_min=3)",true,true,true,none
P-01,P01-G-0251,fixed_grid,c_r;c_d;k_r;k_d,-0.5;0.0;127.43902548550072;22.577778941738334,"quarter_window_location_lattice(step=0.25,[-1,2]) x ordered_pairs(c_r<=c_d) x geometric3_k_lattice([4,KMAX])^2","D-F2-02;D-F2-03;D-F2-04;D-F2-06a;D-F2-06b;D-F2-06c(w_min_years=5);D-F2-06d(KuralT+KuralS,n_min=3)",true,true,true,none
P-01,P01-G-0252,fixed_grid,c_r;c_d;k_r;k_d,-0.5;0.0;127.43902548550072;127.43902548550072,"quarter_window_location_lattice(step=0.25,[-1,2]) x ordered_pairs(c_r<=c_d) x geometric3_k_lattice([4,KMAX])^2","D-F2-02;D-F2-03;D-F2-04;D-F2-06a;D-F2-06b;D-F2-06c(w_min_years=5);D-F2-06d(KuralT+KuralS,n_min=3)",true,false,false,KURAL_S_FAIL
P-01,P01-G-0253,fixed_grid,c_r;c_d;k_r;k_d,-0.5;0.25;4.0;4.0,"quarter_window_location_lattice(step=0.25,[-1,2]) x ordered_pairs(c_r<=c_d) x geometric3_k_lattice([4,KMAX])^2","D-F2-02;D-F2-03;D-F2-04;D-F2-06a;D-F2-06b;D-F2-06c(w_min_years=5);D-F2-06d(KuralT+KuralS,n_min=3)",true,true,true,none
P-01,P01-G-0254,fixed_grid,c_r;c_d;k_r;k_d,-0.5;0.25;4.0;22.577778941738334,"quarter_window_location_lattice(step=0.25,[-1,2]) x ordered_pairs(c_r<=c_d) x geometric3_k_lattice([4,KMAX])^2","D-F2-02;D-F2-03;D-F2-04;D-F2-06a;D-F2-06b;D-F2-06c(w_min_years=5);D-F2-06d(KuralT+KuralS,n_min=3)",true,true,true,none
P-01,P01-G-0255,fixed_grid,c_r;c_d;k_r;k_d,-0.5;0.25;4.0;127.43902548550072,"quarter_window_location_lattice(step=0.25,[-1,2]) x ordered_pairs(c_r<=c_d) x geometric3_k_lattice([4,KMAX])^2","D-F2-02;D-F2-03;D-F2-04;D-F2-06a;D-F2-06b;D-F2-06c(w_min_years=5);D-F2-06d(KuralT+KuralS,n_min=3)",true,true,true,none
P-01,P01-G-0256,fixed_grid,c_r;c_d;k_r;k_d,-0.5;0.25;22.577778941738334;4.0,"quarter_window_location_lattice(step=0.25,[-1,2]) x ordered_pairs(c_r<=c_d) x geometric3_k_lattice([4,KMAX])^2","D-F2-02;D-F2-03;D-F2-04;D-F2-06a;D-F2-06b;D-F2-06c(w_min_years=5);D-F2-06d(KuralT+KuralS,n_min=3)",true,true,true,none
P-01,P01-G-0257,fixed_grid,c_r;c_d;k_r;k_d,-0.5;0.25;22.577778941738334;22.577778941738334,"quarter_window_location_lattice(step=0.25,[-1,2]) x ordered_pairs(c_r<=c_d) x geometric3_k_lattice([4,KMAX])^2","D-F2-02;D-F2-03;D-F2-04;D-F2-06a;D-F2-06b;D-F2-06c(w_min_years=5);D-F2-06d(KuralT+KuralS,n_min=3)",true,true,true,none
P-01,P01-G-0258,fixed_grid,c_r;c_d;k_r;k_d,-0.5;0.25;22.577778941738334;127.43902548550072,"quarter_window_location_lattice(step=0.25,[-1,2]) x ordered_pairs(c_r<=c_d) x geometric3_k_lattice([4,KMAX])^2","D-F2-02;D-F2-03;D-F2-04;D-F2-06a;D-F2-06b;D-F2-06c(w_min_years=5);D-F2-06d(KuralT+KuralS,n_min=3)",true,true,true,none
P-01,P01-G-0259,fixed_grid,c_r;c_d;k_r;k_d,-0.5;0.25;127.43902548550072;4.0,"quarter_window_location_lattice(step=0.25,[-1,2]) x ordered_pairs(c_r<=c_d) x geometric3_k_lattice([4,KMAX])^2","D-F2-02;D-F2-03;D-F2-04;D-F2-06a;D-F2-06b;D-F2-06c(w_min_years=5);D-F2-06d(KuralT+KuralS,n_min=3)",true,true,true,none
P-01,P01-G-0260,fixed_grid,c_r;c_d;k_r;k_d,-0.5;0.25;127.43902548550072;22.577778941738334,"quarter_window_location_lattice(step=0.25,[-1,2]) x ordered_pairs(c_r<=c_d) x geometric3_k_lattice([4,KMAX])^2","D-F2-02;D-F2-03;D-F2-04;D-F2-06a;D-F2-06b;D-F2-06c(w_min_years=5);D-F2-06d(KuralT+KuralS,n_min=3)",true,true,true,none
P-01,P01-G-0261,fixed_grid,c_r;c_d;k_r;k_d,-0.5;0.25;127.43902548550072;127.43902548550072,"quarter_window_location_lattice(step=0.25,[-1,2]) x ordered_pairs(c_r<=c_d) x geometric3_k_lattice([4,KMAX])^2","D-F2-02;D-F2-03;D-F2-04;D-F2-06a;D-F2-06b;D-F2-06c(w_min_years=5);D-F2-06d(KuralT+KuralS,n_min=3)",true,true,true,none
P-01,P01-G-0262,fixed_grid,c_r;c_d;k_r;k_d,-0.5;0.5;4.0;4.0,"quarter_window_location_lattice(step=0.25,[-1,2]) x ordered_pairs(c_r<=c_d) x geometric3_k_lattice([4,KMAX])^2","D-F2-02;D-F2-03;D-F2-04;D-F2-06a;D-F2-06b;D-F2-06c(w_min_years=5);D-F2-06d(KuralT+KuralS,n_min=3)",true,true,true,none
P-01,P01-G-0263,fixed_grid,c_r;c_d;k_r;k_d,-0.5;0.5;4.0;22.577778941738334,"quarter_window_location_lattice(step=0.25,[-1,2]) x ordered_pairs(c_r<=c_d) x geometric3_k_lattice([4,KMAX])^2","D-F2-02;D-F2-03;D-F2-04;D-F2-06a;D-F2-06b;D-F2-06c(w_min_years=5);D-F2-06d(KuralT+KuralS,n_min=3)",true,true,true,none
P-01,P01-G-0264,fixed_grid,c_r;c_d;k_r;k_d,-0.5;0.5;4.0;127.43902548550072,"quarter_window_location_lattice(step=0.25,[-1,2]) x ordered_pairs(c_r<=c_d) x geometric3_k_lattice([4,KMAX])^2","D-F2-02;D-F2-03;D-F2-04;D-F2-06a;D-F2-06b;D-F2-06c(w_min_years=5);D-F2-06d(KuralT+KuralS,n_min=3)",true,true,true,none
P-01,P01-G-0265,fixed_grid,c_r;c_d;k_r;k_d,-0.5;0.5;22.577778941738334;4.0,"quarter_window_location_lattice(step=0.25,[-1,2]) x ordered_pairs(c_r<=c_d) x geometric3_k_lattice([4,KMAX])^2","D-F2-02;D-F2-03;D-F2-04;D-F2-06a;D-F2-06b;D-F2-06c(w_min_years=5);D-F2-06d(KuralT+KuralS,n_min=3)",true,true,true,none
P-01,P01-G-0266,fixed_grid,c_r;c_d;k_r;k_d,-0.5;0.5;22.577778941738334;22.577778941738334,"quarter_window_location_lattice(step=0.25,[-1,2]) x ordered_pairs(c_r<=c_d) x geometric3_k_lattice([4,KMAX])^2","D-F2-02;D-F2-03;D-F2-04;D-F2-06a;D-F2-06b;D-F2-06c(w_min_years=5);D-F2-06d(KuralT+KuralS,n_min=3)",true,true,true,none
P-01,P01-G-0267,fixed_grid,c_r;c_d;k_r;k_d,-0.5;0.5;22.577778941738334;127.43902548550072,"quarter_window_location_lattice(step=0.25,[-1,2]) x ordered_pairs(c_r<=c_d) x geometric3_k_lattice([4,KMAX])^2","D-F2-02;D-F2-03;D-F2-04;D-F2-06a;D-F2-06b;D-F2-06c(w_min_years=5);D-F2-06d(KuralT+KuralS,n_min=3)",true,true,true,none
P-01,P01-G-0268,fixed_grid,c_r;c_d;k_r;k_d,-0.5;0.5;127.43902548550072;4.0,"quarter_window_location_lattice(step=0.25,[-1,2]) x ordered_pairs(c_r<=c_d) x geometric3_k_lattice([4,KMAX])^2","D-F2-02;D-F2-03;D-F2-04;D-F2-06a;D-F2-06b;D-F2-06c(w_min_years=5);D-F2-06d(KuralT+KuralS,n_min=3)",true,true,true,none
P-01,P01-G-0269,fixed_grid,c_r;c_d;k_r;k_d,-0.5;0.5;127.43902548550072;22.577778941738334,"quarter_window_location_lattice(step=0.25,[-1,2]) x ordered_pairs(c_r<=c_d) x geometric3_k_lattice([4,KMAX])^2","D-F2-02;D-F2-03;D-F2-04;D-F2-06a;D-F2-06b;D-F2-06c(w_min_years=5);D-F2-06d(KuralT+KuralS,n_min=3)",true,true,true,none
P-01,P01-G-0270,fixed_grid,c_r;c_d;k_r;k_d,-0.5;0.5;127.43902548550072;127.43902548550072,"quarter_window_location_lattice(step=0.25,[-1,2]) x ordered_pairs(c_r<=c_d) x geometric3_k_lattice([4,KMAX])^2","D-F2-02;D-F2-03;D-F2-04;D-F2-06a;D-F2-06b;D-F2-06c(w_min_years=5);D-F2-06d(KuralT+KuralS,n_min=3)",true,true,true,none
P-01,P01-G-0271,fixed_grid,c_r;c_d;k_r;k_d,-0.5;0.75;4.0;4.0,"quarter_window_location_lattice(step=0.25,[-1,2]) x ordered_pairs(c_r<=c_d) x geometric3_k_lattice([4,KMAX])^2","D-F2-02;D-F2-03;D-F2-04;D-F2-06a;D-F2-06b;D-F2-06c(w_min_years=5);D-F2-06d(KuralT+KuralS,n_min=3)",true,true,true,none
P-01,P01-G-0272,fixed_grid,c_r;c_d;k_r;k_d,-0.5;0.75;4.0;22.577778941738334,"quarter_window_location_lattice(step=0.25,[-1,2]) x ordered_pairs(c_r<=c_d) x geometric3_k_lattice([4,KMAX])^2","D-F2-02;D-F2-03;D-F2-04;D-F2-06a;D-F2-06b;D-F2-06c(w_min_years=5);D-F2-06d(KuralT+KuralS,n_min=3)",true,true,true,none
P-01,P01-G-0273,fixed_grid,c_r;c_d;k_r;k_d,-0.5;0.75;4.0;127.43902548550072,"quarter_window_location_lattice(step=0.25,[-1,2]) x ordered_pairs(c_r<=c_d) x geometric3_k_lattice([4,KMAX])^2","D-F2-02;D-F2-03;D-F2-04;D-F2-06a;D-F2-06b;D-F2-06c(w_min_years=5);D-F2-06d(KuralT+KuralS,n_min=3)",true,true,true,none
P-01,P01-G-0274,fixed_grid,c_r;c_d;k_r;k_d,-0.5;0.75;22.577778941738334;4.0,"quarter_window_location_lattice(step=0.25,[-1,2]) x ordered_pairs(c_r<=c_d) x geometric3_k_lattice([4,KMAX])^2","D-F2-02;D-F2-03;D-F2-04;D-F2-06a;D-F2-06b;D-F2-06c(w_min_years=5);D-F2-06d(KuralT+KuralS,n_min=3)",true,true,true,none
P-01,P01-G-0275,fixed_grid,c_r;c_d;k_r;k_d,-0.5;0.75;22.577778941738334;22.577778941738334,"quarter_window_location_lattice(step=0.25,[-1,2]) x ordered_pairs(c_r<=c_d) x geometric3_k_lattice([4,KMAX])^2","D-F2-02;D-F2-03;D-F2-04;D-F2-06a;D-F2-06b;D-F2-06c(w_min_years=5);D-F2-06d(KuralT+KuralS,n_min=3)",true,true,true,none
P-01,P01-G-0276,fixed_grid,c_r;c_d;k_r;k_d,-0.5;0.75;22.577778941738334;127.43902548550072,"quarter_window_location_lattice(step=0.25,[-1,2]) x ordered_pairs(c_r<=c_d) x geometric3_k_lattice([4,KMAX])^2","D-F2-02;D-F2-03;D-F2-04;D-F2-06a;D-F2-06b;D-F2-06c(w_min_years=5);D-F2-06d(KuralT+KuralS,n_min=3)",true,true,true,none
P-01,P01-G-0277,fixed_grid,c_r;c_d;k_r;k_d,-0.5;0.75;127.43902548550072;4.0,"quarter_window_location_lattice(step=0.25,[-1,2]) x ordered_pairs(c_r<=c_d) x geometric3_k_lattice([4,KMAX])^2","D-F2-02;D-F2-03;D-F2-04;D-F2-06a;D-F2-06b;D-F2-06c(w_min_years=5);D-F2-06d(KuralT+KuralS,n_min=3)",true,true,true,none
P-01,P01-G-0278,fixed_grid,c_r;c_d;k_r;k_d,-0.5;0.75;127.43902548550072;22.577778941738334,"quarter_window_location_lattice(step=0.25,[-1,2]) x ordered_pairs(c_r<=c_d) x geometric3_k_lattice([4,KMAX])^2","D-F2-02;D-F2-03;D-F2-04;D-F2-06a;D-F2-06b;D-F2-06c(w_min_years=5);D-F2-06d(KuralT+KuralS,n_min=3)",true,true,true,none
P-01,P01-G-0279,fixed_grid,c_r;c_d;k_r;k_d,-0.5;0.75;127.43902548550072;127.43902548550072,"quarter_window_location_lattice(step=0.25,[-1,2]) x ordered_pairs(c_r<=c_d) x geometric3_k_lattice([4,KMAX])^2","D-F2-02;D-F2-03;D-F2-04;D-F2-06a;D-F2-06b;D-F2-06c(w_min_years=5);D-F2-06d(KuralT+KuralS,n_min=3)",true,true,true,none
P-01,P01-G-0280,fixed_grid,c_r;c_d;k_r;k_d,-0.5;1.0;4.0;4.0,"quarter_window_location_lattice(step=0.25,[-1,2]) x ordered_pairs(c_r<=c_d) x geometric3_k_lattice([4,KMAX])^2","D-F2-02;D-F2-03;D-F2-04;D-F2-06a;D-F2-06b;D-F2-06c(w_min_years=5);D-F2-06d(KuralT+KuralS,n_min=3)",true,true,true,none
P-01,P01-G-0281,fixed_grid,c_r;c_d;k_r;k_d,-0.5;1.0;4.0;22.577778941738334,"quarter_window_location_lattice(step=0.25,[-1,2]) x ordered_pairs(c_r<=c_d) x geometric3_k_lattice([4,KMAX])^2","D-F2-02;D-F2-03;D-F2-04;D-F2-06a;D-F2-06b;D-F2-06c(w_min_years=5);D-F2-06d(KuralT+KuralS,n_min=3)",true,true,true,none
P-01,P01-G-0282,fixed_grid,c_r;c_d;k_r;k_d,-0.5;1.0;4.0;127.43902548550072,"quarter_window_location_lattice(step=0.25,[-1,2]) x ordered_pairs(c_r<=c_d) x geometric3_k_lattice([4,KMAX])^2","D-F2-02;D-F2-03;D-F2-04;D-F2-06a;D-F2-06b;D-F2-06c(w_min_years=5);D-F2-06d(KuralT+KuralS,n_min=3)",true,true,true,none
P-01,P01-G-0283,fixed_grid,c_r;c_d;k_r;k_d,-0.5;1.0;22.577778941738334;4.0,"quarter_window_location_lattice(step=0.25,[-1,2]) x ordered_pairs(c_r<=c_d) x geometric3_k_lattice([4,KMAX])^2","D-F2-02;D-F2-03;D-F2-04;D-F2-06a;D-F2-06b;D-F2-06c(w_min_years=5);D-F2-06d(KuralT+KuralS,n_min=3)",true,true,true,none
P-01,P01-G-0284,fixed_grid,c_r;c_d;k_r;k_d,-0.5;1.0;22.577778941738334;22.577778941738334,"quarter_window_location_lattice(step=0.25,[-1,2]) x ordered_pairs(c_r<=c_d) x geometric3_k_lattice([4,KMAX])^2","D-F2-02;D-F2-03;D-F2-04;D-F2-06a;D-F2-06b;D-F2-06c(w_min_years=5);D-F2-06d(KuralT+KuralS,n_min=3)",true,true,true,none
P-01,P01-G-0285,fixed_grid,c_r;c_d;k_r;k_d,-0.5;1.0;22.577778941738334;127.43902548550072,"quarter_window_location_lattice(step=0.25,[-1,2]) x ordered_pairs(c_r<=c_d) x geometric3_k_lattice([4,KMAX])^2","D-F2-02;D-F2-03;D-F2-04;D-F2-06a;D-F2-06b;D-F2-06c(w_min_years=5);D-F2-06d(KuralT+KuralS,n_min=3)",true,true,true,none
P-01,P01-G-0286,fixed_grid,c_r;c_d;k_r;k_d,-0.5;1.0;127.43902548550072;4.0,"quarter_window_location_lattice(step=0.25,[-1,2]) x ordered_pairs(c_r<=c_d) x geometric3_k_lattice([4,KMAX])^2","D-F2-02;D-F2-03;D-F2-04;D-F2-06a;D-F2-06b;D-F2-06c(w_min_years=5);D-F2-06d(KuralT+KuralS,n_min=3)",true,true,true,none
P-01,P01-G-0287,fixed_grid,c_r;c_d;k_r;k_d,-0.5;1.0;127.43902548550072;22.577778941738334,"quarter_window_location_lattice(step=0.25,[-1,2]) x ordered_pairs(c_r<=c_d) x geometric3_k_lattice([4,KMAX])^2","D-F2-02;D-F2-03;D-F2-04;D-F2-06a;D-F2-06b;D-F2-06c(w_min_years=5);D-F2-06d(KuralT+KuralS,n_min=3)",true,true,true,none
P-01,P01-G-0288,fixed_grid,c_r;c_d;k_r;k_d,-0.5;1.0;127.43902548550072;127.43902548550072,"quarter_window_location_lattice(step=0.25,[-1,2]) x ordered_pairs(c_r<=c_d) x geometric3_k_lattice([4,KMAX])^2","D-F2-02;D-F2-03;D-F2-04;D-F2-06a;D-F2-06b;D-F2-06c(w_min_years=5);D-F2-06d(KuralT+KuralS,n_min=3)",true,true,true,none
P-01,P01-G-0289,fixed_grid,c_r;c_d;k_r;k_d,-0.5;1.25;4.0;4.0,"quarter_window_location_lattice(step=0.25,[-1,2]) x ordered_pairs(c_r<=c_d) x geometric3_k_lattice([4,KMAX])^2","D-F2-02;D-F2-03;D-F2-04;D-F2-06a;D-F2-06b;D-F2-06c(w_min_years=5);D-F2-06d(KuralT+KuralS,n_min=3)",true,true,true,none
P-01,P01-G-0290,fixed_grid,c_r;c_d;k_r;k_d,-0.5;1.25;4.0;22.577778941738334,"quarter_window_location_lattice(step=0.25,[-1,2]) x ordered_pairs(c_r<=c_d) x geometric3_k_lattice([4,KMAX])^2","D-F2-02;D-F2-03;D-F2-04;D-F2-06a;D-F2-06b;D-F2-06c(w_min_years=5);D-F2-06d(KuralT+KuralS,n_min=3)",true,true,true,none
P-01,P01-G-0291,fixed_grid,c_r;c_d;k_r;k_d,-0.5;1.25;4.0;127.43902548550072,"quarter_window_location_lattice(step=0.25,[-1,2]) x ordered_pairs(c_r<=c_d) x geometric3_k_lattice([4,KMAX])^2","D-F2-02;D-F2-03;D-F2-04;D-F2-06a;D-F2-06b;D-F2-06c(w_min_years=5);D-F2-06d(KuralT+KuralS,n_min=3)",true,true,true,none
P-01,P01-G-0292,fixed_grid,c_r;c_d;k_r;k_d,-0.5;1.25;22.577778941738334;4.0,"quarter_window_location_lattice(step=0.25,[-1,2]) x ordered_pairs(c_r<=c_d) x geometric3_k_lattice([4,KMAX])^2","D-F2-02;D-F2-03;D-F2-04;D-F2-06a;D-F2-06b;D-F2-06c(w_min_years=5);D-F2-06d(KuralT+KuralS,n_min=3)",true,true,true,none
P-01,P01-G-0293,fixed_grid,c_r;c_d;k_r;k_d,-0.5;1.25;22.577778941738334;22.577778941738334,"quarter_window_location_lattice(step=0.25,[-1,2]) x ordered_pairs(c_r<=c_d) x geometric3_k_lattice([4,KMAX])^2","D-F2-02;D-F2-03;D-F2-04;D-F2-06a;D-F2-06b;D-F2-06c(w_min_years=5);D-F2-06d(KuralT+KuralS,n_min=3)",true,true,true,none
P-01,P01-G-0294,fixed_grid,c_r;c_d;k_r;k_d,-0.5;1.25;22.577778941738334;127.43902548550072,"quarter_window_location_lattice(step=0.25,[-1,2]) x ordered_pairs(c_r<=c_d) x geometric3_k_lattice([4,KMAX])^2","D-F2-02;D-F2-03;D-F2-04;D-F2-06a;D-F2-06b;D-F2-06c(w_min_years=5);D-F2-06d(KuralT+KuralS,n_min=3)",true,true,true,none
P-01,P01-G-0295,fixed_grid,c_r;c_d;k_r;k_d,-0.5;1.25;127.43902548550072;4.0,"quarter_window_location_lattice(step=0.25,[-1,2]) x ordered_pairs(c_r<=c_d) x geometric3_k_lattice([4,KMAX])^2","D-F2-02;D-F2-03;D-F2-04;D-F2-06a;D-F2-06b;D-F2-06c(w_min_years=5);D-F2-06d(KuralT+KuralS,n_min=3)",true,true,true,none
P-01,P01-G-0296,fixed_grid,c_r;c_d;k_r;k_d,-0.5;1.25;127.43902548550072;22.577778941738334,"quarter_window_location_lattice(step=0.25,[-1,2]) x ordered_pairs(c_r<=c_d) x geometric3_k_lattice([4,KMAX])^2","D-F2-02;D-F2-03;D-F2-04;D-F2-06a;D-F2-06b;D-F2-06c(w_min_years=5);D-F2-06d(KuralT+KuralS,n_min=3)",true,true,true,none
P-01,P01-G-0297,fixed_grid,c_r;c_d;k_r;k_d,-0.5;1.25;127.43902548550072;127.43902548550072,"quarter_window_location_lattice(step=0.25,[-1,2]) x ordered_pairs(c_r<=c_d) x geometric3_k_lattice([4,KMAX])^2","D-F2-02;D-F2-03;D-F2-04;D-F2-06a;D-F2-06b;D-F2-06c(w_min_years=5);D-F2-06d(KuralT+KuralS,n_min=3)",true,true,true,none
P-01,P01-G-0298,fixed_grid,c_r;c_d;k_r;k_d,-0.5;1.5;4.0;4.0,"quarter_window_location_lattice(step=0.25,[-1,2]) x ordered_pairs(c_r<=c_d) x geometric3_k_lattice([4,KMAX])^2","D-F2-02;D-F2-03;D-F2-04;D-F2-06a;D-F2-06b;D-F2-06c(w_min_years=5);D-F2-06d(KuralT+KuralS,n_min=3)",true,true,true,none
P-01,P01-G-0299,fixed_grid,c_r;c_d;k_r;k_d,-0.5;1.5;4.0;22.577778941738334,"quarter_window_location_lattice(step=0.25,[-1,2]) x ordered_pairs(c_r<=c_d) x geometric3_k_lattice([4,KMAX])^2","D-F2-02;D-F2-03;D-F2-04;D-F2-06a;D-F2-06b;D-F2-06c(w_min_years=5);D-F2-06d(KuralT+KuralS,n_min=3)",true,true,true,none
P-01,P01-G-0300,fixed_grid,c_r;c_d;k_r;k_d,-0.5;1.5;4.0;127.43902548550072,"quarter_window_location_lattice(step=0.25,[-1,2]) x ordered_pairs(c_r<=c_d) x geometric3_k_lattice([4,KMAX])^2","D-F2-02;D-F2-03;D-F2-04;D-F2-06a;D-F2-06b;D-F2-06c(w_min_years=5);D-F2-06d(KuralT+KuralS,n_min=3)",true,true,true,none
P-01,P01-G-0301,fixed_grid,c_r;c_d;k_r;k_d,-0.5;1.5;22.577778941738334;4.0,"quarter_window_location_lattice(step=0.25,[-1,2]) x ordered_pairs(c_r<=c_d) x geometric3_k_lattice([4,KMAX])^2","D-F2-02;D-F2-03;D-F2-04;D-F2-06a;D-F2-06b;D-F2-06c(w_min_years=5);D-F2-06d(KuralT+KuralS,n_min=3)",true,true,true,none
P-01,P01-G-0302,fixed_grid,c_r;c_d;k_r;k_d,-0.5;1.5;22.577778941738334;22.577778941738334,"quarter_window_location_lattice(step=0.25,[-1,2]) x ordered_pairs(c_r<=c_d) x geometric3_k_lattice([4,KMAX])^2","D-F2-02;D-F2-03;D-F2-04;D-F2-06a;D-F2-06b;D-F2-06c(w_min_years=5);D-F2-06d(KuralT+KuralS,n_min=3)",true,true,true,none
P-01,P01-G-0303,fixed_grid,c_r;c_d;k_r;k_d,-0.5;1.5;22.577778941738334;127.43902548550072,"quarter_window_location_lattice(step=0.25,[-1,2]) x ordered_pairs(c_r<=c_d) x geometric3_k_lattice([4,KMAX])^2","D-F2-02;D-F2-03;D-F2-04;D-F2-06a;D-F2-06b;D-F2-06c(w_min_years=5);D-F2-06d(KuralT+KuralS,n_min=3)",true,true,true,none
P-01,P01-G-0304,fixed_grid,c_r;c_d;k_r;k_d,-0.5;1.5;127.43902548550072;4.0,"quarter_window_location_lattice(step=0.25,[-1,2]) x ordered_pairs(c_r<=c_d) x geometric3_k_lattice([4,KMAX])^2","D-F2-02;D-F2-03;D-F2-04;D-F2-06a;D-F2-06b;D-F2-06c(w_min_years=5);D-F2-06d(KuralT+KuralS,n_min=3)",true,true,true,none
P-01,P01-G-0305,fixed_grid,c_r;c_d;k_r;k_d,-0.5;1.5;127.43902548550072;22.577778941738334,"quarter_window_location_lattice(step=0.25,[-1,2]) x ordered_pairs(c_r<=c_d) x geometric3_k_lattice([4,KMAX])^2","D-F2-02;D-F2-03;D-F2-04;D-F2-06a;D-F2-06b;D-F2-06c(w_min_years=5);D-F2-06d(KuralT+KuralS,n_min=3)",true,true,true,none
P-01,P01-G-0306,fixed_grid,c_r;c_d;k_r;k_d,-0.5;1.5;127.43902548550072;127.43902548550072,"quarter_window_location_lattice(step=0.25,[-1,2]) x ordered_pairs(c_r<=c_d) x geometric3_k_lattice([4,KMAX])^2","D-F2-02;D-F2-03;D-F2-04;D-F2-06a;D-F2-06b;D-F2-06c(w_min_years=5);D-F2-06d(KuralT+KuralS,n_min=3)",true,true,true,none
P-01,P01-G-0307,fixed_grid,c_r;c_d;k_r;k_d,-0.5;1.75;4.0;4.0,"quarter_window_location_lattice(step=0.25,[-1,2]) x ordered_pairs(c_r<=c_d) x geometric3_k_lattice([4,KMAX])^2","D-F2-02;D-F2-03;D-F2-04;D-F2-06a;D-F2-06b;D-F2-06c(w_min_years=5);D-F2-06d(KuralT+KuralS,n_min=3)",true,true,true,none
P-01,P01-G-0308,fixed_grid,c_r;c_d;k_r;k_d,-0.5;1.75;4.0;22.577778941738334,"quarter_window_location_lattice(step=0.25,[-1,2]) x ordered_pairs(c_r<=c_d) x geometric3_k_lattice([4,KMAX])^2","D-F2-02;D-F2-03;D-F2-04;D-F2-06a;D-F2-06b;D-F2-06c(w_min_years=5);D-F2-06d(KuralT+KuralS,n_min=3)",true,true,true,none
P-01,P01-G-0309,fixed_grid,c_r;c_d;k_r;k_d,-0.5;1.75;4.0;127.43902548550072,"quarter_window_location_lattice(step=0.25,[-1,2]) x ordered_pairs(c_r<=c_d) x geometric3_k_lattice([4,KMAX])^2","D-F2-02;D-F2-03;D-F2-04;D-F2-06a;D-F2-06b;D-F2-06c(w_min_years=5);D-F2-06d(KuralT+KuralS,n_min=3)",true,true,true,none
P-01,P01-G-0310,fixed_grid,c_r;c_d;k_r;k_d,-0.5;1.75;22.577778941738334;4.0,"quarter_window_location_lattice(step=0.25,[-1,2]) x ordered_pairs(c_r<=c_d) x geometric3_k_lattice([4,KMAX])^2","D-F2-02;D-F2-03;D-F2-04;D-F2-06a;D-F2-06b;D-F2-06c(w_min_years=5);D-F2-06d(KuralT+KuralS,n_min=3)",true,true,true,none
P-01,P01-G-0311,fixed_grid,c_r;c_d;k_r;k_d,-0.5;1.75;22.577778941738334;22.577778941738334,"quarter_window_location_lattice(step=0.25,[-1,2]) x ordered_pairs(c_r<=c_d) x geometric3_k_lattice([4,KMAX])^2","D-F2-02;D-F2-03;D-F2-04;D-F2-06a;D-F2-06b;D-F2-06c(w_min_years=5);D-F2-06d(KuralT+KuralS,n_min=3)",true,true,true,none
P-01,P01-G-0312,fixed_grid,c_r;c_d;k_r;k_d,-0.5;1.75;22.577778941738334;127.43902548550072,"quarter_window_location_lattice(step=0.25,[-1,2]) x ordered_pairs(c_r<=c_d) x geometric3_k_lattice([4,KMAX])^2","D-F2-02;D-F2-03;D-F2-04;D-F2-06a;D-F2-06b;D-F2-06c(w_min_years=5);D-F2-06d(KuralT+KuralS,n_min=3)",true,true,true,none
P-01,P01-G-0313,fixed_grid,c_r;c_d;k_r;k_d,-0.5;1.75;127.43902548550072;4.0,"quarter_window_location_lattice(step=0.25,[-1,2]) x ordered_pairs(c_r<=c_d) x geometric3_k_lattice([4,KMAX])^2","D-F2-02;D-F2-03;D-F2-04;D-F2-06a;D-F2-06b;D-F2-06c(w_min_years=5);D-F2-06d(KuralT+KuralS,n_min=3)",true,true,true,none
P-01,P01-G-0314,fixed_grid,c_r;c_d;k_r;k_d,-0.5;1.75;127.43902548550072;22.577778941738334,"quarter_window_location_lattice(step=0.25,[-1,2]) x ordered_pairs(c_r<=c_d) x geometric3_k_lattice([4,KMAX])^2","D-F2-02;D-F2-03;D-F2-04;D-F2-06a;D-F2-06b;D-F2-06c(w_min_years=5);D-F2-06d(KuralT+KuralS,n_min=3)",true,true,true,none
P-01,P01-G-0315,fixed_grid,c_r;c_d;k_r;k_d,-0.5;1.75;127.43902548550072;127.43902548550072,"quarter_window_location_lattice(step=0.25,[-1,2]) x ordered_pairs(c_r<=c_d) x geometric3_k_lattice([4,KMAX])^2","D-F2-02;D-F2-03;D-F2-04;D-F2-06a;D-F2-06b;D-F2-06c(w_min_years=5);D-F2-06d(KuralT+KuralS,n_min=3)",true,true,true,none
P-01,P01-G-0316,fixed_grid,c_r;c_d;k_r;k_d,-0.5;2.0;4.0;4.0,"quarter_window_location_lattice(step=0.25,[-1,2]) x ordered_pairs(c_r<=c_d) x geometric3_k_lattice([4,KMAX])^2","D-F2-02;D-F2-03;D-F2-04;D-F2-06a;D-F2-06b;D-F2-06c(w_min_years=5);D-F2-06d(KuralT+KuralS,n_min=3)",true,true,true,none
P-01,P01-G-0317,fixed_grid,c_r;c_d;k_r;k_d,-0.5;2.0;4.0;22.577778941738334,"quarter_window_location_lattice(step=0.25,[-1,2]) x ordered_pairs(c_r<=c_d) x geometric3_k_lattice([4,KMAX])^2","D-F2-02;D-F2-03;D-F2-04;D-F2-06a;D-F2-06b;D-F2-06c(w_min_years=5);D-F2-06d(KuralT+KuralS,n_min=3)",true,true,true,none
P-01,P01-G-0318,fixed_grid,c_r;c_d;k_r;k_d,-0.5;2.0;4.0;127.43902548550072,"quarter_window_location_lattice(step=0.25,[-1,2]) x ordered_pairs(c_r<=c_d) x geometric3_k_lattice([4,KMAX])^2","D-F2-02;D-F2-03;D-F2-04;D-F2-06a;D-F2-06b;D-F2-06c(w_min_years=5);D-F2-06d(KuralT+KuralS,n_min=3)",true,true,true,none
P-01,P01-G-0319,fixed_grid,c_r;c_d;k_r;k_d,-0.5;2.0;22.577778941738334;4.0,"quarter_window_location_lattice(step=0.25,[-1,2]) x ordered_pairs(c_r<=c_d) x geometric3_k_lattice([4,KMAX])^2","D-F2-02;D-F2-03;D-F2-04;D-F2-06a;D-F2-06b;D-F2-06c(w_min_years=5);D-F2-06d(KuralT+KuralS,n_min=3)",true,true,true,none
P-01,P01-G-0320,fixed_grid,c_r;c_d;k_r;k_d,-0.5;2.0;22.577778941738334;22.577778941738334,"quarter_window_location_lattice(step=0.25,[-1,2]) x ordered_pairs(c_r<=c_d) x geometric3_k_lattice([4,KMAX])^2","D-F2-02;D-F2-03;D-F2-04;D-F2-06a;D-F2-06b;D-F2-06c(w_min_years=5);D-F2-06d(KuralT+KuralS,n_min=3)",true,true,true,none
P-01,P01-G-0321,fixed_grid,c_r;c_d;k_r;k_d,-0.5;2.0;22.577778941738334;127.43902548550072,"quarter_window_location_lattice(step=0.25,[-1,2]) x ordered_pairs(c_r<=c_d) x geometric3_k_lattice([4,KMAX])^2","D-F2-02;D-F2-03;D-F2-04;D-F2-06a;D-F2-06b;D-F2-06c(w_min_years=5);D-F2-06d(KuralT+KuralS,n_min=3)",true,true,true,none
P-01,P01-G-0322,fixed_grid,c_r;c_d;k_r;k_d,-0.5;2.0;127.43902548550072;4.0,"quarter_window_location_lattice(step=0.25,[-1,2]) x ordered_pairs(c_r<=c_d) x geometric3_k_lattice([4,KMAX])^2","D-F2-02;D-F2-03;D-F2-04;D-F2-06a;D-F2-06b;D-F2-06c(w_min_years=5);D-F2-06d(KuralT+KuralS,n_min=3)",true,true,true,none
P-01,P01-G-0323,fixed_grid,c_r;c_d;k_r;k_d,-0.5;2.0;127.43902548550072;22.577778941738334,"quarter_window_location_lattice(step=0.25,[-1,2]) x ordered_pairs(c_r<=c_d) x geometric3_k_lattice([4,KMAX])^2","D-F2-02;D-F2-03;D-F2-04;D-F2-06a;D-F2-06b;D-F2-06c(w_min_years=5);D-F2-06d(KuralT+KuralS,n_min=3)",true,true,true,none
P-01,P01-G-0324,fixed_grid,c_r;c_d;k_r;k_d,-0.5;2.0;127.43902548550072;127.43902548550072,"quarter_window_location_lattice(step=0.25,[-1,2]) x ordered_pairs(c_r<=c_d) x geometric3_k_lattice([4,KMAX])^2","D-F2-02;D-F2-03;D-F2-04;D-F2-06a;D-F2-06b;D-F2-06c(w_min_years=5);D-F2-06d(KuralT+KuralS,n_min=3)",true,true,true,none
P-01,P01-G-0325,fixed_grid,c_r;c_d;k_r;k_d,-0.25;-0.25;4.0;4.0,"quarter_window_location_lattice(step=0.25,[-1,2]) x ordered_pairs(c_r<=c_d) x geometric3_k_lattice([4,KMAX])^2","D-F2-02;D-F2-03;D-F2-04;D-F2-06a;D-F2-06b;D-F2-06c(w_min_years=5);D-F2-06d(KuralT+KuralS,n_min=3)",true,true,true,none
P-01,P01-G-0326,fixed_grid,c_r;c_d;k_r;k_d,-0.25;-0.25;4.0;22.577778941738334,"quarter_window_location_lattice(step=0.25,[-1,2]) x ordered_pairs(c_r<=c_d) x geometric3_k_lattice([4,KMAX])^2","D-F2-02;D-F2-03;D-F2-04;D-F2-06a;D-F2-06b;D-F2-06c(w_min_years=5);D-F2-06d(KuralT+KuralS,n_min=3)",true,true,true,none
P-01,P01-G-0327,fixed_grid,c_r;c_d;k_r;k_d,-0.25;-0.25;4.0;127.43902548550072,"quarter_window_location_lattice(step=0.25,[-1,2]) x ordered_pairs(c_r<=c_d) x geometric3_k_lattice([4,KMAX])^2","D-F2-02;D-F2-03;D-F2-04;D-F2-06a;D-F2-06b;D-F2-06c(w_min_years=5);D-F2-06d(KuralT+KuralS,n_min=3)",true,false,false,KURAL_S_FAIL
P-01,P01-G-0328,fixed_grid,c_r;c_d;k_r;k_d,-0.25;-0.25;22.577778941738334;4.0,"quarter_window_location_lattice(step=0.25,[-1,2]) x ordered_pairs(c_r<=c_d) x geometric3_k_lattice([4,KMAX])^2","D-F2-02;D-F2-03;D-F2-04;D-F2-06a;D-F2-06b;D-F2-06c(w_min_years=5);D-F2-06d(KuralT+KuralS,n_min=3)",true,true,true,none
P-01,P01-G-0329,fixed_grid,c_r;c_d;k_r;k_d,-0.25;-0.25;22.577778941738334;22.577778941738334,"quarter_window_location_lattice(step=0.25,[-1,2]) x ordered_pairs(c_r<=c_d) x geometric3_k_lattice([4,KMAX])^2","D-F2-02;D-F2-03;D-F2-04;D-F2-06a;D-F2-06b;D-F2-06c(w_min_years=5);D-F2-06d(KuralT+KuralS,n_min=3)",true,true,true,none
P-01,P01-G-0330,fixed_grid,c_r;c_d;k_r;k_d,-0.25;-0.25;22.577778941738334;127.43902548550072,"quarter_window_location_lattice(step=0.25,[-1,2]) x ordered_pairs(c_r<=c_d) x geometric3_k_lattice([4,KMAX])^2","D-F2-02;D-F2-03;D-F2-04;D-F2-06a;D-F2-06b;D-F2-06c(w_min_years=5);D-F2-06d(KuralT+KuralS,n_min=3)",true,false,false,KURAL_S_FAIL
P-01,P01-G-0331,fixed_grid,c_r;c_d;k_r;k_d,-0.25;-0.25;127.43902548550072;4.0,"quarter_window_location_lattice(step=0.25,[-1,2]) x ordered_pairs(c_r<=c_d) x geometric3_k_lattice([4,KMAX])^2","D-F2-02;D-F2-03;D-F2-04;D-F2-06a;D-F2-06b;D-F2-06c(w_min_years=5);D-F2-06d(KuralT+KuralS,n_min=3)",true,true,true,none
P-01,P01-G-0332,fixed_grid,c_r;c_d;k_r;k_d,-0.25;-0.25;127.43902548550072;22.577778941738334,"quarter_window_location_lattice(step=0.25,[-1,2]) x ordered_pairs(c_r<=c_d) x geometric3_k_lattice([4,KMAX])^2","D-F2-02;D-F2-03;D-F2-04;D-F2-06a;D-F2-06b;D-F2-06c(w_min_years=5);D-F2-06d(KuralT+KuralS,n_min=3)",true,true,true,none
P-01,P01-G-0333,fixed_grid,c_r;c_d;k_r;k_d,-0.25;-0.25;127.43902548550072;127.43902548550072,"quarter_window_location_lattice(step=0.25,[-1,2]) x ordered_pairs(c_r<=c_d) x geometric3_k_lattice([4,KMAX])^2","D-F2-02;D-F2-03;D-F2-04;D-F2-06a;D-F2-06b;D-F2-06c(w_min_years=5);D-F2-06d(KuralT+KuralS,n_min=3)",true,false,false,KURAL_S_FAIL
P-01,P01-G-0334,fixed_grid,c_r;c_d;k_r;k_d,-0.25;0.0;4.0;4.0,"quarter_window_location_lattice(step=0.25,[-1,2]) x ordered_pairs(c_r<=c_d) x geometric3_k_lattice([4,KMAX])^2","D-F2-02;D-F2-03;D-F2-04;D-F2-06a;D-F2-06b;D-F2-06c(w_min_years=5);D-F2-06d(KuralT+KuralS,n_min=3)",true,true,true,none
P-01,P01-G-0335,fixed_grid,c_r;c_d;k_r;k_d,-0.25;0.0;4.0;22.577778941738334,"quarter_window_location_lattice(step=0.25,[-1,2]) x ordered_pairs(c_r<=c_d) x geometric3_k_lattice([4,KMAX])^2","D-F2-02;D-F2-03;D-F2-04;D-F2-06a;D-F2-06b;D-F2-06c(w_min_years=5);D-F2-06d(KuralT+KuralS,n_min=3)",true,true,true,none
P-01,P01-G-0336,fixed_grid,c_r;c_d;k_r;k_d,-0.25;0.0;4.0;127.43902548550072,"quarter_window_location_lattice(step=0.25,[-1,2]) x ordered_pairs(c_r<=c_d) x geometric3_k_lattice([4,KMAX])^2","D-F2-02;D-F2-03;D-F2-04;D-F2-06a;D-F2-06b;D-F2-06c(w_min_years=5);D-F2-06d(KuralT+KuralS,n_min=3)",true,false,false,KURAL_S_FAIL
P-01,P01-G-0337,fixed_grid,c_r;c_d;k_r;k_d,-0.25;0.0;22.577778941738334;4.0,"quarter_window_location_lattice(step=0.25,[-1,2]) x ordered_pairs(c_r<=c_d) x geometric3_k_lattice([4,KMAX])^2","D-F2-02;D-F2-03;D-F2-04;D-F2-06a;D-F2-06b;D-F2-06c(w_min_years=5);D-F2-06d(KuralT+KuralS,n_min=3)",true,true,true,none
P-01,P01-G-0338,fixed_grid,c_r;c_d;k_r;k_d,-0.25;0.0;22.577778941738334;22.577778941738334,"quarter_window_location_lattice(step=0.25,[-1,2]) x ordered_pairs(c_r<=c_d) x geometric3_k_lattice([4,KMAX])^2","D-F2-02;D-F2-03;D-F2-04;D-F2-06a;D-F2-06b;D-F2-06c(w_min_years=5);D-F2-06d(KuralT+KuralS,n_min=3)",true,true,true,none
P-01,P01-G-0339,fixed_grid,c_r;c_d;k_r;k_d,-0.25;0.0;22.577778941738334;127.43902548550072,"quarter_window_location_lattice(step=0.25,[-1,2]) x ordered_pairs(c_r<=c_d) x geometric3_k_lattice([4,KMAX])^2","D-F2-02;D-F2-03;D-F2-04;D-F2-06a;D-F2-06b;D-F2-06c(w_min_years=5);D-F2-06d(KuralT+KuralS,n_min=3)",true,false,false,KURAL_S_FAIL
P-01,P01-G-0340,fixed_grid,c_r;c_d;k_r;k_d,-0.25;0.0;127.43902548550072;4.0,"quarter_window_location_lattice(step=0.25,[-1,2]) x ordered_pairs(c_r<=c_d) x geometric3_k_lattice([4,KMAX])^2","D-F2-02;D-F2-03;D-F2-04;D-F2-06a;D-F2-06b;D-F2-06c(w_min_years=5);D-F2-06d(KuralT+KuralS,n_min=3)",true,true,true,none
P-01,P01-G-0341,fixed_grid,c_r;c_d;k_r;k_d,-0.25;0.0;127.43902548550072;22.577778941738334,"quarter_window_location_lattice(step=0.25,[-1,2]) x ordered_pairs(c_r<=c_d) x geometric3_k_lattice([4,KMAX])^2","D-F2-02;D-F2-03;D-F2-04;D-F2-06a;D-F2-06b;D-F2-06c(w_min_years=5);D-F2-06d(KuralT+KuralS,n_min=3)",true,true,true,none
P-01,P01-G-0342,fixed_grid,c_r;c_d;k_r;k_d,-0.25;0.0;127.43902548550072;127.43902548550072,"quarter_window_location_lattice(step=0.25,[-1,2]) x ordered_pairs(c_r<=c_d) x geometric3_k_lattice([4,KMAX])^2","D-F2-02;D-F2-03;D-F2-04;D-F2-06a;D-F2-06b;D-F2-06c(w_min_years=5);D-F2-06d(KuralT+KuralS,n_min=3)",true,false,false,KURAL_S_FAIL
P-01,P01-G-0343,fixed_grid,c_r;c_d;k_r;k_d,-0.25;0.25;4.0;4.0,"quarter_window_location_lattice(step=0.25,[-1,2]) x ordered_pairs(c_r<=c_d) x geometric3_k_lattice([4,KMAX])^2","D-F2-02;D-F2-03;D-F2-04;D-F2-06a;D-F2-06b;D-F2-06c(w_min_years=5);D-F2-06d(KuralT+KuralS,n_min=3)",true,true,true,none
P-01,P01-G-0344,fixed_grid,c_r;c_d;k_r;k_d,-0.25;0.25;4.0;22.577778941738334,"quarter_window_location_lattice(step=0.25,[-1,2]) x ordered_pairs(c_r<=c_d) x geometric3_k_lattice([4,KMAX])^2","D-F2-02;D-F2-03;D-F2-04;D-F2-06a;D-F2-06b;D-F2-06c(w_min_years=5);D-F2-06d(KuralT+KuralS,n_min=3)",true,true,true,none
P-01,P01-G-0345,fixed_grid,c_r;c_d;k_r;k_d,-0.25;0.25;4.0;127.43902548550072,"quarter_window_location_lattice(step=0.25,[-1,2]) x ordered_pairs(c_r<=c_d) x geometric3_k_lattice([4,KMAX])^2","D-F2-02;D-F2-03;D-F2-04;D-F2-06a;D-F2-06b;D-F2-06c(w_min_years=5);D-F2-06d(KuralT+KuralS,n_min=3)",true,true,true,none
P-01,P01-G-0346,fixed_grid,c_r;c_d;k_r;k_d,-0.25;0.25;22.577778941738334;4.0,"quarter_window_location_lattice(step=0.25,[-1,2]) x ordered_pairs(c_r<=c_d) x geometric3_k_lattice([4,KMAX])^2","D-F2-02;D-F2-03;D-F2-04;D-F2-06a;D-F2-06b;D-F2-06c(w_min_years=5);D-F2-06d(KuralT+KuralS,n_min=3)",true,true,true,none
P-01,P01-G-0347,fixed_grid,c_r;c_d;k_r;k_d,-0.25;0.25;22.577778941738334;22.577778941738334,"quarter_window_location_lattice(step=0.25,[-1,2]) x ordered_pairs(c_r<=c_d) x geometric3_k_lattice([4,KMAX])^2","D-F2-02;D-F2-03;D-F2-04;D-F2-06a;D-F2-06b;D-F2-06c(w_min_years=5);D-F2-06d(KuralT+KuralS,n_min=3)",true,true,true,none
P-01,P01-G-0348,fixed_grid,c_r;c_d;k_r;k_d,-0.25;0.25;22.577778941738334;127.43902548550072,"quarter_window_location_lattice(step=0.25,[-1,2]) x ordered_pairs(c_r<=c_d) x geometric3_k_lattice([4,KMAX])^2","D-F2-02;D-F2-03;D-F2-04;D-F2-06a;D-F2-06b;D-F2-06c(w_min_years=5);D-F2-06d(KuralT+KuralS,n_min=3)",true,true,true,none
P-01,P01-G-0349,fixed_grid,c_r;c_d;k_r;k_d,-0.25;0.25;127.43902548550072;4.0,"quarter_window_location_lattice(step=0.25,[-1,2]) x ordered_pairs(c_r<=c_d) x geometric3_k_lattice([4,KMAX])^2","D-F2-02;D-F2-03;D-F2-04;D-F2-06a;D-F2-06b;D-F2-06c(w_min_years=5);D-F2-06d(KuralT+KuralS,n_min=3)",true,true,true,none
P-01,P01-G-0350,fixed_grid,c_r;c_d;k_r;k_d,-0.25;0.25;127.43902548550072;22.577778941738334,"quarter_window_location_lattice(step=0.25,[-1,2]) x ordered_pairs(c_r<=c_d) x geometric3_k_lattice([4,KMAX])^2","D-F2-02;D-F2-03;D-F2-04;D-F2-06a;D-F2-06b;D-F2-06c(w_min_years=5);D-F2-06d(KuralT+KuralS,n_min=3)",true,true,true,none
P-01,P01-G-0351,fixed_grid,c_r;c_d;k_r;k_d,-0.25;0.25;127.43902548550072;127.43902548550072,"quarter_window_location_lattice(step=0.25,[-1,2]) x ordered_pairs(c_r<=c_d) x geometric3_k_lattice([4,KMAX])^2","D-F2-02;D-F2-03;D-F2-04;D-F2-06a;D-F2-06b;D-F2-06c(w_min_years=5);D-F2-06d(KuralT+KuralS,n_min=3)",true,true,true,none
P-01,P01-G-0352,fixed_grid,c_r;c_d;k_r;k_d,-0.25;0.5;4.0;4.0,"quarter_window_location_lattice(step=0.25,[-1,2]) x ordered_pairs(c_r<=c_d) x geometric3_k_lattice([4,KMAX])^2","D-F2-02;D-F2-03;D-F2-04;D-F2-06a;D-F2-06b;D-F2-06c(w_min_years=5);D-F2-06d(KuralT+KuralS,n_min=3)",true,true,true,none
P-01,P01-G-0353,fixed_grid,c_r;c_d;k_r;k_d,-0.25;0.5;4.0;22.577778941738334,"quarter_window_location_lattice(step=0.25,[-1,2]) x ordered_pairs(c_r<=c_d) x geometric3_k_lattice([4,KMAX])^2","D-F2-02;D-F2-03;D-F2-04;D-F2-06a;D-F2-06b;D-F2-06c(w_min_years=5);D-F2-06d(KuralT+KuralS,n_min=3)",true,true,true,none
P-01,P01-G-0354,fixed_grid,c_r;c_d;k_r;k_d,-0.25;0.5;4.0;127.43902548550072,"quarter_window_location_lattice(step=0.25,[-1,2]) x ordered_pairs(c_r<=c_d) x geometric3_k_lattice([4,KMAX])^2","D-F2-02;D-F2-03;D-F2-04;D-F2-06a;D-F2-06b;D-F2-06c(w_min_years=5);D-F2-06d(KuralT+KuralS,n_min=3)",true,true,true,none
P-01,P01-G-0355,fixed_grid,c_r;c_d;k_r;k_d,-0.25;0.5;22.577778941738334;4.0,"quarter_window_location_lattice(step=0.25,[-1,2]) x ordered_pairs(c_r<=c_d) x geometric3_k_lattice([4,KMAX])^2","D-F2-02;D-F2-03;D-F2-04;D-F2-06a;D-F2-06b;D-F2-06c(w_min_years=5);D-F2-06d(KuralT+KuralS,n_min=3)",true,true,true,none
P-01,P01-G-0356,fixed_grid,c_r;c_d;k_r;k_d,-0.25;0.5;22.577778941738334;22.577778941738334,"quarter_window_location_lattice(step=0.25,[-1,2]) x ordered_pairs(c_r<=c_d) x geometric3_k_lattice([4,KMAX])^2","D-F2-02;D-F2-03;D-F2-04;D-F2-06a;D-F2-06b;D-F2-06c(w_min_years=5);D-F2-06d(KuralT+KuralS,n_min=3)",true,true,true,none
P-01,P01-G-0357,fixed_grid,c_r;c_d;k_r;k_d,-0.25;0.5;22.577778941738334;127.43902548550072,"quarter_window_location_lattice(step=0.25,[-1,2]) x ordered_pairs(c_r<=c_d) x geometric3_k_lattice([4,KMAX])^2","D-F2-02;D-F2-03;D-F2-04;D-F2-06a;D-F2-06b;D-F2-06c(w_min_years=5);D-F2-06d(KuralT+KuralS,n_min=3)",true,true,true,none
P-01,P01-G-0358,fixed_grid,c_r;c_d;k_r;k_d,-0.25;0.5;127.43902548550072;4.0,"quarter_window_location_lattice(step=0.25,[-1,2]) x ordered_pairs(c_r<=c_d) x geometric3_k_lattice([4,KMAX])^2","D-F2-02;D-F2-03;D-F2-04;D-F2-06a;D-F2-06b;D-F2-06c(w_min_years=5);D-F2-06d(KuralT+KuralS,n_min=3)",true,true,true,none
P-01,P01-G-0359,fixed_grid,c_r;c_d;k_r;k_d,-0.25;0.5;127.43902548550072;22.577778941738334,"quarter_window_location_lattice(step=0.25,[-1,2]) x ordered_pairs(c_r<=c_d) x geometric3_k_lattice([4,KMAX])^2","D-F2-02;D-F2-03;D-F2-04;D-F2-06a;D-F2-06b;D-F2-06c(w_min_years=5);D-F2-06d(KuralT+KuralS,n_min=3)",true,true,true,none
P-01,P01-G-0360,fixed_grid,c_r;c_d;k_r;k_d,-0.25;0.5;127.43902548550072;127.43902548550072,"quarter_window_location_lattice(step=0.25,[-1,2]) x ordered_pairs(c_r<=c_d) x geometric3_k_lattice([4,KMAX])^2","D-F2-02;D-F2-03;D-F2-04;D-F2-06a;D-F2-06b;D-F2-06c(w_min_years=5);D-F2-06d(KuralT+KuralS,n_min=3)",true,true,true,none
P-01,P01-G-0361,fixed_grid,c_r;c_d;k_r;k_d,-0.25;0.75;4.0;4.0,"quarter_window_location_lattice(step=0.25,[-1,2]) x ordered_pairs(c_r<=c_d) x geometric3_k_lattice([4,KMAX])^2","D-F2-02;D-F2-03;D-F2-04;D-F2-06a;D-F2-06b;D-F2-06c(w_min_years=5);D-F2-06d(KuralT+KuralS,n_min=3)",true,true,true,none
P-01,P01-G-0362,fixed_grid,c_r;c_d;k_r;k_d,-0.25;0.75;4.0;22.577778941738334,"quarter_window_location_lattice(step=0.25,[-1,2]) x ordered_pairs(c_r<=c_d) x geometric3_k_lattice([4,KMAX])^2","D-F2-02;D-F2-03;D-F2-04;D-F2-06a;D-F2-06b;D-F2-06c(w_min_years=5);D-F2-06d(KuralT+KuralS,n_min=3)",true,true,true,none
P-01,P01-G-0363,fixed_grid,c_r;c_d;k_r;k_d,-0.25;0.75;4.0;127.43902548550072,"quarter_window_location_lattice(step=0.25,[-1,2]) x ordered_pairs(c_r<=c_d) x geometric3_k_lattice([4,KMAX])^2","D-F2-02;D-F2-03;D-F2-04;D-F2-06a;D-F2-06b;D-F2-06c(w_min_years=5);D-F2-06d(KuralT+KuralS,n_min=3)",true,true,true,none
P-01,P01-G-0364,fixed_grid,c_r;c_d;k_r;k_d,-0.25;0.75;22.577778941738334;4.0,"quarter_window_location_lattice(step=0.25,[-1,2]) x ordered_pairs(c_r<=c_d) x geometric3_k_lattice([4,KMAX])^2","D-F2-02;D-F2-03;D-F2-04;D-F2-06a;D-F2-06b;D-F2-06c(w_min_years=5);D-F2-06d(KuralT+KuralS,n_min=3)",true,true,true,none
P-01,P01-G-0365,fixed_grid,c_r;c_d;k_r;k_d,-0.25;0.75;22.577778941738334;22.577778941738334,"quarter_window_location_lattice(step=0.25,[-1,2]) x ordered_pairs(c_r<=c_d) x geometric3_k_lattice([4,KMAX])^2","D-F2-02;D-F2-03;D-F2-04;D-F2-06a;D-F2-06b;D-F2-06c(w_min_years=5);D-F2-06d(KuralT+KuralS,n_min=3)",true,true,true,none
P-01,P01-G-0366,fixed_grid,c_r;c_d;k_r;k_d,-0.25;0.75;22.577778941738334;127.43902548550072,"quarter_window_location_lattice(step=0.25,[-1,2]) x ordered_pairs(c_r<=c_d) x geometric3_k_lattice([4,KMAX])^2","D-F2-02;D-F2-03;D-F2-04;D-F2-06a;D-F2-06b;D-F2-06c(w_min_years=5);D-F2-06d(KuralT+KuralS,n_min=3)",true,true,true,none
P-01,P01-G-0367,fixed_grid,c_r;c_d;k_r;k_d,-0.25;0.75;127.43902548550072;4.0,"quarter_window_location_lattice(step=0.25,[-1,2]) x ordered_pairs(c_r<=c_d) x geometric3_k_lattice([4,KMAX])^2","D-F2-02;D-F2-03;D-F2-04;D-F2-06a;D-F2-06b;D-F2-06c(w_min_years=5);D-F2-06d(KuralT+KuralS,n_min=3)",true,true,true,none
P-01,P01-G-0368,fixed_grid,c_r;c_d;k_r;k_d,-0.25;0.75;127.43902548550072;22.577778941738334,"quarter_window_location_lattice(step=0.25,[-1,2]) x ordered_pairs(c_r<=c_d) x geometric3_k_lattice([4,KMAX])^2","D-F2-02;D-F2-03;D-F2-04;D-F2-06a;D-F2-06b;D-F2-06c(w_min_years=5);D-F2-06d(KuralT+KuralS,n_min=3)",true,true,true,none
P-01,P01-G-0369,fixed_grid,c_r;c_d;k_r;k_d,-0.25;0.75;127.43902548550072;127.43902548550072,"quarter_window_location_lattice(step=0.25,[-1,2]) x ordered_pairs(c_r<=c_d) x geometric3_k_lattice([4,KMAX])^2","D-F2-02;D-F2-03;D-F2-04;D-F2-06a;D-F2-06b;D-F2-06c(w_min_years=5);D-F2-06d(KuralT+KuralS,n_min=3)",true,true,true,none
P-01,P01-G-0370,fixed_grid,c_r;c_d;k_r;k_d,-0.25;1.0;4.0;4.0,"quarter_window_location_lattice(step=0.25,[-1,2]) x ordered_pairs(c_r<=c_d) x geometric3_k_lattice([4,KMAX])^2","D-F2-02;D-F2-03;D-F2-04;D-F2-06a;D-F2-06b;D-F2-06c(w_min_years=5);D-F2-06d(KuralT+KuralS,n_min=3)",true,true,true,none
P-01,P01-G-0371,fixed_grid,c_r;c_d;k_r;k_d,-0.25;1.0;4.0;22.577778941738334,"quarter_window_location_lattice(step=0.25,[-1,2]) x ordered_pairs(c_r<=c_d) x geometric3_k_lattice([4,KMAX])^2","D-F2-02;D-F2-03;D-F2-04;D-F2-06a;D-F2-06b;D-F2-06c(w_min_years=5);D-F2-06d(KuralT+KuralS,n_min=3)",true,true,true,none
P-01,P01-G-0372,fixed_grid,c_r;c_d;k_r;k_d,-0.25;1.0;4.0;127.43902548550072,"quarter_window_location_lattice(step=0.25,[-1,2]) x ordered_pairs(c_r<=c_d) x geometric3_k_lattice([4,KMAX])^2","D-F2-02;D-F2-03;D-F2-04;D-F2-06a;D-F2-06b;D-F2-06c(w_min_years=5);D-F2-06d(KuralT+KuralS,n_min=3)",true,true,true,none
P-01,P01-G-0373,fixed_grid,c_r;c_d;k_r;k_d,-0.25;1.0;22.577778941738334;4.0,"quarter_window_location_lattice(step=0.25,[-1,2]) x ordered_pairs(c_r<=c_d) x geometric3_k_lattice([4,KMAX])^2","D-F2-02;D-F2-03;D-F2-04;D-F2-06a;D-F2-06b;D-F2-06c(w_min_years=5);D-F2-06d(KuralT+KuralS,n_min=3)",true,true,true,none
P-01,P01-G-0374,fixed_grid,c_r;c_d;k_r;k_d,-0.25;1.0;22.577778941738334;22.577778941738334,"quarter_window_location_lattice(step=0.25,[-1,2]) x ordered_pairs(c_r<=c_d) x geometric3_k_lattice([4,KMAX])^2","D-F2-02;D-F2-03;D-F2-04;D-F2-06a;D-F2-06b;D-F2-06c(w_min_years=5);D-F2-06d(KuralT+KuralS,n_min=3)",true,true,true,none
P-01,P01-G-0375,fixed_grid,c_r;c_d;k_r;k_d,-0.25;1.0;22.577778941738334;127.43902548550072,"quarter_window_location_lattice(step=0.25,[-1,2]) x ordered_pairs(c_r<=c_d) x geometric3_k_lattice([4,KMAX])^2","D-F2-02;D-F2-03;D-F2-04;D-F2-06a;D-F2-06b;D-F2-06c(w_min_years=5);D-F2-06d(KuralT+KuralS,n_min=3)",true,true,true,none
P-01,P01-G-0376,fixed_grid,c_r;c_d;k_r;k_d,-0.25;1.0;127.43902548550072;4.0,"quarter_window_location_lattice(step=0.25,[-1,2]) x ordered_pairs(c_r<=c_d) x geometric3_k_lattice([4,KMAX])^2","D-F2-02;D-F2-03;D-F2-04;D-F2-06a;D-F2-06b;D-F2-06c(w_min_years=5);D-F2-06d(KuralT+KuralS,n_min=3)",true,true,true,none
P-01,P01-G-0377,fixed_grid,c_r;c_d;k_r;k_d,-0.25;1.0;127.43902548550072;22.577778941738334,"quarter_window_location_lattice(step=0.25,[-1,2]) x ordered_pairs(c_r<=c_d) x geometric3_k_lattice([4,KMAX])^2","D-F2-02;D-F2-03;D-F2-04;D-F2-06a;D-F2-06b;D-F2-06c(w_min_years=5);D-F2-06d(KuralT+KuralS,n_min=3)",true,true,true,none
P-01,P01-G-0378,fixed_grid,c_r;c_d;k_r;k_d,-0.25;1.0;127.43902548550072;127.43902548550072,"quarter_window_location_lattice(step=0.25,[-1,2]) x ordered_pairs(c_r<=c_d) x geometric3_k_lattice([4,KMAX])^2","D-F2-02;D-F2-03;D-F2-04;D-F2-06a;D-F2-06b;D-F2-06c(w_min_years=5);D-F2-06d(KuralT+KuralS,n_min=3)",true,true,true,none
P-01,P01-G-0379,fixed_grid,c_r;c_d;k_r;k_d,-0.25;1.25;4.0;4.0,"quarter_window_location_lattice(step=0.25,[-1,2]) x ordered_pairs(c_r<=c_d) x geometric3_k_lattice([4,KMAX])^2","D-F2-02;D-F2-03;D-F2-04;D-F2-06a;D-F2-06b;D-F2-06c(w_min_years=5);D-F2-06d(KuralT+KuralS,n_min=3)",true,true,true,none
P-01,P01-G-0380,fixed_grid,c_r;c_d;k_r;k_d,-0.25;1.25;4.0;22.577778941738334,"quarter_window_location_lattice(step=0.25,[-1,2]) x ordered_pairs(c_r<=c_d) x geometric3_k_lattice([4,KMAX])^2","D-F2-02;D-F2-03;D-F2-04;D-F2-06a;D-F2-06b;D-F2-06c(w_min_years=5);D-F2-06d(KuralT+KuralS,n_min=3)",true,true,true,none
P-01,P01-G-0381,fixed_grid,c_r;c_d;k_r;k_d,-0.25;1.25;4.0;127.43902548550072,"quarter_window_location_lattice(step=0.25,[-1,2]) x ordered_pairs(c_r<=c_d) x geometric3_k_lattice([4,KMAX])^2","D-F2-02;D-F2-03;D-F2-04;D-F2-06a;D-F2-06b;D-F2-06c(w_min_years=5);D-F2-06d(KuralT+KuralS,n_min=3)",true,true,true,none
P-01,P01-G-0382,fixed_grid,c_r;c_d;k_r;k_d,-0.25;1.25;22.577778941738334;4.0,"quarter_window_location_lattice(step=0.25,[-1,2]) x ordered_pairs(c_r<=c_d) x geometric3_k_lattice([4,KMAX])^2","D-F2-02;D-F2-03;D-F2-04;D-F2-06a;D-F2-06b;D-F2-06c(w_min_years=5);D-F2-06d(KuralT+KuralS,n_min=3)",true,true,true,none
P-01,P01-G-0383,fixed_grid,c_r;c_d;k_r;k_d,-0.25;1.25;22.577778941738334;22.577778941738334,"quarter_window_location_lattice(step=0.25,[-1,2]) x ordered_pairs(c_r<=c_d) x geometric3_k_lattice([4,KMAX])^2","D-F2-02;D-F2-03;D-F2-04;D-F2-06a;D-F2-06b;D-F2-06c(w_min_years=5);D-F2-06d(KuralT+KuralS,n_min=3)",true,true,true,none
P-01,P01-G-0384,fixed_grid,c_r;c_d;k_r;k_d,-0.25;1.25;22.577778941738334;127.43902548550072,"quarter_window_location_lattice(step=0.25,[-1,2]) x ordered_pairs(c_r<=c_d) x geometric3_k_lattice([4,KMAX])^2","D-F2-02;D-F2-03;D-F2-04;D-F2-06a;D-F2-06b;D-F2-06c(w_min_years=5);D-F2-06d(KuralT+KuralS,n_min=3)",true,true,true,none
P-01,P01-G-0385,fixed_grid,c_r;c_d;k_r;k_d,-0.25;1.25;127.43902548550072;4.0,"quarter_window_location_lattice(step=0.25,[-1,2]) x ordered_pairs(c_r<=c_d) x geometric3_k_lattice([4,KMAX])^2","D-F2-02;D-F2-03;D-F2-04;D-F2-06a;D-F2-06b;D-F2-06c(w_min_years=5);D-F2-06d(KuralT+KuralS,n_min=3)",true,true,true,none
P-01,P01-G-0386,fixed_grid,c_r;c_d;k_r;k_d,-0.25;1.25;127.43902548550072;22.577778941738334,"quarter_window_location_lattice(step=0.25,[-1,2]) x ordered_pairs(c_r<=c_d) x geometric3_k_lattice([4,KMAX])^2","D-F2-02;D-F2-03;D-F2-04;D-F2-06a;D-F2-06b;D-F2-06c(w_min_years=5);D-F2-06d(KuralT+KuralS,n_min=3)",true,true,true,none
P-01,P01-G-0387,fixed_grid,c_r;c_d;k_r;k_d,-0.25;1.25;127.43902548550072;127.43902548550072,"quarter_window_location_lattice(step=0.25,[-1,2]) x ordered_pairs(c_r<=c_d) x geometric3_k_lattice([4,KMAX])^2","D-F2-02;D-F2-03;D-F2-04;D-F2-06a;D-F2-06b;D-F2-06c(w_min_years=5);D-F2-06d(KuralT+KuralS,n_min=3)",true,true,true,none
P-01,P01-G-0388,fixed_grid,c_r;c_d;k_r;k_d,-0.25;1.5;4.0;4.0,"quarter_window_location_lattice(step=0.25,[-1,2]) x ordered_pairs(c_r<=c_d) x geometric3_k_lattice([4,KMAX])^2","D-F2-02;D-F2-03;D-F2-04;D-F2-06a;D-F2-06b;D-F2-06c(w_min_years=5);D-F2-06d(KuralT+KuralS,n_min=3)",true,true,true,none
P-01,P01-G-0389,fixed_grid,c_r;c_d;k_r;k_d,-0.25;1.5;4.0;22.577778941738334,"quarter_window_location_lattice(step=0.25,[-1,2]) x ordered_pairs(c_r<=c_d) x geometric3_k_lattice([4,KMAX])^2","D-F2-02;D-F2-03;D-F2-04;D-F2-06a;D-F2-06b;D-F2-06c(w_min_years=5);D-F2-06d(KuralT+KuralS,n_min=3)",true,true,true,none
P-01,P01-G-0390,fixed_grid,c_r;c_d;k_r;k_d,-0.25;1.5;4.0;127.43902548550072,"quarter_window_location_lattice(step=0.25,[-1,2]) x ordered_pairs(c_r<=c_d) x geometric3_k_lattice([4,KMAX])^2","D-F2-02;D-F2-03;D-F2-04;D-F2-06a;D-F2-06b;D-F2-06c(w_min_years=5);D-F2-06d(KuralT+KuralS,n_min=3)",true,true,true,none
P-01,P01-G-0391,fixed_grid,c_r;c_d;k_r;k_d,-0.25;1.5;22.577778941738334;4.0,"quarter_window_location_lattice(step=0.25,[-1,2]) x ordered_pairs(c_r<=c_d) x geometric3_k_lattice([4,KMAX])^2","D-F2-02;D-F2-03;D-F2-04;D-F2-06a;D-F2-06b;D-F2-06c(w_min_years=5);D-F2-06d(KuralT+KuralS,n_min=3)",true,true,true,none
P-01,P01-G-0392,fixed_grid,c_r;c_d;k_r;k_d,-0.25;1.5;22.577778941738334;22.577778941738334,"quarter_window_location_lattice(step=0.25,[-1,2]) x ordered_pairs(c_r<=c_d) x geometric3_k_lattice([4,KMAX])^2","D-F2-02;D-F2-03;D-F2-04;D-F2-06a;D-F2-06b;D-F2-06c(w_min_years=5);D-F2-06d(KuralT+KuralS,n_min=3)",true,true,true,none
P-01,P01-G-0393,fixed_grid,c_r;c_d;k_r;k_d,-0.25;1.5;22.577778941738334;127.43902548550072,"quarter_window_location_lattice(step=0.25,[-1,2]) x ordered_pairs(c_r<=c_d) x geometric3_k_lattice([4,KMAX])^2","D-F2-02;D-F2-03;D-F2-04;D-F2-06a;D-F2-06b;D-F2-06c(w_min_years=5);D-F2-06d(KuralT+KuralS,n_min=3)",true,true,true,none
P-01,P01-G-0394,fixed_grid,c_r;c_d;k_r;k_d,-0.25;1.5;127.43902548550072;4.0,"quarter_window_location_lattice(step=0.25,[-1,2]) x ordered_pairs(c_r<=c_d) x geometric3_k_lattice([4,KMAX])^2","D-F2-02;D-F2-03;D-F2-04;D-F2-06a;D-F2-06b;D-F2-06c(w_min_years=5);D-F2-06d(KuralT+KuralS,n_min=3)",true,true,true,none
P-01,P01-G-0395,fixed_grid,c_r;c_d;k_r;k_d,-0.25;1.5;127.43902548550072;22.577778941738334,"quarter_window_location_lattice(step=0.25,[-1,2]) x ordered_pairs(c_r<=c_d) x geometric3_k_lattice([4,KMAX])^2","D-F2-02;D-F2-03;D-F2-04;D-F2-06a;D-F2-06b;D-F2-06c(w_min_years=5);D-F2-06d(KuralT+KuralS,n_min=3)",true,true,true,none
P-01,P01-G-0396,fixed_grid,c_r;c_d;k_r;k_d,-0.25;1.5;127.43902548550072;127.43902548550072,"quarter_window_location_lattice(step=0.25,[-1,2]) x ordered_pairs(c_r<=c_d) x geometric3_k_lattice([4,KMAX])^2","D-F2-02;D-F2-03;D-F2-04;D-F2-06a;D-F2-06b;D-F2-06c(w_min_years=5);D-F2-06d(KuralT+KuralS,n_min=3)",true,true,true,none
P-01,P01-G-0397,fixed_grid,c_r;c_d;k_r;k_d,-0.25;1.75;4.0;4.0,"quarter_window_location_lattice(step=0.25,[-1,2]) x ordered_pairs(c_r<=c_d) x geometric3_k_lattice([4,KMAX])^2","D-F2-02;D-F2-03;D-F2-04;D-F2-06a;D-F2-06b;D-F2-06c(w_min_years=5);D-F2-06d(KuralT+KuralS,n_min=3)",true,true,true,none
P-01,P01-G-0398,fixed_grid,c_r;c_d;k_r;k_d,-0.25;1.75;4.0;22.577778941738334,"quarter_window_location_lattice(step=0.25,[-1,2]) x ordered_pairs(c_r<=c_d) x geometric3_k_lattice([4,KMAX])^2","D-F2-02;D-F2-03;D-F2-04;D-F2-06a;D-F2-06b;D-F2-06c(w_min_years=5);D-F2-06d(KuralT+KuralS,n_min=3)",true,true,true,none
P-01,P01-G-0399,fixed_grid,c_r;c_d;k_r;k_d,-0.25;1.75;4.0;127.43902548550072,"quarter_window_location_lattice(step=0.25,[-1,2]) x ordered_pairs(c_r<=c_d) x geometric3_k_lattice([4,KMAX])^2","D-F2-02;D-F2-03;D-F2-04;D-F2-06a;D-F2-06b;D-F2-06c(w_min_years=5);D-F2-06d(KuralT+KuralS,n_min=3)",true,true,true,none
P-01,P01-G-0400,fixed_grid,c_r;c_d;k_r;k_d,-0.25;1.75;22.577778941738334;4.0,"quarter_window_location_lattice(step=0.25,[-1,2]) x ordered_pairs(c_r<=c_d) x geometric3_k_lattice([4,KMAX])^2","D-F2-02;D-F2-03;D-F2-04;D-F2-06a;D-F2-06b;D-F2-06c(w_min_years=5);D-F2-06d(KuralT+KuralS,n_min=3)",true,true,true,none
P-01,P01-G-0401,fixed_grid,c_r;c_d;k_r;k_d,-0.25;1.75;22.577778941738334;22.577778941738334,"quarter_window_location_lattice(step=0.25,[-1,2]) x ordered_pairs(c_r<=c_d) x geometric3_k_lattice([4,KMAX])^2","D-F2-02;D-F2-03;D-F2-04;D-F2-06a;D-F2-06b;D-F2-06c(w_min_years=5);D-F2-06d(KuralT+KuralS,n_min=3)",true,true,true,none
P-01,P01-G-0402,fixed_grid,c_r;c_d;k_r;k_d,-0.25;1.75;22.577778941738334;127.43902548550072,"quarter_window_location_lattice(step=0.25,[-1,2]) x ordered_pairs(c_r<=c_d) x geometric3_k_lattice([4,KMAX])^2","D-F2-02;D-F2-03;D-F2-04;D-F2-06a;D-F2-06b;D-F2-06c(w_min_years=5);D-F2-06d(KuralT+KuralS,n_min=3)",true,true,true,none
P-01,P01-G-0403,fixed_grid,c_r;c_d;k_r;k_d,-0.25;1.75;127.43902548550072;4.0,"quarter_window_location_lattice(step=0.25,[-1,2]) x ordered_pairs(c_r<=c_d) x geometric3_k_lattice([4,KMAX])^2","D-F2-02;D-F2-03;D-F2-04;D-F2-06a;D-F2-06b;D-F2-06c(w_min_years=5);D-F2-06d(KuralT+KuralS,n_min=3)",true,true,true,none
P-01,P01-G-0404,fixed_grid,c_r;c_d;k_r;k_d,-0.25;1.75;127.43902548550072;22.577778941738334,"quarter_window_location_lattice(step=0.25,[-1,2]) x ordered_pairs(c_r<=c_d) x geometric3_k_lattice([4,KMAX])^2","D-F2-02;D-F2-03;D-F2-04;D-F2-06a;D-F2-06b;D-F2-06c(w_min_years=5);D-F2-06d(KuralT+KuralS,n_min=3)",true,true,true,none
P-01,P01-G-0405,fixed_grid,c_r;c_d;k_r;k_d,-0.25;1.75;127.43902548550072;127.43902548550072,"quarter_window_location_lattice(step=0.25,[-1,2]) x ordered_pairs(c_r<=c_d) x geometric3_k_lattice([4,KMAX])^2","D-F2-02;D-F2-03;D-F2-04;D-F2-06a;D-F2-06b;D-F2-06c(w_min_years=5);D-F2-06d(KuralT+KuralS,n_min=3)",true,true,true,none
P-01,P01-G-0406,fixed_grid,c_r;c_d;k_r;k_d,-0.25;2.0;4.0;4.0,"quarter_window_location_lattice(step=0.25,[-1,2]) x ordered_pairs(c_r<=c_d) x geometric3_k_lattice([4,KMAX])^2","D-F2-02;D-F2-03;D-F2-04;D-F2-06a;D-F2-06b;D-F2-06c(w_min_years=5);D-F2-06d(KuralT+KuralS,n_min=3)",true,true,true,none
P-01,P01-G-0407,fixed_grid,c_r;c_d;k_r;k_d,-0.25;2.0;4.0;22.577778941738334,"quarter_window_location_lattice(step=0.25,[-1,2]) x ordered_pairs(c_r<=c_d) x geometric3_k_lattice([4,KMAX])^2","D-F2-02;D-F2-03;D-F2-04;D-F2-06a;D-F2-06b;D-F2-06c(w_min_years=5);D-F2-06d(KuralT+KuralS,n_min=3)",true,true,true,none
P-01,P01-G-0408,fixed_grid,c_r;c_d;k_r;k_d,-0.25;2.0;4.0;127.43902548550072,"quarter_window_location_lattice(step=0.25,[-1,2]) x ordered_pairs(c_r<=c_d) x geometric3_k_lattice([4,KMAX])^2","D-F2-02;D-F2-03;D-F2-04;D-F2-06a;D-F2-06b;D-F2-06c(w_min_years=5);D-F2-06d(KuralT+KuralS,n_min=3)",true,true,true,none
P-01,P01-G-0409,fixed_grid,c_r;c_d;k_r;k_d,-0.25;2.0;22.577778941738334;4.0,"quarter_window_location_lattice(step=0.25,[-1,2]) x ordered_pairs(c_r<=c_d) x geometric3_k_lattice([4,KMAX])^2","D-F2-02;D-F2-03;D-F2-04;D-F2-06a;D-F2-06b;D-F2-06c(w_min_years=5);D-F2-06d(KuralT+KuralS,n_min=3)",true,true,true,none
P-01,P01-G-0410,fixed_grid,c_r;c_d;k_r;k_d,-0.25;2.0;22.577778941738334;22.577778941738334,"quarter_window_location_lattice(step=0.25,[-1,2]) x ordered_pairs(c_r<=c_d) x geometric3_k_lattice([4,KMAX])^2","D-F2-02;D-F2-03;D-F2-04;D-F2-06a;D-F2-06b;D-F2-06c(w_min_years=5);D-F2-06d(KuralT+KuralS,n_min=3)",true,true,true,none
P-01,P01-G-0411,fixed_grid,c_r;c_d;k_r;k_d,-0.25;2.0;22.577778941738334;127.43902548550072,"quarter_window_location_lattice(step=0.25,[-1,2]) x ordered_pairs(c_r<=c_d) x geometric3_k_lattice([4,KMAX])^2","D-F2-02;D-F2-03;D-F2-04;D-F2-06a;D-F2-06b;D-F2-06c(w_min_years=5);D-F2-06d(KuralT+KuralS,n_min=3)",true,true,true,none
P-01,P01-G-0412,fixed_grid,c_r;c_d;k_r;k_d,-0.25;2.0;127.43902548550072;4.0,"quarter_window_location_lattice(step=0.25,[-1,2]) x ordered_pairs(c_r<=c_d) x geometric3_k_lattice([4,KMAX])^2","D-F2-02;D-F2-03;D-F2-04;D-F2-06a;D-F2-06b;D-F2-06c(w_min_years=5);D-F2-06d(KuralT+KuralS,n_min=3)",true,true,true,none
P-01,P01-G-0413,fixed_grid,c_r;c_d;k_r;k_d,-0.25;2.0;127.43902548550072;22.577778941738334,"quarter_window_location_lattice(step=0.25,[-1,2]) x ordered_pairs(c_r<=c_d) x geometric3_k_lattice([4,KMAX])^2","D-F2-02;D-F2-03;D-F2-04;D-F2-06a;D-F2-06b;D-F2-06c(w_min_years=5);D-F2-06d(KuralT+KuralS,n_min=3)",true,true,true,none
P-01,P01-G-0414,fixed_grid,c_r;c_d;k_r;k_d,-0.25;2.0;127.43902548550072;127.43902548550072,"quarter_window_location_lattice(step=0.25,[-1,2]) x ordered_pairs(c_r<=c_d) x geometric3_k_lattice([4,KMAX])^2","D-F2-02;D-F2-03;D-F2-04;D-F2-06a;D-F2-06b;D-F2-06c(w_min_years=5);D-F2-06d(KuralT+KuralS,n_min=3)",true,true,true,none
P-01,P01-G-0415,fixed_grid,c_r;c_d;k_r;k_d,0.0;0.0;4.0;4.0,"quarter_window_location_lattice(step=0.25,[-1,2]) x ordered_pairs(c_r<=c_d) x geometric3_k_lattice([4,KMAX])^2","D-F2-02;D-F2-03;D-F2-04;D-F2-06a;D-F2-06b;D-F2-06c(w_min_years=5);D-F2-06d(KuralT+KuralS,n_min=3)",true,true,true,none
P-01,P01-G-0416,fixed_grid,c_r;c_d;k_r;k_d,0.0;0.0;4.0;22.577778941738334,"quarter_window_location_lattice(step=0.25,[-1,2]) x ordered_pairs(c_r<=c_d) x geometric3_k_lattice([4,KMAX])^2","D-F2-02;D-F2-03;D-F2-04;D-F2-06a;D-F2-06b;D-F2-06c(w_min_years=5);D-F2-06d(KuralT+KuralS,n_min=3)",true,true,true,none
P-01,P01-G-0417,fixed_grid,c_r;c_d;k_r;k_d,0.0;0.0;4.0;127.43902548550072,"quarter_window_location_lattice(step=0.25,[-1,2]) x ordered_pairs(c_r<=c_d) x geometric3_k_lattice([4,KMAX])^2","D-F2-02;D-F2-03;D-F2-04;D-F2-06a;D-F2-06b;D-F2-06c(w_min_years=5);D-F2-06d(KuralT+KuralS,n_min=3)",true,false,false,KURAL_S_FAIL
P-01,P01-G-0418,fixed_grid,c_r;c_d;k_r;k_d,0.0;0.0;22.577778941738334;4.0,"quarter_window_location_lattice(step=0.25,[-1,2]) x ordered_pairs(c_r<=c_d) x geometric3_k_lattice([4,KMAX])^2","D-F2-02;D-F2-03;D-F2-04;D-F2-06a;D-F2-06b;D-F2-06c(w_min_years=5);D-F2-06d(KuralT+KuralS,n_min=3)",true,true,true,none
P-01,P01-G-0419,fixed_grid,c_r;c_d;k_r;k_d,0.0;0.0;22.577778941738334;22.577778941738334,"quarter_window_location_lattice(step=0.25,[-1,2]) x ordered_pairs(c_r<=c_d) x geometric3_k_lattice([4,KMAX])^2","D-F2-02;D-F2-03;D-F2-04;D-F2-06a;D-F2-06b;D-F2-06c(w_min_years=5);D-F2-06d(KuralT+KuralS,n_min=3)",true,true,true,none
P-01,P01-G-0420,fixed_grid,c_r;c_d;k_r;k_d,0.0;0.0;22.577778941738334;127.43902548550072,"quarter_window_location_lattice(step=0.25,[-1,2]) x ordered_pairs(c_r<=c_d) x geometric3_k_lattice([4,KMAX])^2","D-F2-02;D-F2-03;D-F2-04;D-F2-06a;D-F2-06b;D-F2-06c(w_min_years=5);D-F2-06d(KuralT+KuralS,n_min=3)",true,false,false,KURAL_S_FAIL
P-01,P01-G-0421,fixed_grid,c_r;c_d;k_r;k_d,0.0;0.0;127.43902548550072;4.0,"quarter_window_location_lattice(step=0.25,[-1,2]) x ordered_pairs(c_r<=c_d) x geometric3_k_lattice([4,KMAX])^2","D-F2-02;D-F2-03;D-F2-04;D-F2-06a;D-F2-06b;D-F2-06c(w_min_years=5);D-F2-06d(KuralT+KuralS,n_min=3)",true,true,true,none
P-01,P01-G-0422,fixed_grid,c_r;c_d;k_r;k_d,0.0;0.0;127.43902548550072;22.577778941738334,"quarter_window_location_lattice(step=0.25,[-1,2]) x ordered_pairs(c_r<=c_d) x geometric3_k_lattice([4,KMAX])^2","D-F2-02;D-F2-03;D-F2-04;D-F2-06a;D-F2-06b;D-F2-06c(w_min_years=5);D-F2-06d(KuralT+KuralS,n_min=3)",true,true,true,none
P-01,P01-G-0423,fixed_grid,c_r;c_d;k_r;k_d,0.0;0.0;127.43902548550072;127.43902548550072,"quarter_window_location_lattice(step=0.25,[-1,2]) x ordered_pairs(c_r<=c_d) x geometric3_k_lattice([4,KMAX])^2","D-F2-02;D-F2-03;D-F2-04;D-F2-06a;D-F2-06b;D-F2-06c(w_min_years=5);D-F2-06d(KuralT+KuralS,n_min=3)",true,true,true,none
P-01,P01-G-0424,fixed_grid,c_r;c_d;k_r;k_d,0.0;0.25;4.0;4.0,"quarter_window_location_lattice(step=0.25,[-1,2]) x ordered_pairs(c_r<=c_d) x geometric3_k_lattice([4,KMAX])^2","D-F2-02;D-F2-03;D-F2-04;D-F2-06a;D-F2-06b;D-F2-06c(w_min_years=5);D-F2-06d(KuralT+KuralS,n_min=3)",true,true,true,none
P-01,P01-G-0425,fixed_grid,c_r;c_d;k_r;k_d,0.0;0.25;4.0;22.577778941738334,"quarter_window_location_lattice(step=0.25,[-1,2]) x ordered_pairs(c_r<=c_d) x geometric3_k_lattice([4,KMAX])^2","D-F2-02;D-F2-03;D-F2-04;D-F2-06a;D-F2-06b;D-F2-06c(w_min_years=5);D-F2-06d(KuralT+KuralS,n_min=3)",true,true,true,none
P-01,P01-G-0426,fixed_grid,c_r;c_d;k_r;k_d,0.0;0.25;4.0;127.43902548550072,"quarter_window_location_lattice(step=0.25,[-1,2]) x ordered_pairs(c_r<=c_d) x geometric3_k_lattice([4,KMAX])^2","D-F2-02;D-F2-03;D-F2-04;D-F2-06a;D-F2-06b;D-F2-06c(w_min_years=5);D-F2-06d(KuralT+KuralS,n_min=3)",true,true,true,none
P-01,P01-G-0427,fixed_grid,c_r;c_d;k_r;k_d,0.0;0.25;22.577778941738334;4.0,"quarter_window_location_lattice(step=0.25,[-1,2]) x ordered_pairs(c_r<=c_d) x geometric3_k_lattice([4,KMAX])^2","D-F2-02;D-F2-03;D-F2-04;D-F2-06a;D-F2-06b;D-F2-06c(w_min_years=5);D-F2-06d(KuralT+KuralS,n_min=3)",true,true,true,none
P-01,P01-G-0428,fixed_grid,c_r;c_d;k_r;k_d,0.0;0.25;22.577778941738334;22.577778941738334,"quarter_window_location_lattice(step=0.25,[-1,2]) x ordered_pairs(c_r<=c_d) x geometric3_k_lattice([4,KMAX])^2","D-F2-02;D-F2-03;D-F2-04;D-F2-06a;D-F2-06b;D-F2-06c(w_min_years=5);D-F2-06d(KuralT+KuralS,n_min=3)",true,true,true,none
P-01,P01-G-0429,fixed_grid,c_r;c_d;k_r;k_d,0.0;0.25;22.577778941738334;127.43902548550072,"quarter_window_location_lattice(step=0.25,[-1,2]) x ordered_pairs(c_r<=c_d) x geometric3_k_lattice([4,KMAX])^2","D-F2-02;D-F2-03;D-F2-04;D-F2-06a;D-F2-06b;D-F2-06c(w_min_years=5);D-F2-06d(KuralT+KuralS,n_min=3)",true,true,true,none
P-01,P01-G-0430,fixed_grid,c_r;c_d;k_r;k_d,0.0;0.25;127.43902548550072;4.0,"quarter_window_location_lattice(step=0.25,[-1,2]) x ordered_pairs(c_r<=c_d) x geometric3_k_lattice([4,KMAX])^2","D-F2-02;D-F2-03;D-F2-04;D-F2-06a;D-F2-06b;D-F2-06c(w_min_years=5);D-F2-06d(KuralT+KuralS,n_min=3)",true,true,true,none
P-01,P01-G-0431,fixed_grid,c_r;c_d;k_r;k_d,0.0;0.25;127.43902548550072;22.577778941738334,"quarter_window_location_lattice(step=0.25,[-1,2]) x ordered_pairs(c_r<=c_d) x geometric3_k_lattice([4,KMAX])^2","D-F2-02;D-F2-03;D-F2-04;D-F2-06a;D-F2-06b;D-F2-06c(w_min_years=5);D-F2-06d(KuralT+KuralS,n_min=3)",true,true,true,none
P-01,P01-G-0432,fixed_grid,c_r;c_d;k_r;k_d,0.0;0.25;127.43902548550072;127.43902548550072,"quarter_window_location_lattice(step=0.25,[-1,2]) x ordered_pairs(c_r<=c_d) x geometric3_k_lattice([4,KMAX])^2","D-F2-02;D-F2-03;D-F2-04;D-F2-06a;D-F2-06b;D-F2-06c(w_min_years=5);D-F2-06d(KuralT+KuralS,n_min=3)",true,true,true,none
P-01,P01-G-0433,fixed_grid,c_r;c_d;k_r;k_d,0.0;0.5;4.0;4.0,"quarter_window_location_lattice(step=0.25,[-1,2]) x ordered_pairs(c_r<=c_d) x geometric3_k_lattice([4,KMAX])^2","D-F2-02;D-F2-03;D-F2-04;D-F2-06a;D-F2-06b;D-F2-06c(w_min_years=5);D-F2-06d(KuralT+KuralS,n_min=3)",true,true,true,none
P-01,P01-G-0434,fixed_grid,c_r;c_d;k_r;k_d,0.0;0.5;4.0;22.577778941738334,"quarter_window_location_lattice(step=0.25,[-1,2]) x ordered_pairs(c_r<=c_d) x geometric3_k_lattice([4,KMAX])^2","D-F2-02;D-F2-03;D-F2-04;D-F2-06a;D-F2-06b;D-F2-06c(w_min_years=5);D-F2-06d(KuralT+KuralS,n_min=3)",true,true,true,none
P-01,P01-G-0435,fixed_grid,c_r;c_d;k_r;k_d,0.0;0.5;4.0;127.43902548550072,"quarter_window_location_lattice(step=0.25,[-1,2]) x ordered_pairs(c_r<=c_d) x geometric3_k_lattice([4,KMAX])^2","D-F2-02;D-F2-03;D-F2-04;D-F2-06a;D-F2-06b;D-F2-06c(w_min_years=5);D-F2-06d(KuralT+KuralS,n_min=3)",true,true,true,none
P-01,P01-G-0436,fixed_grid,c_r;c_d;k_r;k_d,0.0;0.5;22.577778941738334;4.0,"quarter_window_location_lattice(step=0.25,[-1,2]) x ordered_pairs(c_r<=c_d) x geometric3_k_lattice([4,KMAX])^2","D-F2-02;D-F2-03;D-F2-04;D-F2-06a;D-F2-06b;D-F2-06c(w_min_years=5);D-F2-06d(KuralT+KuralS,n_min=3)",true,true,true,none
P-01,P01-G-0437,fixed_grid,c_r;c_d;k_r;k_d,0.0;0.5;22.577778941738334;22.577778941738334,"quarter_window_location_lattice(step=0.25,[-1,2]) x ordered_pairs(c_r<=c_d) x geometric3_k_lattice([4,KMAX])^2","D-F2-02;D-F2-03;D-F2-04;D-F2-06a;D-F2-06b;D-F2-06c(w_min_years=5);D-F2-06d(KuralT+KuralS,n_min=3)",true,true,true,none
P-01,P01-G-0438,fixed_grid,c_r;c_d;k_r;k_d,0.0;0.5;22.577778941738334;127.43902548550072,"quarter_window_location_lattice(step=0.25,[-1,2]) x ordered_pairs(c_r<=c_d) x geometric3_k_lattice([4,KMAX])^2","D-F2-02;D-F2-03;D-F2-04;D-F2-06a;D-F2-06b;D-F2-06c(w_min_years=5);D-F2-06d(KuralT+KuralS,n_min=3)",true,true,true,none
P-01,P01-G-0439,fixed_grid,c_r;c_d;k_r;k_d,0.0;0.5;127.43902548550072;4.0,"quarter_window_location_lattice(step=0.25,[-1,2]) x ordered_pairs(c_r<=c_d) x geometric3_k_lattice([4,KMAX])^2","D-F2-02;D-F2-03;D-F2-04;D-F2-06a;D-F2-06b;D-F2-06c(w_min_years=5);D-F2-06d(KuralT+KuralS,n_min=3)",true,true,true,none
P-01,P01-G-0440,fixed_grid,c_r;c_d;k_r;k_d,0.0;0.5;127.43902548550072;22.577778941738334,"quarter_window_location_lattice(step=0.25,[-1,2]) x ordered_pairs(c_r<=c_d) x geometric3_k_lattice([4,KMAX])^2","D-F2-02;D-F2-03;D-F2-04;D-F2-06a;D-F2-06b;D-F2-06c(w_min_years=5);D-F2-06d(KuralT+KuralS,n_min=3)",true,true,true,none
P-01,P01-G-0441,fixed_grid,c_r;c_d;k_r;k_d,0.0;0.5;127.43902548550072;127.43902548550072,"quarter_window_location_lattice(step=0.25,[-1,2]) x ordered_pairs(c_r<=c_d) x geometric3_k_lattice([4,KMAX])^2","D-F2-02;D-F2-03;D-F2-04;D-F2-06a;D-F2-06b;D-F2-06c(w_min_years=5);D-F2-06d(KuralT+KuralS,n_min=3)",true,true,true,none
P-01,P01-G-0442,fixed_grid,c_r;c_d;k_r;k_d,0.0;0.75;4.0;4.0,"quarter_window_location_lattice(step=0.25,[-1,2]) x ordered_pairs(c_r<=c_d) x geometric3_k_lattice([4,KMAX])^2","D-F2-02;D-F2-03;D-F2-04;D-F2-06a;D-F2-06b;D-F2-06c(w_min_years=5);D-F2-06d(KuralT+KuralS,n_min=3)",true,true,true,none
P-01,P01-G-0443,fixed_grid,c_r;c_d;k_r;k_d,0.0;0.75;4.0;22.577778941738334,"quarter_window_location_lattice(step=0.25,[-1,2]) x ordered_pairs(c_r<=c_d) x geometric3_k_lattice([4,KMAX])^2","D-F2-02;D-F2-03;D-F2-04;D-F2-06a;D-F2-06b;D-F2-06c(w_min_years=5);D-F2-06d(KuralT+KuralS,n_min=3)",true,true,true,none
P-01,P01-G-0444,fixed_grid,c_r;c_d;k_r;k_d,0.0;0.75;4.0;127.43902548550072,"quarter_window_location_lattice(step=0.25,[-1,2]) x ordered_pairs(c_r<=c_d) x geometric3_k_lattice([4,KMAX])^2","D-F2-02;D-F2-03;D-F2-04;D-F2-06a;D-F2-06b;D-F2-06c(w_min_years=5);D-F2-06d(KuralT+KuralS,n_min=3)",true,true,true,none
P-01,P01-G-0445,fixed_grid,c_r;c_d;k_r;k_d,0.0;0.75;22.577778941738334;4.0,"quarter_window_location_lattice(step=0.25,[-1,2]) x ordered_pairs(c_r<=c_d) x geometric3_k_lattice([4,KMAX])^2","D-F2-02;D-F2-03;D-F2-04;D-F2-06a;D-F2-06b;D-F2-06c(w_min_years=5);D-F2-06d(KuralT+KuralS,n_min=3)",true,true,true,none
P-01,P01-G-0446,fixed_grid,c_r;c_d;k_r;k_d,0.0;0.75;22.577778941738334;22.577778941738334,"quarter_window_location_lattice(step=0.25,[-1,2]) x ordered_pairs(c_r<=c_d) x geometric3_k_lattice([4,KMAX])^2","D-F2-02;D-F2-03;D-F2-04;D-F2-06a;D-F2-06b;D-F2-06c(w_min_years=5);D-F2-06d(KuralT+KuralS,n_min=3)",true,true,true,none
P-01,P01-G-0447,fixed_grid,c_r;c_d;k_r;k_d,0.0;0.75;22.577778941738334;127.43902548550072,"quarter_window_location_lattice(step=0.25,[-1,2]) x ordered_pairs(c_r<=c_d) x geometric3_k_lattice([4,KMAX])^2","D-F2-02;D-F2-03;D-F2-04;D-F2-06a;D-F2-06b;D-F2-06c(w_min_years=5);D-F2-06d(KuralT+KuralS,n_min=3)",true,true,true,none
P-01,P01-G-0448,fixed_grid,c_r;c_d;k_r;k_d,0.0;0.75;127.43902548550072;4.0,"quarter_window_location_lattice(step=0.25,[-1,2]) x ordered_pairs(c_r<=c_d) x geometric3_k_lattice([4,KMAX])^2","D-F2-02;D-F2-03;D-F2-04;D-F2-06a;D-F2-06b;D-F2-06c(w_min_years=5);D-F2-06d(KuralT+KuralS,n_min=3)",true,true,true,none
P-01,P01-G-0449,fixed_grid,c_r;c_d;k_r;k_d,0.0;0.75;127.43902548550072;22.577778941738334,"quarter_window_location_lattice(step=0.25,[-1,2]) x ordered_pairs(c_r<=c_d) x geometric3_k_lattice([4,KMAX])^2","D-F2-02;D-F2-03;D-F2-04;D-F2-06a;D-F2-06b;D-F2-06c(w_min_years=5);D-F2-06d(KuralT+KuralS,n_min=3)",true,true,true,none
P-01,P01-G-0450,fixed_grid,c_r;c_d;k_r;k_d,0.0;0.75;127.43902548550072;127.43902548550072,"quarter_window_location_lattice(step=0.25,[-1,2]) x ordered_pairs(c_r<=c_d) x geometric3_k_lattice([4,KMAX])^2","D-F2-02;D-F2-03;D-F2-04;D-F2-06a;D-F2-06b;D-F2-06c(w_min_years=5);D-F2-06d(KuralT+KuralS,n_min=3)",true,true,true,none
P-01,P01-G-0451,fixed_grid,c_r;c_d;k_r;k_d,0.0;1.0;4.0;4.0,"quarter_window_location_lattice(step=0.25,[-1,2]) x ordered_pairs(c_r<=c_d) x geometric3_k_lattice([4,KMAX])^2","D-F2-02;D-F2-03;D-F2-04;D-F2-06a;D-F2-06b;D-F2-06c(w_min_years=5);D-F2-06d(KuralT+KuralS,n_min=3)",true,true,true,none
P-01,P01-G-0452,fixed_grid,c_r;c_d;k_r;k_d,0.0;1.0;4.0;22.577778941738334,"quarter_window_location_lattice(step=0.25,[-1,2]) x ordered_pairs(c_r<=c_d) x geometric3_k_lattice([4,KMAX])^2","D-F2-02;D-F2-03;D-F2-04;D-F2-06a;D-F2-06b;D-F2-06c(w_min_years=5);D-F2-06d(KuralT+KuralS,n_min=3)",true,true,true,none
P-01,P01-G-0453,fixed_grid,c_r;c_d;k_r;k_d,0.0;1.0;4.0;127.43902548550072,"quarter_window_location_lattice(step=0.25,[-1,2]) x ordered_pairs(c_r<=c_d) x geometric3_k_lattice([4,KMAX])^2","D-F2-02;D-F2-03;D-F2-04;D-F2-06a;D-F2-06b;D-F2-06c(w_min_years=5);D-F2-06d(KuralT+KuralS,n_min=3)",true,true,true,none
P-01,P01-G-0454,fixed_grid,c_r;c_d;k_r;k_d,0.0;1.0;22.577778941738334;4.0,"quarter_window_location_lattice(step=0.25,[-1,2]) x ordered_pairs(c_r<=c_d) x geometric3_k_lattice([4,KMAX])^2","D-F2-02;D-F2-03;D-F2-04;D-F2-06a;D-F2-06b;D-F2-06c(w_min_years=5);D-F2-06d(KuralT+KuralS,n_min=3)",true,true,true,none
P-01,P01-G-0455,fixed_grid,c_r;c_d;k_r;k_d,0.0;1.0;22.577778941738334;22.577778941738334,"quarter_window_location_lattice(step=0.25,[-1,2]) x ordered_pairs(c_r<=c_d) x geometric3_k_lattice([4,KMAX])^2","D-F2-02;D-F2-03;D-F2-04;D-F2-06a;D-F2-06b;D-F2-06c(w_min_years=5);D-F2-06d(KuralT+KuralS,n_min=3)",true,true,true,none
P-01,P01-G-0456,fixed_grid,c_r;c_d;k_r;k_d,0.0;1.0;22.577778941738334;127.43902548550072,"quarter_window_location_lattice(step=0.25,[-1,2]) x ordered_pairs(c_r<=c_d) x geometric3_k_lattice([4,KMAX])^2","D-F2-02;D-F2-03;D-F2-04;D-F2-06a;D-F2-06b;D-F2-06c(w_min_years=5);D-F2-06d(KuralT+KuralS,n_min=3)",true,true,true,none
P-01,P01-G-0457,fixed_grid,c_r;c_d;k_r;k_d,0.0;1.0;127.43902548550072;4.0,"quarter_window_location_lattice(step=0.25,[-1,2]) x ordered_pairs(c_r<=c_d) x geometric3_k_lattice([4,KMAX])^2","D-F2-02;D-F2-03;D-F2-04;D-F2-06a;D-F2-06b;D-F2-06c(w_min_years=5);D-F2-06d(KuralT+KuralS,n_min=3)",true,true,true,none
P-01,P01-G-0458,fixed_grid,c_r;c_d;k_r;k_d,0.0;1.0;127.43902548550072;22.577778941738334,"quarter_window_location_lattice(step=0.25,[-1,2]) x ordered_pairs(c_r<=c_d) x geometric3_k_lattice([4,KMAX])^2","D-F2-02;D-F2-03;D-F2-04;D-F2-06a;D-F2-06b;D-F2-06c(w_min_years=5);D-F2-06d(KuralT+KuralS,n_min=3)",true,true,true,none
P-01,P01-G-0459,fixed_grid,c_r;c_d;k_r;k_d,0.0;1.0;127.43902548550072;127.43902548550072,"quarter_window_location_lattice(step=0.25,[-1,2]) x ordered_pairs(c_r<=c_d) x geometric3_k_lattice([4,KMAX])^2","D-F2-02;D-F2-03;D-F2-04;D-F2-06a;D-F2-06b;D-F2-06c(w_min_years=5);D-F2-06d(KuralT+KuralS,n_min=3)",true,true,true,none
P-01,P01-G-0460,fixed_grid,c_r;c_d;k_r;k_d,0.0;1.25;4.0;4.0,"quarter_window_location_lattice(step=0.25,[-1,2]) x ordered_pairs(c_r<=c_d) x geometric3_k_lattice([4,KMAX])^2","D-F2-02;D-F2-03;D-F2-04;D-F2-06a;D-F2-06b;D-F2-06c(w_min_years=5);D-F2-06d(KuralT+KuralS,n_min=3)",true,true,true,none
P-01,P01-G-0461,fixed_grid,c_r;c_d;k_r;k_d,0.0;1.25;4.0;22.577778941738334,"quarter_window_location_lattice(step=0.25,[-1,2]) x ordered_pairs(c_r<=c_d) x geometric3_k_lattice([4,KMAX])^2","D-F2-02;D-F2-03;D-F2-04;D-F2-06a;D-F2-06b;D-F2-06c(w_min_years=5);D-F2-06d(KuralT+KuralS,n_min=3)",true,true,true,none
P-01,P01-G-0462,fixed_grid,c_r;c_d;k_r;k_d,0.0;1.25;4.0;127.43902548550072,"quarter_window_location_lattice(step=0.25,[-1,2]) x ordered_pairs(c_r<=c_d) x geometric3_k_lattice([4,KMAX])^2","D-F2-02;D-F2-03;D-F2-04;D-F2-06a;D-F2-06b;D-F2-06c(w_min_years=5);D-F2-06d(KuralT+KuralS,n_min=3)",true,true,true,none
P-01,P01-G-0463,fixed_grid,c_r;c_d;k_r;k_d,0.0;1.25;22.577778941738334;4.0,"quarter_window_location_lattice(step=0.25,[-1,2]) x ordered_pairs(c_r<=c_d) x geometric3_k_lattice([4,KMAX])^2","D-F2-02;D-F2-03;D-F2-04;D-F2-06a;D-F2-06b;D-F2-06c(w_min_years=5);D-F2-06d(KuralT+KuralS,n_min=3)",true,true,true,none
P-01,P01-G-0464,fixed_grid,c_r;c_d;k_r;k_d,0.0;1.25;22.577778941738334;22.577778941738334,"quarter_window_location_lattice(step=0.25,[-1,2]) x ordered_pairs(c_r<=c_d) x geometric3_k_lattice([4,KMAX])^2","D-F2-02;D-F2-03;D-F2-04;D-F2-06a;D-F2-06b;D-F2-06c(w_min_years=5);D-F2-06d(KuralT+KuralS,n_min=3)",true,true,true,none
P-01,P01-G-0465,fixed_grid,c_r;c_d;k_r;k_d,0.0;1.25;22.577778941738334;127.43902548550072,"quarter_window_location_lattice(step=0.25,[-1,2]) x ordered_pairs(c_r<=c_d) x geometric3_k_lattice([4,KMAX])^2","D-F2-02;D-F2-03;D-F2-04;D-F2-06a;D-F2-06b;D-F2-06c(w_min_years=5);D-F2-06d(KuralT+KuralS,n_min=3)",true,true,true,none
P-01,P01-G-0466,fixed_grid,c_r;c_d;k_r;k_d,0.0;1.25;127.43902548550072;4.0,"quarter_window_location_lattice(step=0.25,[-1,2]) x ordered_pairs(c_r<=c_d) x geometric3_k_lattice([4,KMAX])^2","D-F2-02;D-F2-03;D-F2-04;D-F2-06a;D-F2-06b;D-F2-06c(w_min_years=5);D-F2-06d(KuralT+KuralS,n_min=3)",true,true,true,none
P-01,P01-G-0467,fixed_grid,c_r;c_d;k_r;k_d,0.0;1.25;127.43902548550072;22.577778941738334,"quarter_window_location_lattice(step=0.25,[-1,2]) x ordered_pairs(c_r<=c_d) x geometric3_k_lattice([4,KMAX])^2","D-F2-02;D-F2-03;D-F2-04;D-F2-06a;D-F2-06b;D-F2-06c(w_min_years=5);D-F2-06d(KuralT+KuralS,n_min=3)",true,true,true,none
P-01,P01-G-0468,fixed_grid,c_r;c_d;k_r;k_d,0.0;1.25;127.43902548550072;127.43902548550072,"quarter_window_location_lattice(step=0.25,[-1,2]) x ordered_pairs(c_r<=c_d) x geometric3_k_lattice([4,KMAX])^2","D-F2-02;D-F2-03;D-F2-04;D-F2-06a;D-F2-06b;D-F2-06c(w_min_years=5);D-F2-06d(KuralT+KuralS,n_min=3)",true,true,true,none
P-01,P01-G-0469,fixed_grid,c_r;c_d;k_r;k_d,0.0;1.5;4.0;4.0,"quarter_window_location_lattice(step=0.25,[-1,2]) x ordered_pairs(c_r<=c_d) x geometric3_k_lattice([4,KMAX])^2","D-F2-02;D-F2-03;D-F2-04;D-F2-06a;D-F2-06b;D-F2-06c(w_min_years=5);D-F2-06d(KuralT+KuralS,n_min=3)",true,true,true,none
P-01,P01-G-0470,fixed_grid,c_r;c_d;k_r;k_d,0.0;1.5;4.0;22.577778941738334,"quarter_window_location_lattice(step=0.25,[-1,2]) x ordered_pairs(c_r<=c_d) x geometric3_k_lattice([4,KMAX])^2","D-F2-02;D-F2-03;D-F2-04;D-F2-06a;D-F2-06b;D-F2-06c(w_min_years=5);D-F2-06d(KuralT+KuralS,n_min=3)",true,true,true,none
P-01,P01-G-0471,fixed_grid,c_r;c_d;k_r;k_d,0.0;1.5;4.0;127.43902548550072,"quarter_window_location_lattice(step=0.25,[-1,2]) x ordered_pairs(c_r<=c_d) x geometric3_k_lattice([4,KMAX])^2","D-F2-02;D-F2-03;D-F2-04;D-F2-06a;D-F2-06b;D-F2-06c(w_min_years=5);D-F2-06d(KuralT+KuralS,n_min=3)",true,true,true,none
P-01,P01-G-0472,fixed_grid,c_r;c_d;k_r;k_d,0.0;1.5;22.577778941738334;4.0,"quarter_window_location_lattice(step=0.25,[-1,2]) x ordered_pairs(c_r<=c_d) x geometric3_k_lattice([4,KMAX])^2","D-F2-02;D-F2-03;D-F2-04;D-F2-06a;D-F2-06b;D-F2-06c(w_min_years=5);D-F2-06d(KuralT+KuralS,n_min=3)",true,true,true,none
P-01,P01-G-0473,fixed_grid,c_r;c_d;k_r;k_d,0.0;1.5;22.577778941738334;22.577778941738334,"quarter_window_location_lattice(step=0.25,[-1,2]) x ordered_pairs(c_r<=c_d) x geometric3_k_lattice([4,KMAX])^2","D-F2-02;D-F2-03;D-F2-04;D-F2-06a;D-F2-06b;D-F2-06c(w_min_years=5);D-F2-06d(KuralT+KuralS,n_min=3)",true,true,true,none
P-01,P01-G-0474,fixed_grid,c_r;c_d;k_r;k_d,0.0;1.5;22.577778941738334;127.43902548550072,"quarter_window_location_lattice(step=0.25,[-1,2]) x ordered_pairs(c_r<=c_d) x geometric3_k_lattice([4,KMAX])^2","D-F2-02;D-F2-03;D-F2-04;D-F2-06a;D-F2-06b;D-F2-06c(w_min_years=5);D-F2-06d(KuralT+KuralS,n_min=3)",true,true,true,none
P-01,P01-G-0475,fixed_grid,c_r;c_d;k_r;k_d,0.0;1.5;127.43902548550072;4.0,"quarter_window_location_lattice(step=0.25,[-1,2]) x ordered_pairs(c_r<=c_d) x geometric3_k_lattice([4,KMAX])^2","D-F2-02;D-F2-03;D-F2-04;D-F2-06a;D-F2-06b;D-F2-06c(w_min_years=5);D-F2-06d(KuralT+KuralS,n_min=3)",true,true,true,none
P-01,P01-G-0476,fixed_grid,c_r;c_d;k_r;k_d,0.0;1.5;127.43902548550072;22.577778941738334,"quarter_window_location_lattice(step=0.25,[-1,2]) x ordered_pairs(c_r<=c_d) x geometric3_k_lattice([4,KMAX])^2","D-F2-02;D-F2-03;D-F2-04;D-F2-06a;D-F2-06b;D-F2-06c(w_min_years=5);D-F2-06d(KuralT+KuralS,n_min=3)",true,true,true,none
P-01,P01-G-0477,fixed_grid,c_r;c_d;k_r;k_d,0.0;1.5;127.43902548550072;127.43902548550072,"quarter_window_location_lattice(step=0.25,[-1,2]) x ordered_pairs(c_r<=c_d) x geometric3_k_lattice([4,KMAX])^2","D-F2-02;D-F2-03;D-F2-04;D-F2-06a;D-F2-06b;D-F2-06c(w_min_years=5);D-F2-06d(KuralT+KuralS,n_min=3)",true,true,true,none
P-01,P01-G-0478,fixed_grid,c_r;c_d;k_r;k_d,0.0;1.75;4.0;4.0,"quarter_window_location_lattice(step=0.25,[-1,2]) x ordered_pairs(c_r<=c_d) x geometric3_k_lattice([4,KMAX])^2","D-F2-02;D-F2-03;D-F2-04;D-F2-06a;D-F2-06b;D-F2-06c(w_min_years=5);D-F2-06d(KuralT+KuralS,n_min=3)",true,true,true,none
P-01,P01-G-0479,fixed_grid,c_r;c_d;k_r;k_d,0.0;1.75;4.0;22.577778941738334,"quarter_window_location_lattice(step=0.25,[-1,2]) x ordered_pairs(c_r<=c_d) x geometric3_k_lattice([4,KMAX])^2","D-F2-02;D-F2-03;D-F2-04;D-F2-06a;D-F2-06b;D-F2-06c(w_min_years=5);D-F2-06d(KuralT+KuralS,n_min=3)",true,true,true,none
P-01,P01-G-0480,fixed_grid,c_r;c_d;k_r;k_d,0.0;1.75;4.0;127.43902548550072,"quarter_window_location_lattice(step=0.25,[-1,2]) x ordered_pairs(c_r<=c_d) x geometric3_k_lattice([4,KMAX])^2","D-F2-02;D-F2-03;D-F2-04;D-F2-06a;D-F2-06b;D-F2-06c(w_min_years=5);D-F2-06d(KuralT+KuralS,n_min=3)",true,true,true,none
P-01,P01-G-0481,fixed_grid,c_r;c_d;k_r;k_d,0.0;1.75;22.577778941738334;4.0,"quarter_window_location_lattice(step=0.25,[-1,2]) x ordered_pairs(c_r<=c_d) x geometric3_k_lattice([4,KMAX])^2","D-F2-02;D-F2-03;D-F2-04;D-F2-06a;D-F2-06b;D-F2-06c(w_min_years=5);D-F2-06d(KuralT+KuralS,n_min=3)",true,true,true,none
P-01,P01-G-0482,fixed_grid,c_r;c_d;k_r;k_d,0.0;1.75;22.577778941738334;22.577778941738334,"quarter_window_location_lattice(step=0.25,[-1,2]) x ordered_pairs(c_r<=c_d) x geometric3_k_lattice([4,KMAX])^2","D-F2-02;D-F2-03;D-F2-04;D-F2-06a;D-F2-06b;D-F2-06c(w_min_years=5);D-F2-06d(KuralT+KuralS,n_min=3)",true,true,true,none
P-01,P01-G-0483,fixed_grid,c_r;c_d;k_r;k_d,0.0;1.75;22.577778941738334;127.43902548550072,"quarter_window_location_lattice(step=0.25,[-1,2]) x ordered_pairs(c_r<=c_d) x geometric3_k_lattice([4,KMAX])^2","D-F2-02;D-F2-03;D-F2-04;D-F2-06a;D-F2-06b;D-F2-06c(w_min_years=5);D-F2-06d(KuralT+KuralS,n_min=3)",true,true,true,none
P-01,P01-G-0484,fixed_grid,c_r;c_d;k_r;k_d,0.0;1.75;127.43902548550072;4.0,"quarter_window_location_lattice(step=0.25,[-1,2]) x ordered_pairs(c_r<=c_d) x geometric3_k_lattice([4,KMAX])^2","D-F2-02;D-F2-03;D-F2-04;D-F2-06a;D-F2-06b;D-F2-06c(w_min_years=5);D-F2-06d(KuralT+KuralS,n_min=3)",true,true,true,none
P-01,P01-G-0485,fixed_grid,c_r;c_d;k_r;k_d,0.0;1.75;127.43902548550072;22.577778941738334,"quarter_window_location_lattice(step=0.25,[-1,2]) x ordered_pairs(c_r<=c_d) x geometric3_k_lattice([4,KMAX])^2","D-F2-02;D-F2-03;D-F2-04;D-F2-06a;D-F2-06b;D-F2-06c(w_min_years=5);D-F2-06d(KuralT+KuralS,n_min=3)",true,true,true,none
P-01,P01-G-0486,fixed_grid,c_r;c_d;k_r;k_d,0.0;1.75;127.43902548550072;127.43902548550072,"quarter_window_location_lattice(step=0.25,[-1,2]) x ordered_pairs(c_r<=c_d) x geometric3_k_lattice([4,KMAX])^2","D-F2-02;D-F2-03;D-F2-04;D-F2-06a;D-F2-06b;D-F2-06c(w_min_years=5);D-F2-06d(KuralT+KuralS,n_min=3)",true,true,true,none
P-01,P01-G-0487,fixed_grid,c_r;c_d;k_r;k_d,0.0;2.0;4.0;4.0,"quarter_window_location_lattice(step=0.25,[-1,2]) x ordered_pairs(c_r<=c_d) x geometric3_k_lattice([4,KMAX])^2","D-F2-02;D-F2-03;D-F2-04;D-F2-06a;D-F2-06b;D-F2-06c(w_min_years=5);D-F2-06d(KuralT+KuralS,n_min=3)",true,true,true,none
P-01,P01-G-0488,fixed_grid,c_r;c_d;k_r;k_d,0.0;2.0;4.0;22.577778941738334,"quarter_window_location_lattice(step=0.25,[-1,2]) x ordered_pairs(c_r<=c_d) x geometric3_k_lattice([4,KMAX])^2","D-F2-02;D-F2-03;D-F2-04;D-F2-06a;D-F2-06b;D-F2-06c(w_min_years=5);D-F2-06d(KuralT+KuralS,n_min=3)",true,true,true,none
P-01,P01-G-0489,fixed_grid,c_r;c_d;k_r;k_d,0.0;2.0;4.0;127.43902548550072,"quarter_window_location_lattice(step=0.25,[-1,2]) x ordered_pairs(c_r<=c_d) x geometric3_k_lattice([4,KMAX])^2","D-F2-02;D-F2-03;D-F2-04;D-F2-06a;D-F2-06b;D-F2-06c(w_min_years=5);D-F2-06d(KuralT+KuralS,n_min=3)",true,true,true,none
P-01,P01-G-0490,fixed_grid,c_r;c_d;k_r;k_d,0.0;2.0;22.577778941738334;4.0,"quarter_window_location_lattice(step=0.25,[-1,2]) x ordered_pairs(c_r<=c_d) x geometric3_k_lattice([4,KMAX])^2","D-F2-02;D-F2-03;D-F2-04;D-F2-06a;D-F2-06b;D-F2-06c(w_min_years=5);D-F2-06d(KuralT+KuralS,n_min=3)",true,true,true,none
P-01,P01-G-0491,fixed_grid,c_r;c_d;k_r;k_d,0.0;2.0;22.577778941738334;22.577778941738334,"quarter_window_location_lattice(step=0.25,[-1,2]) x ordered_pairs(c_r<=c_d) x geometric3_k_lattice([4,KMAX])^2","D-F2-02;D-F2-03;D-F2-04;D-F2-06a;D-F2-06b;D-F2-06c(w_min_years=5);D-F2-06d(KuralT+KuralS,n_min=3)",true,true,true,none
P-01,P01-G-0492,fixed_grid,c_r;c_d;k_r;k_d,0.0;2.0;22.577778941738334;127.43902548550072,"quarter_window_location_lattice(step=0.25,[-1,2]) x ordered_pairs(c_r<=c_d) x geometric3_k_lattice([4,KMAX])^2","D-F2-02;D-F2-03;D-F2-04;D-F2-06a;D-F2-06b;D-F2-06c(w_min_years=5);D-F2-06d(KuralT+KuralS,n_min=3)",true,true,true,none
P-01,P01-G-0493,fixed_grid,c_r;c_d;k_r;k_d,0.0;2.0;127.43902548550072;4.0,"quarter_window_location_lattice(step=0.25,[-1,2]) x ordered_pairs(c_r<=c_d) x geometric3_k_lattice([4,KMAX])^2","D-F2-02;D-F2-03;D-F2-04;D-F2-06a;D-F2-06b;D-F2-06c(w_min_years=5);D-F2-06d(KuralT+KuralS,n_min=3)",true,true,true,none
P-01,P01-G-0494,fixed_grid,c_r;c_d;k_r;k_d,0.0;2.0;127.43902548550072;22.577778941738334,"quarter_window_location_lattice(step=0.25,[-1,2]) x ordered_pairs(c_r<=c_d) x geometric3_k_lattice([4,KMAX])^2","D-F2-02;D-F2-03;D-F2-04;D-F2-06a;D-F2-06b;D-F2-06c(w_min_years=5);D-F2-06d(KuralT+KuralS,n_min=3)",true,true,true,none
P-01,P01-G-0495,fixed_grid,c_r;c_d;k_r;k_d,0.0;2.0;127.43902548550072;127.43902548550072,"quarter_window_location_lattice(step=0.25,[-1,2]) x ordered_pairs(c_r<=c_d) x geometric3_k_lattice([4,KMAX])^2","D-F2-02;D-F2-03;D-F2-04;D-F2-06a;D-F2-06b;D-F2-06c(w_min_years=5);D-F2-06d(KuralT+KuralS,n_min=3)",true,true,true,none
P-01,P01-G-0496,fixed_grid,c_r;c_d;k_r;k_d,0.25;0.25;4.0;4.0,"quarter_window_location_lattice(step=0.25,[-1,2]) x ordered_pairs(c_r<=c_d) x geometric3_k_lattice([4,KMAX])^2","D-F2-02;D-F2-03;D-F2-04;D-F2-06a;D-F2-06b;D-F2-06c(w_min_years=5);D-F2-06d(KuralT+KuralS,n_min=3)",true,true,true,none
P-01,P01-G-0497,fixed_grid,c_r;c_d;k_r;k_d,0.25;0.25;4.0;22.577778941738334,"quarter_window_location_lattice(step=0.25,[-1,2]) x ordered_pairs(c_r<=c_d) x geometric3_k_lattice([4,KMAX])^2","D-F2-02;D-F2-03;D-F2-04;D-F2-06a;D-F2-06b;D-F2-06c(w_min_years=5);D-F2-06d(KuralT+KuralS,n_min=3)",true,true,true,none
P-01,P01-G-0498,fixed_grid,c_r;c_d;k_r;k_d,0.25;0.25;4.0;127.43902548550072,"quarter_window_location_lattice(step=0.25,[-1,2]) x ordered_pairs(c_r<=c_d) x geometric3_k_lattice([4,KMAX])^2","D-F2-02;D-F2-03;D-F2-04;D-F2-06a;D-F2-06b;D-F2-06c(w_min_years=5);D-F2-06d(KuralT+KuralS,n_min=3)",true,true,true,none
P-01,P01-G-0499,fixed_grid,c_r;c_d;k_r;k_d,0.25;0.25;22.577778941738334;4.0,"quarter_window_location_lattice(step=0.25,[-1,2]) x ordered_pairs(c_r<=c_d) x geometric3_k_lattice([4,KMAX])^2","D-F2-02;D-F2-03;D-F2-04;D-F2-06a;D-F2-06b;D-F2-06c(w_min_years=5);D-F2-06d(KuralT+KuralS,n_min=3)",true,true,true,none
P-01,P01-G-0500,fixed_grid,c_r;c_d;k_r;k_d,0.25;0.25;22.577778941738334;22.577778941738334,"quarter_window_location_lattice(step=0.25,[-1,2]) x ordered_pairs(c_r<=c_d) x geometric3_k_lattice([4,KMAX])^2","D-F2-02;D-F2-03;D-F2-04;D-F2-06a;D-F2-06b;D-F2-06c(w_min_years=5);D-F2-06d(KuralT+KuralS,n_min=3)",true,true,true,none
P-01,P01-G-0501,fixed_grid,c_r;c_d;k_r;k_d,0.25;0.25;22.577778941738334;127.43902548550072,"quarter_window_location_lattice(step=0.25,[-1,2]) x ordered_pairs(c_r<=c_d) x geometric3_k_lattice([4,KMAX])^2","D-F2-02;D-F2-03;D-F2-04;D-F2-06a;D-F2-06b;D-F2-06c(w_min_years=5);D-F2-06d(KuralT+KuralS,n_min=3)",true,true,true,none
P-01,P01-G-0502,fixed_grid,c_r;c_d;k_r;k_d,0.25;0.25;127.43902548550072;4.0,"quarter_window_location_lattice(step=0.25,[-1,2]) x ordered_pairs(c_r<=c_d) x geometric3_k_lattice([4,KMAX])^2","D-F2-02;D-F2-03;D-F2-04;D-F2-06a;D-F2-06b;D-F2-06c(w_min_years=5);D-F2-06d(KuralT+KuralS,n_min=3)",true,true,true,none
P-01,P01-G-0503,fixed_grid,c_r;c_d;k_r;k_d,0.25;0.25;127.43902548550072;22.577778941738334,"quarter_window_location_lattice(step=0.25,[-1,2]) x ordered_pairs(c_r<=c_d) x geometric3_k_lattice([4,KMAX])^2","D-F2-02;D-F2-03;D-F2-04;D-F2-06a;D-F2-06b;D-F2-06c(w_min_years=5);D-F2-06d(KuralT+KuralS,n_min=3)",true,true,true,none
P-01,P01-G-0504,fixed_grid,c_r;c_d;k_r;k_d,0.25;0.25;127.43902548550072;127.43902548550072,"quarter_window_location_lattice(step=0.25,[-1,2]) x ordered_pairs(c_r<=c_d) x geometric3_k_lattice([4,KMAX])^2","D-F2-02;D-F2-03;D-F2-04;D-F2-06a;D-F2-06b;D-F2-06c(w_min_years=5);D-F2-06d(KuralT+KuralS,n_min=3)",true,true,true,none
P-01,P01-G-0505,fixed_grid,c_r;c_d;k_r;k_d,0.25;0.5;4.0;4.0,"quarter_window_location_lattice(step=0.25,[-1,2]) x ordered_pairs(c_r<=c_d) x geometric3_k_lattice([4,KMAX])^2","D-F2-02;D-F2-03;D-F2-04;D-F2-06a;D-F2-06b;D-F2-06c(w_min_years=5);D-F2-06d(KuralT+KuralS,n_min=3)",true,true,true,none
P-01,P01-G-0506,fixed_grid,c_r;c_d;k_r;k_d,0.25;0.5;4.0;22.577778941738334,"quarter_window_location_lattice(step=0.25,[-1,2]) x ordered_pairs(c_r<=c_d) x geometric3_k_lattice([4,KMAX])^2","D-F2-02;D-F2-03;D-F2-04;D-F2-06a;D-F2-06b;D-F2-06c(w_min_years=5);D-F2-06d(KuralT+KuralS,n_min=3)",true,true,true,none
P-01,P01-G-0507,fixed_grid,c_r;c_d;k_r;k_d,0.25;0.5;4.0;127.43902548550072,"quarter_window_location_lattice(step=0.25,[-1,2]) x ordered_pairs(c_r<=c_d) x geometric3_k_lattice([4,KMAX])^2","D-F2-02;D-F2-03;D-F2-04;D-F2-06a;D-F2-06b;D-F2-06c(w_min_years=5);D-F2-06d(KuralT+KuralS,n_min=3)",true,true,true,none
P-01,P01-G-0508,fixed_grid,c_r;c_d;k_r;k_d,0.25;0.5;22.577778941738334;4.0,"quarter_window_location_lattice(step=0.25,[-1,2]) x ordered_pairs(c_r<=c_d) x geometric3_k_lattice([4,KMAX])^2","D-F2-02;D-F2-03;D-F2-04;D-F2-06a;D-F2-06b;D-F2-06c(w_min_years=5);D-F2-06d(KuralT+KuralS,n_min=3)",true,true,true,none
P-01,P01-G-0509,fixed_grid,c_r;c_d;k_r;k_d,0.25;0.5;22.577778941738334;22.577778941738334,"quarter_window_location_lattice(step=0.25,[-1,2]) x ordered_pairs(c_r<=c_d) x geometric3_k_lattice([4,KMAX])^2","D-F2-02;D-F2-03;D-F2-04;D-F2-06a;D-F2-06b;D-F2-06c(w_min_years=5);D-F2-06d(KuralT+KuralS,n_min=3)",true,true,true,none
P-01,P01-G-0510,fixed_grid,c_r;c_d;k_r;k_d,0.25;0.5;22.577778941738334;127.43902548550072,"quarter_window_location_lattice(step=0.25,[-1,2]) x ordered_pairs(c_r<=c_d) x geometric3_k_lattice([4,KMAX])^2","D-F2-02;D-F2-03;D-F2-04;D-F2-06a;D-F2-06b;D-F2-06c(w_min_years=5);D-F2-06d(KuralT+KuralS,n_min=3)",true,true,true,none
P-01,P01-G-0511,fixed_grid,c_r;c_d;k_r;k_d,0.25;0.5;127.43902548550072;4.0,"quarter_window_location_lattice(step=0.25,[-1,2]) x ordered_pairs(c_r<=c_d) x geometric3_k_lattice([4,KMAX])^2","D-F2-02;D-F2-03;D-F2-04;D-F2-06a;D-F2-06b;D-F2-06c(w_min_years=5);D-F2-06d(KuralT+KuralS,n_min=3)",true,true,true,none
P-01,P01-G-0512,fixed_grid,c_r;c_d;k_r;k_d,0.25;0.5;127.43902548550072;22.577778941738334,"quarter_window_location_lattice(step=0.25,[-1,2]) x ordered_pairs(c_r<=c_d) x geometric3_k_lattice([4,KMAX])^2","D-F2-02;D-F2-03;D-F2-04;D-F2-06a;D-F2-06b;D-F2-06c(w_min_years=5);D-F2-06d(KuralT+KuralS,n_min=3)",true,true,true,none
P-01,P01-G-0513,fixed_grid,c_r;c_d;k_r;k_d,0.25;0.5;127.43902548550072;127.43902548550072,"quarter_window_location_lattice(step=0.25,[-1,2]) x ordered_pairs(c_r<=c_d) x geometric3_k_lattice([4,KMAX])^2","D-F2-02;D-F2-03;D-F2-04;D-F2-06a;D-F2-06b;D-F2-06c(w_min_years=5);D-F2-06d(KuralT+KuralS,n_min=3)",true,true,true,none
P-01,P01-G-0514,fixed_grid,c_r;c_d;k_r;k_d,0.25;0.75;4.0;4.0,"quarter_window_location_lattice(step=0.25,[-1,2]) x ordered_pairs(c_r<=c_d) x geometric3_k_lattice([4,KMAX])^2","D-F2-02;D-F2-03;D-F2-04;D-F2-06a;D-F2-06b;D-F2-06c(w_min_years=5);D-F2-06d(KuralT+KuralS,n_min=3)",true,true,true,none
P-01,P01-G-0515,fixed_grid,c_r;c_d;k_r;k_d,0.25;0.75;4.0;22.577778941738334,"quarter_window_location_lattice(step=0.25,[-1,2]) x ordered_pairs(c_r<=c_d) x geometric3_k_lattice([4,KMAX])^2","D-F2-02;D-F2-03;D-F2-04;D-F2-06a;D-F2-06b;D-F2-06c(w_min_years=5);D-F2-06d(KuralT+KuralS,n_min=3)",true,true,true,none
P-01,P01-G-0516,fixed_grid,c_r;c_d;k_r;k_d,0.25;0.75;4.0;127.43902548550072,"quarter_window_location_lattice(step=0.25,[-1,2]) x ordered_pairs(c_r<=c_d) x geometric3_k_lattice([4,KMAX])^2","D-F2-02;D-F2-03;D-F2-04;D-F2-06a;D-F2-06b;D-F2-06c(w_min_years=5);D-F2-06d(KuralT+KuralS,n_min=3)",true,true,true,none
P-01,P01-G-0517,fixed_grid,c_r;c_d;k_r;k_d,0.25;0.75;22.577778941738334;4.0,"quarter_window_location_lattice(step=0.25,[-1,2]) x ordered_pairs(c_r<=c_d) x geometric3_k_lattice([4,KMAX])^2","D-F2-02;D-F2-03;D-F2-04;D-F2-06a;D-F2-06b;D-F2-06c(w_min_years=5);D-F2-06d(KuralT+KuralS,n_min=3)",true,true,true,none
P-01,P01-G-0518,fixed_grid,c_r;c_d;k_r;k_d,0.25;0.75;22.577778941738334;22.577778941738334,"quarter_window_location_lattice(step=0.25,[-1,2]) x ordered_pairs(c_r<=c_d) x geometric3_k_lattice([4,KMAX])^2","D-F2-02;D-F2-03;D-F2-04;D-F2-06a;D-F2-06b;D-F2-06c(w_min_years=5);D-F2-06d(KuralT+KuralS,n_min=3)",true,true,true,none
P-01,P01-G-0519,fixed_grid,c_r;c_d;k_r;k_d,0.25;0.75;22.577778941738334;127.43902548550072,"quarter_window_location_lattice(step=0.25,[-1,2]) x ordered_pairs(c_r<=c_d) x geometric3_k_lattice([4,KMAX])^2","D-F2-02;D-F2-03;D-F2-04;D-F2-06a;D-F2-06b;D-F2-06c(w_min_years=5);D-F2-06d(KuralT+KuralS,n_min=3)",true,true,true,none
P-01,P01-G-0520,fixed_grid,c_r;c_d;k_r;k_d,0.25;0.75;127.43902548550072;4.0,"quarter_window_location_lattice(step=0.25,[-1,2]) x ordered_pairs(c_r<=c_d) x geometric3_k_lattice([4,KMAX])^2","D-F2-02;D-F2-03;D-F2-04;D-F2-06a;D-F2-06b;D-F2-06c(w_min_years=5);D-F2-06d(KuralT+KuralS,n_min=3)",true,true,true,none
P-01,P01-G-0521,fixed_grid,c_r;c_d;k_r;k_d,0.25;0.75;127.43902548550072;22.577778941738334,"quarter_window_location_lattice(step=0.25,[-1,2]) x ordered_pairs(c_r<=c_d) x geometric3_k_lattice([4,KMAX])^2","D-F2-02;D-F2-03;D-F2-04;D-F2-06a;D-F2-06b;D-F2-06c(w_min_years=5);D-F2-06d(KuralT+KuralS,n_min=3)",true,true,true,none
P-01,P01-G-0522,fixed_grid,c_r;c_d;k_r;k_d,0.25;0.75;127.43902548550072;127.43902548550072,"quarter_window_location_lattice(step=0.25,[-1,2]) x ordered_pairs(c_r<=c_d) x geometric3_k_lattice([4,KMAX])^2","D-F2-02;D-F2-03;D-F2-04;D-F2-06a;D-F2-06b;D-F2-06c(w_min_years=5);D-F2-06d(KuralT+KuralS,n_min=3)",true,true,true,none
P-01,P01-G-0523,fixed_grid,c_r;c_d;k_r;k_d,0.25;1.0;4.0;4.0,"quarter_window_location_lattice(step=0.25,[-1,2]) x ordered_pairs(c_r<=c_d) x geometric3_k_lattice([4,KMAX])^2","D-F2-02;D-F2-03;D-F2-04;D-F2-06a;D-F2-06b;D-F2-06c(w_min_years=5);D-F2-06d(KuralT+KuralS,n_min=3)",true,true,true,none
P-01,P01-G-0524,fixed_grid,c_r;c_d;k_r;k_d,0.25;1.0;4.0;22.577778941738334,"quarter_window_location_lattice(step=0.25,[-1,2]) x ordered_pairs(c_r<=c_d) x geometric3_k_lattice([4,KMAX])^2","D-F2-02;D-F2-03;D-F2-04;D-F2-06a;D-F2-06b;D-F2-06c(w_min_years=5);D-F2-06d(KuralT+KuralS,n_min=3)",true,true,true,none
P-01,P01-G-0525,fixed_grid,c_r;c_d;k_r;k_d,0.25;1.0;4.0;127.43902548550072,"quarter_window_location_lattice(step=0.25,[-1,2]) x ordered_pairs(c_r<=c_d) x geometric3_k_lattice([4,KMAX])^2","D-F2-02;D-F2-03;D-F2-04;D-F2-06a;D-F2-06b;D-F2-06c(w_min_years=5);D-F2-06d(KuralT+KuralS,n_min=3)",true,true,true,none
P-01,P01-G-0526,fixed_grid,c_r;c_d;k_r;k_d,0.25;1.0;22.577778941738334;4.0,"quarter_window_location_lattice(step=0.25,[-1,2]) x ordered_pairs(c_r<=c_d) x geometric3_k_lattice([4,KMAX])^2","D-F2-02;D-F2-03;D-F2-04;D-F2-06a;D-F2-06b;D-F2-06c(w_min_years=5);D-F2-06d(KuralT+KuralS,n_min=3)",true,true,true,none
P-01,P01-G-0527,fixed_grid,c_r;c_d;k_r;k_d,0.25;1.0;22.577778941738334;22.577778941738334,"quarter_window_location_lattice(step=0.25,[-1,2]) x ordered_pairs(c_r<=c_d) x geometric3_k_lattice([4,KMAX])^2","D-F2-02;D-F2-03;D-F2-04;D-F2-06a;D-F2-06b;D-F2-06c(w_min_years=5);D-F2-06d(KuralT+KuralS,n_min=3)",true,true,true,none
P-01,P01-G-0528,fixed_grid,c_r;c_d;k_r;k_d,0.25;1.0;22.577778941738334;127.43902548550072,"quarter_window_location_lattice(step=0.25,[-1,2]) x ordered_pairs(c_r<=c_d) x geometric3_k_lattice([4,KMAX])^2","D-F2-02;D-F2-03;D-F2-04;D-F2-06a;D-F2-06b;D-F2-06c(w_min_years=5);D-F2-06d(KuralT+KuralS,n_min=3)",true,true,true,none
P-01,P01-G-0529,fixed_grid,c_r;c_d;k_r;k_d,0.25;1.0;127.43902548550072;4.0,"quarter_window_location_lattice(step=0.25,[-1,2]) x ordered_pairs(c_r<=c_d) x geometric3_k_lattice([4,KMAX])^2","D-F2-02;D-F2-03;D-F2-04;D-F2-06a;D-F2-06b;D-F2-06c(w_min_years=5);D-F2-06d(KuralT+KuralS,n_min=3)",true,true,true,none
P-01,P01-G-0530,fixed_grid,c_r;c_d;k_r;k_d,0.25;1.0;127.43902548550072;22.577778941738334,"quarter_window_location_lattice(step=0.25,[-1,2]) x ordered_pairs(c_r<=c_d) x geometric3_k_lattice([4,KMAX])^2","D-F2-02;D-F2-03;D-F2-04;D-F2-06a;D-F2-06b;D-F2-06c(w_min_years=5);D-F2-06d(KuralT+KuralS,n_min=3)",true,true,true,none
P-01,P01-G-0531,fixed_grid,c_r;c_d;k_r;k_d,0.25;1.0;127.43902548550072;127.43902548550072,"quarter_window_location_lattice(step=0.25,[-1,2]) x ordered_pairs(c_r<=c_d) x geometric3_k_lattice([4,KMAX])^2","D-F2-02;D-F2-03;D-F2-04;D-F2-06a;D-F2-06b;D-F2-06c(w_min_years=5);D-F2-06d(KuralT+KuralS,n_min=3)",true,true,true,none
P-01,P01-G-0532,fixed_grid,c_r;c_d;k_r;k_d,0.25;1.25;4.0;4.0,"quarter_window_location_lattice(step=0.25,[-1,2]) x ordered_pairs(c_r<=c_d) x geometric3_k_lattice([4,KMAX])^2","D-F2-02;D-F2-03;D-F2-04;D-F2-06a;D-F2-06b;D-F2-06c(w_min_years=5);D-F2-06d(KuralT+KuralS,n_min=3)",true,true,true,none
P-01,P01-G-0533,fixed_grid,c_r;c_d;k_r;k_d,0.25;1.25;4.0;22.577778941738334,"quarter_window_location_lattice(step=0.25,[-1,2]) x ordered_pairs(c_r<=c_d) x geometric3_k_lattice([4,KMAX])^2","D-F2-02;D-F2-03;D-F2-04;D-F2-06a;D-F2-06b;D-F2-06c(w_min_years=5);D-F2-06d(KuralT+KuralS,n_min=3)",true,true,true,none
P-01,P01-G-0534,fixed_grid,c_r;c_d;k_r;k_d,0.25;1.25;4.0;127.43902548550072,"quarter_window_location_lattice(step=0.25,[-1,2]) x ordered_pairs(c_r<=c_d) x geometric3_k_lattice([4,KMAX])^2","D-F2-02;D-F2-03;D-F2-04;D-F2-06a;D-F2-06b;D-F2-06c(w_min_years=5);D-F2-06d(KuralT+KuralS,n_min=3)",true,true,true,none
P-01,P01-G-0535,fixed_grid,c_r;c_d;k_r;k_d,0.25;1.25;22.577778941738334;4.0,"quarter_window_location_lattice(step=0.25,[-1,2]) x ordered_pairs(c_r<=c_d) x geometric3_k_lattice([4,KMAX])^2","D-F2-02;D-F2-03;D-F2-04;D-F2-06a;D-F2-06b;D-F2-06c(w_min_years=5);D-F2-06d(KuralT+KuralS,n_min=3)",true,true,true,none
P-01,P01-G-0536,fixed_grid,c_r;c_d;k_r;k_d,0.25;1.25;22.577778941738334;22.577778941738334,"quarter_window_location_lattice(step=0.25,[-1,2]) x ordered_pairs(c_r<=c_d) x geometric3_k_lattice([4,KMAX])^2","D-F2-02;D-F2-03;D-F2-04;D-F2-06a;D-F2-06b;D-F2-06c(w_min_years=5);D-F2-06d(KuralT+KuralS,n_min=3)",true,true,true,none
P-01,P01-G-0537,fixed_grid,c_r;c_d;k_r;k_d,0.25;1.25;22.577778941738334;127.43902548550072,"quarter_window_location_lattice(step=0.25,[-1,2]) x ordered_pairs(c_r<=c_d) x geometric3_k_lattice([4,KMAX])^2","D-F2-02;D-F2-03;D-F2-04;D-F2-06a;D-F2-06b;D-F2-06c(w_min_years=5);D-F2-06d(KuralT+KuralS,n_min=3)",true,true,true,none
P-01,P01-G-0538,fixed_grid,c_r;c_d;k_r;k_d,0.25;1.25;127.43902548550072;4.0,"quarter_window_location_lattice(step=0.25,[-1,2]) x ordered_pairs(c_r<=c_d) x geometric3_k_lattice([4,KMAX])^2","D-F2-02;D-F2-03;D-F2-04;D-F2-06a;D-F2-06b;D-F2-06c(w_min_years=5);D-F2-06d(KuralT+KuralS,n_min=3)",true,true,true,none
P-01,P01-G-0539,fixed_grid,c_r;c_d;k_r;k_d,0.25;1.25;127.43902548550072;22.577778941738334,"quarter_window_location_lattice(step=0.25,[-1,2]) x ordered_pairs(c_r<=c_d) x geometric3_k_lattice([4,KMAX])^2","D-F2-02;D-F2-03;D-F2-04;D-F2-06a;D-F2-06b;D-F2-06c(w_min_years=5);D-F2-06d(KuralT+KuralS,n_min=3)",true,true,true,none
P-01,P01-G-0540,fixed_grid,c_r;c_d;k_r;k_d,0.25;1.25;127.43902548550072;127.43902548550072,"quarter_window_location_lattice(step=0.25,[-1,2]) x ordered_pairs(c_r<=c_d) x geometric3_k_lattice([4,KMAX])^2","D-F2-02;D-F2-03;D-F2-04;D-F2-06a;D-F2-06b;D-F2-06c(w_min_years=5);D-F2-06d(KuralT+KuralS,n_min=3)",true,true,true,none
P-01,P01-G-0541,fixed_grid,c_r;c_d;k_r;k_d,0.25;1.5;4.0;4.0,"quarter_window_location_lattice(step=0.25,[-1,2]) x ordered_pairs(c_r<=c_d) x geometric3_k_lattice([4,KMAX])^2","D-F2-02;D-F2-03;D-F2-04;D-F2-06a;D-F2-06b;D-F2-06c(w_min_years=5);D-F2-06d(KuralT+KuralS,n_min=3)",true,true,true,none
P-01,P01-G-0542,fixed_grid,c_r;c_d;k_r;k_d,0.25;1.5;4.0;22.577778941738334,"quarter_window_location_lattice(step=0.25,[-1,2]) x ordered_pairs(c_r<=c_d) x geometric3_k_lattice([4,KMAX])^2","D-F2-02;D-F2-03;D-F2-04;D-F2-06a;D-F2-06b;D-F2-06c(w_min_years=5);D-F2-06d(KuralT+KuralS,n_min=3)",true,true,true,none
P-01,P01-G-0543,fixed_grid,c_r;c_d;k_r;k_d,0.25;1.5;4.0;127.43902548550072,"quarter_window_location_lattice(step=0.25,[-1,2]) x ordered_pairs(c_r<=c_d) x geometric3_k_lattice([4,KMAX])^2","D-F2-02;D-F2-03;D-F2-04;D-F2-06a;D-F2-06b;D-F2-06c(w_min_years=5);D-F2-06d(KuralT+KuralS,n_min=3)",true,true,true,none
P-01,P01-G-0544,fixed_grid,c_r;c_d;k_r;k_d,0.25;1.5;22.577778941738334;4.0,"quarter_window_location_lattice(step=0.25,[-1,2]) x ordered_pairs(c_r<=c_d) x geometric3_k_lattice([4,KMAX])^2","D-F2-02;D-F2-03;D-F2-04;D-F2-06a;D-F2-06b;D-F2-06c(w_min_years=5);D-F2-06d(KuralT+KuralS,n_min=3)",true,true,true,none
P-01,P01-G-0545,fixed_grid,c_r;c_d;k_r;k_d,0.25;1.5;22.577778941738334;22.577778941738334,"quarter_window_location_lattice(step=0.25,[-1,2]) x ordered_pairs(c_r<=c_d) x geometric3_k_lattice([4,KMAX])^2","D-F2-02;D-F2-03;D-F2-04;D-F2-06a;D-F2-06b;D-F2-06c(w_min_years=5);D-F2-06d(KuralT+KuralS,n_min=3)",true,true,true,none
P-01,P01-G-0546,fixed_grid,c_r;c_d;k_r;k_d,0.25;1.5;22.577778941738334;127.43902548550072,"quarter_window_location_lattice(step=0.25,[-1,2]) x ordered_pairs(c_r<=c_d) x geometric3_k_lattice([4,KMAX])^2","D-F2-02;D-F2-03;D-F2-04;D-F2-06a;D-F2-06b;D-F2-06c(w_min_years=5);D-F2-06d(KuralT+KuralS,n_min=3)",true,true,true,none
P-01,P01-G-0547,fixed_grid,c_r;c_d;k_r;k_d,0.25;1.5;127.43902548550072;4.0,"quarter_window_location_lattice(step=0.25,[-1,2]) x ordered_pairs(c_r<=c_d) x geometric3_k_lattice([4,KMAX])^2","D-F2-02;D-F2-03;D-F2-04;D-F2-06a;D-F2-06b;D-F2-06c(w_min_years=5);D-F2-06d(KuralT+KuralS,n_min=3)",true,true,true,none
P-01,P01-G-0548,fixed_grid,c_r;c_d;k_r;k_d,0.25;1.5;127.43902548550072;22.577778941738334,"quarter_window_location_lattice(step=0.25,[-1,2]) x ordered_pairs(c_r<=c_d) x geometric3_k_lattice([4,KMAX])^2","D-F2-02;D-F2-03;D-F2-04;D-F2-06a;D-F2-06b;D-F2-06c(w_min_years=5);D-F2-06d(KuralT+KuralS,n_min=3)",true,true,true,none
P-01,P01-G-0549,fixed_grid,c_r;c_d;k_r;k_d,0.25;1.5;127.43902548550072;127.43902548550072,"quarter_window_location_lattice(step=0.25,[-1,2]) x ordered_pairs(c_r<=c_d) x geometric3_k_lattice([4,KMAX])^2","D-F2-02;D-F2-03;D-F2-04;D-F2-06a;D-F2-06b;D-F2-06c(w_min_years=5);D-F2-06d(KuralT+KuralS,n_min=3)",true,true,true,none
P-01,P01-G-0550,fixed_grid,c_r;c_d;k_r;k_d,0.25;1.75;4.0;4.0,"quarter_window_location_lattice(step=0.25,[-1,2]) x ordered_pairs(c_r<=c_d) x geometric3_k_lattice([4,KMAX])^2","D-F2-02;D-F2-03;D-F2-04;D-F2-06a;D-F2-06b;D-F2-06c(w_min_years=5);D-F2-06d(KuralT+KuralS,n_min=3)",true,true,true,none
P-01,P01-G-0551,fixed_grid,c_r;c_d;k_r;k_d,0.25;1.75;4.0;22.577778941738334,"quarter_window_location_lattice(step=0.25,[-1,2]) x ordered_pairs(c_r<=c_d) x geometric3_k_lattice([4,KMAX])^2","D-F2-02;D-F2-03;D-F2-04;D-F2-06a;D-F2-06b;D-F2-06c(w_min_years=5);D-F2-06d(KuralT+KuralS,n_min=3)",true,true,true,none
P-01,P01-G-0552,fixed_grid,c_r;c_d;k_r;k_d,0.25;1.75;4.0;127.43902548550072,"quarter_window_location_lattice(step=0.25,[-1,2]) x ordered_pairs(c_r<=c_d) x geometric3_k_lattice([4,KMAX])^2","D-F2-02;D-F2-03;D-F2-04;D-F2-06a;D-F2-06b;D-F2-06c(w_min_years=5);D-F2-06d(KuralT+KuralS,n_min=3)",true,true,true,none
P-01,P01-G-0553,fixed_grid,c_r;c_d;k_r;k_d,0.25;1.75;22.577778941738334;4.0,"quarter_window_location_lattice(step=0.25,[-1,2]) x ordered_pairs(c_r<=c_d) x geometric3_k_lattice([4,KMAX])^2","D-F2-02;D-F2-03;D-F2-04;D-F2-06a;D-F2-06b;D-F2-06c(w_min_years=5);D-F2-06d(KuralT+KuralS,n_min=3)",true,true,true,none
P-01,P01-G-0554,fixed_grid,c_r;c_d;k_r;k_d,0.25;1.75;22.577778941738334;22.577778941738334,"quarter_window_location_lattice(step=0.25,[-1,2]) x ordered_pairs(c_r<=c_d) x geometric3_k_lattice([4,KMAX])^2","D-F2-02;D-F2-03;D-F2-04;D-F2-06a;D-F2-06b;D-F2-06c(w_min_years=5);D-F2-06d(KuralT+KuralS,n_min=3)",true,true,true,none
P-01,P01-G-0555,fixed_grid,c_r;c_d;k_r;k_d,0.25;1.75;22.577778941738334;127.43902548550072,"quarter_window_location_lattice(step=0.25,[-1,2]) x ordered_pairs(c_r<=c_d) x geometric3_k_lattice([4,KMAX])^2","D-F2-02;D-F2-03;D-F2-04;D-F2-06a;D-F2-06b;D-F2-06c(w_min_years=5);D-F2-06d(KuralT+KuralS,n_min=3)",true,true,true,none
P-01,P01-G-0556,fixed_grid,c_r;c_d;k_r;k_d,0.25;1.75;127.43902548550072;4.0,"quarter_window_location_lattice(step=0.25,[-1,2]) x ordered_pairs(c_r<=c_d) x geometric3_k_lattice([4,KMAX])^2","D-F2-02;D-F2-03;D-F2-04;D-F2-06a;D-F2-06b;D-F2-06c(w_min_years=5);D-F2-06d(KuralT+KuralS,n_min=3)",true,true,true,none
P-01,P01-G-0557,fixed_grid,c_r;c_d;k_r;k_d,0.25;1.75;127.43902548550072;22.577778941738334,"quarter_window_location_lattice(step=0.25,[-1,2]) x ordered_pairs(c_r<=c_d) x geometric3_k_lattice([4,KMAX])^2","D-F2-02;D-F2-03;D-F2-04;D-F2-06a;D-F2-06b;D-F2-06c(w_min_years=5);D-F2-06d(KuralT+KuralS,n_min=3)",true,true,true,none
P-01,P01-G-0558,fixed_grid,c_r;c_d;k_r;k_d,0.25;1.75;127.43902548550072;127.43902548550072,"quarter_window_location_lattice(step=0.25,[-1,2]) x ordered_pairs(c_r<=c_d) x geometric3_k_lattice([4,KMAX])^2","D-F2-02;D-F2-03;D-F2-04;D-F2-06a;D-F2-06b;D-F2-06c(w_min_years=5);D-F2-06d(KuralT+KuralS,n_min=3)",true,true,true,none
P-01,P01-G-0559,fixed_grid,c_r;c_d;k_r;k_d,0.25;2.0;4.0;4.0,"quarter_window_location_lattice(step=0.25,[-1,2]) x ordered_pairs(c_r<=c_d) x geometric3_k_lattice([4,KMAX])^2","D-F2-02;D-F2-03;D-F2-04;D-F2-06a;D-F2-06b;D-F2-06c(w_min_years=5);D-F2-06d(KuralT+KuralS,n_min=3)",true,true,true,none
P-01,P01-G-0560,fixed_grid,c_r;c_d;k_r;k_d,0.25;2.0;4.0;22.577778941738334,"quarter_window_location_lattice(step=0.25,[-1,2]) x ordered_pairs(c_r<=c_d) x geometric3_k_lattice([4,KMAX])^2","D-F2-02;D-F2-03;D-F2-04;D-F2-06a;D-F2-06b;D-F2-06c(w_min_years=5);D-F2-06d(KuralT+KuralS,n_min=3)",true,true,true,none
P-01,P01-G-0561,fixed_grid,c_r;c_d;k_r;k_d,0.25;2.0;4.0;127.43902548550072,"quarter_window_location_lattice(step=0.25,[-1,2]) x ordered_pairs(c_r<=c_d) x geometric3_k_lattice([4,KMAX])^2","D-F2-02;D-F2-03;D-F2-04;D-F2-06a;D-F2-06b;D-F2-06c(w_min_years=5);D-F2-06d(KuralT+KuralS,n_min=3)",true,true,true,none
P-01,P01-G-0562,fixed_grid,c_r;c_d;k_r;k_d,0.25;2.0;22.577778941738334;4.0,"quarter_window_location_lattice(step=0.25,[-1,2]) x ordered_pairs(c_r<=c_d) x geometric3_k_lattice([4,KMAX])^2","D-F2-02;D-F2-03;D-F2-04;D-F2-06a;D-F2-06b;D-F2-06c(w_min_years=5);D-F2-06d(KuralT+KuralS,n_min=3)",true,true,true,none
P-01,P01-G-0563,fixed_grid,c_r;c_d;k_r;k_d,0.25;2.0;22.577778941738334;22.577778941738334,"quarter_window_location_lattice(step=0.25,[-1,2]) x ordered_pairs(c_r<=c_d) x geometric3_k_lattice([4,KMAX])^2","D-F2-02;D-F2-03;D-F2-04;D-F2-06a;D-F2-06b;D-F2-06c(w_min_years=5);D-F2-06d(KuralT+KuralS,n_min=3)",true,true,true,none
P-01,P01-G-0564,fixed_grid,c_r;c_d;k_r;k_d,0.25;2.0;22.577778941738334;127.43902548550072,"quarter_window_location_lattice(step=0.25,[-1,2]) x ordered_pairs(c_r<=c_d) x geometric3_k_lattice([4,KMAX])^2","D-F2-02;D-F2-03;D-F2-04;D-F2-06a;D-F2-06b;D-F2-06c(w_min_years=5);D-F2-06d(KuralT+KuralS,n_min=3)",true,true,true,none
P-01,P01-G-0565,fixed_grid,c_r;c_d;k_r;k_d,0.25;2.0;127.43902548550072;4.0,"quarter_window_location_lattice(step=0.25,[-1,2]) x ordered_pairs(c_r<=c_d) x geometric3_k_lattice([4,KMAX])^2","D-F2-02;D-F2-03;D-F2-04;D-F2-06a;D-F2-06b;D-F2-06c(w_min_years=5);D-F2-06d(KuralT+KuralS,n_min=3)",true,true,true,none
P-01,P01-G-0566,fixed_grid,c_r;c_d;k_r;k_d,0.25;2.0;127.43902548550072;22.577778941738334,"quarter_window_location_lattice(step=0.25,[-1,2]) x ordered_pairs(c_r<=c_d) x geometric3_k_lattice([4,KMAX])^2","D-F2-02;D-F2-03;D-F2-04;D-F2-06a;D-F2-06b;D-F2-06c(w_min_years=5);D-F2-06d(KuralT+KuralS,n_min=3)",true,true,true,none
P-01,P01-G-0567,fixed_grid,c_r;c_d;k_r;k_d,0.25;2.0;127.43902548550072;127.43902548550072,"quarter_window_location_lattice(step=0.25,[-1,2]) x ordered_pairs(c_r<=c_d) x geometric3_k_lattice([4,KMAX])^2","D-F2-02;D-F2-03;D-F2-04;D-F2-06a;D-F2-06b;D-F2-06c(w_min_years=5);D-F2-06d(KuralT+KuralS,n_min=3)",true,true,true,none
P-01,P01-G-0568,fixed_grid,c_r;c_d;k_r;k_d,0.5;0.5;4.0;4.0,"quarter_window_location_lattice(step=0.25,[-1,2]) x ordered_pairs(c_r<=c_d) x geometric3_k_lattice([4,KMAX])^2","D-F2-02;D-F2-03;D-F2-04;D-F2-06a;D-F2-06b;D-F2-06c(w_min_years=5);D-F2-06d(KuralT+KuralS,n_min=3)",true,true,true,none
P-01,P01-G-0569,fixed_grid,c_r;c_d;k_r;k_d,0.5;0.5;4.0;22.577778941738334,"quarter_window_location_lattice(step=0.25,[-1,2]) x ordered_pairs(c_r<=c_d) x geometric3_k_lattice([4,KMAX])^2","D-F2-02;D-F2-03;D-F2-04;D-F2-06a;D-F2-06b;D-F2-06c(w_min_years=5);D-F2-06d(KuralT+KuralS,n_min=3)",true,true,true,none
P-01,P01-G-0570,fixed_grid,c_r;c_d;k_r;k_d,0.5;0.5;4.0;127.43902548550072,"quarter_window_location_lattice(step=0.25,[-1,2]) x ordered_pairs(c_r<=c_d) x geometric3_k_lattice([4,KMAX])^2","D-F2-02;D-F2-03;D-F2-04;D-F2-06a;D-F2-06b;D-F2-06c(w_min_years=5);D-F2-06d(KuralT+KuralS,n_min=3)",true,true,true,none
P-01,P01-G-0571,fixed_grid,c_r;c_d;k_r;k_d,0.5;0.5;22.577778941738334;4.0,"quarter_window_location_lattice(step=0.25,[-1,2]) x ordered_pairs(c_r<=c_d) x geometric3_k_lattice([4,KMAX])^2","D-F2-02;D-F2-03;D-F2-04;D-F2-06a;D-F2-06b;D-F2-06c(w_min_years=5);D-F2-06d(KuralT+KuralS,n_min=3)",true,true,true,none
P-01,P01-G-0572,fixed_grid,c_r;c_d;k_r;k_d,0.5;0.5;22.577778941738334;22.577778941738334,"quarter_window_location_lattice(step=0.25,[-1,2]) x ordered_pairs(c_r<=c_d) x geometric3_k_lattice([4,KMAX])^2","D-F2-02;D-F2-03;D-F2-04;D-F2-06a;D-F2-06b;D-F2-06c(w_min_years=5);D-F2-06d(KuralT+KuralS,n_min=3)",true,true,true,none
P-01,P01-G-0573,fixed_grid,c_r;c_d;k_r;k_d,0.5;0.5;22.577778941738334;127.43902548550072,"quarter_window_location_lattice(step=0.25,[-1,2]) x ordered_pairs(c_r<=c_d) x geometric3_k_lattice([4,KMAX])^2","D-F2-02;D-F2-03;D-F2-04;D-F2-06a;D-F2-06b;D-F2-06c(w_min_years=5);D-F2-06d(KuralT+KuralS,n_min=3)",true,true,true,none
P-01,P01-G-0574,fixed_grid,c_r;c_d;k_r;k_d,0.5;0.5;127.43902548550072;4.0,"quarter_window_location_lattice(step=0.25,[-1,2]) x ordered_pairs(c_r<=c_d) x geometric3_k_lattice([4,KMAX])^2","D-F2-02;D-F2-03;D-F2-04;D-F2-06a;D-F2-06b;D-F2-06c(w_min_years=5);D-F2-06d(KuralT+KuralS,n_min=3)",true,true,true,none
P-01,P01-G-0575,fixed_grid,c_r;c_d;k_r;k_d,0.5;0.5;127.43902548550072;22.577778941738334,"quarter_window_location_lattice(step=0.25,[-1,2]) x ordered_pairs(c_r<=c_d) x geometric3_k_lattice([4,KMAX])^2","D-F2-02;D-F2-03;D-F2-04;D-F2-06a;D-F2-06b;D-F2-06c(w_min_years=5);D-F2-06d(KuralT+KuralS,n_min=3)",true,true,true,none
P-01,P01-G-0576,fixed_grid,c_r;c_d;k_r;k_d,0.5;0.5;127.43902548550072;127.43902548550072,"quarter_window_location_lattice(step=0.25,[-1,2]) x ordered_pairs(c_r<=c_d) x geometric3_k_lattice([4,KMAX])^2","D-F2-02;D-F2-03;D-F2-04;D-F2-06a;D-F2-06b;D-F2-06c(w_min_years=5);D-F2-06d(KuralT+KuralS,n_min=3)",true,true,true,none
P-01,P01-G-0577,fixed_grid,c_r;c_d;k_r;k_d,0.5;0.75;4.0;4.0,"quarter_window_location_lattice(step=0.25,[-1,2]) x ordered_pairs(c_r<=c_d) x geometric3_k_lattice([4,KMAX])^2","D-F2-02;D-F2-03;D-F2-04;D-F2-06a;D-F2-06b;D-F2-06c(w_min_years=5);D-F2-06d(KuralT+KuralS,n_min=3)",true,true,true,none
P-01,P01-G-0578,fixed_grid,c_r;c_d;k_r;k_d,0.5;0.75;4.0;22.577778941738334,"quarter_window_location_lattice(step=0.25,[-1,2]) x ordered_pairs(c_r<=c_d) x geometric3_k_lattice([4,KMAX])^2","D-F2-02;D-F2-03;D-F2-04;D-F2-06a;D-F2-06b;D-F2-06c(w_min_years=5);D-F2-06d(KuralT+KuralS,n_min=3)",true,true,true,none
P-01,P01-G-0579,fixed_grid,c_r;c_d;k_r;k_d,0.5;0.75;4.0;127.43902548550072,"quarter_window_location_lattice(step=0.25,[-1,2]) x ordered_pairs(c_r<=c_d) x geometric3_k_lattice([4,KMAX])^2","D-F2-02;D-F2-03;D-F2-04;D-F2-06a;D-F2-06b;D-F2-06c(w_min_years=5);D-F2-06d(KuralT+KuralS,n_min=3)",true,true,true,none
P-01,P01-G-0580,fixed_grid,c_r;c_d;k_r;k_d,0.5;0.75;22.577778941738334;4.0,"quarter_window_location_lattice(step=0.25,[-1,2]) x ordered_pairs(c_r<=c_d) x geometric3_k_lattice([4,KMAX])^2","D-F2-02;D-F2-03;D-F2-04;D-F2-06a;D-F2-06b;D-F2-06c(w_min_years=5);D-F2-06d(KuralT+KuralS,n_min=3)",true,true,true,none
P-01,P01-G-0581,fixed_grid,c_r;c_d;k_r;k_d,0.5;0.75;22.577778941738334;22.577778941738334,"quarter_window_location_lattice(step=0.25,[-1,2]) x ordered_pairs(c_r<=c_d) x geometric3_k_lattice([4,KMAX])^2","D-F2-02;D-F2-03;D-F2-04;D-F2-06a;D-F2-06b;D-F2-06c(w_min_years=5);D-F2-06d(KuralT+KuralS,n_min=3)",true,true,true,none
P-01,P01-G-0582,fixed_grid,c_r;c_d;k_r;k_d,0.5;0.75;22.577778941738334;127.43902548550072,"quarter_window_location_lattice(step=0.25,[-1,2]) x ordered_pairs(c_r<=c_d) x geometric3_k_lattice([4,KMAX])^2","D-F2-02;D-F2-03;D-F2-04;D-F2-06a;D-F2-06b;D-F2-06c(w_min_years=5);D-F2-06d(KuralT+KuralS,n_min=3)",true,true,true,none
P-01,P01-G-0583,fixed_grid,c_r;c_d;k_r;k_d,0.5;0.75;127.43902548550072;4.0,"quarter_window_location_lattice(step=0.25,[-1,2]) x ordered_pairs(c_r<=c_d) x geometric3_k_lattice([4,KMAX])^2","D-F2-02;D-F2-03;D-F2-04;D-F2-06a;D-F2-06b;D-F2-06c(w_min_years=5);D-F2-06d(KuralT+KuralS,n_min=3)",true,true,true,none
P-01,P01-G-0584,fixed_grid,c_r;c_d;k_r;k_d,0.5;0.75;127.43902548550072;22.577778941738334,"quarter_window_location_lattice(step=0.25,[-1,2]) x ordered_pairs(c_r<=c_d) x geometric3_k_lattice([4,KMAX])^2","D-F2-02;D-F2-03;D-F2-04;D-F2-06a;D-F2-06b;D-F2-06c(w_min_years=5);D-F2-06d(KuralT+KuralS,n_min=3)",true,true,true,none
P-01,P01-G-0585,fixed_grid,c_r;c_d;k_r;k_d,0.5;0.75;127.43902548550072;127.43902548550072,"quarter_window_location_lattice(step=0.25,[-1,2]) x ordered_pairs(c_r<=c_d) x geometric3_k_lattice([4,KMAX])^2","D-F2-02;D-F2-03;D-F2-04;D-F2-06a;D-F2-06b;D-F2-06c(w_min_years=5);D-F2-06d(KuralT+KuralS,n_min=3)",true,true,true,none
P-01,P01-G-0586,fixed_grid,c_r;c_d;k_r;k_d,0.5;1.0;4.0;4.0,"quarter_window_location_lattice(step=0.25,[-1,2]) x ordered_pairs(c_r<=c_d) x geometric3_k_lattice([4,KMAX])^2","D-F2-02;D-F2-03;D-F2-04;D-F2-06a;D-F2-06b;D-F2-06c(w_min_years=5);D-F2-06d(KuralT+KuralS,n_min=3)",true,true,true,none
P-01,P01-G-0587,fixed_grid,c_r;c_d;k_r;k_d,0.5;1.0;4.0;22.577778941738334,"quarter_window_location_lattice(step=0.25,[-1,2]) x ordered_pairs(c_r<=c_d) x geometric3_k_lattice([4,KMAX])^2","D-F2-02;D-F2-03;D-F2-04;D-F2-06a;D-F2-06b;D-F2-06c(w_min_years=5);D-F2-06d(KuralT+KuralS,n_min=3)",true,true,true,none
P-01,P01-G-0588,fixed_grid,c_r;c_d;k_r;k_d,0.5;1.0;4.0;127.43902548550072,"quarter_window_location_lattice(step=0.25,[-1,2]) x ordered_pairs(c_r<=c_d) x geometric3_k_lattice([4,KMAX])^2","D-F2-02;D-F2-03;D-F2-04;D-F2-06a;D-F2-06b;D-F2-06c(w_min_years=5);D-F2-06d(KuralT+KuralS,n_min=3)",true,true,true,none
P-01,P01-G-0589,fixed_grid,c_r;c_d;k_r;k_d,0.5;1.0;22.577778941738334;4.0,"quarter_window_location_lattice(step=0.25,[-1,2]) x ordered_pairs(c_r<=c_d) x geometric3_k_lattice([4,KMAX])^2","D-F2-02;D-F2-03;D-F2-04;D-F2-06a;D-F2-06b;D-F2-06c(w_min_years=5);D-F2-06d(KuralT+KuralS,n_min=3)",true,true,true,none
P-01,P01-G-0590,fixed_grid,c_r;c_d;k_r;k_d,0.5;1.0;22.577778941738334;22.577778941738334,"quarter_window_location_lattice(step=0.25,[-1,2]) x ordered_pairs(c_r<=c_d) x geometric3_k_lattice([4,KMAX])^2","D-F2-02;D-F2-03;D-F2-04;D-F2-06a;D-F2-06b;D-F2-06c(w_min_years=5);D-F2-06d(KuralT+KuralS,n_min=3)",true,true,true,none
P-01,P01-G-0591,fixed_grid,c_r;c_d;k_r;k_d,0.5;1.0;22.577778941738334;127.43902548550072,"quarter_window_location_lattice(step=0.25,[-1,2]) x ordered_pairs(c_r<=c_d) x geometric3_k_lattice([4,KMAX])^2","D-F2-02;D-F2-03;D-F2-04;D-F2-06a;D-F2-06b;D-F2-06c(w_min_years=5);D-F2-06d(KuralT+KuralS,n_min=3)",true,true,true,none
P-01,P01-G-0592,fixed_grid,c_r;c_d;k_r;k_d,0.5;1.0;127.43902548550072;4.0,"quarter_window_location_lattice(step=0.25,[-1,2]) x ordered_pairs(c_r<=c_d) x geometric3_k_lattice([4,KMAX])^2","D-F2-02;D-F2-03;D-F2-04;D-F2-06a;D-F2-06b;D-F2-06c(w_min_years=5);D-F2-06d(KuralT+KuralS,n_min=3)",true,true,true,none
P-01,P01-G-0593,fixed_grid,c_r;c_d;k_r;k_d,0.5;1.0;127.43902548550072;22.577778941738334,"quarter_window_location_lattice(step=0.25,[-1,2]) x ordered_pairs(c_r<=c_d) x geometric3_k_lattice([4,KMAX])^2","D-F2-02;D-F2-03;D-F2-04;D-F2-06a;D-F2-06b;D-F2-06c(w_min_years=5);D-F2-06d(KuralT+KuralS,n_min=3)",true,true,true,none
P-01,P01-G-0594,fixed_grid,c_r;c_d;k_r;k_d,0.5;1.0;127.43902548550072;127.43902548550072,"quarter_window_location_lattice(step=0.25,[-1,2]) x ordered_pairs(c_r<=c_d) x geometric3_k_lattice([4,KMAX])^2","D-F2-02;D-F2-03;D-F2-04;D-F2-06a;D-F2-06b;D-F2-06c(w_min_years=5);D-F2-06d(KuralT+KuralS,n_min=3)",true,true,true,none
P-01,P01-G-0595,fixed_grid,c_r;c_d;k_r;k_d,0.5;1.25;4.0;4.0,"quarter_window_location_lattice(step=0.25,[-1,2]) x ordered_pairs(c_r<=c_d) x geometric3_k_lattice([4,KMAX])^2","D-F2-02;D-F2-03;D-F2-04;D-F2-06a;D-F2-06b;D-F2-06c(w_min_years=5);D-F2-06d(KuralT+KuralS,n_min=3)",true,true,true,none
P-01,P01-G-0596,fixed_grid,c_r;c_d;k_r;k_d,0.5;1.25;4.0;22.577778941738334,"quarter_window_location_lattice(step=0.25,[-1,2]) x ordered_pairs(c_r<=c_d) x geometric3_k_lattice([4,KMAX])^2","D-F2-02;D-F2-03;D-F2-04;D-F2-06a;D-F2-06b;D-F2-06c(w_min_years=5);D-F2-06d(KuralT+KuralS,n_min=3)",true,true,true,none
P-01,P01-G-0597,fixed_grid,c_r;c_d;k_r;k_d,0.5;1.25;4.0;127.43902548550072,"quarter_window_location_lattice(step=0.25,[-1,2]) x ordered_pairs(c_r<=c_d) x geometric3_k_lattice([4,KMAX])^2","D-F2-02;D-F2-03;D-F2-04;D-F2-06a;D-F2-06b;D-F2-06c(w_min_years=5);D-F2-06d(KuralT+KuralS,n_min=3)",true,true,true,none
P-01,P01-G-0598,fixed_grid,c_r;c_d;k_r;k_d,0.5;1.25;22.577778941738334;4.0,"quarter_window_location_lattice(step=0.25,[-1,2]) x ordered_pairs(c_r<=c_d) x geometric3_k_lattice([4,KMAX])^2","D-F2-02;D-F2-03;D-F2-04;D-F2-06a;D-F2-06b;D-F2-06c(w_min_years=5);D-F2-06d(KuralT+KuralS,n_min=3)",true,true,true,none
P-01,P01-G-0599,fixed_grid,c_r;c_d;k_r;k_d,0.5;1.25;22.577778941738334;22.577778941738334,"quarter_window_location_lattice(step=0.25,[-1,2]) x ordered_pairs(c_r<=c_d) x geometric3_k_lattice([4,KMAX])^2","D-F2-02;D-F2-03;D-F2-04;D-F2-06a;D-F2-06b;D-F2-06c(w_min_years=5);D-F2-06d(KuralT+KuralS,n_min=3)",true,true,true,none
P-01,P01-G-0600,fixed_grid,c_r;c_d;k_r;k_d,0.5;1.25;22.577778941738334;127.43902548550072,"quarter_window_location_lattice(step=0.25,[-1,2]) x ordered_pairs(c_r<=c_d) x geometric3_k_lattice([4,KMAX])^2","D-F2-02;D-F2-03;D-F2-04;D-F2-06a;D-F2-06b;D-F2-06c(w_min_years=5);D-F2-06d(KuralT+KuralS,n_min=3)",true,true,true,none
P-01,P01-G-0601,fixed_grid,c_r;c_d;k_r;k_d,0.5;1.25;127.43902548550072;4.0,"quarter_window_location_lattice(step=0.25,[-1,2]) x ordered_pairs(c_r<=c_d) x geometric3_k_lattice([4,KMAX])^2","D-F2-02;D-F2-03;D-F2-04;D-F2-06a;D-F2-06b;D-F2-06c(w_min_years=5);D-F2-06d(KuralT+KuralS,n_min=3)",true,true,true,none
P-01,P01-G-0602,fixed_grid,c_r;c_d;k_r;k_d,0.5;1.25;127.43902548550072;22.577778941738334,"quarter_window_location_lattice(step=0.25,[-1,2]) x ordered_pairs(c_r<=c_d) x geometric3_k_lattice([4,KMAX])^2","D-F2-02;D-F2-03;D-F2-04;D-F2-06a;D-F2-06b;D-F2-06c(w_min_years=5);D-F2-06d(KuralT+KuralS,n_min=3)",true,true,true,none
P-01,P01-G-0603,fixed_grid,c_r;c_d;k_r;k_d,0.5;1.25;127.43902548550072;127.43902548550072,"quarter_window_location_lattice(step=0.25,[-1,2]) x ordered_pairs(c_r<=c_d) x geometric3_k_lattice([4,KMAX])^2","D-F2-02;D-F2-03;D-F2-04;D-F2-06a;D-F2-06b;D-F2-06c(w_min_years=5);D-F2-06d(KuralT+KuralS,n_min=3)",true,true,true,none
P-01,P01-G-0604,fixed_grid,c_r;c_d;k_r;k_d,0.5;1.5;4.0;4.0,"quarter_window_location_lattice(step=0.25,[-1,2]) x ordered_pairs(c_r<=c_d) x geometric3_k_lattice([4,KMAX])^2","D-F2-02;D-F2-03;D-F2-04;D-F2-06a;D-F2-06b;D-F2-06c(w_min_years=5);D-F2-06d(KuralT+KuralS,n_min=3)",true,true,true,none
P-01,P01-G-0605,fixed_grid,c_r;c_d;k_r;k_d,0.5;1.5;4.0;22.577778941738334,"quarter_window_location_lattice(step=0.25,[-1,2]) x ordered_pairs(c_r<=c_d) x geometric3_k_lattice([4,KMAX])^2","D-F2-02;D-F2-03;D-F2-04;D-F2-06a;D-F2-06b;D-F2-06c(w_min_years=5);D-F2-06d(KuralT+KuralS,n_min=3)",true,true,true,none
P-01,P01-G-0606,fixed_grid,c_r;c_d;k_r;k_d,0.5;1.5;4.0;127.43902548550072,"quarter_window_location_lattice(step=0.25,[-1,2]) x ordered_pairs(c_r<=c_d) x geometric3_k_lattice([4,KMAX])^2","D-F2-02;D-F2-03;D-F2-04;D-F2-06a;D-F2-06b;D-F2-06c(w_min_years=5);D-F2-06d(KuralT+KuralS,n_min=3)",true,true,true,none
P-01,P01-G-0607,fixed_grid,c_r;c_d;k_r;k_d,0.5;1.5;22.577778941738334;4.0,"quarter_window_location_lattice(step=0.25,[-1,2]) x ordered_pairs(c_r<=c_d) x geometric3_k_lattice([4,KMAX])^2","D-F2-02;D-F2-03;D-F2-04;D-F2-06a;D-F2-06b;D-F2-06c(w_min_years=5);D-F2-06d(KuralT+KuralS,n_min=3)",true,true,true,none
P-01,P01-G-0608,fixed_grid,c_r;c_d;k_r;k_d,0.5;1.5;22.577778941738334;22.577778941738334,"quarter_window_location_lattice(step=0.25,[-1,2]) x ordered_pairs(c_r<=c_d) x geometric3_k_lattice([4,KMAX])^2","D-F2-02;D-F2-03;D-F2-04;D-F2-06a;D-F2-06b;D-F2-06c(w_min_years=5);D-F2-06d(KuralT+KuralS,n_min=3)",true,true,true,none
P-01,P01-G-0609,fixed_grid,c_r;c_d;k_r;k_d,0.5;1.5;22.577778941738334;127.43902548550072,"quarter_window_location_lattice(step=0.25,[-1,2]) x ordered_pairs(c_r<=c_d) x geometric3_k_lattice([4,KMAX])^2","D-F2-02;D-F2-03;D-F2-04;D-F2-06a;D-F2-06b;D-F2-06c(w_min_years=5);D-F2-06d(KuralT+KuralS,n_min=3)",true,true,true,none
P-01,P01-G-0610,fixed_grid,c_r;c_d;k_r;k_d,0.5;1.5;127.43902548550072;4.0,"quarter_window_location_lattice(step=0.25,[-1,2]) x ordered_pairs(c_r<=c_d) x geometric3_k_lattice([4,KMAX])^2","D-F2-02;D-F2-03;D-F2-04;D-F2-06a;D-F2-06b;D-F2-06c(w_min_years=5);D-F2-06d(KuralT+KuralS,n_min=3)",true,true,true,none
P-01,P01-G-0611,fixed_grid,c_r;c_d;k_r;k_d,0.5;1.5;127.43902548550072;22.577778941738334,"quarter_window_location_lattice(step=0.25,[-1,2]) x ordered_pairs(c_r<=c_d) x geometric3_k_lattice([4,KMAX])^2","D-F2-02;D-F2-03;D-F2-04;D-F2-06a;D-F2-06b;D-F2-06c(w_min_years=5);D-F2-06d(KuralT+KuralS,n_min=3)",true,true,true,none
P-01,P01-G-0612,fixed_grid,c_r;c_d;k_r;k_d,0.5;1.5;127.43902548550072;127.43902548550072,"quarter_window_location_lattice(step=0.25,[-1,2]) x ordered_pairs(c_r<=c_d) x geometric3_k_lattice([4,KMAX])^2","D-F2-02;D-F2-03;D-F2-04;D-F2-06a;D-F2-06b;D-F2-06c(w_min_years=5);D-F2-06d(KuralT+KuralS,n_min=3)",true,true,true,none
P-01,P01-G-0613,fixed_grid,c_r;c_d;k_r;k_d,0.5;1.75;4.0;4.0,"quarter_window_location_lattice(step=0.25,[-1,2]) x ordered_pairs(c_r<=c_d) x geometric3_k_lattice([4,KMAX])^2","D-F2-02;D-F2-03;D-F2-04;D-F2-06a;D-F2-06b;D-F2-06c(w_min_years=5);D-F2-06d(KuralT+KuralS,n_min=3)",true,true,true,none
P-01,P01-G-0614,fixed_grid,c_r;c_d;k_r;k_d,0.5;1.75;4.0;22.577778941738334,"quarter_window_location_lattice(step=0.25,[-1,2]) x ordered_pairs(c_r<=c_d) x geometric3_k_lattice([4,KMAX])^2","D-F2-02;D-F2-03;D-F2-04;D-F2-06a;D-F2-06b;D-F2-06c(w_min_years=5);D-F2-06d(KuralT+KuralS,n_min=3)",true,true,true,none
P-01,P01-G-0615,fixed_grid,c_r;c_d;k_r;k_d,0.5;1.75;4.0;127.43902548550072,"quarter_window_location_lattice(step=0.25,[-1,2]) x ordered_pairs(c_r<=c_d) x geometric3_k_lattice([4,KMAX])^2","D-F2-02;D-F2-03;D-F2-04;D-F2-06a;D-F2-06b;D-F2-06c(w_min_years=5);D-F2-06d(KuralT+KuralS,n_min=3)",true,true,true,none
P-01,P01-G-0616,fixed_grid,c_r;c_d;k_r;k_d,0.5;1.75;22.577778941738334;4.0,"quarter_window_location_lattice(step=0.25,[-1,2]) x ordered_pairs(c_r<=c_d) x geometric3_k_lattice([4,KMAX])^2","D-F2-02;D-F2-03;D-F2-04;D-F2-06a;D-F2-06b;D-F2-06c(w_min_years=5);D-F2-06d(KuralT+KuralS,n_min=3)",true,true,true,none
P-01,P01-G-0617,fixed_grid,c_r;c_d;k_r;k_d,0.5;1.75;22.577778941738334;22.577778941738334,"quarter_window_location_lattice(step=0.25,[-1,2]) x ordered_pairs(c_r<=c_d) x geometric3_k_lattice([4,KMAX])^2","D-F2-02;D-F2-03;D-F2-04;D-F2-06a;D-F2-06b;D-F2-06c(w_min_years=5);D-F2-06d(KuralT+KuralS,n_min=3)",true,true,true,none
P-01,P01-G-0618,fixed_grid,c_r;c_d;k_r;k_d,0.5;1.75;22.577778941738334;127.43902548550072,"quarter_window_location_lattice(step=0.25,[-1,2]) x ordered_pairs(c_r<=c_d) x geometric3_k_lattice([4,KMAX])^2","D-F2-02;D-F2-03;D-F2-04;D-F2-06a;D-F2-06b;D-F2-06c(w_min_years=5);D-F2-06d(KuralT+KuralS,n_min=3)",true,true,true,none
P-01,P01-G-0619,fixed_grid,c_r;c_d;k_r;k_d,0.5;1.75;127.43902548550072;4.0,"quarter_window_location_lattice(step=0.25,[-1,2]) x ordered_pairs(c_r<=c_d) x geometric3_k_lattice([4,KMAX])^2","D-F2-02;D-F2-03;D-F2-04;D-F2-06a;D-F2-06b;D-F2-06c(w_min_years=5);D-F2-06d(KuralT+KuralS,n_min=3)",true,true,true,none
P-01,P01-G-0620,fixed_grid,c_r;c_d;k_r;k_d,0.5;1.75;127.43902548550072;22.577778941738334,"quarter_window_location_lattice(step=0.25,[-1,2]) x ordered_pairs(c_r<=c_d) x geometric3_k_lattice([4,KMAX])^2","D-F2-02;D-F2-03;D-F2-04;D-F2-06a;D-F2-06b;D-F2-06c(w_min_years=5);D-F2-06d(KuralT+KuralS,n_min=3)",true,true,true,none
P-01,P01-G-0621,fixed_grid,c_r;c_d;k_r;k_d,0.5;1.75;127.43902548550072;127.43902548550072,"quarter_window_location_lattice(step=0.25,[-1,2]) x ordered_pairs(c_r<=c_d) x geometric3_k_lattice([4,KMAX])^2","D-F2-02;D-F2-03;D-F2-04;D-F2-06a;D-F2-06b;D-F2-06c(w_min_years=5);D-F2-06d(KuralT+KuralS,n_min=3)",true,true,true,none
P-01,P01-G-0622,fixed_grid,c_r;c_d;k_r;k_d,0.5;2.0;4.0;4.0,"quarter_window_location_lattice(step=0.25,[-1,2]) x ordered_pairs(c_r<=c_d) x geometric3_k_lattice([4,KMAX])^2","D-F2-02;D-F2-03;D-F2-04;D-F2-06a;D-F2-06b;D-F2-06c(w_min_years=5);D-F2-06d(KuralT+KuralS,n_min=3)",true,true,true,none
P-01,P01-G-0623,fixed_grid,c_r;c_d;k_r;k_d,0.5;2.0;4.0;22.577778941738334,"quarter_window_location_lattice(step=0.25,[-1,2]) x ordered_pairs(c_r<=c_d) x geometric3_k_lattice([4,KMAX])^2","D-F2-02;D-F2-03;D-F2-04;D-F2-06a;D-F2-06b;D-F2-06c(w_min_years=5);D-F2-06d(KuralT+KuralS,n_min=3)",true,true,true,none
P-01,P01-G-0624,fixed_grid,c_r;c_d;k_r;k_d,0.5;2.0;4.0;127.43902548550072,"quarter_window_location_lattice(step=0.25,[-1,2]) x ordered_pairs(c_r<=c_d) x geometric3_k_lattice([4,KMAX])^2","D-F2-02;D-F2-03;D-F2-04;D-F2-06a;D-F2-06b;D-F2-06c(w_min_years=5);D-F2-06d(KuralT+KuralS,n_min=3)",true,true,true,none
P-01,P01-G-0625,fixed_grid,c_r;c_d;k_r;k_d,0.5;2.0;22.577778941738334;4.0,"quarter_window_location_lattice(step=0.25,[-1,2]) x ordered_pairs(c_r<=c_d) x geometric3_k_lattice([4,KMAX])^2","D-F2-02;D-F2-03;D-F2-04;D-F2-06a;D-F2-06b;D-F2-06c(w_min_years=5);D-F2-06d(KuralT+KuralS,n_min=3)",true,true,true,none
P-01,P01-G-0626,fixed_grid,c_r;c_d;k_r;k_d,0.5;2.0;22.577778941738334;22.577778941738334,"quarter_window_location_lattice(step=0.25,[-1,2]) x ordered_pairs(c_r<=c_d) x geometric3_k_lattice([4,KMAX])^2","D-F2-02;D-F2-03;D-F2-04;D-F2-06a;D-F2-06b;D-F2-06c(w_min_years=5);D-F2-06d(KuralT+KuralS,n_min=3)",true,true,true,none
P-01,P01-G-0627,fixed_grid,c_r;c_d;k_r;k_d,0.5;2.0;22.577778941738334;127.43902548550072,"quarter_window_location_lattice(step=0.25,[-1,2]) x ordered_pairs(c_r<=c_d) x geometric3_k_lattice([4,KMAX])^2","D-F2-02;D-F2-03;D-F2-04;D-F2-06a;D-F2-06b;D-F2-06c(w_min_years=5);D-F2-06d(KuralT+KuralS,n_min=3)",true,true,true,none
P-01,P01-G-0628,fixed_grid,c_r;c_d;k_r;k_d,0.5;2.0;127.43902548550072;4.0,"quarter_window_location_lattice(step=0.25,[-1,2]) x ordered_pairs(c_r<=c_d) x geometric3_k_lattice([4,KMAX])^2","D-F2-02;D-F2-03;D-F2-04;D-F2-06a;D-F2-06b;D-F2-06c(w_min_years=5);D-F2-06d(KuralT+KuralS,n_min=3)",true,true,true,none
P-01,P01-G-0629,fixed_grid,c_r;c_d;k_r;k_d,0.5;2.0;127.43902548550072;22.577778941738334,"quarter_window_location_lattice(step=0.25,[-1,2]) x ordered_pairs(c_r<=c_d) x geometric3_k_lattice([4,KMAX])^2","D-F2-02;D-F2-03;D-F2-04;D-F2-06a;D-F2-06b;D-F2-06c(w_min_years=5);D-F2-06d(KuralT+KuralS,n_min=3)",true,true,true,none
P-01,P01-G-0630,fixed_grid,c_r;c_d;k_r;k_d,0.5;2.0;127.43902548550072;127.43902548550072,"quarter_window_location_lattice(step=0.25,[-1,2]) x ordered_pairs(c_r<=c_d) x geometric3_k_lattice([4,KMAX])^2","D-F2-02;D-F2-03;D-F2-04;D-F2-06a;D-F2-06b;D-F2-06c(w_min_years=5);D-F2-06d(KuralT+KuralS,n_min=3)",true,true,true,none
P-01,P01-G-0631,fixed_grid,c_r;c_d;k_r;k_d,0.75;0.75;4.0;4.0,"quarter_window_location_lattice(step=0.25,[-1,2]) x ordered_pairs(c_r<=c_d) x geometric3_k_lattice([4,KMAX])^2","D-F2-02;D-F2-03;D-F2-04;D-F2-06a;D-F2-06b;D-F2-06c(w_min_years=5);D-F2-06d(KuralT+KuralS,n_min=3)",true,true,true,none
P-01,P01-G-0632,fixed_grid,c_r;c_d;k_r;k_d,0.75;0.75;4.0;22.577778941738334,"quarter_window_location_lattice(step=0.25,[-1,2]) x ordered_pairs(c_r<=c_d) x geometric3_k_lattice([4,KMAX])^2","D-F2-02;D-F2-03;D-F2-04;D-F2-06a;D-F2-06b;D-F2-06c(w_min_years=5);D-F2-06d(KuralT+KuralS,n_min=3)",true,true,true,none
P-01,P01-G-0633,fixed_grid,c_r;c_d;k_r;k_d,0.75;0.75;4.0;127.43902548550072,"quarter_window_location_lattice(step=0.25,[-1,2]) x ordered_pairs(c_r<=c_d) x geometric3_k_lattice([4,KMAX])^2","D-F2-02;D-F2-03;D-F2-04;D-F2-06a;D-F2-06b;D-F2-06c(w_min_years=5);D-F2-06d(KuralT+KuralS,n_min=3)",true,true,true,none
P-01,P01-G-0634,fixed_grid,c_r;c_d;k_r;k_d,0.75;0.75;22.577778941738334;4.0,"quarter_window_location_lattice(step=0.25,[-1,2]) x ordered_pairs(c_r<=c_d) x geometric3_k_lattice([4,KMAX])^2","D-F2-02;D-F2-03;D-F2-04;D-F2-06a;D-F2-06b;D-F2-06c(w_min_years=5);D-F2-06d(KuralT+KuralS,n_min=3)",true,true,true,none
P-01,P01-G-0635,fixed_grid,c_r;c_d;k_r;k_d,0.75;0.75;22.577778941738334;22.577778941738334,"quarter_window_location_lattice(step=0.25,[-1,2]) x ordered_pairs(c_r<=c_d) x geometric3_k_lattice([4,KMAX])^2","D-F2-02;D-F2-03;D-F2-04;D-F2-06a;D-F2-06b;D-F2-06c(w_min_years=5);D-F2-06d(KuralT+KuralS,n_min=3)",true,true,true,none
P-01,P01-G-0636,fixed_grid,c_r;c_d;k_r;k_d,0.75;0.75;22.577778941738334;127.43902548550072,"quarter_window_location_lattice(step=0.25,[-1,2]) x ordered_pairs(c_r<=c_d) x geometric3_k_lattice([4,KMAX])^2","D-F2-02;D-F2-03;D-F2-04;D-F2-06a;D-F2-06b;D-F2-06c(w_min_years=5);D-F2-06d(KuralT+KuralS,n_min=3)",true,true,true,none
P-01,P01-G-0637,fixed_grid,c_r;c_d;k_r;k_d,0.75;0.75;127.43902548550072;4.0,"quarter_window_location_lattice(step=0.25,[-1,2]) x ordered_pairs(c_r<=c_d) x geometric3_k_lattice([4,KMAX])^2","D-F2-02;D-F2-03;D-F2-04;D-F2-06a;D-F2-06b;D-F2-06c(w_min_years=5);D-F2-06d(KuralT+KuralS,n_min=3)",true,true,true,none
P-01,P01-G-0638,fixed_grid,c_r;c_d;k_r;k_d,0.75;0.75;127.43902548550072;22.577778941738334,"quarter_window_location_lattice(step=0.25,[-1,2]) x ordered_pairs(c_r<=c_d) x geometric3_k_lattice([4,KMAX])^2","D-F2-02;D-F2-03;D-F2-04;D-F2-06a;D-F2-06b;D-F2-06c(w_min_years=5);D-F2-06d(KuralT+KuralS,n_min=3)",true,true,true,none
P-01,P01-G-0639,fixed_grid,c_r;c_d;k_r;k_d,0.75;0.75;127.43902548550072;127.43902548550072,"quarter_window_location_lattice(step=0.25,[-1,2]) x ordered_pairs(c_r<=c_d) x geometric3_k_lattice([4,KMAX])^2","D-F2-02;D-F2-03;D-F2-04;D-F2-06a;D-F2-06b;D-F2-06c(w_min_years=5);D-F2-06d(KuralT+KuralS,n_min=3)",true,true,true,none
P-01,P01-G-0640,fixed_grid,c_r;c_d;k_r;k_d,0.75;1.0;4.0;4.0,"quarter_window_location_lattice(step=0.25,[-1,2]) x ordered_pairs(c_r<=c_d) x geometric3_k_lattice([4,KMAX])^2","D-F2-02;D-F2-03;D-F2-04;D-F2-06a;D-F2-06b;D-F2-06c(w_min_years=5);D-F2-06d(KuralT+KuralS,n_min=3)",true,true,true,none
P-01,P01-G-0641,fixed_grid,c_r;c_d;k_r;k_d,0.75;1.0;4.0;22.577778941738334,"quarter_window_location_lattice(step=0.25,[-1,2]) x ordered_pairs(c_r<=c_d) x geometric3_k_lattice([4,KMAX])^2","D-F2-02;D-F2-03;D-F2-04;D-F2-06a;D-F2-06b;D-F2-06c(w_min_years=5);D-F2-06d(KuralT+KuralS,n_min=3)",true,true,true,none
P-01,P01-G-0642,fixed_grid,c_r;c_d;k_r;k_d,0.75;1.0;4.0;127.43902548550072,"quarter_window_location_lattice(step=0.25,[-1,2]) x ordered_pairs(c_r<=c_d) x geometric3_k_lattice([4,KMAX])^2","D-F2-02;D-F2-03;D-F2-04;D-F2-06a;D-F2-06b;D-F2-06c(w_min_years=5);D-F2-06d(KuralT+KuralS,n_min=3)",true,true,true,none
P-01,P01-G-0643,fixed_grid,c_r;c_d;k_r;k_d,0.75;1.0;22.577778941738334;4.0,"quarter_window_location_lattice(step=0.25,[-1,2]) x ordered_pairs(c_r<=c_d) x geometric3_k_lattice([4,KMAX])^2","D-F2-02;D-F2-03;D-F2-04;D-F2-06a;D-F2-06b;D-F2-06c(w_min_years=5);D-F2-06d(KuralT+KuralS,n_min=3)",true,true,true,none
P-01,P01-G-0644,fixed_grid,c_r;c_d;k_r;k_d,0.75;1.0;22.577778941738334;22.577778941738334,"quarter_window_location_lattice(step=0.25,[-1,2]) x ordered_pairs(c_r<=c_d) x geometric3_k_lattice([4,KMAX])^2","D-F2-02;D-F2-03;D-F2-04;D-F2-06a;D-F2-06b;D-F2-06c(w_min_years=5);D-F2-06d(KuralT+KuralS,n_min=3)",true,true,true,none
P-01,P01-G-0645,fixed_grid,c_r;c_d;k_r;k_d,0.75;1.0;22.577778941738334;127.43902548550072,"quarter_window_location_lattice(step=0.25,[-1,2]) x ordered_pairs(c_r<=c_d) x geometric3_k_lattice([4,KMAX])^2","D-F2-02;D-F2-03;D-F2-04;D-F2-06a;D-F2-06b;D-F2-06c(w_min_years=5);D-F2-06d(KuralT+KuralS,n_min=3)",true,true,true,none
P-01,P01-G-0646,fixed_grid,c_r;c_d;k_r;k_d,0.75;1.0;127.43902548550072;4.0,"quarter_window_location_lattice(step=0.25,[-1,2]) x ordered_pairs(c_r<=c_d) x geometric3_k_lattice([4,KMAX])^2","D-F2-02;D-F2-03;D-F2-04;D-F2-06a;D-F2-06b;D-F2-06c(w_min_years=5);D-F2-06d(KuralT+KuralS,n_min=3)",true,true,true,none
P-01,P01-G-0647,fixed_grid,c_r;c_d;k_r;k_d,0.75;1.0;127.43902548550072;22.577778941738334,"quarter_window_location_lattice(step=0.25,[-1,2]) x ordered_pairs(c_r<=c_d) x geometric3_k_lattice([4,KMAX])^2","D-F2-02;D-F2-03;D-F2-04;D-F2-06a;D-F2-06b;D-F2-06c(w_min_years=5);D-F2-06d(KuralT+KuralS,n_min=3)",true,true,true,none
P-01,P01-G-0648,fixed_grid,c_r;c_d;k_r;k_d,0.75;1.0;127.43902548550072;127.43902548550072,"quarter_window_location_lattice(step=0.25,[-1,2]) x ordered_pairs(c_r<=c_d) x geometric3_k_lattice([4,KMAX])^2","D-F2-02;D-F2-03;D-F2-04;D-F2-06a;D-F2-06b;D-F2-06c(w_min_years=5);D-F2-06d(KuralT+KuralS,n_min=3)",true,true,true,none
P-01,P01-G-0649,fixed_grid,c_r;c_d;k_r;k_d,0.75;1.25;4.0;4.0,"quarter_window_location_lattice(step=0.25,[-1,2]) x ordered_pairs(c_r<=c_d) x geometric3_k_lattice([4,KMAX])^2","D-F2-02;D-F2-03;D-F2-04;D-F2-06a;D-F2-06b;D-F2-06c(w_min_years=5);D-F2-06d(KuralT+KuralS,n_min=3)",true,true,true,none
P-01,P01-G-0650,fixed_grid,c_r;c_d;k_r;k_d,0.75;1.25;4.0;22.577778941738334,"quarter_window_location_lattice(step=0.25,[-1,2]) x ordered_pairs(c_r<=c_d) x geometric3_k_lattice([4,KMAX])^2","D-F2-02;D-F2-03;D-F2-04;D-F2-06a;D-F2-06b;D-F2-06c(w_min_years=5);D-F2-06d(KuralT+KuralS,n_min=3)",true,true,true,none
P-01,P01-G-0651,fixed_grid,c_r;c_d;k_r;k_d,0.75;1.25;4.0;127.43902548550072,"quarter_window_location_lattice(step=0.25,[-1,2]) x ordered_pairs(c_r<=c_d) x geometric3_k_lattice([4,KMAX])^2","D-F2-02;D-F2-03;D-F2-04;D-F2-06a;D-F2-06b;D-F2-06c(w_min_years=5);D-F2-06d(KuralT+KuralS,n_min=3)",true,true,true,none
P-01,P01-G-0652,fixed_grid,c_r;c_d;k_r;k_d,0.75;1.25;22.577778941738334;4.0,"quarter_window_location_lattice(step=0.25,[-1,2]) x ordered_pairs(c_r<=c_d) x geometric3_k_lattice([4,KMAX])^2","D-F2-02;D-F2-03;D-F2-04;D-F2-06a;D-F2-06b;D-F2-06c(w_min_years=5);D-F2-06d(KuralT+KuralS,n_min=3)",true,true,true,none
P-01,P01-G-0653,fixed_grid,c_r;c_d;k_r;k_d,0.75;1.25;22.577778941738334;22.577778941738334,"quarter_window_location_lattice(step=0.25,[-1,2]) x ordered_pairs(c_r<=c_d) x geometric3_k_lattice([4,KMAX])^2","D-F2-02;D-F2-03;D-F2-04;D-F2-06a;D-F2-06b;D-F2-06c(w_min_years=5);D-F2-06d(KuralT+KuralS,n_min=3)",true,true,true,none
P-01,P01-G-0654,fixed_grid,c_r;c_d;k_r;k_d,0.75;1.25;22.577778941738334;127.43902548550072,"quarter_window_location_lattice(step=0.25,[-1,2]) x ordered_pairs(c_r<=c_d) x geometric3_k_lattice([4,KMAX])^2","D-F2-02;D-F2-03;D-F2-04;D-F2-06a;D-F2-06b;D-F2-06c(w_min_years=5);D-F2-06d(KuralT+KuralS,n_min=3)",true,true,true,none
P-01,P01-G-0655,fixed_grid,c_r;c_d;k_r;k_d,0.75;1.25;127.43902548550072;4.0,"quarter_window_location_lattice(step=0.25,[-1,2]) x ordered_pairs(c_r<=c_d) x geometric3_k_lattice([4,KMAX])^2","D-F2-02;D-F2-03;D-F2-04;D-F2-06a;D-F2-06b;D-F2-06c(w_min_years=5);D-F2-06d(KuralT+KuralS,n_min=3)",true,true,true,none
P-01,P01-G-0656,fixed_grid,c_r;c_d;k_r;k_d,0.75;1.25;127.43902548550072;22.577778941738334,"quarter_window_location_lattice(step=0.25,[-1,2]) x ordered_pairs(c_r<=c_d) x geometric3_k_lattice([4,KMAX])^2","D-F2-02;D-F2-03;D-F2-04;D-F2-06a;D-F2-06b;D-F2-06c(w_min_years=5);D-F2-06d(KuralT+KuralS,n_min=3)",true,true,true,none
P-01,P01-G-0657,fixed_grid,c_r;c_d;k_r;k_d,0.75;1.25;127.43902548550072;127.43902548550072,"quarter_window_location_lattice(step=0.25,[-1,2]) x ordered_pairs(c_r<=c_d) x geometric3_k_lattice([4,KMAX])^2","D-F2-02;D-F2-03;D-F2-04;D-F2-06a;D-F2-06b;D-F2-06c(w_min_years=5);D-F2-06d(KuralT+KuralS,n_min=3)",true,true,true,none
P-01,P01-G-0658,fixed_grid,c_r;c_d;k_r;k_d,0.75;1.5;4.0;4.0,"quarter_window_location_lattice(step=0.25,[-1,2]) x ordered_pairs(c_r<=c_d) x geometric3_k_lattice([4,KMAX])^2","D-F2-02;D-F2-03;D-F2-04;D-F2-06a;D-F2-06b;D-F2-06c(w_min_years=5);D-F2-06d(KuralT+KuralS,n_min=3)",true,true,true,none
P-01,P01-G-0659,fixed_grid,c_r;c_d;k_r;k_d,0.75;1.5;4.0;22.577778941738334,"quarter_window_location_lattice(step=0.25,[-1,2]) x ordered_pairs(c_r<=c_d) x geometric3_k_lattice([4,KMAX])^2","D-F2-02;D-F2-03;D-F2-04;D-F2-06a;D-F2-06b;D-F2-06c(w_min_years=5);D-F2-06d(KuralT+KuralS,n_min=3)",true,true,true,none
P-01,P01-G-0660,fixed_grid,c_r;c_d;k_r;k_d,0.75;1.5;4.0;127.43902548550072,"quarter_window_location_lattice(step=0.25,[-1,2]) x ordered_pairs(c_r<=c_d) x geometric3_k_lattice([4,KMAX])^2","D-F2-02;D-F2-03;D-F2-04;D-F2-06a;D-F2-06b;D-F2-06c(w_min_years=5);D-F2-06d(KuralT+KuralS,n_min=3)",true,true,true,none
P-01,P01-G-0661,fixed_grid,c_r;c_d;k_r;k_d,0.75;1.5;22.577778941738334;4.0,"quarter_window_location_lattice(step=0.25,[-1,2]) x ordered_pairs(c_r<=c_d) x geometric3_k_lattice([4,KMAX])^2","D-F2-02;D-F2-03;D-F2-04;D-F2-06a;D-F2-06b;D-F2-06c(w_min_years=5);D-F2-06d(KuralT+KuralS,n_min=3)",true,true,true,none
P-01,P01-G-0662,fixed_grid,c_r;c_d;k_r;k_d,0.75;1.5;22.577778941738334;22.577778941738334,"quarter_window_location_lattice(step=0.25,[-1,2]) x ordered_pairs(c_r<=c_d) x geometric3_k_lattice([4,KMAX])^2","D-F2-02;D-F2-03;D-F2-04;D-F2-06a;D-F2-06b;D-F2-06c(w_min_years=5);D-F2-06d(KuralT+KuralS,n_min=3)",true,true,true,none
P-01,P01-G-0663,fixed_grid,c_r;c_d;k_r;k_d,0.75;1.5;22.577778941738334;127.43902548550072,"quarter_window_location_lattice(step=0.25,[-1,2]) x ordered_pairs(c_r<=c_d) x geometric3_k_lattice([4,KMAX])^2","D-F2-02;D-F2-03;D-F2-04;D-F2-06a;D-F2-06b;D-F2-06c(w_min_years=5);D-F2-06d(KuralT+KuralS,n_min=3)",true,true,true,none
P-01,P01-G-0664,fixed_grid,c_r;c_d;k_r;k_d,0.75;1.5;127.43902548550072;4.0,"quarter_window_location_lattice(step=0.25,[-1,2]) x ordered_pairs(c_r<=c_d) x geometric3_k_lattice([4,KMAX])^2","D-F2-02;D-F2-03;D-F2-04;D-F2-06a;D-F2-06b;D-F2-06c(w_min_years=5);D-F2-06d(KuralT+KuralS,n_min=3)",true,true,true,none
P-01,P01-G-0665,fixed_grid,c_r;c_d;k_r;k_d,0.75;1.5;127.43902548550072;22.577778941738334,"quarter_window_location_lattice(step=0.25,[-1,2]) x ordered_pairs(c_r<=c_d) x geometric3_k_lattice([4,KMAX])^2","D-F2-02;D-F2-03;D-F2-04;D-F2-06a;D-F2-06b;D-F2-06c(w_min_years=5);D-F2-06d(KuralT+KuralS,n_min=3)",true,true,true,none
P-01,P01-G-0666,fixed_grid,c_r;c_d;k_r;k_d,0.75;1.5;127.43902548550072;127.43902548550072,"quarter_window_location_lattice(step=0.25,[-1,2]) x ordered_pairs(c_r<=c_d) x geometric3_k_lattice([4,KMAX])^2","D-F2-02;D-F2-03;D-F2-04;D-F2-06a;D-F2-06b;D-F2-06c(w_min_years=5);D-F2-06d(KuralT+KuralS,n_min=3)",true,true,true,none
P-01,P01-G-0667,fixed_grid,c_r;c_d;k_r;k_d,0.75;1.75;4.0;4.0,"quarter_window_location_lattice(step=0.25,[-1,2]) x ordered_pairs(c_r<=c_d) x geometric3_k_lattice([4,KMAX])^2","D-F2-02;D-F2-03;D-F2-04;D-F2-06a;D-F2-06b;D-F2-06c(w_min_years=5);D-F2-06d(KuralT+KuralS,n_min=3)",true,true,true,none
P-01,P01-G-0668,fixed_grid,c_r;c_d;k_r;k_d,0.75;1.75;4.0;22.577778941738334,"quarter_window_location_lattice(step=0.25,[-1,2]) x ordered_pairs(c_r<=c_d) x geometric3_k_lattice([4,KMAX])^2","D-F2-02;D-F2-03;D-F2-04;D-F2-06a;D-F2-06b;D-F2-06c(w_min_years=5);D-F2-06d(KuralT+KuralS,n_min=3)",true,true,true,none
P-01,P01-G-0669,fixed_grid,c_r;c_d;k_r;k_d,0.75;1.75;4.0;127.43902548550072,"quarter_window_location_lattice(step=0.25,[-1,2]) x ordered_pairs(c_r<=c_d) x geometric3_k_lattice([4,KMAX])^2","D-F2-02;D-F2-03;D-F2-04;D-F2-06a;D-F2-06b;D-F2-06c(w_min_years=5);D-F2-06d(KuralT+KuralS,n_min=3)",true,true,true,none
P-01,P01-G-0670,fixed_grid,c_r;c_d;k_r;k_d,0.75;1.75;22.577778941738334;4.0,"quarter_window_location_lattice(step=0.25,[-1,2]) x ordered_pairs(c_r<=c_d) x geometric3_k_lattice([4,KMAX])^2","D-F2-02;D-F2-03;D-F2-04;D-F2-06a;D-F2-06b;D-F2-06c(w_min_years=5);D-F2-06d(KuralT+KuralS,n_min=3)",true,true,true,none
P-01,P01-G-0671,fixed_grid,c_r;c_d;k_r;k_d,0.75;1.75;22.577778941738334;22.577778941738334,"quarter_window_location_lattice(step=0.25,[-1,2]) x ordered_pairs(c_r<=c_d) x geometric3_k_lattice([4,KMAX])^2","D-F2-02;D-F2-03;D-F2-04;D-F2-06a;D-F2-06b;D-F2-06c(w_min_years=5);D-F2-06d(KuralT+KuralS,n_min=3)",true,true,true,none
P-01,P01-G-0672,fixed_grid,c_r;c_d;k_r;k_d,0.75;1.75;22.577778941738334;127.43902548550072,"quarter_window_location_lattice(step=0.25,[-1,2]) x ordered_pairs(c_r<=c_d) x geometric3_k_lattice([4,KMAX])^2","D-F2-02;D-F2-03;D-F2-04;D-F2-06a;D-F2-06b;D-F2-06c(w_min_years=5);D-F2-06d(KuralT+KuralS,n_min=3)",true,true,true,none
P-01,P01-G-0673,fixed_grid,c_r;c_d;k_r;k_d,0.75;1.75;127.43902548550072;4.0,"quarter_window_location_lattice(step=0.25,[-1,2]) x ordered_pairs(c_r<=c_d) x geometric3_k_lattice([4,KMAX])^2","D-F2-02;D-F2-03;D-F2-04;D-F2-06a;D-F2-06b;D-F2-06c(w_min_years=5);D-F2-06d(KuralT+KuralS,n_min=3)",true,true,true,none
P-01,P01-G-0674,fixed_grid,c_r;c_d;k_r;k_d,0.75;1.75;127.43902548550072;22.577778941738334,"quarter_window_location_lattice(step=0.25,[-1,2]) x ordered_pairs(c_r<=c_d) x geometric3_k_lattice([4,KMAX])^2","D-F2-02;D-F2-03;D-F2-04;D-F2-06a;D-F2-06b;D-F2-06c(w_min_years=5);D-F2-06d(KuralT+KuralS,n_min=3)",true,true,true,none
P-01,P01-G-0675,fixed_grid,c_r;c_d;k_r;k_d,0.75;1.75;127.43902548550072;127.43902548550072,"quarter_window_location_lattice(step=0.25,[-1,2]) x ordered_pairs(c_r<=c_d) x geometric3_k_lattice([4,KMAX])^2","D-F2-02;D-F2-03;D-F2-04;D-F2-06a;D-F2-06b;D-F2-06c(w_min_years=5);D-F2-06d(KuralT+KuralS,n_min=3)",true,true,true,none
P-01,P01-G-0676,fixed_grid,c_r;c_d;k_r;k_d,0.75;2.0;4.0;4.0,"quarter_window_location_lattice(step=0.25,[-1,2]) x ordered_pairs(c_r<=c_d) x geometric3_k_lattice([4,KMAX])^2","D-F2-02;D-F2-03;D-F2-04;D-F2-06a;D-F2-06b;D-F2-06c(w_min_years=5);D-F2-06d(KuralT+KuralS,n_min=3)",true,true,true,none
P-01,P01-G-0677,fixed_grid,c_r;c_d;k_r;k_d,0.75;2.0;4.0;22.577778941738334,"quarter_window_location_lattice(step=0.25,[-1,2]) x ordered_pairs(c_r<=c_d) x geometric3_k_lattice([4,KMAX])^2","D-F2-02;D-F2-03;D-F2-04;D-F2-06a;D-F2-06b;D-F2-06c(w_min_years=5);D-F2-06d(KuralT+KuralS,n_min=3)",true,true,true,none
P-01,P01-G-0678,fixed_grid,c_r;c_d;k_r;k_d,0.75;2.0;4.0;127.43902548550072,"quarter_window_location_lattice(step=0.25,[-1,2]) x ordered_pairs(c_r<=c_d) x geometric3_k_lattice([4,KMAX])^2","D-F2-02;D-F2-03;D-F2-04;D-F2-06a;D-F2-06b;D-F2-06c(w_min_years=5);D-F2-06d(KuralT+KuralS,n_min=3)",true,true,true,none
P-01,P01-G-0679,fixed_grid,c_r;c_d;k_r;k_d,0.75;2.0;22.577778941738334;4.0,"quarter_window_location_lattice(step=0.25,[-1,2]) x ordered_pairs(c_r<=c_d) x geometric3_k_lattice([4,KMAX])^2","D-F2-02;D-F2-03;D-F2-04;D-F2-06a;D-F2-06b;D-F2-06c(w_min_years=5);D-F2-06d(KuralT+KuralS,n_min=3)",true,true,true,none
P-01,P01-G-0680,fixed_grid,c_r;c_d;k_r;k_d,0.75;2.0;22.577778941738334;22.577778941738334,"quarter_window_location_lattice(step=0.25,[-1,2]) x ordered_pairs(c_r<=c_d) x geometric3_k_lattice([4,KMAX])^2","D-F2-02;D-F2-03;D-F2-04;D-F2-06a;D-F2-06b;D-F2-06c(w_min_years=5);D-F2-06d(KuralT+KuralS,n_min=3)",true,true,true,none
P-01,P01-G-0681,fixed_grid,c_r;c_d;k_r;k_d,0.75;2.0;22.577778941738334;127.43902548550072,"quarter_window_location_lattice(step=0.25,[-1,2]) x ordered_pairs(c_r<=c_d) x geometric3_k_lattice([4,KMAX])^2","D-F2-02;D-F2-03;D-F2-04;D-F2-06a;D-F2-06b;D-F2-06c(w_min_years=5);D-F2-06d(KuralT+KuralS,n_min=3)",true,true,true,none
P-01,P01-G-0682,fixed_grid,c_r;c_d;k_r;k_d,0.75;2.0;127.43902548550072;4.0,"quarter_window_location_lattice(step=0.25,[-1,2]) x ordered_pairs(c_r<=c_d) x geometric3_k_lattice([4,KMAX])^2","D-F2-02;D-F2-03;D-F2-04;D-F2-06a;D-F2-06b;D-F2-06c(w_min_years=5);D-F2-06d(KuralT+KuralS,n_min=3)",true,true,true,none
P-01,P01-G-0683,fixed_grid,c_r;c_d;k_r;k_d,0.75;2.0;127.43902548550072;22.577778941738334,"quarter_window_location_lattice(step=0.25,[-1,2]) x ordered_pairs(c_r<=c_d) x geometric3_k_lattice([4,KMAX])^2","D-F2-02;D-F2-03;D-F2-04;D-F2-06a;D-F2-06b;D-F2-06c(w_min_years=5);D-F2-06d(KuralT+KuralS,n_min=3)",true,true,true,none
P-01,P01-G-0684,fixed_grid,c_r;c_d;k_r;k_d,0.75;2.0;127.43902548550072;127.43902548550072,"quarter_window_location_lattice(step=0.25,[-1,2]) x ordered_pairs(c_r<=c_d) x geometric3_k_lattice([4,KMAX])^2","D-F2-02;D-F2-03;D-F2-04;D-F2-06a;D-F2-06b;D-F2-06c(w_min_years=5);D-F2-06d(KuralT+KuralS,n_min=3)",true,true,true,none
P-01,P01-G-0685,fixed_grid,c_r;c_d;k_r;k_d,1.0;1.0;4.0;4.0,"quarter_window_location_lattice(step=0.25,[-1,2]) x ordered_pairs(c_r<=c_d) x geometric3_k_lattice([4,KMAX])^2","D-F2-02;D-F2-03;D-F2-04;D-F2-06a;D-F2-06b;D-F2-06c(w_min_years=5);D-F2-06d(KuralT+KuralS,n_min=3)",true,true,true,none
P-01,P01-G-0686,fixed_grid,c_r;c_d;k_r;k_d,1.0;1.0;4.0;22.577778941738334,"quarter_window_location_lattice(step=0.25,[-1,2]) x ordered_pairs(c_r<=c_d) x geometric3_k_lattice([4,KMAX])^2","D-F2-02;D-F2-03;D-F2-04;D-F2-06a;D-F2-06b;D-F2-06c(w_min_years=5);D-F2-06d(KuralT+KuralS,n_min=3)",true,true,true,none
P-01,P01-G-0687,fixed_grid,c_r;c_d;k_r;k_d,1.0;1.0;4.0;127.43902548550072,"quarter_window_location_lattice(step=0.25,[-1,2]) x ordered_pairs(c_r<=c_d) x geometric3_k_lattice([4,KMAX])^2","D-F2-02;D-F2-03;D-F2-04;D-F2-06a;D-F2-06b;D-F2-06c(w_min_years=5);D-F2-06d(KuralT+KuralS,n_min=3)",true,true,true,none
P-01,P01-G-0688,fixed_grid,c_r;c_d;k_r;k_d,1.0;1.0;22.577778941738334;4.0,"quarter_window_location_lattice(step=0.25,[-1,2]) x ordered_pairs(c_r<=c_d) x geometric3_k_lattice([4,KMAX])^2","D-F2-02;D-F2-03;D-F2-04;D-F2-06a;D-F2-06b;D-F2-06c(w_min_years=5);D-F2-06d(KuralT+KuralS,n_min=3)",true,true,true,none
P-01,P01-G-0689,fixed_grid,c_r;c_d;k_r;k_d,1.0;1.0;22.577778941738334;22.577778941738334,"quarter_window_location_lattice(step=0.25,[-1,2]) x ordered_pairs(c_r<=c_d) x geometric3_k_lattice([4,KMAX])^2","D-F2-02;D-F2-03;D-F2-04;D-F2-06a;D-F2-06b;D-F2-06c(w_min_years=5);D-F2-06d(KuralT+KuralS,n_min=3)",true,true,true,none
P-01,P01-G-0690,fixed_grid,c_r;c_d;k_r;k_d,1.0;1.0;22.577778941738334;127.43902548550072,"quarter_window_location_lattice(step=0.25,[-1,2]) x ordered_pairs(c_r<=c_d) x geometric3_k_lattice([4,KMAX])^2","D-F2-02;D-F2-03;D-F2-04;D-F2-06a;D-F2-06b;D-F2-06c(w_min_years=5);D-F2-06d(KuralT+KuralS,n_min=3)",true,true,true,none
P-01,P01-G-0691,fixed_grid,c_r;c_d;k_r;k_d,1.0;1.0;127.43902548550072;4.0,"quarter_window_location_lattice(step=0.25,[-1,2]) x ordered_pairs(c_r<=c_d) x geometric3_k_lattice([4,KMAX])^2","D-F2-02;D-F2-03;D-F2-04;D-F2-06a;D-F2-06b;D-F2-06c(w_min_years=5);D-F2-06d(KuralT+KuralS,n_min=3)",true,false,false,KURAL_S_FAIL
P-01,P01-G-0692,fixed_grid,c_r;c_d;k_r;k_d,1.0;1.0;127.43902548550072;22.577778941738334,"quarter_window_location_lattice(step=0.25,[-1,2]) x ordered_pairs(c_r<=c_d) x geometric3_k_lattice([4,KMAX])^2","D-F2-02;D-F2-03;D-F2-04;D-F2-06a;D-F2-06b;D-F2-06c(w_min_years=5);D-F2-06d(KuralT+KuralS,n_min=3)",true,false,false,KURAL_S_FAIL
P-01,P01-G-0693,fixed_grid,c_r;c_d;k_r;k_d,1.0;1.0;127.43902548550072;127.43902548550072,"quarter_window_location_lattice(step=0.25,[-1,2]) x ordered_pairs(c_r<=c_d) x geometric3_k_lattice([4,KMAX])^2","D-F2-02;D-F2-03;D-F2-04;D-F2-06a;D-F2-06b;D-F2-06c(w_min_years=5);D-F2-06d(KuralT+KuralS,n_min=3)",true,true,true,none
P-01,P01-G-0694,fixed_grid,c_r;c_d;k_r;k_d,1.0;1.25;4.0;4.0,"quarter_window_location_lattice(step=0.25,[-1,2]) x ordered_pairs(c_r<=c_d) x geometric3_k_lattice([4,KMAX])^2","D-F2-02;D-F2-03;D-F2-04;D-F2-06a;D-F2-06b;D-F2-06c(w_min_years=5);D-F2-06d(KuralT+KuralS,n_min=3)",true,true,true,none
P-01,P01-G-0695,fixed_grid,c_r;c_d;k_r;k_d,1.0;1.25;4.0;22.577778941738334,"quarter_window_location_lattice(step=0.25,[-1,2]) x ordered_pairs(c_r<=c_d) x geometric3_k_lattice([4,KMAX])^2","D-F2-02;D-F2-03;D-F2-04;D-F2-06a;D-F2-06b;D-F2-06c(w_min_years=5);D-F2-06d(KuralT+KuralS,n_min=3)",true,true,true,none
P-01,P01-G-0696,fixed_grid,c_r;c_d;k_r;k_d,1.0;1.25;4.0;127.43902548550072,"quarter_window_location_lattice(step=0.25,[-1,2]) x ordered_pairs(c_r<=c_d) x geometric3_k_lattice([4,KMAX])^2","D-F2-02;D-F2-03;D-F2-04;D-F2-06a;D-F2-06b;D-F2-06c(w_min_years=5);D-F2-06d(KuralT+KuralS,n_min=3)",true,true,true,none
P-01,P01-G-0697,fixed_grid,c_r;c_d;k_r;k_d,1.0;1.25;22.577778941738334;4.0,"quarter_window_location_lattice(step=0.25,[-1,2]) x ordered_pairs(c_r<=c_d) x geometric3_k_lattice([4,KMAX])^2","D-F2-02;D-F2-03;D-F2-04;D-F2-06a;D-F2-06b;D-F2-06c(w_min_years=5);D-F2-06d(KuralT+KuralS,n_min=3)",true,true,true,none
P-01,P01-G-0698,fixed_grid,c_r;c_d;k_r;k_d,1.0;1.25;22.577778941738334;22.577778941738334,"quarter_window_location_lattice(step=0.25,[-1,2]) x ordered_pairs(c_r<=c_d) x geometric3_k_lattice([4,KMAX])^2","D-F2-02;D-F2-03;D-F2-04;D-F2-06a;D-F2-06b;D-F2-06c(w_min_years=5);D-F2-06d(KuralT+KuralS,n_min=3)",true,true,true,none
P-01,P01-G-0699,fixed_grid,c_r;c_d;k_r;k_d,1.0;1.25;22.577778941738334;127.43902548550072,"quarter_window_location_lattice(step=0.25,[-1,2]) x ordered_pairs(c_r<=c_d) x geometric3_k_lattice([4,KMAX])^2","D-F2-02;D-F2-03;D-F2-04;D-F2-06a;D-F2-06b;D-F2-06c(w_min_years=5);D-F2-06d(KuralT+KuralS,n_min=3)",true,true,true,none
P-01,P01-G-0700,fixed_grid,c_r;c_d;k_r;k_d,1.0;1.25;127.43902548550072;4.0,"quarter_window_location_lattice(step=0.25,[-1,2]) x ordered_pairs(c_r<=c_d) x geometric3_k_lattice([4,KMAX])^2","D-F2-02;D-F2-03;D-F2-04;D-F2-06a;D-F2-06b;D-F2-06c(w_min_years=5);D-F2-06d(KuralT+KuralS,n_min=3)",true,false,false,KURAL_S_FAIL
P-01,P01-G-0701,fixed_grid,c_r;c_d;k_r;k_d,1.0;1.25;127.43902548550072;22.577778941738334,"quarter_window_location_lattice(step=0.25,[-1,2]) x ordered_pairs(c_r<=c_d) x geometric3_k_lattice([4,KMAX])^2","D-F2-02;D-F2-03;D-F2-04;D-F2-06a;D-F2-06b;D-F2-06c(w_min_years=5);D-F2-06d(KuralT+KuralS,n_min=3)",true,false,false,KURAL_S_FAIL
P-01,P01-G-0702,fixed_grid,c_r;c_d;k_r;k_d,1.0;1.25;127.43902548550072;127.43902548550072,"quarter_window_location_lattice(step=0.25,[-1,2]) x ordered_pairs(c_r<=c_d) x geometric3_k_lattice([4,KMAX])^2","D-F2-02;D-F2-03;D-F2-04;D-F2-06a;D-F2-06b;D-F2-06c(w_min_years=5);D-F2-06d(KuralT+KuralS,n_min=3)",true,false,false,KURAL_S_FAIL
P-01,P01-G-0703,fixed_grid,c_r;c_d;k_r;k_d,1.0;1.5;4.0;4.0,"quarter_window_location_lattice(step=0.25,[-1,2]) x ordered_pairs(c_r<=c_d) x geometric3_k_lattice([4,KMAX])^2","D-F2-02;D-F2-03;D-F2-04;D-F2-06a;D-F2-06b;D-F2-06c(w_min_years=5);D-F2-06d(KuralT+KuralS,n_min=3)",true,true,true,none
P-01,P01-G-0704,fixed_grid,c_r;c_d;k_r;k_d,1.0;1.5;4.0;22.577778941738334,"quarter_window_location_lattice(step=0.25,[-1,2]) x ordered_pairs(c_r<=c_d) x geometric3_k_lattice([4,KMAX])^2","D-F2-02;D-F2-03;D-F2-04;D-F2-06a;D-F2-06b;D-F2-06c(w_min_years=5);D-F2-06d(KuralT+KuralS,n_min=3)",true,true,true,none
P-01,P01-G-0705,fixed_grid,c_r;c_d;k_r;k_d,1.0;1.5;4.0;127.43902548550072,"quarter_window_location_lattice(step=0.25,[-1,2]) x ordered_pairs(c_r<=c_d) x geometric3_k_lattice([4,KMAX])^2","D-F2-02;D-F2-03;D-F2-04;D-F2-06a;D-F2-06b;D-F2-06c(w_min_years=5);D-F2-06d(KuralT+KuralS,n_min=3)",true,true,true,none
P-01,P01-G-0706,fixed_grid,c_r;c_d;k_r;k_d,1.0;1.5;22.577778941738334;4.0,"quarter_window_location_lattice(step=0.25,[-1,2]) x ordered_pairs(c_r<=c_d) x geometric3_k_lattice([4,KMAX])^2","D-F2-02;D-F2-03;D-F2-04;D-F2-06a;D-F2-06b;D-F2-06c(w_min_years=5);D-F2-06d(KuralT+KuralS,n_min=3)",true,true,true,none
P-01,P01-G-0707,fixed_grid,c_r;c_d;k_r;k_d,1.0;1.5;22.577778941738334;22.577778941738334,"quarter_window_location_lattice(step=0.25,[-1,2]) x ordered_pairs(c_r<=c_d) x geometric3_k_lattice([4,KMAX])^2","D-F2-02;D-F2-03;D-F2-04;D-F2-06a;D-F2-06b;D-F2-06c(w_min_years=5);D-F2-06d(KuralT+KuralS,n_min=3)",true,true,true,none
P-01,P01-G-0708,fixed_grid,c_r;c_d;k_r;k_d,1.0;1.5;22.577778941738334;127.43902548550072,"quarter_window_location_lattice(step=0.25,[-1,2]) x ordered_pairs(c_r<=c_d) x geometric3_k_lattice([4,KMAX])^2","D-F2-02;D-F2-03;D-F2-04;D-F2-06a;D-F2-06b;D-F2-06c(w_min_years=5);D-F2-06d(KuralT+KuralS,n_min=3)",true,true,true,none
P-01,P01-G-0709,fixed_grid,c_r;c_d;k_r;k_d,1.0;1.5;127.43902548550072;4.0,"quarter_window_location_lattice(step=0.25,[-1,2]) x ordered_pairs(c_r<=c_d) x geometric3_k_lattice([4,KMAX])^2","D-F2-02;D-F2-03;D-F2-04;D-F2-06a;D-F2-06b;D-F2-06c(w_min_years=5);D-F2-06d(KuralT+KuralS,n_min=3)",true,false,false,KURAL_S_FAIL
P-01,P01-G-0710,fixed_grid,c_r;c_d;k_r;k_d,1.0;1.5;127.43902548550072;22.577778941738334,"quarter_window_location_lattice(step=0.25,[-1,2]) x ordered_pairs(c_r<=c_d) x geometric3_k_lattice([4,KMAX])^2","D-F2-02;D-F2-03;D-F2-04;D-F2-06a;D-F2-06b;D-F2-06c(w_min_years=5);D-F2-06d(KuralT+KuralS,n_min=3)",true,false,false,KURAL_S_FAIL
P-01,P01-G-0711,fixed_grid,c_r;c_d;k_r;k_d,1.0;1.5;127.43902548550072;127.43902548550072,"quarter_window_location_lattice(step=0.25,[-1,2]) x ordered_pairs(c_r<=c_d) x geometric3_k_lattice([4,KMAX])^2","D-F2-02;D-F2-03;D-F2-04;D-F2-06a;D-F2-06b;D-F2-06c(w_min_years=5);D-F2-06d(KuralT+KuralS,n_min=3)",true,false,false,KURAL_S_FAIL
P-01,P01-G-0712,fixed_grid,c_r;c_d;k_r;k_d,1.0;1.75;4.0;4.0,"quarter_window_location_lattice(step=0.25,[-1,2]) x ordered_pairs(c_r<=c_d) x geometric3_k_lattice([4,KMAX])^2","D-F2-02;D-F2-03;D-F2-04;D-F2-06a;D-F2-06b;D-F2-06c(w_min_years=5);D-F2-06d(KuralT+KuralS,n_min=3)",true,true,true,none
P-01,P01-G-0713,fixed_grid,c_r;c_d;k_r;k_d,1.0;1.75;4.0;22.577778941738334,"quarter_window_location_lattice(step=0.25,[-1,2]) x ordered_pairs(c_r<=c_d) x geometric3_k_lattice([4,KMAX])^2","D-F2-02;D-F2-03;D-F2-04;D-F2-06a;D-F2-06b;D-F2-06c(w_min_years=5);D-F2-06d(KuralT+KuralS,n_min=3)",true,true,true,none
P-01,P01-G-0714,fixed_grid,c_r;c_d;k_r;k_d,1.0;1.75;4.0;127.43902548550072,"quarter_window_location_lattice(step=0.25,[-1,2]) x ordered_pairs(c_r<=c_d) x geometric3_k_lattice([4,KMAX])^2","D-F2-02;D-F2-03;D-F2-04;D-F2-06a;D-F2-06b;D-F2-06c(w_min_years=5);D-F2-06d(KuralT+KuralS,n_min=3)",true,true,true,none
P-01,P01-G-0715,fixed_grid,c_r;c_d;k_r;k_d,1.0;1.75;22.577778941738334;4.0,"quarter_window_location_lattice(step=0.25,[-1,2]) x ordered_pairs(c_r<=c_d) x geometric3_k_lattice([4,KMAX])^2","D-F2-02;D-F2-03;D-F2-04;D-F2-06a;D-F2-06b;D-F2-06c(w_min_years=5);D-F2-06d(KuralT+KuralS,n_min=3)",true,true,true,none
P-01,P01-G-0716,fixed_grid,c_r;c_d;k_r;k_d,1.0;1.75;22.577778941738334;22.577778941738334,"quarter_window_location_lattice(step=0.25,[-1,2]) x ordered_pairs(c_r<=c_d) x geometric3_k_lattice([4,KMAX])^2","D-F2-02;D-F2-03;D-F2-04;D-F2-06a;D-F2-06b;D-F2-06c(w_min_years=5);D-F2-06d(KuralT+KuralS,n_min=3)",true,true,true,none
P-01,P01-G-0717,fixed_grid,c_r;c_d;k_r;k_d,1.0;1.75;22.577778941738334;127.43902548550072,"quarter_window_location_lattice(step=0.25,[-1,2]) x ordered_pairs(c_r<=c_d) x geometric3_k_lattice([4,KMAX])^2","D-F2-02;D-F2-03;D-F2-04;D-F2-06a;D-F2-06b;D-F2-06c(w_min_years=5);D-F2-06d(KuralT+KuralS,n_min=3)",true,true,true,none
P-01,P01-G-0718,fixed_grid,c_r;c_d;k_r;k_d,1.0;1.75;127.43902548550072;4.0,"quarter_window_location_lattice(step=0.25,[-1,2]) x ordered_pairs(c_r<=c_d) x geometric3_k_lattice([4,KMAX])^2","D-F2-02;D-F2-03;D-F2-04;D-F2-06a;D-F2-06b;D-F2-06c(w_min_years=5);D-F2-06d(KuralT+KuralS,n_min=3)",true,false,false,KURAL_S_FAIL
P-01,P01-G-0719,fixed_grid,c_r;c_d;k_r;k_d,1.0;1.75;127.43902548550072;22.577778941738334,"quarter_window_location_lattice(step=0.25,[-1,2]) x ordered_pairs(c_r<=c_d) x geometric3_k_lattice([4,KMAX])^2","D-F2-02;D-F2-03;D-F2-04;D-F2-06a;D-F2-06b;D-F2-06c(w_min_years=5);D-F2-06d(KuralT+KuralS,n_min=3)",true,false,false,KURAL_S_FAIL
P-01,P01-G-0720,fixed_grid,c_r;c_d;k_r;k_d,1.0;1.75;127.43902548550072;127.43902548550072,"quarter_window_location_lattice(step=0.25,[-1,2]) x ordered_pairs(c_r<=c_d) x geometric3_k_lattice([4,KMAX])^2","D-F2-02;D-F2-03;D-F2-04;D-F2-06a;D-F2-06b;D-F2-06c(w_min_years=5);D-F2-06d(KuralT+KuralS,n_min=3)",true,false,false,KURAL_S_FAIL
P-01,P01-G-0721,fixed_grid,c_r;c_d;k_r;k_d,1.0;2.0;4.0;4.0,"quarter_window_location_lattice(step=0.25,[-1,2]) x ordered_pairs(c_r<=c_d) x geometric3_k_lattice([4,KMAX])^2","D-F2-02;D-F2-03;D-F2-04;D-F2-06a;D-F2-06b;D-F2-06c(w_min_years=5);D-F2-06d(KuralT+KuralS,n_min=3)",true,true,true,none
P-01,P01-G-0722,fixed_grid,c_r;c_d;k_r;k_d,1.0;2.0;4.0;22.577778941738334,"quarter_window_location_lattice(step=0.25,[-1,2]) x ordered_pairs(c_r<=c_d) x geometric3_k_lattice([4,KMAX])^2","D-F2-02;D-F2-03;D-F2-04;D-F2-06a;D-F2-06b;D-F2-06c(w_min_years=5);D-F2-06d(KuralT+KuralS,n_min=3)",true,true,true,none
P-01,P01-G-0723,fixed_grid,c_r;c_d;k_r;k_d,1.0;2.0;4.0;127.43902548550072,"quarter_window_location_lattice(step=0.25,[-1,2]) x ordered_pairs(c_r<=c_d) x geometric3_k_lattice([4,KMAX])^2","D-F2-02;D-F2-03;D-F2-04;D-F2-06a;D-F2-06b;D-F2-06c(w_min_years=5);D-F2-06d(KuralT+KuralS,n_min=3)",true,true,true,none
P-01,P01-G-0724,fixed_grid,c_r;c_d;k_r;k_d,1.0;2.0;22.577778941738334;4.0,"quarter_window_location_lattice(step=0.25,[-1,2]) x ordered_pairs(c_r<=c_d) x geometric3_k_lattice([4,KMAX])^2","D-F2-02;D-F2-03;D-F2-04;D-F2-06a;D-F2-06b;D-F2-06c(w_min_years=5);D-F2-06d(KuralT+KuralS,n_min=3)",true,true,true,none
P-01,P01-G-0725,fixed_grid,c_r;c_d;k_r;k_d,1.0;2.0;22.577778941738334;22.577778941738334,"quarter_window_location_lattice(step=0.25,[-1,2]) x ordered_pairs(c_r<=c_d) x geometric3_k_lattice([4,KMAX])^2","D-F2-02;D-F2-03;D-F2-04;D-F2-06a;D-F2-06b;D-F2-06c(w_min_years=5);D-F2-06d(KuralT+KuralS,n_min=3)",true,true,true,none
P-01,P01-G-0726,fixed_grid,c_r;c_d;k_r;k_d,1.0;2.0;22.577778941738334;127.43902548550072,"quarter_window_location_lattice(step=0.25,[-1,2]) x ordered_pairs(c_r<=c_d) x geometric3_k_lattice([4,KMAX])^2","D-F2-02;D-F2-03;D-F2-04;D-F2-06a;D-F2-06b;D-F2-06c(w_min_years=5);D-F2-06d(KuralT+KuralS,n_min=3)",true,true,true,none
P-01,P01-G-0727,fixed_grid,c_r;c_d;k_r;k_d,1.0;2.0;127.43902548550072;4.0,"quarter_window_location_lattice(step=0.25,[-1,2]) x ordered_pairs(c_r<=c_d) x geometric3_k_lattice([4,KMAX])^2","D-F2-02;D-F2-03;D-F2-04;D-F2-06a;D-F2-06b;D-F2-06c(w_min_years=5);D-F2-06d(KuralT+KuralS,n_min=3)",true,false,false,KURAL_S_FAIL
P-01,P01-G-0728,fixed_grid,c_r;c_d;k_r;k_d,1.0;2.0;127.43902548550072;22.577778941738334,"quarter_window_location_lattice(step=0.25,[-1,2]) x ordered_pairs(c_r<=c_d) x geometric3_k_lattice([4,KMAX])^2","D-F2-02;D-F2-03;D-F2-04;D-F2-06a;D-F2-06b;D-F2-06c(w_min_years=5);D-F2-06d(KuralT+KuralS,n_min=3)",true,false,false,KURAL_S_FAIL
P-01,P01-G-0729,fixed_grid,c_r;c_d;k_r;k_d,1.0;2.0;127.43902548550072;127.43902548550072,"quarter_window_location_lattice(step=0.25,[-1,2]) x ordered_pairs(c_r<=c_d) x geometric3_k_lattice([4,KMAX])^2","D-F2-02;D-F2-03;D-F2-04;D-F2-06a;D-F2-06b;D-F2-06c(w_min_years=5);D-F2-06d(KuralT+KuralS,n_min=3)",true,false,false,KURAL_S_FAIL
P-01,P01-G-0730,fixed_grid,c_r;c_d;k_r;k_d,1.25;1.25;4.0;4.0,"quarter_window_location_lattice(step=0.25,[-1,2]) x ordered_pairs(c_r<=c_d) x geometric3_k_lattice([4,KMAX])^2","D-F2-02;D-F2-03;D-F2-04;D-F2-06a;D-F2-06b;D-F2-06c(w_min_years=5);D-F2-06d(KuralT+KuralS,n_min=3)",true,true,true,none
P-01,P01-G-0731,fixed_grid,c_r;c_d;k_r;k_d,1.25;1.25;4.0;22.577778941738334,"quarter_window_location_lattice(step=0.25,[-1,2]) x ordered_pairs(c_r<=c_d) x geometric3_k_lattice([4,KMAX])^2","D-F2-02;D-F2-03;D-F2-04;D-F2-06a;D-F2-06b;D-F2-06c(w_min_years=5);D-F2-06d(KuralT+KuralS,n_min=3)",true,true,true,none
P-01,P01-G-0732,fixed_grid,c_r;c_d;k_r;k_d,1.25;1.25;4.0;127.43902548550072,"quarter_window_location_lattice(step=0.25,[-1,2]) x ordered_pairs(c_r<=c_d) x geometric3_k_lattice([4,KMAX])^2","D-F2-02;D-F2-03;D-F2-04;D-F2-06a;D-F2-06b;D-F2-06c(w_min_years=5);D-F2-06d(KuralT+KuralS,n_min=3)",true,true,true,none
P-01,P01-G-0733,fixed_grid,c_r;c_d;k_r;k_d,1.25;1.25;22.577778941738334;4.0,"quarter_window_location_lattice(step=0.25,[-1,2]) x ordered_pairs(c_r<=c_d) x geometric3_k_lattice([4,KMAX])^2","D-F2-02;D-F2-03;D-F2-04;D-F2-06a;D-F2-06b;D-F2-06c(w_min_years=5);D-F2-06d(KuralT+KuralS,n_min=3)",true,true,true,none
P-01,P01-G-0734,fixed_grid,c_r;c_d;k_r;k_d,1.25;1.25;22.577778941738334;22.577778941738334,"quarter_window_location_lattice(step=0.25,[-1,2]) x ordered_pairs(c_r<=c_d) x geometric3_k_lattice([4,KMAX])^2","D-F2-02;D-F2-03;D-F2-04;D-F2-06a;D-F2-06b;D-F2-06c(w_min_years=5);D-F2-06d(KuralT+KuralS,n_min=3)",true,true,true,none
P-01,P01-G-0735,fixed_grid,c_r;c_d;k_r;k_d,1.25;1.25;22.577778941738334;127.43902548550072,"quarter_window_location_lattice(step=0.25,[-1,2]) x ordered_pairs(c_r<=c_d) x geometric3_k_lattice([4,KMAX])^2","D-F2-02;D-F2-03;D-F2-04;D-F2-06a;D-F2-06b;D-F2-06c(w_min_years=5);D-F2-06d(KuralT+KuralS,n_min=3)",true,true,true,none
P-01,P01-G-0736,fixed_grid,c_r;c_d;k_r;k_d,1.25;1.25;127.43902548550072;4.0,"quarter_window_location_lattice(step=0.25,[-1,2]) x ordered_pairs(c_r<=c_d) x geometric3_k_lattice([4,KMAX])^2","D-F2-02;D-F2-03;D-F2-04;D-F2-06a;D-F2-06b;D-F2-06c(w_min_years=5);D-F2-06d(KuralT+KuralS,n_min=3)",true,false,false,KURAL_S_FAIL
P-01,P01-G-0737,fixed_grid,c_r;c_d;k_r;k_d,1.25;1.25;127.43902548550072;22.577778941738334,"quarter_window_location_lattice(step=0.25,[-1,2]) x ordered_pairs(c_r<=c_d) x geometric3_k_lattice([4,KMAX])^2","D-F2-02;D-F2-03;D-F2-04;D-F2-06a;D-F2-06b;D-F2-06c(w_min_years=5);D-F2-06d(KuralT+KuralS,n_min=3)",true,false,false,KURAL_S_FAIL
P-01,P01-G-0738,fixed_grid,c_r;c_d;k_r;k_d,1.25;1.25;127.43902548550072;127.43902548550072,"quarter_window_location_lattice(step=0.25,[-1,2]) x ordered_pairs(c_r<=c_d) x geometric3_k_lattice([4,KMAX])^2","D-F2-02;D-F2-03;D-F2-04;D-F2-06a;D-F2-06b;D-F2-06c(w_min_years=5);D-F2-06d(KuralT+KuralS,n_min=3)",true,false,false,KURAL_S_FAIL
P-01,P01-G-0739,fixed_grid,c_r;c_d;k_r;k_d,1.25;1.5;4.0;4.0,"quarter_window_location_lattice(step=0.25,[-1,2]) x ordered_pairs(c_r<=c_d) x geometric3_k_lattice([4,KMAX])^2","D-F2-02;D-F2-03;D-F2-04;D-F2-06a;D-F2-06b;D-F2-06c(w_min_years=5);D-F2-06d(KuralT+KuralS,n_min=3)",true,true,true,none
P-01,P01-G-0740,fixed_grid,c_r;c_d;k_r;k_d,1.25;1.5;4.0;22.577778941738334,"quarter_window_location_lattice(step=0.25,[-1,2]) x ordered_pairs(c_r<=c_d) x geometric3_k_lattice([4,KMAX])^2","D-F2-02;D-F2-03;D-F2-04;D-F2-06a;D-F2-06b;D-F2-06c(w_min_years=5);D-F2-06d(KuralT+KuralS,n_min=3)",true,true,true,none
P-01,P01-G-0741,fixed_grid,c_r;c_d;k_r;k_d,1.25;1.5;4.0;127.43902548550072,"quarter_window_location_lattice(step=0.25,[-1,2]) x ordered_pairs(c_r<=c_d) x geometric3_k_lattice([4,KMAX])^2","D-F2-02;D-F2-03;D-F2-04;D-F2-06a;D-F2-06b;D-F2-06c(w_min_years=5);D-F2-06d(KuralT+KuralS,n_min=3)",true,true,true,none
P-01,P01-G-0742,fixed_grid,c_r;c_d;k_r;k_d,1.25;1.5;22.577778941738334;4.0,"quarter_window_location_lattice(step=0.25,[-1,2]) x ordered_pairs(c_r<=c_d) x geometric3_k_lattice([4,KMAX])^2","D-F2-02;D-F2-03;D-F2-04;D-F2-06a;D-F2-06b;D-F2-06c(w_min_years=5);D-F2-06d(KuralT+KuralS,n_min=3)",true,true,true,none
P-01,P01-G-0743,fixed_grid,c_r;c_d;k_r;k_d,1.25;1.5;22.577778941738334;22.577778941738334,"quarter_window_location_lattice(step=0.25,[-1,2]) x ordered_pairs(c_r<=c_d) x geometric3_k_lattice([4,KMAX])^2","D-F2-02;D-F2-03;D-F2-04;D-F2-06a;D-F2-06b;D-F2-06c(w_min_years=5);D-F2-06d(KuralT+KuralS,n_min=3)",true,true,true,none
P-01,P01-G-0744,fixed_grid,c_r;c_d;k_r;k_d,1.25;1.5;22.577778941738334;127.43902548550072,"quarter_window_location_lattice(step=0.25,[-1,2]) x ordered_pairs(c_r<=c_d) x geometric3_k_lattice([4,KMAX])^2","D-F2-02;D-F2-03;D-F2-04;D-F2-06a;D-F2-06b;D-F2-06c(w_min_years=5);D-F2-06d(KuralT+KuralS,n_min=3)",true,true,true,none
P-01,P01-G-0745,fixed_grid,c_r;c_d;k_r;k_d,1.25;1.5;127.43902548550072;4.0,"quarter_window_location_lattice(step=0.25,[-1,2]) x ordered_pairs(c_r<=c_d) x geometric3_k_lattice([4,KMAX])^2","D-F2-02;D-F2-03;D-F2-04;D-F2-06a;D-F2-06b;D-F2-06c(w_min_years=5);D-F2-06d(KuralT+KuralS,n_min=3)",true,false,false,KURAL_S_FAIL
P-01,P01-G-0746,fixed_grid,c_r;c_d;k_r;k_d,1.25;1.5;127.43902548550072;22.577778941738334,"quarter_window_location_lattice(step=0.25,[-1,2]) x ordered_pairs(c_r<=c_d) x geometric3_k_lattice([4,KMAX])^2","D-F2-02;D-F2-03;D-F2-04;D-F2-06a;D-F2-06b;D-F2-06c(w_min_years=5);D-F2-06d(KuralT+KuralS,n_min=3)",true,false,false,KURAL_S_FAIL
P-01,P01-G-0747,fixed_grid,c_r;c_d;k_r;k_d,1.25;1.5;127.43902548550072;127.43902548550072,"quarter_window_location_lattice(step=0.25,[-1,2]) x ordered_pairs(c_r<=c_d) x geometric3_k_lattice([4,KMAX])^2","D-F2-02;D-F2-03;D-F2-04;D-F2-06a;D-F2-06b;D-F2-06c(w_min_years=5);D-F2-06d(KuralT+KuralS,n_min=3)",true,false,false,KURAL_S_FAIL
P-01,P01-G-0748,fixed_grid,c_r;c_d;k_r;k_d,1.25;1.75;4.0;4.0,"quarter_window_location_lattice(step=0.25,[-1,2]) x ordered_pairs(c_r<=c_d) x geometric3_k_lattice([4,KMAX])^2","D-F2-02;D-F2-03;D-F2-04;D-F2-06a;D-F2-06b;D-F2-06c(w_min_years=5);D-F2-06d(KuralT+KuralS,n_min=3)",true,true,true,none
P-01,P01-G-0749,fixed_grid,c_r;c_d;k_r;k_d,1.25;1.75;4.0;22.577778941738334,"quarter_window_location_lattice(step=0.25,[-1,2]) x ordered_pairs(c_r<=c_d) x geometric3_k_lattice([4,KMAX])^2","D-F2-02;D-F2-03;D-F2-04;D-F2-06a;D-F2-06b;D-F2-06c(w_min_years=5);D-F2-06d(KuralT+KuralS,n_min=3)",true,true,true,none
P-01,P01-G-0750,fixed_grid,c_r;c_d;k_r;k_d,1.25;1.75;4.0;127.43902548550072,"quarter_window_location_lattice(step=0.25,[-1,2]) x ordered_pairs(c_r<=c_d) x geometric3_k_lattice([4,KMAX])^2","D-F2-02;D-F2-03;D-F2-04;D-F2-06a;D-F2-06b;D-F2-06c(w_min_years=5);D-F2-06d(KuralT+KuralS,n_min=3)",true,true,true,none
P-01,P01-G-0751,fixed_grid,c_r;c_d;k_r;k_d,1.25;1.75;22.577778941738334;4.0,"quarter_window_location_lattice(step=0.25,[-1,2]) x ordered_pairs(c_r<=c_d) x geometric3_k_lattice([4,KMAX])^2","D-F2-02;D-F2-03;D-F2-04;D-F2-06a;D-F2-06b;D-F2-06c(w_min_years=5);D-F2-06d(KuralT+KuralS,n_min=3)",true,true,true,none
P-01,P01-G-0752,fixed_grid,c_r;c_d;k_r;k_d,1.25;1.75;22.577778941738334;22.577778941738334,"quarter_window_location_lattice(step=0.25,[-1,2]) x ordered_pairs(c_r<=c_d) x geometric3_k_lattice([4,KMAX])^2","D-F2-02;D-F2-03;D-F2-04;D-F2-06a;D-F2-06b;D-F2-06c(w_min_years=5);D-F2-06d(KuralT+KuralS,n_min=3)",true,true,true,none
P-01,P01-G-0753,fixed_grid,c_r;c_d;k_r;k_d,1.25;1.75;22.577778941738334;127.43902548550072,"quarter_window_location_lattice(step=0.25,[-1,2]) x ordered_pairs(c_r<=c_d) x geometric3_k_lattice([4,KMAX])^2","D-F2-02;D-F2-03;D-F2-04;D-F2-06a;D-F2-06b;D-F2-06c(w_min_years=5);D-F2-06d(KuralT+KuralS,n_min=3)",true,true,true,none
P-01,P01-G-0754,fixed_grid,c_r;c_d;k_r;k_d,1.25;1.75;127.43902548550072;4.0,"quarter_window_location_lattice(step=0.25,[-1,2]) x ordered_pairs(c_r<=c_d) x geometric3_k_lattice([4,KMAX])^2","D-F2-02;D-F2-03;D-F2-04;D-F2-06a;D-F2-06b;D-F2-06c(w_min_years=5);D-F2-06d(KuralT+KuralS,n_min=3)",true,false,false,KURAL_S_FAIL
P-01,P01-G-0755,fixed_grid,c_r;c_d;k_r;k_d,1.25;1.75;127.43902548550072;22.577778941738334,"quarter_window_location_lattice(step=0.25,[-1,2]) x ordered_pairs(c_r<=c_d) x geometric3_k_lattice([4,KMAX])^2","D-F2-02;D-F2-03;D-F2-04;D-F2-06a;D-F2-06b;D-F2-06c(w_min_years=5);D-F2-06d(KuralT+KuralS,n_min=3)",true,false,false,KURAL_S_FAIL
P-01,P01-G-0756,fixed_grid,c_r;c_d;k_r;k_d,1.25;1.75;127.43902548550072;127.43902548550072,"quarter_window_location_lattice(step=0.25,[-1,2]) x ordered_pairs(c_r<=c_d) x geometric3_k_lattice([4,KMAX])^2","D-F2-02;D-F2-03;D-F2-04;D-F2-06a;D-F2-06b;D-F2-06c(w_min_years=5);D-F2-06d(KuralT+KuralS,n_min=3)",true,false,false,KURAL_S_FAIL
P-01,P01-G-0757,fixed_grid,c_r;c_d;k_r;k_d,1.25;2.0;4.0;4.0,"quarter_window_location_lattice(step=0.25,[-1,2]) x ordered_pairs(c_r<=c_d) x geometric3_k_lattice([4,KMAX])^2","D-F2-02;D-F2-03;D-F2-04;D-F2-06a;D-F2-06b;D-F2-06c(w_min_years=5);D-F2-06d(KuralT+KuralS,n_min=3)",true,true,true,none
P-01,P01-G-0758,fixed_grid,c_r;c_d;k_r;k_d,1.25;2.0;4.0;22.577778941738334,"quarter_window_location_lattice(step=0.25,[-1,2]) x ordered_pairs(c_r<=c_d) x geometric3_k_lattice([4,KMAX])^2","D-F2-02;D-F2-03;D-F2-04;D-F2-06a;D-F2-06b;D-F2-06c(w_min_years=5);D-F2-06d(KuralT+KuralS,n_min=3)",true,true,true,none
P-01,P01-G-0759,fixed_grid,c_r;c_d;k_r;k_d,1.25;2.0;4.0;127.43902548550072,"quarter_window_location_lattice(step=0.25,[-1,2]) x ordered_pairs(c_r<=c_d) x geometric3_k_lattice([4,KMAX])^2","D-F2-02;D-F2-03;D-F2-04;D-F2-06a;D-F2-06b;D-F2-06c(w_min_years=5);D-F2-06d(KuralT+KuralS,n_min=3)",true,true,true,none
P-01,P01-G-0760,fixed_grid,c_r;c_d;k_r;k_d,1.25;2.0;22.577778941738334;4.0,"quarter_window_location_lattice(step=0.25,[-1,2]) x ordered_pairs(c_r<=c_d) x geometric3_k_lattice([4,KMAX])^2","D-F2-02;D-F2-03;D-F2-04;D-F2-06a;D-F2-06b;D-F2-06c(w_min_years=5);D-F2-06d(KuralT+KuralS,n_min=3)",true,true,true,none
P-01,P01-G-0761,fixed_grid,c_r;c_d;k_r;k_d,1.25;2.0;22.577778941738334;22.577778941738334,"quarter_window_location_lattice(step=0.25,[-1,2]) x ordered_pairs(c_r<=c_d) x geometric3_k_lattice([4,KMAX])^2","D-F2-02;D-F2-03;D-F2-04;D-F2-06a;D-F2-06b;D-F2-06c(w_min_years=5);D-F2-06d(KuralT+KuralS,n_min=3)",true,true,true,none
P-01,P01-G-0762,fixed_grid,c_r;c_d;k_r;k_d,1.25;2.0;22.577778941738334;127.43902548550072,"quarter_window_location_lattice(step=0.25,[-1,2]) x ordered_pairs(c_r<=c_d) x geometric3_k_lattice([4,KMAX])^2","D-F2-02;D-F2-03;D-F2-04;D-F2-06a;D-F2-06b;D-F2-06c(w_min_years=5);D-F2-06d(KuralT+KuralS,n_min=3)",true,true,true,none
P-01,P01-G-0763,fixed_grid,c_r;c_d;k_r;k_d,1.25;2.0;127.43902548550072;4.0,"quarter_window_location_lattice(step=0.25,[-1,2]) x ordered_pairs(c_r<=c_d) x geometric3_k_lattice([4,KMAX])^2","D-F2-02;D-F2-03;D-F2-04;D-F2-06a;D-F2-06b;D-F2-06c(w_min_years=5);D-F2-06d(KuralT+KuralS,n_min=3)",true,false,false,KURAL_S_FAIL
P-01,P01-G-0764,fixed_grid,c_r;c_d;k_r;k_d,1.25;2.0;127.43902548550072;22.577778941738334,"quarter_window_location_lattice(step=0.25,[-1,2]) x ordered_pairs(c_r<=c_d) x geometric3_k_lattice([4,KMAX])^2","D-F2-02;D-F2-03;D-F2-04;D-F2-06a;D-F2-06b;D-F2-06c(w_min_years=5);D-F2-06d(KuralT+KuralS,n_min=3)",true,false,false,KURAL_S_FAIL
P-01,P01-G-0765,fixed_grid,c_r;c_d;k_r;k_d,1.25;2.0;127.43902548550072;127.43902548550072,"quarter_window_location_lattice(step=0.25,[-1,2]) x ordered_pairs(c_r<=c_d) x geometric3_k_lattice([4,KMAX])^2","D-F2-02;D-F2-03;D-F2-04;D-F2-06a;D-F2-06b;D-F2-06c(w_min_years=5);D-F2-06d(KuralT+KuralS,n_min=3)",true,false,false,KURAL_S_FAIL
P-01,P01-G-0766,fixed_grid,c_r;c_d;k_r;k_d,1.5;1.5;4.0;4.0,"quarter_window_location_lattice(step=0.25,[-1,2]) x ordered_pairs(c_r<=c_d) x geometric3_k_lattice([4,KMAX])^2","D-F2-02;D-F2-03;D-F2-04;D-F2-06a;D-F2-06b;D-F2-06c(w_min_years=5);D-F2-06d(KuralT+KuralS,n_min=3)",true,true,true,none
P-01,P01-G-0767,fixed_grid,c_r;c_d;k_r;k_d,1.5;1.5;4.0;22.577778941738334,"quarter_window_location_lattice(step=0.25,[-1,2]) x ordered_pairs(c_r<=c_d) x geometric3_k_lattice([4,KMAX])^2","D-F2-02;D-F2-03;D-F2-04;D-F2-06a;D-F2-06b;D-F2-06c(w_min_years=5);D-F2-06d(KuralT+KuralS,n_min=3)",true,true,true,none
P-01,P01-G-0768,fixed_grid,c_r;c_d;k_r;k_d,1.5;1.5;4.0;127.43902548550072,"quarter_window_location_lattice(step=0.25,[-1,2]) x ordered_pairs(c_r<=c_d) x geometric3_k_lattice([4,KMAX])^2","D-F2-02;D-F2-03;D-F2-04;D-F2-06a;D-F2-06b;D-F2-06c(w_min_years=5);D-F2-06d(KuralT+KuralS,n_min=3)",true,true,true,none
P-01,P01-G-0769,fixed_grid,c_r;c_d;k_r;k_d,1.5;1.5;22.577778941738334;4.0,"quarter_window_location_lattice(step=0.25,[-1,2]) x ordered_pairs(c_r<=c_d) x geometric3_k_lattice([4,KMAX])^2","D-F2-02;D-F2-03;D-F2-04;D-F2-06a;D-F2-06b;D-F2-06c(w_min_years=5);D-F2-06d(KuralT+KuralS,n_min=3)",true,true,true,none
P-01,P01-G-0770,fixed_grid,c_r;c_d;k_r;k_d,1.5;1.5;22.577778941738334;22.577778941738334,"quarter_window_location_lattice(step=0.25,[-1,2]) x ordered_pairs(c_r<=c_d) x geometric3_k_lattice([4,KMAX])^2","D-F2-02;D-F2-03;D-F2-04;D-F2-06a;D-F2-06b;D-F2-06c(w_min_years=5);D-F2-06d(KuralT+KuralS,n_min=3)",true,true,true,none
P-01,P01-G-0771,fixed_grid,c_r;c_d;k_r;k_d,1.5;1.5;22.577778941738334;127.43902548550072,"quarter_window_location_lattice(step=0.25,[-1,2]) x ordered_pairs(c_r<=c_d) x geometric3_k_lattice([4,KMAX])^2","D-F2-02;D-F2-03;D-F2-04;D-F2-06a;D-F2-06b;D-F2-06c(w_min_years=5);D-F2-06d(KuralT+KuralS,n_min=3)",true,true,true,none
P-01,P01-G-0772,fixed_grid,c_r;c_d;k_r;k_d,1.5;1.5;127.43902548550072;4.0,"quarter_window_location_lattice(step=0.25,[-1,2]) x ordered_pairs(c_r<=c_d) x geometric3_k_lattice([4,KMAX])^2","D-F2-02;D-F2-03;D-F2-04;D-F2-06a;D-F2-06b;D-F2-06c(w_min_years=5);D-F2-06d(KuralT+KuralS,n_min=3)",true,false,false,KURAL_S_FAIL
P-01,P01-G-0773,fixed_grid,c_r;c_d;k_r;k_d,1.5;1.5;127.43902548550072;22.577778941738334,"quarter_window_location_lattice(step=0.25,[-1,2]) x ordered_pairs(c_r<=c_d) x geometric3_k_lattice([4,KMAX])^2","D-F2-02;D-F2-03;D-F2-04;D-F2-06a;D-F2-06b;D-F2-06c(w_min_years=5);D-F2-06d(KuralT+KuralS,n_min=3)",true,false,false,KURAL_S_FAIL
P-01,P01-G-0774,fixed_grid,c_r;c_d;k_r;k_d,1.5;1.5;127.43902548550072;127.43902548550072,"quarter_window_location_lattice(step=0.25,[-1,2]) x ordered_pairs(c_r<=c_d) x geometric3_k_lattice([4,KMAX])^2","D-F2-02;D-F2-03;D-F2-04;D-F2-06a;D-F2-06b;D-F2-06c(w_min_years=5);D-F2-06d(KuralT+KuralS,n_min=3)",true,false,false,KURAL_S_FAIL
P-01,P01-G-0775,fixed_grid,c_r;c_d;k_r;k_d,1.5;1.75;4.0;4.0,"quarter_window_location_lattice(step=0.25,[-1,2]) x ordered_pairs(c_r<=c_d) x geometric3_k_lattice([4,KMAX])^2","D-F2-02;D-F2-03;D-F2-04;D-F2-06a;D-F2-06b;D-F2-06c(w_min_years=5);D-F2-06d(KuralT+KuralS,n_min=3)",true,true,true,none
P-01,P01-G-0776,fixed_grid,c_r;c_d;k_r;k_d,1.5;1.75;4.0;22.577778941738334,"quarter_window_location_lattice(step=0.25,[-1,2]) x ordered_pairs(c_r<=c_d) x geometric3_k_lattice([4,KMAX])^2","D-F2-02;D-F2-03;D-F2-04;D-F2-06a;D-F2-06b;D-F2-06c(w_min_years=5);D-F2-06d(KuralT+KuralS,n_min=3)",true,true,true,none
P-01,P01-G-0777,fixed_grid,c_r;c_d;k_r;k_d,1.5;1.75;4.0;127.43902548550072,"quarter_window_location_lattice(step=0.25,[-1,2]) x ordered_pairs(c_r<=c_d) x geometric3_k_lattice([4,KMAX])^2","D-F2-02;D-F2-03;D-F2-04;D-F2-06a;D-F2-06b;D-F2-06c(w_min_years=5);D-F2-06d(KuralT+KuralS,n_min=3)",true,true,true,none
P-01,P01-G-0778,fixed_grid,c_r;c_d;k_r;k_d,1.5;1.75;22.577778941738334;4.0,"quarter_window_location_lattice(step=0.25,[-1,2]) x ordered_pairs(c_r<=c_d) x geometric3_k_lattice([4,KMAX])^2","D-F2-02;D-F2-03;D-F2-04;D-F2-06a;D-F2-06b;D-F2-06c(w_min_years=5);D-F2-06d(KuralT+KuralS,n_min=3)",true,true,true,none
P-01,P01-G-0779,fixed_grid,c_r;c_d;k_r;k_d,1.5;1.75;22.577778941738334;22.577778941738334,"quarter_window_location_lattice(step=0.25,[-1,2]) x ordered_pairs(c_r<=c_d) x geometric3_k_lattice([4,KMAX])^2","D-F2-02;D-F2-03;D-F2-04;D-F2-06a;D-F2-06b;D-F2-06c(w_min_years=5);D-F2-06d(KuralT+KuralS,n_min=3)",true,true,true,none
P-01,P01-G-0780,fixed_grid,c_r;c_d;k_r;k_d,1.5;1.75;22.577778941738334;127.43902548550072,"quarter_window_location_lattice(step=0.25,[-1,2]) x ordered_pairs(c_r<=c_d) x geometric3_k_lattice([4,KMAX])^2","D-F2-02;D-F2-03;D-F2-04;D-F2-06a;D-F2-06b;D-F2-06c(w_min_years=5);D-F2-06d(KuralT+KuralS,n_min=3)",true,true,true,none
P-01,P01-G-0781,fixed_grid,c_r;c_d;k_r;k_d,1.5;1.75;127.43902548550072;4.0,"quarter_window_location_lattice(step=0.25,[-1,2]) x ordered_pairs(c_r<=c_d) x geometric3_k_lattice([4,KMAX])^2","D-F2-02;D-F2-03;D-F2-04;D-F2-06a;D-F2-06b;D-F2-06c(w_min_years=5);D-F2-06d(KuralT+KuralS,n_min=3)",true,false,false,KURAL_S_FAIL
P-01,P01-G-0782,fixed_grid,c_r;c_d;k_r;k_d,1.5;1.75;127.43902548550072;22.577778941738334,"quarter_window_location_lattice(step=0.25,[-1,2]) x ordered_pairs(c_r<=c_d) x geometric3_k_lattice([4,KMAX])^2","D-F2-02;D-F2-03;D-F2-04;D-F2-06a;D-F2-06b;D-F2-06c(w_min_years=5);D-F2-06d(KuralT+KuralS,n_min=3)",true,false,false,KURAL_S_FAIL
P-01,P01-G-0783,fixed_grid,c_r;c_d;k_r;k_d,1.5;1.75;127.43902548550072;127.43902548550072,"quarter_window_location_lattice(step=0.25,[-1,2]) x ordered_pairs(c_r<=c_d) x geometric3_k_lattice([4,KMAX])^2","D-F2-02;D-F2-03;D-F2-04;D-F2-06a;D-F2-06b;D-F2-06c(w_min_years=5);D-F2-06d(KuralT+KuralS,n_min=3)",true,false,false,KURAL_S_FAIL
P-01,P01-G-0784,fixed_grid,c_r;c_d;k_r;k_d,1.5;2.0;4.0;4.0,"quarter_window_location_lattice(step=0.25,[-1,2]) x ordered_pairs(c_r<=c_d) x geometric3_k_lattice([4,KMAX])^2","D-F2-02;D-F2-03;D-F2-04;D-F2-06a;D-F2-06b;D-F2-06c(w_min_years=5);D-F2-06d(KuralT+KuralS,n_min=3)",true,true,true,none
P-01,P01-G-0785,fixed_grid,c_r;c_d;k_r;k_d,1.5;2.0;4.0;22.577778941738334,"quarter_window_location_lattice(step=0.25,[-1,2]) x ordered_pairs(c_r<=c_d) x geometric3_k_lattice([4,KMAX])^2","D-F2-02;D-F2-03;D-F2-04;D-F2-06a;D-F2-06b;D-F2-06c(w_min_years=5);D-F2-06d(KuralT+KuralS,n_min=3)",true,true,true,none
P-01,P01-G-0786,fixed_grid,c_r;c_d;k_r;k_d,1.5;2.0;4.0;127.43902548550072,"quarter_window_location_lattice(step=0.25,[-1,2]) x ordered_pairs(c_r<=c_d) x geometric3_k_lattice([4,KMAX])^2","D-F2-02;D-F2-03;D-F2-04;D-F2-06a;D-F2-06b;D-F2-06c(w_min_years=5);D-F2-06d(KuralT+KuralS,n_min=3)",true,true,true,none
P-01,P01-G-0787,fixed_grid,c_r;c_d;k_r;k_d,1.5;2.0;22.577778941738334;4.0,"quarter_window_location_lattice(step=0.25,[-1,2]) x ordered_pairs(c_r<=c_d) x geometric3_k_lattice([4,KMAX])^2","D-F2-02;D-F2-03;D-F2-04;D-F2-06a;D-F2-06b;D-F2-06c(w_min_years=5);D-F2-06d(KuralT+KuralS,n_min=3)",true,true,true,none
P-01,P01-G-0788,fixed_grid,c_r;c_d;k_r;k_d,1.5;2.0;22.577778941738334;22.577778941738334,"quarter_window_location_lattice(step=0.25,[-1,2]) x ordered_pairs(c_r<=c_d) x geometric3_k_lattice([4,KMAX])^2","D-F2-02;D-F2-03;D-F2-04;D-F2-06a;D-F2-06b;D-F2-06c(w_min_years=5);D-F2-06d(KuralT+KuralS,n_min=3)",true,true,true,none
P-01,P01-G-0789,fixed_grid,c_r;c_d;k_r;k_d,1.5;2.0;22.577778941738334;127.43902548550072,"quarter_window_location_lattice(step=0.25,[-1,2]) x ordered_pairs(c_r<=c_d) x geometric3_k_lattice([4,KMAX])^2","D-F2-02;D-F2-03;D-F2-04;D-F2-06a;D-F2-06b;D-F2-06c(w_min_years=5);D-F2-06d(KuralT+KuralS,n_min=3)",true,true,true,none
P-01,P01-G-0790,fixed_grid,c_r;c_d;k_r;k_d,1.5;2.0;127.43902548550072;4.0,"quarter_window_location_lattice(step=0.25,[-1,2]) x ordered_pairs(c_r<=c_d) x geometric3_k_lattice([4,KMAX])^2","D-F2-02;D-F2-03;D-F2-04;D-F2-06a;D-F2-06b;D-F2-06c(w_min_years=5);D-F2-06d(KuralT+KuralS,n_min=3)",true,false,false,KURAL_S_FAIL
P-01,P01-G-0791,fixed_grid,c_r;c_d;k_r;k_d,1.5;2.0;127.43902548550072;22.577778941738334,"quarter_window_location_lattice(step=0.25,[-1,2]) x ordered_pairs(c_r<=c_d) x geometric3_k_lattice([4,KMAX])^2","D-F2-02;D-F2-03;D-F2-04;D-F2-06a;D-F2-06b;D-F2-06c(w_min_years=5);D-F2-06d(KuralT+KuralS,n_min=3)",true,false,false,KURAL_S_FAIL
P-01,P01-G-0792,fixed_grid,c_r;c_d;k_r;k_d,1.5;2.0;127.43902548550072;127.43902548550072,"quarter_window_location_lattice(step=0.25,[-1,2]) x ordered_pairs(c_r<=c_d) x geometric3_k_lattice([4,KMAX])^2","D-F2-02;D-F2-03;D-F2-04;D-F2-06a;D-F2-06b;D-F2-06c(w_min_years=5);D-F2-06d(KuralT+KuralS,n_min=3)",true,false,false,KURAL_S_FAIL
P-01,P01-G-0793,fixed_grid,c_r;c_d;k_r;k_d,1.75;1.75;4.0;4.0,"quarter_window_location_lattice(step=0.25,[-1,2]) x ordered_pairs(c_r<=c_d) x geometric3_k_lattice([4,KMAX])^2","D-F2-02;D-F2-03;D-F2-04;D-F2-06a;D-F2-06b;D-F2-06c(w_min_years=5);D-F2-06d(KuralT+KuralS,n_min=3)",true,true,true,none
P-01,P01-G-0794,fixed_grid,c_r;c_d;k_r;k_d,1.75;1.75;4.0;22.577778941738334,"quarter_window_location_lattice(step=0.25,[-1,2]) x ordered_pairs(c_r<=c_d) x geometric3_k_lattice([4,KMAX])^2","D-F2-02;D-F2-03;D-F2-04;D-F2-06a;D-F2-06b;D-F2-06c(w_min_years=5);D-F2-06d(KuralT+KuralS,n_min=3)",true,true,true,none
P-01,P01-G-0795,fixed_grid,c_r;c_d;k_r;k_d,1.75;1.75;4.0;127.43902548550072,"quarter_window_location_lattice(step=0.25,[-1,2]) x ordered_pairs(c_r<=c_d) x geometric3_k_lattice([4,KMAX])^2","D-F2-02;D-F2-03;D-F2-04;D-F2-06a;D-F2-06b;D-F2-06c(w_min_years=5);D-F2-06d(KuralT+KuralS,n_min=3)",true,true,true,none
P-01,P01-G-0796,fixed_grid,c_r;c_d;k_r;k_d,1.75;1.75;22.577778941738334;4.0,"quarter_window_location_lattice(step=0.25,[-1,2]) x ordered_pairs(c_r<=c_d) x geometric3_k_lattice([4,KMAX])^2","D-F2-02;D-F2-03;D-F2-04;D-F2-06a;D-F2-06b;D-F2-06c(w_min_years=5);D-F2-06d(KuralT+KuralS,n_min=3)",true,true,true,none
P-01,P01-G-0797,fixed_grid,c_r;c_d;k_r;k_d,1.75;1.75;22.577778941738334;22.577778941738334,"quarter_window_location_lattice(step=0.25,[-1,2]) x ordered_pairs(c_r<=c_d) x geometric3_k_lattice([4,KMAX])^2","D-F2-02;D-F2-03;D-F2-04;D-F2-06a;D-F2-06b;D-F2-06c(w_min_years=5);D-F2-06d(KuralT+KuralS,n_min=3)",true,true,true,none
P-01,P01-G-0798,fixed_grid,c_r;c_d;k_r;k_d,1.75;1.75;22.577778941738334;127.43902548550072,"quarter_window_location_lattice(step=0.25,[-1,2]) x ordered_pairs(c_r<=c_d) x geometric3_k_lattice([4,KMAX])^2","D-F2-02;D-F2-03;D-F2-04;D-F2-06a;D-F2-06b;D-F2-06c(w_min_years=5);D-F2-06d(KuralT+KuralS,n_min=3)",true,true,true,none
P-01,P01-G-0799,fixed_grid,c_r;c_d;k_r;k_d,1.75;1.75;127.43902548550072;4.0,"quarter_window_location_lattice(step=0.25,[-1,2]) x ordered_pairs(c_r<=c_d) x geometric3_k_lattice([4,KMAX])^2","D-F2-02;D-F2-03;D-F2-04;D-F2-06a;D-F2-06b;D-F2-06c(w_min_years=5);D-F2-06d(KuralT+KuralS,n_min=3)",true,false,false,KURAL_S_FAIL
P-01,P01-G-0800,fixed_grid,c_r;c_d;k_r;k_d,1.75;1.75;127.43902548550072;22.577778941738334,"quarter_window_location_lattice(step=0.25,[-1,2]) x ordered_pairs(c_r<=c_d) x geometric3_k_lattice([4,KMAX])^2","D-F2-02;D-F2-03;D-F2-04;D-F2-06a;D-F2-06b;D-F2-06c(w_min_years=5);D-F2-06d(KuralT+KuralS,n_min=3)",true,false,false,KURAL_S_FAIL
P-01,P01-G-0801,fixed_grid,c_r;c_d;k_r;k_d,1.75;1.75;127.43902548550072;127.43902548550072,"quarter_window_location_lattice(step=0.25,[-1,2]) x ordered_pairs(c_r<=c_d) x geometric3_k_lattice([4,KMAX])^2","D-F2-02;D-F2-03;D-F2-04;D-F2-06a;D-F2-06b;D-F2-06c(w_min_years=5);D-F2-06d(KuralT+KuralS,n_min=3)",true,false,false,KURAL_S_FAIL
P-01,P01-G-0802,fixed_grid,c_r;c_d;k_r;k_d,1.75;2.0;4.0;4.0,"quarter_window_location_lattice(step=0.25,[-1,2]) x ordered_pairs(c_r<=c_d) x geometric3_k_lattice([4,KMAX])^2","D-F2-02;D-F2-03;D-F2-04;D-F2-06a;D-F2-06b;D-F2-06c(w_min_years=5);D-F2-06d(KuralT+KuralS,n_min=3)",true,true,true,none
P-01,P01-G-0803,fixed_grid,c_r;c_d;k_r;k_d,1.75;2.0;4.0;22.577778941738334,"quarter_window_location_lattice(step=0.25,[-1,2]) x ordered_pairs(c_r<=c_d) x geometric3_k_lattice([4,KMAX])^2","D-F2-02;D-F2-03;D-F2-04;D-F2-06a;D-F2-06b;D-F2-06c(w_min_years=5);D-F2-06d(KuralT+KuralS,n_min=3)",true,true,true,none
P-01,P01-G-0804,fixed_grid,c_r;c_d;k_r;k_d,1.75;2.0;4.0;127.43902548550072,"quarter_window_location_lattice(step=0.25,[-1,2]) x ordered_pairs(c_r<=c_d) x geometric3_k_lattice([4,KMAX])^2","D-F2-02;D-F2-03;D-F2-04;D-F2-06a;D-F2-06b;D-F2-06c(w_min_years=5);D-F2-06d(KuralT+KuralS,n_min=3)",true,true,true,none
P-01,P01-G-0805,fixed_grid,c_r;c_d;k_r;k_d,1.75;2.0;22.577778941738334;4.0,"quarter_window_location_lattice(step=0.25,[-1,2]) x ordered_pairs(c_r<=c_d) x geometric3_k_lattice([4,KMAX])^2","D-F2-02;D-F2-03;D-F2-04;D-F2-06a;D-F2-06b;D-F2-06c(w_min_years=5);D-F2-06d(KuralT+KuralS,n_min=3)",true,true,true,none
P-01,P01-G-0806,fixed_grid,c_r;c_d;k_r;k_d,1.75;2.0;22.577778941738334;22.577778941738334,"quarter_window_location_lattice(step=0.25,[-1,2]) x ordered_pairs(c_r<=c_d) x geometric3_k_lattice([4,KMAX])^2","D-F2-02;D-F2-03;D-F2-04;D-F2-06a;D-F2-06b;D-F2-06c(w_min_years=5);D-F2-06d(KuralT+KuralS,n_min=3)",true,true,true,none
P-01,P01-G-0807,fixed_grid,c_r;c_d;k_r;k_d,1.75;2.0;22.577778941738334;127.43902548550072,"quarter_window_location_lattice(step=0.25,[-1,2]) x ordered_pairs(c_r<=c_d) x geometric3_k_lattice([4,KMAX])^2","D-F2-02;D-F2-03;D-F2-04;D-F2-06a;D-F2-06b;D-F2-06c(w_min_years=5);D-F2-06d(KuralT+KuralS,n_min=3)",true,true,true,none
P-01,P01-G-0808,fixed_grid,c_r;c_d;k_r;k_d,1.75;2.0;127.43902548550072;4.0,"quarter_window_location_lattice(step=0.25,[-1,2]) x ordered_pairs(c_r<=c_d) x geometric3_k_lattice([4,KMAX])^2","D-F2-02;D-F2-03;D-F2-04;D-F2-06a;D-F2-06b;D-F2-06c(w_min_years=5);D-F2-06d(KuralT+KuralS,n_min=3)",true,false,false,KURAL_S_FAIL
P-01,P01-G-0809,fixed_grid,c_r;c_d;k_r;k_d,1.75;2.0;127.43902548550072;22.577778941738334,"quarter_window_location_lattice(step=0.25,[-1,2]) x ordered_pairs(c_r<=c_d) x geometric3_k_lattice([4,KMAX])^2","D-F2-02;D-F2-03;D-F2-04;D-F2-06a;D-F2-06b;D-F2-06c(w_min_years=5);D-F2-06d(KuralT+KuralS,n_min=3)",true,false,false,KURAL_S_FAIL
P-01,P01-G-0810,fixed_grid,c_r;c_d;k_r;k_d,1.75;2.0;127.43902548550072;127.43902548550072,"quarter_window_location_lattice(step=0.25,[-1,2]) x ordered_pairs(c_r<=c_d) x geometric3_k_lattice([4,KMAX])^2","D-F2-02;D-F2-03;D-F2-04;D-F2-06a;D-F2-06b;D-F2-06c(w_min_years=5);D-F2-06d(KuralT+KuralS,n_min=3)",true,false,false,KURAL_S_FAIL
P-01,P01-G-0811,fixed_grid,c_r;c_d;k_r;k_d,2.0;2.0;4.0;4.0,"quarter_window_location_lattice(step=0.25,[-1,2]) x ordered_pairs(c_r<=c_d) x geometric3_k_lattice([4,KMAX])^2","D-F2-02;D-F2-03;D-F2-04;D-F2-06a;D-F2-06b;D-F2-06c(w_min_years=5);D-F2-06d(KuralT+KuralS,n_min=3)",true,true,true,none
P-01,P01-G-0812,fixed_grid,c_r;c_d;k_r;k_d,2.0;2.0;4.0;22.577778941738334,"quarter_window_location_lattice(step=0.25,[-1,2]) x ordered_pairs(c_r<=c_d) x geometric3_k_lattice([4,KMAX])^2","D-F2-02;D-F2-03;D-F2-04;D-F2-06a;D-F2-06b;D-F2-06c(w_min_years=5);D-F2-06d(KuralT+KuralS,n_min=3)",true,true,true,none
P-01,P01-G-0813,fixed_grid,c_r;c_d;k_r;k_d,2.0;2.0;4.0;127.43902548550072,"quarter_window_location_lattice(step=0.25,[-1,2]) x ordered_pairs(c_r<=c_d) x geometric3_k_lattice([4,KMAX])^2","D-F2-02;D-F2-03;D-F2-04;D-F2-06a;D-F2-06b;D-F2-06c(w_min_years=5);D-F2-06d(KuralT+KuralS,n_min=3)",true,true,true,none
P-01,P01-G-0814,fixed_grid,c_r;c_d;k_r;k_d,2.0;2.0;22.577778941738334;4.0,"quarter_window_location_lattice(step=0.25,[-1,2]) x ordered_pairs(c_r<=c_d) x geometric3_k_lattice([4,KMAX])^2","D-F2-02;D-F2-03;D-F2-04;D-F2-06a;D-F2-06b;D-F2-06c(w_min_years=5);D-F2-06d(KuralT+KuralS,n_min=3)",true,true,true,none
P-01,P01-G-0815,fixed_grid,c_r;c_d;k_r;k_d,2.0;2.0;22.577778941738334;22.577778941738334,"quarter_window_location_lattice(step=0.25,[-1,2]) x ordered_pairs(c_r<=c_d) x geometric3_k_lattice([4,KMAX])^2","D-F2-02;D-F2-03;D-F2-04;D-F2-06a;D-F2-06b;D-F2-06c(w_min_years=5);D-F2-06d(KuralT+KuralS,n_min=3)",true,true,true,none
P-01,P01-G-0816,fixed_grid,c_r;c_d;k_r;k_d,2.0;2.0;22.577778941738334;127.43902548550072,"quarter_window_location_lattice(step=0.25,[-1,2]) x ordered_pairs(c_r<=c_d) x geometric3_k_lattice([4,KMAX])^2","D-F2-02;D-F2-03;D-F2-04;D-F2-06a;D-F2-06b;D-F2-06c(w_min_years=5);D-F2-06d(KuralT+KuralS,n_min=3)",true,true,true,none
P-01,P01-G-0817,fixed_grid,c_r;c_d;k_r;k_d,2.0;2.0;127.43902548550072;4.0,"quarter_window_location_lattice(step=0.25,[-1,2]) x ordered_pairs(c_r<=c_d) x geometric3_k_lattice([4,KMAX])^2","D-F2-02;D-F2-03;D-F2-04;D-F2-06a;D-F2-06b;D-F2-06c(w_min_years=5);D-F2-06d(KuralT+KuralS,n_min=3)",true,false,false,KURAL_S_FAIL
P-01,P01-G-0818,fixed_grid,c_r;c_d;k_r;k_d,2.0;2.0;127.43902548550072;22.577778941738334,"quarter_window_location_lattice(step=0.25,[-1,2]) x ordered_pairs(c_r<=c_d) x geometric3_k_lattice([4,KMAX])^2","D-F2-02;D-F2-03;D-F2-04;D-F2-06a;D-F2-06b;D-F2-06c(w_min_years=5);D-F2-06d(KuralT+KuralS,n_min=3)",true,false,false,KURAL_S_FAIL
P-01,P01-G-0819,fixed_grid,c_r;c_d;k_r;k_d,2.0;2.0;127.43902548550072;127.43902548550072,"quarter_window_location_lattice(step=0.25,[-1,2]) x ordered_pairs(c_r<=c_d) x geometric3_k_lattice([4,KMAX])^2","D-F2-02;D-F2-03;D-F2-04;D-F2-06a;D-F2-06b;D-F2-06c(w_min_years=5);D-F2-06d(KuralT+KuralS,n_min=3)",true,false,false,KURAL_S_FAIL
P-02,P02-G-0001,fixed_grid,m;s_l;s_r;beta,-1.0;0.01569377976942823;0.01569377976942823;1.0,"quarter_window_m_lattice(step=0.25,[-1,2]) x geometric3_beta([1,6]) x geometric3_scale([s_side_min(beta),3])^2","D-F2-02;D-F2-03;D-F2-05;D-F2-07a;D-F2-07b;D-F2-07c;D-F2-07d(beta[1,6]);D-F2-06d(KuralT+KuralS,n_min=3)",true,false,false,KURAL_S_FAIL
P-02,P02-G-0002,fixed_grid,m;s_l;s_r;beta,-1.0;0.01569377976942823;0.21698234791863757;1.0,"quarter_window_m_lattice(step=0.25,[-1,2]) x geometric3_beta([1,6]) x geometric3_scale([s_side_min(beta),3])^2","D-F2-02;D-F2-03;D-F2-05;D-F2-07a;D-F2-07b;D-F2-07c;D-F2-07d(beta[1,6]);D-F2-06d(KuralT+KuralS,n_min=3)",true,true,true,none
P-02,P02-G-0003,fixed_grid,m;s_l;s_r;beta,-1.0;0.01569377976942823;3.0;1.0,"quarter_window_m_lattice(step=0.25,[-1,2]) x geometric3_beta([1,6]) x geometric3_scale([s_side_min(beta),3])^2","D-F2-02;D-F2-03;D-F2-05;D-F2-07a;D-F2-07b;D-F2-07c;D-F2-07d(beta[1,6]);D-F2-06d(KuralT+KuralS,n_min=3)",true,true,true,none
P-02,P02-G-0004,fixed_grid,m;s_l;s_r;beta,-1.0;0.03425647986552569;0.03425647986552569;2.449489742783178,"quarter_window_m_lattice(step=0.25,[-1,2]) x geometric3_beta([1,6]) x geometric3_scale([s_side_min(beta),3])^2","D-F2-02;D-F2-03;D-F2-05;D-F2-07a;D-F2-07b;D-F2-07c;D-F2-07d(beta[1,6]);D-F2-06d(KuralT+KuralS,n_min=3)",true,false,false,KURAL_S_FAIL
P-02,P02-G-0005,fixed_grid,m;s_l;s_r;beta,-1.0;0.03425647986552569;0.32057672965544004;2.449489742783178,"quarter_window_m_lattice(step=0.25,[-1,2]) x geometric3_beta([1,6]) x geometric3_scale([s_side_min(beta),3])^2","D-F2-02;D-F2-03;D-F2-05;D-F2-07a;D-F2-07b;D-F2-07c;D-F2-07d(beta[1,6]);D-F2-06d(KuralT+KuralS,n_min=3)",true,true,true,none
P-02,P02-G-0006,fixed_grid,m;s_l;s_r;beta,-1.0;0.03425647986552569;3.0;2.449489742783178,"quarter_window_m_lattice(step=0.25,[-1,2]) x geometric3_beta([1,6]) x geometric3_scale([s_side_min(beta),3])^2","D-F2-02;D-F2-03;D-F2-05;D-F2-07a;D-F2-07b;D-F2-07c;D-F2-07d(beta[1,6]);D-F2-06d(KuralT+KuralS,n_min=3)",true,true,true,none
P-02,P02-G-0007,fixed_grid,m;s_l;s_r;beta,-1.0;0.07465689442188805;0.07465689442188805;6.0,"quarter_window_m_lattice(step=0.25,[-1,2]) x geometric3_beta([1,6]) x geometric3_scale([s_side_min(beta),3])^2","D-F2-02;D-F2-03;D-F2-05;D-F2-07a;D-F2-07b;D-F2-07c;D-F2-07d(beta[1,6]);D-F2-06d(KuralT+KuralS,n_min=3)",true,false,false,KURAL_S_FAIL
P-02,P02-G-0008,fixed_grid,m;s_l;s_r;beta,-1.0;0.07465689442188805;0.47325541018108197;6.0,"quarter_window_m_lattice(step=0.25,[-1,2]) x geometric3_beta([1,6]) x geometric3_scale([s_side_min(beta),3])^2","D-F2-02;D-F2-03;D-F2-05;D-F2-07a;D-F2-07b;D-F2-07c;D-F2-07d(beta[1,6]);D-F2-06d(KuralT+KuralS,n_min=3)",true,false,false,KURAL_S_FAIL
P-02,P02-G-0009,fixed_grid,m;s_l;s_r;beta,-1.0;0.07465689442188805;3.0;6.0,"quarter_window_m_lattice(step=0.25,[-1,2]) x geometric3_beta([1,6]) x geometric3_scale([s_side_min(beta),3])^2","D-F2-02;D-F2-03;D-F2-05;D-F2-07a;D-F2-07b;D-F2-07c;D-F2-07d(beta[1,6]);D-F2-06d(KuralT+KuralS,n_min=3)",true,true,true,none
P-02,P02-G-0010,fixed_grid,m;s_l;s_r;beta,-1.0;0.21698234791863757;0.01569377976942823;1.0,"quarter_window_m_lattice(step=0.25,[-1,2]) x geometric3_beta([1,6]) x geometric3_scale([s_side_min(beta),3])^2","D-F2-02;D-F2-03;D-F2-05;D-F2-07a;D-F2-07b;D-F2-07c;D-F2-07d(beta[1,6]);D-F2-06d(KuralT+KuralS,n_min=3)",true,false,false,KURAL_S_FAIL
P-02,P02-G-0011,fixed_grid,m;s_l;s_r;beta,-1.0;0.21698234791863757;0.21698234791863757;1.0,"quarter_window_m_lattice(step=0.25,[-1,2]) x geometric3_beta([1,6]) x geometric3_scale([s_side_min(beta),3])^2","D-F2-02;D-F2-03;D-F2-05;D-F2-07a;D-F2-07b;D-F2-07c;D-F2-07d(beta[1,6]);D-F2-06d(KuralT+KuralS,n_min=3)",true,true,true,none
P-02,P02-G-0012,fixed_grid,m;s_l;s_r;beta,-1.0;0.21698234791863757;3.0;1.0,"quarter_window_m_lattice(step=0.25,[-1,2]) x geometric3_beta([1,6]) x geometric3_scale([s_side_min(beta),3])^2","D-F2-02;D-F2-03;D-F2-05;D-F2-07a;D-F2-07b;D-F2-07c;D-F2-07d(beta[1,6]);D-F2-06d(KuralT+KuralS,n_min=3)",true,true,true,none
P-02,P02-G-0013,fixed_grid,m;s_l;s_r;beta,-1.0;0.32057672965544004;0.03425647986552569;2.449489742783178,"quarter_window_m_lattice(step=0.25,[-1,2]) x geometric3_beta([1,6]) x geometric3_scale([s_side_min(beta),3])^2","D-F2-02;D-F2-03;D-F2-05;D-F2-07a;D-F2-07b;D-F2-07c;D-F2-07d(beta[1,6]);D-F2-06d(KuralT+KuralS,n_min=3)",true,false,false,KURAL_S_FAIL
P-02,P02-G-0014,fixed_grid,m;s_l;s_r;beta,-1.0;0.32057672965544004;0.32057672965544004;2.449489742783178,"quarter_window_m_lattice(step=0.25,[-1,2]) x geometric3_beta([1,6]) x geometric3_scale([s_side_min(beta),3])^2","D-F2-02;D-F2-03;D-F2-05;D-F2-07a;D-F2-07b;D-F2-07c;D-F2-07d(beta[1,6]);D-F2-06d(KuralT+KuralS,n_min=3)",true,true,true,none
P-02,P02-G-0015,fixed_grid,m;s_l;s_r;beta,-1.0;0.32057672965544004;3.0;2.449489742783178,"quarter_window_m_lattice(step=0.25,[-1,2]) x geometric3_beta([1,6]) x geometric3_scale([s_side_min(beta),3])^2","D-F2-02;D-F2-03;D-F2-05;D-F2-07a;D-F2-07b;D-F2-07c;D-F2-07d(beta[1,6]);D-F2-06d(KuralT+KuralS,n_min=3)",true,true,true,none
P-02,P02-G-0016,fixed_grid,m;s_l;s_r;beta,-1.0;0.47325541018108197;0.07465689442188805;6.0,"quarter_window_m_lattice(step=0.25,[-1,2]) x geometric3_beta([1,6]) x geometric3_scale([s_side_min(beta),3])^2","D-F2-02;D-F2-03;D-F2-05;D-F2-07a;D-F2-07b;D-F2-07c;D-F2-07d(beta[1,6]);D-F2-06d(KuralT+KuralS,n_min=3)",true,false,false,KURAL_S_FAIL
P-02,P02-G-0017,fixed_grid,m;s_l;s_r;beta,-1.0;0.47325541018108197;0.47325541018108197;6.0,"quarter_window_m_lattice(step=0.25,[-1,2]) x geometric3_beta([1,6]) x geometric3_scale([s_side_min(beta),3])^2","D-F2-02;D-F2-03;D-F2-05;D-F2-07a;D-F2-07b;D-F2-07c;D-F2-07d(beta[1,6]);D-F2-06d(KuralT+KuralS,n_min=3)",true,false,false,KURAL_S_FAIL
P-02,P02-G-0018,fixed_grid,m;s_l;s_r;beta,-1.0;0.47325541018108197;3.0;6.0,"quarter_window_m_lattice(step=0.25,[-1,2]) x geometric3_beta([1,6]) x geometric3_scale([s_side_min(beta),3])^2","D-F2-02;D-F2-03;D-F2-05;D-F2-07a;D-F2-07b;D-F2-07c;D-F2-07d(beta[1,6]);D-F2-06d(KuralT+KuralS,n_min=3)",true,true,true,none
P-02,P02-G-0019,fixed_grid,m;s_l;s_r;beta,-1.0;3.0;0.01569377976942823;1.0,"quarter_window_m_lattice(step=0.25,[-1,2]) x geometric3_beta([1,6]) x geometric3_scale([s_side_min(beta),3])^2","D-F2-02;D-F2-03;D-F2-05;D-F2-07a;D-F2-07b;D-F2-07c;D-F2-07d(beta[1,6]);D-F2-06d(KuralT+KuralS,n_min=3)",true,false,false,KURAL_S_FAIL
P-02,P02-G-0020,fixed_grid,m;s_l;s_r;beta,-1.0;3.0;0.03425647986552569;2.449489742783178,"quarter_window_m_lattice(step=0.25,[-1,2]) x geometric3_beta([1,6]) x geometric3_scale([s_side_min(beta),3])^2","D-F2-02;D-F2-03;D-F2-05;D-F2-07a;D-F2-07b;D-F2-07c;D-F2-07d(beta[1,6]);D-F2-06d(KuralT+KuralS,n_min=3)",true,false,false,KURAL_S_FAIL
P-02,P02-G-0021,fixed_grid,m;s_l;s_r;beta,-1.0;3.0;0.07465689442188805;6.0,"quarter_window_m_lattice(step=0.25,[-1,2]) x geometric3_beta([1,6]) x geometric3_scale([s_side_min(beta),3])^2","D-F2-02;D-F2-03;D-F2-05;D-F2-07a;D-F2-07b;D-F2-07c;D-F2-07d(beta[1,6]);D-F2-06d(KuralT+KuralS,n_min=3)",true,false,false,KURAL_S_FAIL
P-02,P02-G-0022,fixed_grid,m;s_l;s_r;beta,-1.0;3.0;0.21698234791863757;1.0,"quarter_window_m_lattice(step=0.25,[-1,2]) x geometric3_beta([1,6]) x geometric3_scale([s_side_min(beta),3])^2","D-F2-02;D-F2-03;D-F2-05;D-F2-07a;D-F2-07b;D-F2-07c;D-F2-07d(beta[1,6]);D-F2-06d(KuralT+KuralS,n_min=3)",true,true,true,none
P-02,P02-G-0023,fixed_grid,m;s_l;s_r;beta,-1.0;3.0;0.32057672965544004;2.449489742783178,"quarter_window_m_lattice(step=0.25,[-1,2]) x geometric3_beta([1,6]) x geometric3_scale([s_side_min(beta),3])^2","D-F2-02;D-F2-03;D-F2-05;D-F2-07a;D-F2-07b;D-F2-07c;D-F2-07d(beta[1,6]);D-F2-06d(KuralT+KuralS,n_min=3)",true,true,true,none
P-02,P02-G-0024,fixed_grid,m;s_l;s_r;beta,-1.0;3.0;0.47325541018108197;6.0,"quarter_window_m_lattice(step=0.25,[-1,2]) x geometric3_beta([1,6]) x geometric3_scale([s_side_min(beta),3])^2","D-F2-02;D-F2-03;D-F2-05;D-F2-07a;D-F2-07b;D-F2-07c;D-F2-07d(beta[1,6]);D-F2-06d(KuralT+KuralS,n_min=3)",true,false,false,KURAL_S_FAIL
P-02,P02-G-0025,fixed_grid,m;s_l;s_r;beta,-1.0;3.0;3.0;1.0,"quarter_window_m_lattice(step=0.25,[-1,2]) x geometric3_beta([1,6]) x geometric3_scale([s_side_min(beta),3])^2","D-F2-02;D-F2-03;D-F2-05;D-F2-07a;D-F2-07b;D-F2-07c;D-F2-07d(beta[1,6]);D-F2-06d(KuralT+KuralS,n_min=3)",true,true,true,none
P-02,P02-G-0026,fixed_grid,m;s_l;s_r;beta,-1.0;3.0;3.0;2.449489742783178,"quarter_window_m_lattice(step=0.25,[-1,2]) x geometric3_beta([1,6]) x geometric3_scale([s_side_min(beta),3])^2","D-F2-02;D-F2-03;D-F2-05;D-F2-07a;D-F2-07b;D-F2-07c;D-F2-07d(beta[1,6]);D-F2-06d(KuralT+KuralS,n_min=3)",true,true,true,none
P-02,P02-G-0027,fixed_grid,m;s_l;s_r;beta,-1.0;3.0;3.0;6.0,"quarter_window_m_lattice(step=0.25,[-1,2]) x geometric3_beta([1,6]) x geometric3_scale([s_side_min(beta),3])^2","D-F2-02;D-F2-03;D-F2-05;D-F2-07a;D-F2-07b;D-F2-07c;D-F2-07d(beta[1,6]);D-F2-06d(KuralT+KuralS,n_min=3)",true,true,true,none
P-02,P02-G-0028,fixed_grid,m;s_l;s_r;beta,-0.75;0.01569377976942823;0.01569377976942823;1.0,"quarter_window_m_lattice(step=0.25,[-1,2]) x geometric3_beta([1,6]) x geometric3_scale([s_side_min(beta),3])^2","D-F2-02;D-F2-03;D-F2-05;D-F2-07a;D-F2-07b;D-F2-07c;D-F2-07d(beta[1,6]);D-F2-06d(KuralT+KuralS,n_min=3)",true,false,false,KURAL_S_FAIL
P-02,P02-G-0029,fixed_grid,m;s_l;s_r;beta,-0.75;0.01569377976942823;0.21698234791863757;1.0,"quarter_window_m_lattice(step=0.25,[-1,2]) x geometric3_beta([1,6]) x geometric3_scale([s_side_min(beta),3])^2","D-F2-02;D-F2-03;D-F2-05;D-F2-07a;D-F2-07b;D-F2-07c;D-F2-07d(beta[1,6]);D-F2-06d(KuralT+KuralS,n_min=3)",true,true,true,none
P-02,P02-G-0030,fixed_grid,m;s_l;s_r;beta,-0.75;0.01569377976942823;3.0;1.0,"quarter_window_m_lattice(step=0.25,[-1,2]) x geometric3_beta([1,6]) x geometric3_scale([s_side_min(beta),3])^2","D-F2-02;D-F2-03;D-F2-05;D-F2-07a;D-F2-07b;D-F2-07c;D-F2-07d(beta[1,6]);D-F2-06d(KuralT+KuralS,n_min=3)",true,true,true,none
P-02,P02-G-0031,fixed_grid,m;s_l;s_r;beta,-0.75;0.03425647986552569;0.03425647986552569;2.449489742783178,"quarter_window_m_lattice(step=0.25,[-1,2]) x geometric3_beta([1,6]) x geometric3_scale([s_side_min(beta),3])^2","D-F2-02;D-F2-03;D-F2-05;D-F2-07a;D-F2-07b;D-F2-07c;D-F2-07d(beta[1,6]);D-F2-06d(KuralT+KuralS,n_min=3)",true,false,false,KURAL_S_FAIL
P-02,P02-G-0032,fixed_grid,m;s_l;s_r;beta,-0.75;0.03425647986552569;0.32057672965544004;2.449489742783178,"quarter_window_m_lattice(step=0.25,[-1,2]) x geometric3_beta([1,6]) x geometric3_scale([s_side_min(beta),3])^2","D-F2-02;D-F2-03;D-F2-05;D-F2-07a;D-F2-07b;D-F2-07c;D-F2-07d(beta[1,6]);D-F2-06d(KuralT+KuralS,n_min=3)",true,true,true,none
P-02,P02-G-0033,fixed_grid,m;s_l;s_r;beta,-0.75;0.03425647986552569;3.0;2.449489742783178,"quarter_window_m_lattice(step=0.25,[-1,2]) x geometric3_beta([1,6]) x geometric3_scale([s_side_min(beta),3])^2","D-F2-02;D-F2-03;D-F2-05;D-F2-07a;D-F2-07b;D-F2-07c;D-F2-07d(beta[1,6]);D-F2-06d(KuralT+KuralS,n_min=3)",true,true,true,none
P-02,P02-G-0034,fixed_grid,m;s_l;s_r;beta,-0.75;0.07465689442188805;0.07465689442188805;6.0,"quarter_window_m_lattice(step=0.25,[-1,2]) x geometric3_beta([1,6]) x geometric3_scale([s_side_min(beta),3])^2","D-F2-02;D-F2-03;D-F2-05;D-F2-07a;D-F2-07b;D-F2-07c;D-F2-07d(beta[1,6]);D-F2-06d(KuralT+KuralS,n_min=3)",true,false,false,KURAL_S_FAIL
P-02,P02-G-0035,fixed_grid,m;s_l;s_r;beta,-0.75;0.07465689442188805;0.47325541018108197;6.0,"quarter_window_m_lattice(step=0.25,[-1,2]) x geometric3_beta([1,6]) x geometric3_scale([s_side_min(beta),3])^2","D-F2-02;D-F2-03;D-F2-05;D-F2-07a;D-F2-07b;D-F2-07c;D-F2-07d(beta[1,6]);D-F2-06d(KuralT+KuralS,n_min=3)",true,false,false,KURAL_S_FAIL
P-02,P02-G-0036,fixed_grid,m;s_l;s_r;beta,-0.75;0.07465689442188805;3.0;6.0,"quarter_window_m_lattice(step=0.25,[-1,2]) x geometric3_beta([1,6]) x geometric3_scale([s_side_min(beta),3])^2","D-F2-02;D-F2-03;D-F2-05;D-F2-07a;D-F2-07b;D-F2-07c;D-F2-07d(beta[1,6]);D-F2-06d(KuralT+KuralS,n_min=3)",true,true,true,none
P-02,P02-G-0037,fixed_grid,m;s_l;s_r;beta,-0.75;0.21698234791863757;0.01569377976942823;1.0,"quarter_window_m_lattice(step=0.25,[-1,2]) x geometric3_beta([1,6]) x geometric3_scale([s_side_min(beta),3])^2","D-F2-02;D-F2-03;D-F2-05;D-F2-07a;D-F2-07b;D-F2-07c;D-F2-07d(beta[1,6]);D-F2-06d(KuralT+KuralS,n_min=3)",true,false,false,KURAL_S_FAIL
P-02,P02-G-0038,fixed_grid,m;s_l;s_r;beta,-0.75;0.21698234791863757;0.21698234791863757;1.0,"quarter_window_m_lattice(step=0.25,[-1,2]) x geometric3_beta([1,6]) x geometric3_scale([s_side_min(beta),3])^2","D-F2-02;D-F2-03;D-F2-05;D-F2-07a;D-F2-07b;D-F2-07c;D-F2-07d(beta[1,6]);D-F2-06d(KuralT+KuralS,n_min=3)",true,true,true,none
P-02,P02-G-0039,fixed_grid,m;s_l;s_r;beta,-0.75;0.21698234791863757;3.0;1.0,"quarter_window_m_lattice(step=0.25,[-1,2]) x geometric3_beta([1,6]) x geometric3_scale([s_side_min(beta),3])^2","D-F2-02;D-F2-03;D-F2-05;D-F2-07a;D-F2-07b;D-F2-07c;D-F2-07d(beta[1,6]);D-F2-06d(KuralT+KuralS,n_min=3)",true,true,true,none
P-02,P02-G-0040,fixed_grid,m;s_l;s_r;beta,-0.75;0.32057672965544004;0.03425647986552569;2.449489742783178,"quarter_window_m_lattice(step=0.25,[-1,2]) x geometric3_beta([1,6]) x geometric3_scale([s_side_min(beta),3])^2","D-F2-02;D-F2-03;D-F2-05;D-F2-07a;D-F2-07b;D-F2-07c;D-F2-07d(beta[1,6]);D-F2-06d(KuralT+KuralS,n_min=3)",true,false,false,KURAL_S_FAIL
P-02,P02-G-0041,fixed_grid,m;s_l;s_r;beta,-0.75;0.32057672965544004;0.32057672965544004;2.449489742783178,"quarter_window_m_lattice(step=0.25,[-1,2]) x geometric3_beta([1,6]) x geometric3_scale([s_side_min(beta),3])^2","D-F2-02;D-F2-03;D-F2-05;D-F2-07a;D-F2-07b;D-F2-07c;D-F2-07d(beta[1,6]);D-F2-06d(KuralT+KuralS,n_min=3)",true,true,true,none
P-02,P02-G-0042,fixed_grid,m;s_l;s_r;beta,-0.75;0.32057672965544004;3.0;2.449489742783178,"quarter_window_m_lattice(step=0.25,[-1,2]) x geometric3_beta([1,6]) x geometric3_scale([s_side_min(beta),3])^2","D-F2-02;D-F2-03;D-F2-05;D-F2-07a;D-F2-07b;D-F2-07c;D-F2-07d(beta[1,6]);D-F2-06d(KuralT+KuralS,n_min=3)",true,true,true,none
P-02,P02-G-0043,fixed_grid,m;s_l;s_r;beta,-0.75;0.47325541018108197;0.07465689442188805;6.0,"quarter_window_m_lattice(step=0.25,[-1,2]) x geometric3_beta([1,6]) x geometric3_scale([s_side_min(beta),3])^2","D-F2-02;D-F2-03;D-F2-05;D-F2-07a;D-F2-07b;D-F2-07c;D-F2-07d(beta[1,6]);D-F2-06d(KuralT+KuralS,n_min=3)",true,false,false,KURAL_S_FAIL
P-02,P02-G-0044,fixed_grid,m;s_l;s_r;beta,-0.75;0.47325541018108197;0.47325541018108197;6.0,"quarter_window_m_lattice(step=0.25,[-1,2]) x geometric3_beta([1,6]) x geometric3_scale([s_side_min(beta),3])^2","D-F2-02;D-F2-03;D-F2-05;D-F2-07a;D-F2-07b;D-F2-07c;D-F2-07d(beta[1,6]);D-F2-06d(KuralT+KuralS,n_min=3)",true,false,false,KURAL_S_FAIL
P-02,P02-G-0045,fixed_grid,m;s_l;s_r;beta,-0.75;0.47325541018108197;3.0;6.0,"quarter_window_m_lattice(step=0.25,[-1,2]) x geometric3_beta([1,6]) x geometric3_scale([s_side_min(beta),3])^2","D-F2-02;D-F2-03;D-F2-05;D-F2-07a;D-F2-07b;D-F2-07c;D-F2-07d(beta[1,6]);D-F2-06d(KuralT+KuralS,n_min=3)",true,true,true,none
P-02,P02-G-0046,fixed_grid,m;s_l;s_r;beta,-0.75;3.0;0.01569377976942823;1.0,"quarter_window_m_lattice(step=0.25,[-1,2]) x geometric3_beta([1,6]) x geometric3_scale([s_side_min(beta),3])^2","D-F2-02;D-F2-03;D-F2-05;D-F2-07a;D-F2-07b;D-F2-07c;D-F2-07d(beta[1,6]);D-F2-06d(KuralT+KuralS,n_min=3)",true,false,false,KURAL_S_FAIL
P-02,P02-G-0047,fixed_grid,m;s_l;s_r;beta,-0.75;3.0;0.03425647986552569;2.449489742783178,"quarter_window_m_lattice(step=0.25,[-1,2]) x geometric3_beta([1,6]) x geometric3_scale([s_side_min(beta),3])^2","D-F2-02;D-F2-03;D-F2-05;D-F2-07a;D-F2-07b;D-F2-07c;D-F2-07d(beta[1,6]);D-F2-06d(KuralT+KuralS,n_min=3)",true,false,false,KURAL_S_FAIL
P-02,P02-G-0048,fixed_grid,m;s_l;s_r;beta,-0.75;3.0;0.07465689442188805;6.0,"quarter_window_m_lattice(step=0.25,[-1,2]) x geometric3_beta([1,6]) x geometric3_scale([s_side_min(beta),3])^2","D-F2-02;D-F2-03;D-F2-05;D-F2-07a;D-F2-07b;D-F2-07c;D-F2-07d(beta[1,6]);D-F2-06d(KuralT+KuralS,n_min=3)",true,false,false,KURAL_S_FAIL
P-02,P02-G-0049,fixed_grid,m;s_l;s_r;beta,-0.75;3.0;0.21698234791863757;1.0,"quarter_window_m_lattice(step=0.25,[-1,2]) x geometric3_beta([1,6]) x geometric3_scale([s_side_min(beta),3])^2","D-F2-02;D-F2-03;D-F2-05;D-F2-07a;D-F2-07b;D-F2-07c;D-F2-07d(beta[1,6]);D-F2-06d(KuralT+KuralS,n_min=3)",true,true,true,none
P-02,P02-G-0050,fixed_grid,m;s_l;s_r;beta,-0.75;3.0;0.32057672965544004;2.449489742783178,"quarter_window_m_lattice(step=0.25,[-1,2]) x geometric3_beta([1,6]) x geometric3_scale([s_side_min(beta),3])^2","D-F2-02;D-F2-03;D-F2-05;D-F2-07a;D-F2-07b;D-F2-07c;D-F2-07d(beta[1,6]);D-F2-06d(KuralT+KuralS,n_min=3)",true,true,true,none
P-02,P02-G-0051,fixed_grid,m;s_l;s_r;beta,-0.75;3.0;0.47325541018108197;6.0,"quarter_window_m_lattice(step=0.25,[-1,2]) x geometric3_beta([1,6]) x geometric3_scale([s_side_min(beta),3])^2","D-F2-02;D-F2-03;D-F2-05;D-F2-07a;D-F2-07b;D-F2-07c;D-F2-07d(beta[1,6]);D-F2-06d(KuralT+KuralS,n_min=3)",true,false,false,KURAL_S_FAIL
P-02,P02-G-0052,fixed_grid,m;s_l;s_r;beta,-0.75;3.0;3.0;1.0,"quarter_window_m_lattice(step=0.25,[-1,2]) x geometric3_beta([1,6]) x geometric3_scale([s_side_min(beta),3])^2","D-F2-02;D-F2-03;D-F2-05;D-F2-07a;D-F2-07b;D-F2-07c;D-F2-07d(beta[1,6]);D-F2-06d(KuralT+KuralS,n_min=3)",true,true,true,none
P-02,P02-G-0053,fixed_grid,m;s_l;s_r;beta,-0.75;3.0;3.0;2.449489742783178,"quarter_window_m_lattice(step=0.25,[-1,2]) x geometric3_beta([1,6]) x geometric3_scale([s_side_min(beta),3])^2","D-F2-02;D-F2-03;D-F2-05;D-F2-07a;D-F2-07b;D-F2-07c;D-F2-07d(beta[1,6]);D-F2-06d(KuralT+KuralS,n_min=3)",true,true,true,none
P-02,P02-G-0054,fixed_grid,m;s_l;s_r;beta,-0.75;3.0;3.0;6.0,"quarter_window_m_lattice(step=0.25,[-1,2]) x geometric3_beta([1,6]) x geometric3_scale([s_side_min(beta),3])^2","D-F2-02;D-F2-03;D-F2-05;D-F2-07a;D-F2-07b;D-F2-07c;D-F2-07d(beta[1,6]);D-F2-06d(KuralT+KuralS,n_min=3)",true,true,true,none
P-02,P02-G-0055,fixed_grid,m;s_l;s_r;beta,-0.5;0.01569377976942823;0.01569377976942823;1.0,"quarter_window_m_lattice(step=0.25,[-1,2]) x geometric3_beta([1,6]) x geometric3_scale([s_side_min(beta),3])^2","D-F2-02;D-F2-03;D-F2-05;D-F2-07a;D-F2-07b;D-F2-07c;D-F2-07d(beta[1,6]);D-F2-06d(KuralT+KuralS,n_min=3)",true,false,false,KURAL_S_FAIL
P-02,P02-G-0056,fixed_grid,m;s_l;s_r;beta,-0.5;0.01569377976942823;0.21698234791863757;1.0,"quarter_window_m_lattice(step=0.25,[-1,2]) x geometric3_beta([1,6]) x geometric3_scale([s_side_min(beta),3])^2","D-F2-02;D-F2-03;D-F2-05;D-F2-07a;D-F2-07b;D-F2-07c;D-F2-07d(beta[1,6]);D-F2-06d(KuralT+KuralS,n_min=3)",true,true,true,none
P-02,P02-G-0057,fixed_grid,m;s_l;s_r;beta,-0.5;0.01569377976942823;3.0;1.0,"quarter_window_m_lattice(step=0.25,[-1,2]) x geometric3_beta([1,6]) x geometric3_scale([s_side_min(beta),3])^2","D-F2-02;D-F2-03;D-F2-05;D-F2-07a;D-F2-07b;D-F2-07c;D-F2-07d(beta[1,6]);D-F2-06d(KuralT+KuralS,n_min=3)",true,true,true,none
P-02,P02-G-0058,fixed_grid,m;s_l;s_r;beta,-0.5;0.03425647986552569;0.03425647986552569;2.449489742783178,"quarter_window_m_lattice(step=0.25,[-1,2]) x geometric3_beta([1,6]) x geometric3_scale([s_side_min(beta),3])^2","D-F2-02;D-F2-03;D-F2-05;D-F2-07a;D-F2-07b;D-F2-07c;D-F2-07d(beta[1,6]);D-F2-06d(KuralT+KuralS,n_min=3)",true,false,false,KURAL_S_FAIL
P-02,P02-G-0059,fixed_grid,m;s_l;s_r;beta,-0.5;0.03425647986552569;0.32057672965544004;2.449489742783178,"quarter_window_m_lattice(step=0.25,[-1,2]) x geometric3_beta([1,6]) x geometric3_scale([s_side_min(beta),3])^2","D-F2-02;D-F2-03;D-F2-05;D-F2-07a;D-F2-07b;D-F2-07c;D-F2-07d(beta[1,6]);D-F2-06d(KuralT+KuralS,n_min=3)",true,true,true,none
P-02,P02-G-0060,fixed_grid,m;s_l;s_r;beta,-0.5;0.03425647986552569;3.0;2.449489742783178,"quarter_window_m_lattice(step=0.25,[-1,2]) x geometric3_beta([1,6]) x geometric3_scale([s_side_min(beta),3])^2","D-F2-02;D-F2-03;D-F2-05;D-F2-07a;D-F2-07b;D-F2-07c;D-F2-07d(beta[1,6]);D-F2-06d(KuralT+KuralS,n_min=3)",true,true,true,none
P-02,P02-G-0061,fixed_grid,m;s_l;s_r;beta,-0.5;0.07465689442188805;0.07465689442188805;6.0,"quarter_window_m_lattice(step=0.25,[-1,2]) x geometric3_beta([1,6]) x geometric3_scale([s_side_min(beta),3])^2","D-F2-02;D-F2-03;D-F2-05;D-F2-07a;D-F2-07b;D-F2-07c;D-F2-07d(beta[1,6]);D-F2-06d(KuralT+KuralS,n_min=3)",true,false,false,KURAL_S_FAIL
P-02,P02-G-0062,fixed_grid,m;s_l;s_r;beta,-0.5;0.07465689442188805;0.47325541018108197;6.0,"quarter_window_m_lattice(step=0.25,[-1,2]) x geometric3_beta([1,6]) x geometric3_scale([s_side_min(beta),3])^2","D-F2-02;D-F2-03;D-F2-05;D-F2-07a;D-F2-07b;D-F2-07c;D-F2-07d(beta[1,6]);D-F2-06d(KuralT+KuralS,n_min=3)",true,true,true,none
P-02,P02-G-0063,fixed_grid,m;s_l;s_r;beta,-0.5;0.07465689442188805;3.0;6.0,"quarter_window_m_lattice(step=0.25,[-1,2]) x geometric3_beta([1,6]) x geometric3_scale([s_side_min(beta),3])^2","D-F2-02;D-F2-03;D-F2-05;D-F2-07a;D-F2-07b;D-F2-07c;D-F2-07d(beta[1,6]);D-F2-06d(KuralT+KuralS,n_min=3)",true,true,true,none
P-02,P02-G-0064,fixed_grid,m;s_l;s_r;beta,-0.5;0.21698234791863757;0.01569377976942823;1.0,"quarter_window_m_lattice(step=0.25,[-1,2]) x geometric3_beta([1,6]) x geometric3_scale([s_side_min(beta),3])^2","D-F2-02;D-F2-03;D-F2-05;D-F2-07a;D-F2-07b;D-F2-07c;D-F2-07d(beta[1,6]);D-F2-06d(KuralT+KuralS,n_min=3)",true,false,false,KURAL_S_FAIL
P-02,P02-G-0065,fixed_grid,m;s_l;s_r;beta,-0.5;0.21698234791863757;0.21698234791863757;1.0,"quarter_window_m_lattice(step=0.25,[-1,2]) x geometric3_beta([1,6]) x geometric3_scale([s_side_min(beta),3])^2","D-F2-02;D-F2-03;D-F2-05;D-F2-07a;D-F2-07b;D-F2-07c;D-F2-07d(beta[1,6]);D-F2-06d(KuralT+KuralS,n_min=3)",true,true,true,none
P-02,P02-G-0066,fixed_grid,m;s_l;s_r;beta,-0.5;0.21698234791863757;3.0;1.0,"quarter_window_m_lattice(step=0.25,[-1,2]) x geometric3_beta([1,6]) x geometric3_scale([s_side_min(beta),3])^2","D-F2-02;D-F2-03;D-F2-05;D-F2-07a;D-F2-07b;D-F2-07c;D-F2-07d(beta[1,6]);D-F2-06d(KuralT+KuralS,n_min=3)",true,true,true,none
P-02,P02-G-0067,fixed_grid,m;s_l;s_r;beta,-0.5;0.32057672965544004;0.03425647986552569;2.449489742783178,"quarter_window_m_lattice(step=0.25,[-1,2]) x geometric3_beta([1,6]) x geometric3_scale([s_side_min(beta),3])^2","D-F2-02;D-F2-03;D-F2-05;D-F2-07a;D-F2-07b;D-F2-07c;D-F2-07d(beta[1,6]);D-F2-06d(KuralT+KuralS,n_min=3)",true,false,false,KURAL_S_FAIL
P-02,P02-G-0068,fixed_grid,m;s_l;s_r;beta,-0.5;0.32057672965544004;0.32057672965544004;2.449489742783178,"quarter_window_m_lattice(step=0.25,[-1,2]) x geometric3_beta([1,6]) x geometric3_scale([s_side_min(beta),3])^2","D-F2-02;D-F2-03;D-F2-05;D-F2-07a;D-F2-07b;D-F2-07c;D-F2-07d(beta[1,6]);D-F2-06d(KuralT+KuralS,n_min=3)",true,true,true,none
P-02,P02-G-0069,fixed_grid,m;s_l;s_r;beta,-0.5;0.32057672965544004;3.0;2.449489742783178,"quarter_window_m_lattice(step=0.25,[-1,2]) x geometric3_beta([1,6]) x geometric3_scale([s_side_min(beta),3])^2","D-F2-02;D-F2-03;D-F2-05;D-F2-07a;D-F2-07b;D-F2-07c;D-F2-07d(beta[1,6]);D-F2-06d(KuralT+KuralS,n_min=3)",true,true,true,none
P-02,P02-G-0070,fixed_grid,m;s_l;s_r;beta,-0.5;0.47325541018108197;0.07465689442188805;6.0,"quarter_window_m_lattice(step=0.25,[-1,2]) x geometric3_beta([1,6]) x geometric3_scale([s_side_min(beta),3])^2","D-F2-02;D-F2-03;D-F2-05;D-F2-07a;D-F2-07b;D-F2-07c;D-F2-07d(beta[1,6]);D-F2-06d(KuralT+KuralS,n_min=3)",true,false,false,KURAL_S_FAIL
P-02,P02-G-0071,fixed_grid,m;s_l;s_r;beta,-0.5;0.47325541018108197;0.47325541018108197;6.0,"quarter_window_m_lattice(step=0.25,[-1,2]) x geometric3_beta([1,6]) x geometric3_scale([s_side_min(beta),3])^2","D-F2-02;D-F2-03;D-F2-05;D-F2-07a;D-F2-07b;D-F2-07c;D-F2-07d(beta[1,6]);D-F2-06d(KuralT+KuralS,n_min=3)",true,true,true,none
P-02,P02-G-0072,fixed_grid,m;s_l;s_r;beta,-0.5;0.47325541018108197;3.0;6.0,"quarter_window_m_lattice(step=0.25,[-1,2]) x geometric3_beta([1,6]) x geometric3_scale([s_side_min(beta),3])^2","D-F2-02;D-F2-03;D-F2-05;D-F2-07a;D-F2-07b;D-F2-07c;D-F2-07d(beta[1,6]);D-F2-06d(KuralT+KuralS,n_min=3)",true,true,true,none
P-02,P02-G-0073,fixed_grid,m;s_l;s_r;beta,-0.5;3.0;0.01569377976942823;1.0,"quarter_window_m_lattice(step=0.25,[-1,2]) x geometric3_beta([1,6]) x geometric3_scale([s_side_min(beta),3])^2","D-F2-02;D-F2-03;D-F2-05;D-F2-07a;D-F2-07b;D-F2-07c;D-F2-07d(beta[1,6]);D-F2-06d(KuralT+KuralS,n_min=3)",true,false,false,KURAL_S_FAIL
P-02,P02-G-0074,fixed_grid,m;s_l;s_r;beta,-0.5;3.0;0.03425647986552569;2.449489742783178,"quarter_window_m_lattice(step=0.25,[-1,2]) x geometric3_beta([1,6]) x geometric3_scale([s_side_min(beta),3])^2","D-F2-02;D-F2-03;D-F2-05;D-F2-07a;D-F2-07b;D-F2-07c;D-F2-07d(beta[1,6]);D-F2-06d(KuralT+KuralS,n_min=3)",true,false,false,KURAL_S_FAIL
P-02,P02-G-0075,fixed_grid,m;s_l;s_r;beta,-0.5;3.0;0.07465689442188805;6.0,"quarter_window_m_lattice(step=0.25,[-1,2]) x geometric3_beta([1,6]) x geometric3_scale([s_side_min(beta),3])^2","D-F2-02;D-F2-03;D-F2-05;D-F2-07a;D-F2-07b;D-F2-07c;D-F2-07d(beta[1,6]);D-F2-06d(KuralT+KuralS,n_min=3)",true,false,false,KURAL_S_FAIL
P-02,P02-G-0076,fixed_grid,m;s_l;s_r;beta,-0.5;3.0;0.21698234791863757;1.0,"quarter_window_m_lattice(step=0.25,[-1,2]) x geometric3_beta([1,6]) x geometric3_scale([s_side_min(beta),3])^2","D-F2-02;D-F2-03;D-F2-05;D-F2-07a;D-F2-07b;D-F2-07c;D-F2-07d(beta[1,6]);D-F2-06d(KuralT+KuralS,n_min=3)",true,true,true,none
P-02,P02-G-0077,fixed_grid,m;s_l;s_r;beta,-0.5;3.0;0.32057672965544004;2.449489742783178,"quarter_window_m_lattice(step=0.25,[-1,2]) x geometric3_beta([1,6]) x geometric3_scale([s_side_min(beta),3])^2","D-F2-02;D-F2-03;D-F2-05;D-F2-07a;D-F2-07b;D-F2-07c;D-F2-07d(beta[1,6]);D-F2-06d(KuralT+KuralS,n_min=3)",true,true,true,none
P-02,P02-G-0078,fixed_grid,m;s_l;s_r;beta,-0.5;3.0;0.47325541018108197;6.0,"quarter_window_m_lattice(step=0.25,[-1,2]) x geometric3_beta([1,6]) x geometric3_scale([s_side_min(beta),3])^2","D-F2-02;D-F2-03;D-F2-05;D-F2-07a;D-F2-07b;D-F2-07c;D-F2-07d(beta[1,6]);D-F2-06d(KuralT+KuralS,n_min=3)",true,true,true,none
P-02,P02-G-0079,fixed_grid,m;s_l;s_r;beta,-0.5;3.0;3.0;1.0,"quarter_window_m_lattice(step=0.25,[-1,2]) x geometric3_beta([1,6]) x geometric3_scale([s_side_min(beta),3])^2","D-F2-02;D-F2-03;D-F2-05;D-F2-07a;D-F2-07b;D-F2-07c;D-F2-07d(beta[1,6]);D-F2-06d(KuralT+KuralS,n_min=3)",true,true,true,none
P-02,P02-G-0080,fixed_grid,m;s_l;s_r;beta,-0.5;3.0;3.0;2.449489742783178,"quarter_window_m_lattice(step=0.25,[-1,2]) x geometric3_beta([1,6]) x geometric3_scale([s_side_min(beta),3])^2","D-F2-02;D-F2-03;D-F2-05;D-F2-07a;D-F2-07b;D-F2-07c;D-F2-07d(beta[1,6]);D-F2-06d(KuralT+KuralS,n_min=3)",true,true,true,none
P-02,P02-G-0081,fixed_grid,m;s_l;s_r;beta,-0.5;3.0;3.0;6.0,"quarter_window_m_lattice(step=0.25,[-1,2]) x geometric3_beta([1,6]) x geometric3_scale([s_side_min(beta),3])^2","D-F2-02;D-F2-03;D-F2-05;D-F2-07a;D-F2-07b;D-F2-07c;D-F2-07d(beta[1,6]);D-F2-06d(KuralT+KuralS,n_min=3)",true,true,true,none
P-02,P02-G-0082,fixed_grid,m;s_l;s_r;beta,-0.25;0.01569377976942823;0.01569377976942823;1.0,"quarter_window_m_lattice(step=0.25,[-1,2]) x geometric3_beta([1,6]) x geometric3_scale([s_side_min(beta),3])^2","D-F2-02;D-F2-03;D-F2-05;D-F2-07a;D-F2-07b;D-F2-07c;D-F2-07d(beta[1,6]);D-F2-06d(KuralT+KuralS,n_min=3)",true,false,false,KURAL_S_FAIL
P-02,P02-G-0083,fixed_grid,m;s_l;s_r;beta,-0.25;0.01569377976942823;0.21698234791863757;1.0,"quarter_window_m_lattice(step=0.25,[-1,2]) x geometric3_beta([1,6]) x geometric3_scale([s_side_min(beta),3])^2","D-F2-02;D-F2-03;D-F2-05;D-F2-07a;D-F2-07b;D-F2-07c;D-F2-07d(beta[1,6]);D-F2-06d(KuralT+KuralS,n_min=3)",true,true,true,none
P-02,P02-G-0084,fixed_grid,m;s_l;s_r;beta,-0.25;0.01569377976942823;3.0;1.0,"quarter_window_m_lattice(step=0.25,[-1,2]) x geometric3_beta([1,6]) x geometric3_scale([s_side_min(beta),3])^2","D-F2-02;D-F2-03;D-F2-05;D-F2-07a;D-F2-07b;D-F2-07c;D-F2-07d(beta[1,6]);D-F2-06d(KuralT+KuralS,n_min=3)",true,true,true,none
P-02,P02-G-0085,fixed_grid,m;s_l;s_r;beta,-0.25;0.03425647986552569;0.03425647986552569;2.449489742783178,"quarter_window_m_lattice(step=0.25,[-1,2]) x geometric3_beta([1,6]) x geometric3_scale([s_side_min(beta),3])^2","D-F2-02;D-F2-03;D-F2-05;D-F2-07a;D-F2-07b;D-F2-07c;D-F2-07d(beta[1,6]);D-F2-06d(KuralT+KuralS,n_min=3)",true,false,false,KURAL_S_FAIL
P-02,P02-G-0086,fixed_grid,m;s_l;s_r;beta,-0.25;0.03425647986552569;0.32057672965544004;2.449489742783178,"quarter_window_m_lattice(step=0.25,[-1,2]) x geometric3_beta([1,6]) x geometric3_scale([s_side_min(beta),3])^2","D-F2-02;D-F2-03;D-F2-05;D-F2-07a;D-F2-07b;D-F2-07c;D-F2-07d(beta[1,6]);D-F2-06d(KuralT+KuralS,n_min=3)",true,true,true,none
P-02,P02-G-0087,fixed_grid,m;s_l;s_r;beta,-0.25;0.03425647986552569;3.0;2.449489742783178,"quarter_window_m_lattice(step=0.25,[-1,2]) x geometric3_beta([1,6]) x geometric3_scale([s_side_min(beta),3])^2","D-F2-02;D-F2-03;D-F2-05;D-F2-07a;D-F2-07b;D-F2-07c;D-F2-07d(beta[1,6]);D-F2-06d(KuralT+KuralS,n_min=3)",true,true,true,none
P-02,P02-G-0088,fixed_grid,m;s_l;s_r;beta,-0.25;0.07465689442188805;0.07465689442188805;6.0,"quarter_window_m_lattice(step=0.25,[-1,2]) x geometric3_beta([1,6]) x geometric3_scale([s_side_min(beta),3])^2","D-F2-02;D-F2-03;D-F2-05;D-F2-07a;D-F2-07b;D-F2-07c;D-F2-07d(beta[1,6]);D-F2-06d(KuralT+KuralS,n_min=3)",true,false,false,KURAL_S_FAIL
P-02,P02-G-0089,fixed_grid,m;s_l;s_r;beta,-0.25;0.07465689442188805;0.47325541018108197;6.0,"quarter_window_m_lattice(step=0.25,[-1,2]) x geometric3_beta([1,6]) x geometric3_scale([s_side_min(beta),3])^2","D-F2-02;D-F2-03;D-F2-05;D-F2-07a;D-F2-07b;D-F2-07c;D-F2-07d(beta[1,6]);D-F2-06d(KuralT+KuralS,n_min=3)",true,true,true,none
P-02,P02-G-0090,fixed_grid,m;s_l;s_r;beta,-0.25;0.07465689442188805;3.0;6.0,"quarter_window_m_lattice(step=0.25,[-1,2]) x geometric3_beta([1,6]) x geometric3_scale([s_side_min(beta),3])^2","D-F2-02;D-F2-03;D-F2-05;D-F2-07a;D-F2-07b;D-F2-07c;D-F2-07d(beta[1,6]);D-F2-06d(KuralT+KuralS,n_min=3)",true,true,true,none
P-02,P02-G-0091,fixed_grid,m;s_l;s_r;beta,-0.25;0.21698234791863757;0.01569377976942823;1.0,"quarter_window_m_lattice(step=0.25,[-1,2]) x geometric3_beta([1,6]) x geometric3_scale([s_side_min(beta),3])^2","D-F2-02;D-F2-03;D-F2-05;D-F2-07a;D-F2-07b;D-F2-07c;D-F2-07d(beta[1,6]);D-F2-06d(KuralT+KuralS,n_min=3)",true,false,false,KURAL_S_FAIL
P-02,P02-G-0092,fixed_grid,m;s_l;s_r;beta,-0.25;0.21698234791863757;0.21698234791863757;1.0,"quarter_window_m_lattice(step=0.25,[-1,2]) x geometric3_beta([1,6]) x geometric3_scale([s_side_min(beta),3])^2","D-F2-02;D-F2-03;D-F2-05;D-F2-07a;D-F2-07b;D-F2-07c;D-F2-07d(beta[1,6]);D-F2-06d(KuralT+KuralS,n_min=3)",true,true,true,none
P-02,P02-G-0093,fixed_grid,m;s_l;s_r;beta,-0.25;0.21698234791863757;3.0;1.0,"quarter_window_m_lattice(step=0.25,[-1,2]) x geometric3_beta([1,6]) x geometric3_scale([s_side_min(beta),3])^2","D-F2-02;D-F2-03;D-F2-05;D-F2-07a;D-F2-07b;D-F2-07c;D-F2-07d(beta[1,6]);D-F2-06d(KuralT+KuralS,n_min=3)",true,true,true,none
P-02,P02-G-0094,fixed_grid,m;s_l;s_r;beta,-0.25;0.32057672965544004;0.03425647986552569;2.449489742783178,"quarter_window_m_lattice(step=0.25,[-1,2]) x geometric3_beta([1,6]) x geometric3_scale([s_side_min(beta),3])^2","D-F2-02;D-F2-03;D-F2-05;D-F2-07a;D-F2-07b;D-F2-07c;D-F2-07d(beta[1,6]);D-F2-06d(KuralT+KuralS,n_min=3)",true,false,false,KURAL_S_FAIL
P-02,P02-G-0095,fixed_grid,m;s_l;s_r;beta,-0.25;0.32057672965544004;0.32057672965544004;2.449489742783178,"quarter_window_m_lattice(step=0.25,[-1,2]) x geometric3_beta([1,6]) x geometric3_scale([s_side_min(beta),3])^2","D-F2-02;D-F2-03;D-F2-05;D-F2-07a;D-F2-07b;D-F2-07c;D-F2-07d(beta[1,6]);D-F2-06d(KuralT+KuralS,n_min=3)",true,true,true,none
P-02,P02-G-0096,fixed_grid,m;s_l;s_r;beta,-0.25;0.32057672965544004;3.0;2.449489742783178,"quarter_window_m_lattice(step=0.25,[-1,2]) x geometric3_beta([1,6]) x geometric3_scale([s_side_min(beta),3])^2","D-F2-02;D-F2-03;D-F2-05;D-F2-07a;D-F2-07b;D-F2-07c;D-F2-07d(beta[1,6]);D-F2-06d(KuralT+KuralS,n_min=3)",true,true,true,none
P-02,P02-G-0097,fixed_grid,m;s_l;s_r;beta,-0.25;0.47325541018108197;0.07465689442188805;6.0,"quarter_window_m_lattice(step=0.25,[-1,2]) x geometric3_beta([1,6]) x geometric3_scale([s_side_min(beta),3])^2","D-F2-02;D-F2-03;D-F2-05;D-F2-07a;D-F2-07b;D-F2-07c;D-F2-07d(beta[1,6]);D-F2-06d(KuralT+KuralS,n_min=3)",true,false,false,KURAL_S_FAIL
P-02,P02-G-0098,fixed_grid,m;s_l;s_r;beta,-0.25;0.47325541018108197;0.47325541018108197;6.0,"quarter_window_m_lattice(step=0.25,[-1,2]) x geometric3_beta([1,6]) x geometric3_scale([s_side_min(beta),3])^2","D-F2-02;D-F2-03;D-F2-05;D-F2-07a;D-F2-07b;D-F2-07c;D-F2-07d(beta[1,6]);D-F2-06d(KuralT+KuralS,n_min=3)",true,true,true,none
P-02,P02-G-0099,fixed_grid,m;s_l;s_r;beta,-0.25;0.47325541018108197;3.0;6.0,"quarter_window_m_lattice(step=0.25,[-1,2]) x geometric3_beta([1,6]) x geometric3_scale([s_side_min(beta),3])^2","D-F2-02;D-F2-03;D-F2-05;D-F2-07a;D-F2-07b;D-F2-07c;D-F2-07d(beta[1,6]);D-F2-06d(KuralT+KuralS,n_min=3)",true,true,true,none
P-02,P02-G-0100,fixed_grid,m;s_l;s_r;beta,-0.25;3.0;0.01569377976942823;1.0,"quarter_window_m_lattice(step=0.25,[-1,2]) x geometric3_beta([1,6]) x geometric3_scale([s_side_min(beta),3])^2","D-F2-02;D-F2-03;D-F2-05;D-F2-07a;D-F2-07b;D-F2-07c;D-F2-07d(beta[1,6]);D-F2-06d(KuralT+KuralS,n_min=3)",true,false,false,KURAL_S_FAIL
P-02,P02-G-0101,fixed_grid,m;s_l;s_r;beta,-0.25;3.0;0.03425647986552569;2.449489742783178,"quarter_window_m_lattice(step=0.25,[-1,2]) x geometric3_beta([1,6]) x geometric3_scale([s_side_min(beta),3])^2","D-F2-02;D-F2-03;D-F2-05;D-F2-07a;D-F2-07b;D-F2-07c;D-F2-07d(beta[1,6]);D-F2-06d(KuralT+KuralS,n_min=3)",true,false,false,KURAL_S_FAIL
P-02,P02-G-0102,fixed_grid,m;s_l;s_r;beta,-0.25;3.0;0.07465689442188805;6.0,"quarter_window_m_lattice(step=0.25,[-1,2]) x geometric3_beta([1,6]) x geometric3_scale([s_side_min(beta),3])^2","D-F2-02;D-F2-03;D-F2-05;D-F2-07a;D-F2-07b;D-F2-07c;D-F2-07d(beta[1,6]);D-F2-06d(KuralT+KuralS,n_min=3)",true,false,false,KURAL_S_FAIL
P-02,P02-G-0103,fixed_grid,m;s_l;s_r;beta,-0.25;3.0;0.21698234791863757;1.0,"quarter_window_m_lattice(step=0.25,[-1,2]) x geometric3_beta([1,6]) x geometric3_scale([s_side_min(beta),3])^2","D-F2-02;D-F2-03;D-F2-05;D-F2-07a;D-F2-07b;D-F2-07c;D-F2-07d(beta[1,6]);D-F2-06d(KuralT+KuralS,n_min=3)",true,true,true,none
P-02,P02-G-0104,fixed_grid,m;s_l;s_r;beta,-0.25;3.0;0.32057672965544004;2.449489742783178,"quarter_window_m_lattice(step=0.25,[-1,2]) x geometric3_beta([1,6]) x geometric3_scale([s_side_min(beta),3])^2","D-F2-02;D-F2-03;D-F2-05;D-F2-07a;D-F2-07b;D-F2-07c;D-F2-07d(beta[1,6]);D-F2-06d(KuralT+KuralS,n_min=3)",true,true,true,none
P-02,P02-G-0105,fixed_grid,m;s_l;s_r;beta,-0.25;3.0;0.47325541018108197;6.0,"quarter_window_m_lattice(step=0.25,[-1,2]) x geometric3_beta([1,6]) x geometric3_scale([s_side_min(beta),3])^2","D-F2-02;D-F2-03;D-F2-05;D-F2-07a;D-F2-07b;D-F2-07c;D-F2-07d(beta[1,6]);D-F2-06d(KuralT+KuralS,n_min=3)",true,true,true,none
P-02,P02-G-0106,fixed_grid,m;s_l;s_r;beta,-0.25;3.0;3.0;1.0,"quarter_window_m_lattice(step=0.25,[-1,2]) x geometric3_beta([1,6]) x geometric3_scale([s_side_min(beta),3])^2","D-F2-02;D-F2-03;D-F2-05;D-F2-07a;D-F2-07b;D-F2-07c;D-F2-07d(beta[1,6]);D-F2-06d(KuralT+KuralS,n_min=3)",true,true,true,none
P-02,P02-G-0107,fixed_grid,m;s_l;s_r;beta,-0.25;3.0;3.0;2.449489742783178,"quarter_window_m_lattice(step=0.25,[-1,2]) x geometric3_beta([1,6]) x geometric3_scale([s_side_min(beta),3])^2","D-F2-02;D-F2-03;D-F2-05;D-F2-07a;D-F2-07b;D-F2-07c;D-F2-07d(beta[1,6]);D-F2-06d(KuralT+KuralS,n_min=3)",true,true,true,none
P-02,P02-G-0108,fixed_grid,m;s_l;s_r;beta,-0.25;3.0;3.0;6.0,"quarter_window_m_lattice(step=0.25,[-1,2]) x geometric3_beta([1,6]) x geometric3_scale([s_side_min(beta),3])^2","D-F2-02;D-F2-03;D-F2-05;D-F2-07a;D-F2-07b;D-F2-07c;D-F2-07d(beta[1,6]);D-F2-06d(KuralT+KuralS,n_min=3)",true,true,true,none
P-02,P02-G-0109,fixed_grid,m;s_l;s_r;beta,0.0;0.01569377976942823;0.01569377976942823;1.0,"quarter_window_m_lattice(step=0.25,[-1,2]) x geometric3_beta([1,6]) x geometric3_scale([s_side_min(beta),3])^2","D-F2-02;D-F2-03;D-F2-05;D-F2-07a;D-F2-07b;D-F2-07c;D-F2-07d(beta[1,6]);D-F2-06d(KuralT+KuralS,n_min=3)",true,false,false,KURAL_S_FAIL
P-02,P02-G-0110,fixed_grid,m;s_l;s_r;beta,0.0;0.01569377976942823;0.21698234791863757;1.0,"quarter_window_m_lattice(step=0.25,[-1,2]) x geometric3_beta([1,6]) x geometric3_scale([s_side_min(beta),3])^2","D-F2-02;D-F2-03;D-F2-05;D-F2-07a;D-F2-07b;D-F2-07c;D-F2-07d(beta[1,6]);D-F2-06d(KuralT+KuralS,n_min=3)",true,true,true,none
P-02,P02-G-0111,fixed_grid,m;s_l;s_r;beta,0.0;0.01569377976942823;3.0;1.0,"quarter_window_m_lattice(step=0.25,[-1,2]) x geometric3_beta([1,6]) x geometric3_scale([s_side_min(beta),3])^2","D-F2-02;D-F2-03;D-F2-05;D-F2-07a;D-F2-07b;D-F2-07c;D-F2-07d(beta[1,6]);D-F2-06d(KuralT+KuralS,n_min=3)",true,true,true,none
P-02,P02-G-0112,fixed_grid,m;s_l;s_r;beta,0.0;0.03425647986552569;0.03425647986552569;2.449489742783178,"quarter_window_m_lattice(step=0.25,[-1,2]) x geometric3_beta([1,6]) x geometric3_scale([s_side_min(beta),3])^2","D-F2-02;D-F2-03;D-F2-05;D-F2-07a;D-F2-07b;D-F2-07c;D-F2-07d(beta[1,6]);D-F2-06d(KuralT+KuralS,n_min=3)",true,true,true,none
P-02,P02-G-0113,fixed_grid,m;s_l;s_r;beta,0.0;0.03425647986552569;0.32057672965544004;2.449489742783178,"quarter_window_m_lattice(step=0.25,[-1,2]) x geometric3_beta([1,6]) x geometric3_scale([s_side_min(beta),3])^2","D-F2-02;D-F2-03;D-F2-05;D-F2-07a;D-F2-07b;D-F2-07c;D-F2-07d(beta[1,6]);D-F2-06d(KuralT+KuralS,n_min=3)",true,true,true,none
P-02,P02-G-0114,fixed_grid,m;s_l;s_r;beta,0.0;0.03425647986552569;3.0;2.449489742783178,"quarter_window_m_lattice(step=0.25,[-1,2]) x geometric3_beta([1,6]) x geometric3_scale([s_side_min(beta),3])^2","D-F2-02;D-F2-03;D-F2-05;D-F2-07a;D-F2-07b;D-F2-07c;D-F2-07d(beta[1,6]);D-F2-06d(KuralT+KuralS,n_min=3)",true,true,true,none
P-02,P02-G-0115,fixed_grid,m;s_l;s_r;beta,0.0;0.07465689442188805;0.07465689442188805;6.0,"quarter_window_m_lattice(step=0.25,[-1,2]) x geometric3_beta([1,6]) x geometric3_scale([s_side_min(beta),3])^2","D-F2-02;D-F2-03;D-F2-05;D-F2-07a;D-F2-07b;D-F2-07c;D-F2-07d(beta[1,6]);D-F2-06d(KuralT+KuralS,n_min=3)",true,true,true,none
P-02,P02-G-0116,fixed_grid,m;s_l;s_r;beta,0.0;0.07465689442188805;0.47325541018108197;6.0,"quarter_window_m_lattice(step=0.25,[-1,2]) x geometric3_beta([1,6]) x geometric3_scale([s_side_min(beta),3])^2","D-F2-02;D-F2-03;D-F2-05;D-F2-07a;D-F2-07b;D-F2-07c;D-F2-07d(beta[1,6]);D-F2-06d(KuralT+KuralS,n_min=3)",true,true,true,none
P-02,P02-G-0117,fixed_grid,m;s_l;s_r;beta,0.0;0.07465689442188805;3.0;6.0,"quarter_window_m_lattice(step=0.25,[-1,2]) x geometric3_beta([1,6]) x geometric3_scale([s_side_min(beta),3])^2","D-F2-02;D-F2-03;D-F2-05;D-F2-07a;D-F2-07b;D-F2-07c;D-F2-07d(beta[1,6]);D-F2-06d(KuralT+KuralS,n_min=3)",true,true,true,none
P-02,P02-G-0118,fixed_grid,m;s_l;s_r;beta,0.0;0.21698234791863757;0.01569377976942823;1.0,"quarter_window_m_lattice(step=0.25,[-1,2]) x geometric3_beta([1,6]) x geometric3_scale([s_side_min(beta),3])^2","D-F2-02;D-F2-03;D-F2-05;D-F2-07a;D-F2-07b;D-F2-07c;D-F2-07d(beta[1,6]);D-F2-06d(KuralT+KuralS,n_min=3)",true,false,false,KURAL_S_FAIL
P-02,P02-G-0119,fixed_grid,m;s_l;s_r;beta,0.0;0.21698234791863757;0.21698234791863757;1.0,"quarter_window_m_lattice(step=0.25,[-1,2]) x geometric3_beta([1,6]) x geometric3_scale([s_side_min(beta),3])^2","D-F2-02;D-F2-03;D-F2-05;D-F2-07a;D-F2-07b;D-F2-07c;D-F2-07d(beta[1,6]);D-F2-06d(KuralT+KuralS,n_min=3)",true,true,true,none
P-02,P02-G-0120,fixed_grid,m;s_l;s_r;beta,0.0;0.21698234791863757;3.0;1.0,"quarter_window_m_lattice(step=0.25,[-1,2]) x geometric3_beta([1,6]) x geometric3_scale([s_side_min(beta),3])^2","D-F2-02;D-F2-03;D-F2-05;D-F2-07a;D-F2-07b;D-F2-07c;D-F2-07d(beta[1,6]);D-F2-06d(KuralT+KuralS,n_min=3)",true,true,true,none
P-02,P02-G-0121,fixed_grid,m;s_l;s_r;beta,0.0;0.32057672965544004;0.03425647986552569;2.449489742783178,"quarter_window_m_lattice(step=0.25,[-1,2]) x geometric3_beta([1,6]) x geometric3_scale([s_side_min(beta),3])^2","D-F2-02;D-F2-03;D-F2-05;D-F2-07a;D-F2-07b;D-F2-07c;D-F2-07d(beta[1,6]);D-F2-06d(KuralT+KuralS,n_min=3)",true,true,true,none
P-02,P02-G-0122,fixed_grid,m;s_l;s_r;beta,0.0;0.32057672965544004;0.32057672965544004;2.449489742783178,"quarter_window_m_lattice(step=0.25,[-1,2]) x geometric3_beta([1,6]) x geometric3_scale([s_side_min(beta),3])^2","D-F2-02;D-F2-03;D-F2-05;D-F2-07a;D-F2-07b;D-F2-07c;D-F2-07d(beta[1,6]);D-F2-06d(KuralT+KuralS,n_min=3)",true,true,true,none
P-02,P02-G-0123,fixed_grid,m;s_l;s_r;beta,0.0;0.32057672965544004;3.0;2.449489742783178,"quarter_window_m_lattice(step=0.25,[-1,2]) x geometric3_beta([1,6]) x geometric3_scale([s_side_min(beta),3])^2","D-F2-02;D-F2-03;D-F2-05;D-F2-07a;D-F2-07b;D-F2-07c;D-F2-07d(beta[1,6]);D-F2-06d(KuralT+KuralS,n_min=3)",true,true,true,none
P-02,P02-G-0124,fixed_grid,m;s_l;s_r;beta,0.0;0.47325541018108197;0.07465689442188805;6.0,"quarter_window_m_lattice(step=0.25,[-1,2]) x geometric3_beta([1,6]) x geometric3_scale([s_side_min(beta),3])^2","D-F2-02;D-F2-03;D-F2-05;D-F2-07a;D-F2-07b;D-F2-07c;D-F2-07d(beta[1,6]);D-F2-06d(KuralT+KuralS,n_min=3)",true,true,true,none
P-02,P02-G-0125,fixed_grid,m;s_l;s_r;beta,0.0;0.47325541018108197;0.47325541018108197;6.0,"quarter_window_m_lattice(step=0.25,[-1,2]) x geometric3_beta([1,6]) x geometric3_scale([s_side_min(beta),3])^2","D-F2-02;D-F2-03;D-F2-05;D-F2-07a;D-F2-07b;D-F2-07c;D-F2-07d(beta[1,6]);D-F2-06d(KuralT+KuralS,n_min=3)",true,true,true,none
P-02,P02-G-0126,fixed_grid,m;s_l;s_r;beta,0.0;0.47325541018108197;3.0;6.0,"quarter_window_m_lattice(step=0.25,[-1,2]) x geometric3_beta([1,6]) x geometric3_scale([s_side_min(beta),3])^2","D-F2-02;D-F2-03;D-F2-05;D-F2-07a;D-F2-07b;D-F2-07c;D-F2-07d(beta[1,6]);D-F2-06d(KuralT+KuralS,n_min=3)",true,true,true,none
P-02,P02-G-0127,fixed_grid,m;s_l;s_r;beta,0.0;3.0;0.01569377976942823;1.0,"quarter_window_m_lattice(step=0.25,[-1,2]) x geometric3_beta([1,6]) x geometric3_scale([s_side_min(beta),3])^2","D-F2-02;D-F2-03;D-F2-05;D-F2-07a;D-F2-07b;D-F2-07c;D-F2-07d(beta[1,6]);D-F2-06d(KuralT+KuralS,n_min=3)",true,false,false,KURAL_S_FAIL
P-02,P02-G-0128,fixed_grid,m;s_l;s_r;beta,0.0;3.0;0.03425647986552569;2.449489742783178,"quarter_window_m_lattice(step=0.25,[-1,2]) x geometric3_beta([1,6]) x geometric3_scale([s_side_min(beta),3])^2","D-F2-02;D-F2-03;D-F2-05;D-F2-07a;D-F2-07b;D-F2-07c;D-F2-07d(beta[1,6]);D-F2-06d(KuralT+KuralS,n_min=3)",true,true,true,none
P-02,P02-G-0129,fixed_grid,m;s_l;s_r;beta,0.0;3.0;0.07465689442188805;6.0,"quarter_window_m_lattice(step=0.25,[-1,2]) x geometric3_beta([1,6]) x geometric3_scale([s_side_min(beta),3])^2","D-F2-02;D-F2-03;D-F2-05;D-F2-07a;D-F2-07b;D-F2-07c;D-F2-07d(beta[1,6]);D-F2-06d(KuralT+KuralS,n_min=3)",true,true,true,none
P-02,P02-G-0130,fixed_grid,m;s_l;s_r;beta,0.0;3.0;0.21698234791863757;1.0,"quarter_window_m_lattice(step=0.25,[-1,2]) x geometric3_beta([1,6]) x geometric3_scale([s_side_min(beta),3])^2","D-F2-02;D-F2-03;D-F2-05;D-F2-07a;D-F2-07b;D-F2-07c;D-F2-07d(beta[1,6]);D-F2-06d(KuralT+KuralS,n_min=3)",true,true,true,none
P-02,P02-G-0131,fixed_grid,m;s_l;s_r;beta,0.0;3.0;0.32057672965544004;2.449489742783178,"quarter_window_m_lattice(step=0.25,[-1,2]) x geometric3_beta([1,6]) x geometric3_scale([s_side_min(beta),3])^2","D-F2-02;D-F2-03;D-F2-05;D-F2-07a;D-F2-07b;D-F2-07c;D-F2-07d(beta[1,6]);D-F2-06d(KuralT+KuralS,n_min=3)",true,true,true,none
P-02,P02-G-0132,fixed_grid,m;s_l;s_r;beta,0.0;3.0;0.47325541018108197;6.0,"quarter_window_m_lattice(step=0.25,[-1,2]) x geometric3_beta([1,6]) x geometric3_scale([s_side_min(beta),3])^2","D-F2-02;D-F2-03;D-F2-05;D-F2-07a;D-F2-07b;D-F2-07c;D-F2-07d(beta[1,6]);D-F2-06d(KuralT+KuralS,n_min=3)",true,true,true,none
P-02,P02-G-0133,fixed_grid,m;s_l;s_r;beta,0.0;3.0;3.0;1.0,"quarter_window_m_lattice(step=0.25,[-1,2]) x geometric3_beta([1,6]) x geometric3_scale([s_side_min(beta),3])^2","D-F2-02;D-F2-03;D-F2-05;D-F2-07a;D-F2-07b;D-F2-07c;D-F2-07d(beta[1,6]);D-F2-06d(KuralT+KuralS,n_min=3)",true,true,true,none
P-02,P02-G-0134,fixed_grid,m;s_l;s_r;beta,0.0;3.0;3.0;2.449489742783178,"quarter_window_m_lattice(step=0.25,[-1,2]) x geometric3_beta([1,6]) x geometric3_scale([s_side_min(beta),3])^2","D-F2-02;D-F2-03;D-F2-05;D-F2-07a;D-F2-07b;D-F2-07c;D-F2-07d(beta[1,6]);D-F2-06d(KuralT+KuralS,n_min=3)",true,true,true,none
P-02,P02-G-0135,fixed_grid,m;s_l;s_r;beta,0.0;3.0;3.0;6.0,"quarter_window_m_lattice(step=0.25,[-1,2]) x geometric3_beta([1,6]) x geometric3_scale([s_side_min(beta),3])^2","D-F2-02;D-F2-03;D-F2-05;D-F2-07a;D-F2-07b;D-F2-07c;D-F2-07d(beta[1,6]);D-F2-06d(KuralT+KuralS,n_min=3)",true,true,true,none
P-02,P02-G-0136,fixed_grid,m;s_l;s_r;beta,0.25;0.01569377976942823;0.01569377976942823;1.0,"quarter_window_m_lattice(step=0.25,[-1,2]) x geometric3_beta([1,6]) x geometric3_scale([s_side_min(beta),3])^2","D-F2-02;D-F2-03;D-F2-05;D-F2-07a;D-F2-07b;D-F2-07c;D-F2-07d(beta[1,6]);D-F2-06d(KuralT+KuralS,n_min=3)",true,true,true,none
P-02,P02-G-0137,fixed_grid,m;s_l;s_r;beta,0.25;0.01569377976942823;0.21698234791863757;1.0,"quarter_window_m_lattice(step=0.25,[-1,2]) x geometric3_beta([1,6]) x geometric3_scale([s_side_min(beta),3])^2","D-F2-02;D-F2-03;D-F2-05;D-F2-07a;D-F2-07b;D-F2-07c;D-F2-07d(beta[1,6]);D-F2-06d(KuralT+KuralS,n_min=3)",true,true,true,none
P-02,P02-G-0138,fixed_grid,m;s_l;s_r;beta,0.25;0.01569377976942823;3.0;1.0,"quarter_window_m_lattice(step=0.25,[-1,2]) x geometric3_beta([1,6]) x geometric3_scale([s_side_min(beta),3])^2","D-F2-02;D-F2-03;D-F2-05;D-F2-07a;D-F2-07b;D-F2-07c;D-F2-07d(beta[1,6]);D-F2-06d(KuralT+KuralS,n_min=3)",true,true,true,none
P-02,P02-G-0139,fixed_grid,m;s_l;s_r;beta,0.25;0.03425647986552569;0.03425647986552569;2.449489742783178,"quarter_window_m_lattice(step=0.25,[-1,2]) x geometric3_beta([1,6]) x geometric3_scale([s_side_min(beta),3])^2","D-F2-02;D-F2-03;D-F2-05;D-F2-07a;D-F2-07b;D-F2-07c;D-F2-07d(beta[1,6]);D-F2-06d(KuralT+KuralS,n_min=3)",true,true,true,none
P-02,P02-G-0140,fixed_grid,m;s_l;s_r;beta,0.25;0.03425647986552569;0.32057672965544004;2.449489742783178,"quarter_window_m_lattice(step=0.25,[-1,2]) x geometric3_beta([1,6]) x geometric3_scale([s_side_min(beta),3])^2","D-F2-02;D-F2-03;D-F2-05;D-F2-07a;D-F2-07b;D-F2-07c;D-F2-07d(beta[1,6]);D-F2-06d(KuralT+KuralS,n_min=3)",true,true,true,none
P-02,P02-G-0141,fixed_grid,m;s_l;s_r;beta,0.25;0.03425647986552569;3.0;2.449489742783178,"quarter_window_m_lattice(step=0.25,[-1,2]) x geometric3_beta([1,6]) x geometric3_scale([s_side_min(beta),3])^2","D-F2-02;D-F2-03;D-F2-05;D-F2-07a;D-F2-07b;D-F2-07c;D-F2-07d(beta[1,6]);D-F2-06d(KuralT+KuralS,n_min=3)",true,true,true,none
P-02,P02-G-0142,fixed_grid,m;s_l;s_r;beta,0.25;0.07465689442188805;0.07465689442188805;6.0,"quarter_window_m_lattice(step=0.25,[-1,2]) x geometric3_beta([1,6]) x geometric3_scale([s_side_min(beta),3])^2","D-F2-02;D-F2-03;D-F2-05;D-F2-07a;D-F2-07b;D-F2-07c;D-F2-07d(beta[1,6]);D-F2-06d(KuralT+KuralS,n_min=3)",true,true,true,none
P-02,P02-G-0143,fixed_grid,m;s_l;s_r;beta,0.25;0.07465689442188805;0.47325541018108197;6.0,"quarter_window_m_lattice(step=0.25,[-1,2]) x geometric3_beta([1,6]) x geometric3_scale([s_side_min(beta),3])^2","D-F2-02;D-F2-03;D-F2-05;D-F2-07a;D-F2-07b;D-F2-07c;D-F2-07d(beta[1,6]);D-F2-06d(KuralT+KuralS,n_min=3)",true,true,true,none
P-02,P02-G-0144,fixed_grid,m;s_l;s_r;beta,0.25;0.07465689442188805;3.0;6.0,"quarter_window_m_lattice(step=0.25,[-1,2]) x geometric3_beta([1,6]) x geometric3_scale([s_side_min(beta),3])^2","D-F2-02;D-F2-03;D-F2-05;D-F2-07a;D-F2-07b;D-F2-07c;D-F2-07d(beta[1,6]);D-F2-06d(KuralT+KuralS,n_min=3)",true,true,true,none
P-02,P02-G-0145,fixed_grid,m;s_l;s_r;beta,0.25;0.21698234791863757;0.01569377976942823;1.0,"quarter_window_m_lattice(step=0.25,[-1,2]) x geometric3_beta([1,6]) x geometric3_scale([s_side_min(beta),3])^2","D-F2-02;D-F2-03;D-F2-05;D-F2-07a;D-F2-07b;D-F2-07c;D-F2-07d(beta[1,6]);D-F2-06d(KuralT+KuralS,n_min=3)",true,true,true,none
P-02,P02-G-0146,fixed_grid,m;s_l;s_r;beta,0.25;0.21698234791863757;0.21698234791863757;1.0,"quarter_window_m_lattice(step=0.25,[-1,2]) x geometric3_beta([1,6]) x geometric3_scale([s_side_min(beta),3])^2","D-F2-02;D-F2-03;D-F2-05;D-F2-07a;D-F2-07b;D-F2-07c;D-F2-07d(beta[1,6]);D-F2-06d(KuralT+KuralS,n_min=3)",true,true,true,none
P-02,P02-G-0147,fixed_grid,m;s_l;s_r;beta,0.25;0.21698234791863757;3.0;1.0,"quarter_window_m_lattice(step=0.25,[-1,2]) x geometric3_beta([1,6]) x geometric3_scale([s_side_min(beta),3])^2","D-F2-02;D-F2-03;D-F2-05;D-F2-07a;D-F2-07b;D-F2-07c;D-F2-07d(beta[1,6]);D-F2-06d(KuralT+KuralS,n_min=3)",true,true,true,none
P-02,P02-G-0148,fixed_grid,m;s_l;s_r;beta,0.25;0.32057672965544004;0.03425647986552569;2.449489742783178,"quarter_window_m_lattice(step=0.25,[-1,2]) x geometric3_beta([1,6]) x geometric3_scale([s_side_min(beta),3])^2","D-F2-02;D-F2-03;D-F2-05;D-F2-07a;D-F2-07b;D-F2-07c;D-F2-07d(beta[1,6]);D-F2-06d(KuralT+KuralS,n_min=3)",true,true,true,none
P-02,P02-G-0149,fixed_grid,m;s_l;s_r;beta,0.25;0.32057672965544004;0.32057672965544004;2.449489742783178,"quarter_window_m_lattice(step=0.25,[-1,2]) x geometric3_beta([1,6]) x geometric3_scale([s_side_min(beta),3])^2","D-F2-02;D-F2-03;D-F2-05;D-F2-07a;D-F2-07b;D-F2-07c;D-F2-07d(beta[1,6]);D-F2-06d(KuralT+KuralS,n_min=3)",true,true,true,none
P-02,P02-G-0150,fixed_grid,m;s_l;s_r;beta,0.25;0.32057672965544004;3.0;2.449489742783178,"quarter_window_m_lattice(step=0.25,[-1,2]) x geometric3_beta([1,6]) x geometric3_scale([s_side_min(beta),3])^2","D-F2-02;D-F2-03;D-F2-05;D-F2-07a;D-F2-07b;D-F2-07c;D-F2-07d(beta[1,6]);D-F2-06d(KuralT+KuralS,n_min=3)",true,true,true,none
P-02,P02-G-0151,fixed_grid,m;s_l;s_r;beta,0.25;0.47325541018108197;0.07465689442188805;6.0,"quarter_window_m_lattice(step=0.25,[-1,2]) x geometric3_beta([1,6]) x geometric3_scale([s_side_min(beta),3])^2","D-F2-02;D-F2-03;D-F2-05;D-F2-07a;D-F2-07b;D-F2-07c;D-F2-07d(beta[1,6]);D-F2-06d(KuralT+KuralS,n_min=3)",true,true,true,none
P-02,P02-G-0152,fixed_grid,m;s_l;s_r;beta,0.25;0.47325541018108197;0.47325541018108197;6.0,"quarter_window_m_lattice(step=0.25,[-1,2]) x geometric3_beta([1,6]) x geometric3_scale([s_side_min(beta),3])^2","D-F2-02;D-F2-03;D-F2-05;D-F2-07a;D-F2-07b;D-F2-07c;D-F2-07d(beta[1,6]);D-F2-06d(KuralT+KuralS,n_min=3)",true,true,true,none
P-02,P02-G-0153,fixed_grid,m;s_l;s_r;beta,0.25;0.47325541018108197;3.0;6.0,"quarter_window_m_lattice(step=0.25,[-1,2]) x geometric3_beta([1,6]) x geometric3_scale([s_side_min(beta),3])^2","D-F2-02;D-F2-03;D-F2-05;D-F2-07a;D-F2-07b;D-F2-07c;D-F2-07d(beta[1,6]);D-F2-06d(KuralT+KuralS,n_min=3)",true,true,true,none
P-02,P02-G-0154,fixed_grid,m;s_l;s_r;beta,0.25;3.0;0.01569377976942823;1.0,"quarter_window_m_lattice(step=0.25,[-1,2]) x geometric3_beta([1,6]) x geometric3_scale([s_side_min(beta),3])^2","D-F2-02;D-F2-03;D-F2-05;D-F2-07a;D-F2-07b;D-F2-07c;D-F2-07d(beta[1,6]);D-F2-06d(KuralT+KuralS,n_min=3)",true,true,true,none
P-02,P02-G-0155,fixed_grid,m;s_l;s_r;beta,0.25;3.0;0.03425647986552569;2.449489742783178,"quarter_window_m_lattice(step=0.25,[-1,2]) x geometric3_beta([1,6]) x geometric3_scale([s_side_min(beta),3])^2","D-F2-02;D-F2-03;D-F2-05;D-F2-07a;D-F2-07b;D-F2-07c;D-F2-07d(beta[1,6]);D-F2-06d(KuralT+KuralS,n_min=3)",true,true,true,none
P-02,P02-G-0156,fixed_grid,m;s_l;s_r;beta,0.25;3.0;0.07465689442188805;6.0,"quarter_window_m_lattice(step=0.25,[-1,2]) x geometric3_beta([1,6]) x geometric3_scale([s_side_min(beta),3])^2","D-F2-02;D-F2-03;D-F2-05;D-F2-07a;D-F2-07b;D-F2-07c;D-F2-07d(beta[1,6]);D-F2-06d(KuralT+KuralS,n_min=3)",true,true,true,none
P-02,P02-G-0157,fixed_grid,m;s_l;s_r;beta,0.25;3.0;0.21698234791863757;1.0,"quarter_window_m_lattice(step=0.25,[-1,2]) x geometric3_beta([1,6]) x geometric3_scale([s_side_min(beta),3])^2","D-F2-02;D-F2-03;D-F2-05;D-F2-07a;D-F2-07b;D-F2-07c;D-F2-07d(beta[1,6]);D-F2-06d(KuralT+KuralS,n_min=3)",true,true,true,none
P-02,P02-G-0158,fixed_grid,m;s_l;s_r;beta,0.25;3.0;0.32057672965544004;2.449489742783178,"quarter_window_m_lattice(step=0.25,[-1,2]) x geometric3_beta([1,6]) x geometric3_scale([s_side_min(beta),3])^2","D-F2-02;D-F2-03;D-F2-05;D-F2-07a;D-F2-07b;D-F2-07c;D-F2-07d(beta[1,6]);D-F2-06d(KuralT+KuralS,n_min=3)",true,true,true,none
P-02,P02-G-0159,fixed_grid,m;s_l;s_r;beta,0.25;3.0;0.47325541018108197;6.0,"quarter_window_m_lattice(step=0.25,[-1,2]) x geometric3_beta([1,6]) x geometric3_scale([s_side_min(beta),3])^2","D-F2-02;D-F2-03;D-F2-05;D-F2-07a;D-F2-07b;D-F2-07c;D-F2-07d(beta[1,6]);D-F2-06d(KuralT+KuralS,n_min=3)",true,true,true,none
P-02,P02-G-0160,fixed_grid,m;s_l;s_r;beta,0.25;3.0;3.0;1.0,"quarter_window_m_lattice(step=0.25,[-1,2]) x geometric3_beta([1,6]) x geometric3_scale([s_side_min(beta),3])^2","D-F2-02;D-F2-03;D-F2-05;D-F2-07a;D-F2-07b;D-F2-07c;D-F2-07d(beta[1,6]);D-F2-06d(KuralT+KuralS,n_min=3)",true,true,true,none
P-02,P02-G-0161,fixed_grid,m;s_l;s_r;beta,0.25;3.0;3.0;2.449489742783178,"quarter_window_m_lattice(step=0.25,[-1,2]) x geometric3_beta([1,6]) x geometric3_scale([s_side_min(beta),3])^2","D-F2-02;D-F2-03;D-F2-05;D-F2-07a;D-F2-07b;D-F2-07c;D-F2-07d(beta[1,6]);D-F2-06d(KuralT+KuralS,n_min=3)",true,true,true,none
P-02,P02-G-0162,fixed_grid,m;s_l;s_r;beta,0.25;3.0;3.0;6.0,"quarter_window_m_lattice(step=0.25,[-1,2]) x geometric3_beta([1,6]) x geometric3_scale([s_side_min(beta),3])^2","D-F2-02;D-F2-03;D-F2-05;D-F2-07a;D-F2-07b;D-F2-07c;D-F2-07d(beta[1,6]);D-F2-06d(KuralT+KuralS,n_min=3)",true,true,true,none
P-02,P02-G-0163,fixed_grid,m;s_l;s_r;beta,0.5;0.01569377976942823;0.01569377976942823;1.0,"quarter_window_m_lattice(step=0.25,[-1,2]) x geometric3_beta([1,6]) x geometric3_scale([s_side_min(beta),3])^2","D-F2-02;D-F2-03;D-F2-05;D-F2-07a;D-F2-07b;D-F2-07c;D-F2-07d(beta[1,6]);D-F2-06d(KuralT+KuralS,n_min=3)",true,true,true,none
P-02,P02-G-0164,fixed_grid,m;s_l;s_r;beta,0.5;0.01569377976942823;0.21698234791863757;1.0,"quarter_window_m_lattice(step=0.25,[-1,2]) x geometric3_beta([1,6]) x geometric3_scale([s_side_min(beta),3])^2","D-F2-02;D-F2-03;D-F2-05;D-F2-07a;D-F2-07b;D-F2-07c;D-F2-07d(beta[1,6]);D-F2-06d(KuralT+KuralS,n_min=3)",true,true,true,none
P-02,P02-G-0165,fixed_grid,m;s_l;s_r;beta,0.5;0.01569377976942823;3.0;1.0,"quarter_window_m_lattice(step=0.25,[-1,2]) x geometric3_beta([1,6]) x geometric3_scale([s_side_min(beta),3])^2","D-F2-02;D-F2-03;D-F2-05;D-F2-07a;D-F2-07b;D-F2-07c;D-F2-07d(beta[1,6]);D-F2-06d(KuralT+KuralS,n_min=3)",true,true,true,none
P-02,P02-G-0166,fixed_grid,m;s_l;s_r;beta,0.5;0.03425647986552569;0.03425647986552569;2.449489742783178,"quarter_window_m_lattice(step=0.25,[-1,2]) x geometric3_beta([1,6]) x geometric3_scale([s_side_min(beta),3])^2","D-F2-02;D-F2-03;D-F2-05;D-F2-07a;D-F2-07b;D-F2-07c;D-F2-07d(beta[1,6]);D-F2-06d(KuralT+KuralS,n_min=3)",true,true,true,none
P-02,P02-G-0167,fixed_grid,m;s_l;s_r;beta,0.5;0.03425647986552569;0.32057672965544004;2.449489742783178,"quarter_window_m_lattice(step=0.25,[-1,2]) x geometric3_beta([1,6]) x geometric3_scale([s_side_min(beta),3])^2","D-F2-02;D-F2-03;D-F2-05;D-F2-07a;D-F2-07b;D-F2-07c;D-F2-07d(beta[1,6]);D-F2-06d(KuralT+KuralS,n_min=3)",true,true,true,none
P-02,P02-G-0168,fixed_grid,m;s_l;s_r;beta,0.5;0.03425647986552569;3.0;2.449489742783178,"quarter_window_m_lattice(step=0.25,[-1,2]) x geometric3_beta([1,6]) x geometric3_scale([s_side_min(beta),3])^2","D-F2-02;D-F2-03;D-F2-05;D-F2-07a;D-F2-07b;D-F2-07c;D-F2-07d(beta[1,6]);D-F2-06d(KuralT+KuralS,n_min=3)",true,true,true,none
P-02,P02-G-0169,fixed_grid,m;s_l;s_r;beta,0.5;0.07465689442188805;0.07465689442188805;6.0,"quarter_window_m_lattice(step=0.25,[-1,2]) x geometric3_beta([1,6]) x geometric3_scale([s_side_min(beta),3])^2","D-F2-02;D-F2-03;D-F2-05;D-F2-07a;D-F2-07b;D-F2-07c;D-F2-07d(beta[1,6]);D-F2-06d(KuralT+KuralS,n_min=3)",true,true,true,none
P-02,P02-G-0170,fixed_grid,m;s_l;s_r;beta,0.5;0.07465689442188805;0.47325541018108197;6.0,"quarter_window_m_lattice(step=0.25,[-1,2]) x geometric3_beta([1,6]) x geometric3_scale([s_side_min(beta),3])^2","D-F2-02;D-F2-03;D-F2-05;D-F2-07a;D-F2-07b;D-F2-07c;D-F2-07d(beta[1,6]);D-F2-06d(KuralT+KuralS,n_min=3)",true,true,true,none
P-02,P02-G-0171,fixed_grid,m;s_l;s_r;beta,0.5;0.07465689442188805;3.0;6.0,"quarter_window_m_lattice(step=0.25,[-1,2]) x geometric3_beta([1,6]) x geometric3_scale([s_side_min(beta),3])^2","D-F2-02;D-F2-03;D-F2-05;D-F2-07a;D-F2-07b;D-F2-07c;D-F2-07d(beta[1,6]);D-F2-06d(KuralT+KuralS,n_min=3)",true,true,true,none
P-02,P02-G-0172,fixed_grid,m;s_l;s_r;beta,0.5;0.21698234791863757;0.01569377976942823;1.0,"quarter_window_m_lattice(step=0.25,[-1,2]) x geometric3_beta([1,6]) x geometric3_scale([s_side_min(beta),3])^2","D-F2-02;D-F2-03;D-F2-05;D-F2-07a;D-F2-07b;D-F2-07c;D-F2-07d(beta[1,6]);D-F2-06d(KuralT+KuralS,n_min=3)",true,true,true,none
P-02,P02-G-0173,fixed_grid,m;s_l;s_r;beta,0.5;0.21698234791863757;0.21698234791863757;1.0,"quarter_window_m_lattice(step=0.25,[-1,2]) x geometric3_beta([1,6]) x geometric3_scale([s_side_min(beta),3])^2","D-F2-02;D-F2-03;D-F2-05;D-F2-07a;D-F2-07b;D-F2-07c;D-F2-07d(beta[1,6]);D-F2-06d(KuralT+KuralS,n_min=3)",true,true,true,none
P-02,P02-G-0174,fixed_grid,m;s_l;s_r;beta,0.5;0.21698234791863757;3.0;1.0,"quarter_window_m_lattice(step=0.25,[-1,2]) x geometric3_beta([1,6]) x geometric3_scale([s_side_min(beta),3])^2","D-F2-02;D-F2-03;D-F2-05;D-F2-07a;D-F2-07b;D-F2-07c;D-F2-07d(beta[1,6]);D-F2-06d(KuralT+KuralS,n_min=3)",true,true,true,none
P-02,P02-G-0175,fixed_grid,m;s_l;s_r;beta,0.5;0.32057672965544004;0.03425647986552569;2.449489742783178,"quarter_window_m_lattice(step=0.25,[-1,2]) x geometric3_beta([1,6]) x geometric3_scale([s_side_min(beta),3])^2","D-F2-02;D-F2-03;D-F2-05;D-F2-07a;D-F2-07b;D-F2-07c;D-F2-07d(beta[1,6]);D-F2-06d(KuralT+KuralS,n_min=3)",true,true,true,none
P-02,P02-G-0176,fixed_grid,m;s_l;s_r;beta,0.5;0.32057672965544004;0.32057672965544004;2.449489742783178,"quarter_window_m_lattice(step=0.25,[-1,2]) x geometric3_beta([1,6]) x geometric3_scale([s_side_min(beta),3])^2","D-F2-02;D-F2-03;D-F2-05;D-F2-07a;D-F2-07b;D-F2-07c;D-F2-07d(beta[1,6]);D-F2-06d(KuralT+KuralS,n_min=3)",true,true,true,none
P-02,P02-G-0177,fixed_grid,m;s_l;s_r;beta,0.5;0.32057672965544004;3.0;2.449489742783178,"quarter_window_m_lattice(step=0.25,[-1,2]) x geometric3_beta([1,6]) x geometric3_scale([s_side_min(beta),3])^2","D-F2-02;D-F2-03;D-F2-05;D-F2-07a;D-F2-07b;D-F2-07c;D-F2-07d(beta[1,6]);D-F2-06d(KuralT+KuralS,n_min=3)",true,true,true,none
P-02,P02-G-0178,fixed_grid,m;s_l;s_r;beta,0.5;0.47325541018108197;0.07465689442188805;6.0,"quarter_window_m_lattice(step=0.25,[-1,2]) x geometric3_beta([1,6]) x geometric3_scale([s_side_min(beta),3])^2","D-F2-02;D-F2-03;D-F2-05;D-F2-07a;D-F2-07b;D-F2-07c;D-F2-07d(beta[1,6]);D-F2-06d(KuralT+KuralS,n_min=3)",true,true,true,none
P-02,P02-G-0179,fixed_grid,m;s_l;s_r;beta,0.5;0.47325541018108197;0.47325541018108197;6.0,"quarter_window_m_lattice(step=0.25,[-1,2]) x geometric3_beta([1,6]) x geometric3_scale([s_side_min(beta),3])^2","D-F2-02;D-F2-03;D-F2-05;D-F2-07a;D-F2-07b;D-F2-07c;D-F2-07d(beta[1,6]);D-F2-06d(KuralT+KuralS,n_min=3)",true,true,true,none
P-02,P02-G-0180,fixed_grid,m;s_l;s_r;beta,0.5;0.47325541018108197;3.0;6.0,"quarter_window_m_lattice(step=0.25,[-1,2]) x geometric3_beta([1,6]) x geometric3_scale([s_side_min(beta),3])^2","D-F2-02;D-F2-03;D-F2-05;D-F2-07a;D-F2-07b;D-F2-07c;D-F2-07d(beta[1,6]);D-F2-06d(KuralT+KuralS,n_min=3)",true,true,true,none
P-02,P02-G-0181,fixed_grid,m;s_l;s_r;beta,0.5;3.0;0.01569377976942823;1.0,"quarter_window_m_lattice(step=0.25,[-1,2]) x geometric3_beta([1,6]) x geometric3_scale([s_side_min(beta),3])^2","D-F2-02;D-F2-03;D-F2-05;D-F2-07a;D-F2-07b;D-F2-07c;D-F2-07d(beta[1,6]);D-F2-06d(KuralT+KuralS,n_min=3)",true,true,true,none
P-02,P02-G-0182,fixed_grid,m;s_l;s_r;beta,0.5;3.0;0.03425647986552569;2.449489742783178,"quarter_window_m_lattice(step=0.25,[-1,2]) x geometric3_beta([1,6]) x geometric3_scale([s_side_min(beta),3])^2","D-F2-02;D-F2-03;D-F2-05;D-F2-07a;D-F2-07b;D-F2-07c;D-F2-07d(beta[1,6]);D-F2-06d(KuralT+KuralS,n_min=3)",true,true,true,none
P-02,P02-G-0183,fixed_grid,m;s_l;s_r;beta,0.5;3.0;0.07465689442188805;6.0,"quarter_window_m_lattice(step=0.25,[-1,2]) x geometric3_beta([1,6]) x geometric3_scale([s_side_min(beta),3])^2","D-F2-02;D-F2-03;D-F2-05;D-F2-07a;D-F2-07b;D-F2-07c;D-F2-07d(beta[1,6]);D-F2-06d(KuralT+KuralS,n_min=3)",true,true,true,none
P-02,P02-G-0184,fixed_grid,m;s_l;s_r;beta,0.5;3.0;0.21698234791863757;1.0,"quarter_window_m_lattice(step=0.25,[-1,2]) x geometric3_beta([1,6]) x geometric3_scale([s_side_min(beta),3])^2","D-F2-02;D-F2-03;D-F2-05;D-F2-07a;D-F2-07b;D-F2-07c;D-F2-07d(beta[1,6]);D-F2-06d(KuralT+KuralS,n_min=3)",true,true,true,none
P-02,P02-G-0185,fixed_grid,m;s_l;s_r;beta,0.5;3.0;0.32057672965544004;2.449489742783178,"quarter_window_m_lattice(step=0.25,[-1,2]) x geometric3_beta([1,6]) x geometric3_scale([s_side_min(beta),3])^2","D-F2-02;D-F2-03;D-F2-05;D-F2-07a;D-F2-07b;D-F2-07c;D-F2-07d(beta[1,6]);D-F2-06d(KuralT+KuralS,n_min=3)",true,true,true,none
P-02,P02-G-0186,fixed_grid,m;s_l;s_r;beta,0.5;3.0;0.47325541018108197;6.0,"quarter_window_m_lattice(step=0.25,[-1,2]) x geometric3_beta([1,6]) x geometric3_scale([s_side_min(beta),3])^2","D-F2-02;D-F2-03;D-F2-05;D-F2-07a;D-F2-07b;D-F2-07c;D-F2-07d(beta[1,6]);D-F2-06d(KuralT+KuralS,n_min=3)",true,true,true,none
P-02,P02-G-0187,fixed_grid,m;s_l;s_r;beta,0.5;3.0;3.0;1.0,"quarter_window_m_lattice(step=0.25,[-1,2]) x geometric3_beta([1,6]) x geometric3_scale([s_side_min(beta),3])^2","D-F2-02;D-F2-03;D-F2-05;D-F2-07a;D-F2-07b;D-F2-07c;D-F2-07d(beta[1,6]);D-F2-06d(KuralT+KuralS,n_min=3)",true,true,true,none
P-02,P02-G-0188,fixed_grid,m;s_l;s_r;beta,0.5;3.0;3.0;2.449489742783178,"quarter_window_m_lattice(step=0.25,[-1,2]) x geometric3_beta([1,6]) x geometric3_scale([s_side_min(beta),3])^2","D-F2-02;D-F2-03;D-F2-05;D-F2-07a;D-F2-07b;D-F2-07c;D-F2-07d(beta[1,6]);D-F2-06d(KuralT+KuralS,n_min=3)",true,true,true,none
P-02,P02-G-0189,fixed_grid,m;s_l;s_r;beta,0.5;3.0;3.0;6.0,"quarter_window_m_lattice(step=0.25,[-1,2]) x geometric3_beta([1,6]) x geometric3_scale([s_side_min(beta),3])^2","D-F2-02;D-F2-03;D-F2-05;D-F2-07a;D-F2-07b;D-F2-07c;D-F2-07d(beta[1,6]);D-F2-06d(KuralT+KuralS,n_min=3)",true,true,true,none
P-02,P02-G-0190,fixed_grid,m;s_l;s_r;beta,0.75;0.01569377976942823;0.01569377976942823;1.0,"quarter_window_m_lattice(step=0.25,[-1,2]) x geometric3_beta([1,6]) x geometric3_scale([s_side_min(beta),3])^2","D-F2-02;D-F2-03;D-F2-05;D-F2-07a;D-F2-07b;D-F2-07c;D-F2-07d(beta[1,6]);D-F2-06d(KuralT+KuralS,n_min=3)",true,true,true,none
P-02,P02-G-0191,fixed_grid,m;s_l;s_r;beta,0.75;0.01569377976942823;0.21698234791863757;1.0,"quarter_window_m_lattice(step=0.25,[-1,2]) x geometric3_beta([1,6]) x geometric3_scale([s_side_min(beta),3])^2","D-F2-02;D-F2-03;D-F2-05;D-F2-07a;D-F2-07b;D-F2-07c;D-F2-07d(beta[1,6]);D-F2-06d(KuralT+KuralS,n_min=3)",true,true,true,none
P-02,P02-G-0192,fixed_grid,m;s_l;s_r;beta,0.75;0.01569377976942823;3.0;1.0,"quarter_window_m_lattice(step=0.25,[-1,2]) x geometric3_beta([1,6]) x geometric3_scale([s_side_min(beta),3])^2","D-F2-02;D-F2-03;D-F2-05;D-F2-07a;D-F2-07b;D-F2-07c;D-F2-07d(beta[1,6]);D-F2-06d(KuralT+KuralS,n_min=3)",true,true,true,none
P-02,P02-G-0193,fixed_grid,m;s_l;s_r;beta,0.75;0.03425647986552569;0.03425647986552569;2.449489742783178,"quarter_window_m_lattice(step=0.25,[-1,2]) x geometric3_beta([1,6]) x geometric3_scale([s_side_min(beta),3])^2","D-F2-02;D-F2-03;D-F2-05;D-F2-07a;D-F2-07b;D-F2-07c;D-F2-07d(beta[1,6]);D-F2-06d(KuralT+KuralS,n_min=3)",true,true,true,none
P-02,P02-G-0194,fixed_grid,m;s_l;s_r;beta,0.75;0.03425647986552569;0.32057672965544004;2.449489742783178,"quarter_window_m_lattice(step=0.25,[-1,2]) x geometric3_beta([1,6]) x geometric3_scale([s_side_min(beta),3])^2","D-F2-02;D-F2-03;D-F2-05;D-F2-07a;D-F2-07b;D-F2-07c;D-F2-07d(beta[1,6]);D-F2-06d(KuralT+KuralS,n_min=3)",true,true,true,none
P-02,P02-G-0195,fixed_grid,m;s_l;s_r;beta,0.75;0.03425647986552569;3.0;2.449489742783178,"quarter_window_m_lattice(step=0.25,[-1,2]) x geometric3_beta([1,6]) x geometric3_scale([s_side_min(beta),3])^2","D-F2-02;D-F2-03;D-F2-05;D-F2-07a;D-F2-07b;D-F2-07c;D-F2-07d(beta[1,6]);D-F2-06d(KuralT+KuralS,n_min=3)",true,true,true,none
P-02,P02-G-0196,fixed_grid,m;s_l;s_r;beta,0.75;0.07465689442188805;0.07465689442188805;6.0,"quarter_window_m_lattice(step=0.25,[-1,2]) x geometric3_beta([1,6]) x geometric3_scale([s_side_min(beta),3])^2","D-F2-02;D-F2-03;D-F2-05;D-F2-07a;D-F2-07b;D-F2-07c;D-F2-07d(beta[1,6]);D-F2-06d(KuralT+KuralS,n_min=3)",true,true,true,none
P-02,P02-G-0197,fixed_grid,m;s_l;s_r;beta,0.75;0.07465689442188805;0.47325541018108197;6.0,"quarter_window_m_lattice(step=0.25,[-1,2]) x geometric3_beta([1,6]) x geometric3_scale([s_side_min(beta),3])^2","D-F2-02;D-F2-03;D-F2-05;D-F2-07a;D-F2-07b;D-F2-07c;D-F2-07d(beta[1,6]);D-F2-06d(KuralT+KuralS,n_min=3)",true,true,true,none
P-02,P02-G-0198,fixed_grid,m;s_l;s_r;beta,0.75;0.07465689442188805;3.0;6.0,"quarter_window_m_lattice(step=0.25,[-1,2]) x geometric3_beta([1,6]) x geometric3_scale([s_side_min(beta),3])^2","D-F2-02;D-F2-03;D-F2-05;D-F2-07a;D-F2-07b;D-F2-07c;D-F2-07d(beta[1,6]);D-F2-06d(KuralT+KuralS,n_min=3)",true,true,true,none
P-02,P02-G-0199,fixed_grid,m;s_l;s_r;beta,0.75;0.21698234791863757;0.01569377976942823;1.0,"quarter_window_m_lattice(step=0.25,[-1,2]) x geometric3_beta([1,6]) x geometric3_scale([s_side_min(beta),3])^2","D-F2-02;D-F2-03;D-F2-05;D-F2-07a;D-F2-07b;D-F2-07c;D-F2-07d(beta[1,6]);D-F2-06d(KuralT+KuralS,n_min=3)",true,true,true,none
P-02,P02-G-0200,fixed_grid,m;s_l;s_r;beta,0.75;0.21698234791863757;0.21698234791863757;1.0,"quarter_window_m_lattice(step=0.25,[-1,2]) x geometric3_beta([1,6]) x geometric3_scale([s_side_min(beta),3])^2","D-F2-02;D-F2-03;D-F2-05;D-F2-07a;D-F2-07b;D-F2-07c;D-F2-07d(beta[1,6]);D-F2-06d(KuralT+KuralS,n_min=3)",true,true,true,none
P-02,P02-G-0201,fixed_grid,m;s_l;s_r;beta,0.75;0.21698234791863757;3.0;1.0,"quarter_window_m_lattice(step=0.25,[-1,2]) x geometric3_beta([1,6]) x geometric3_scale([s_side_min(beta),3])^2","D-F2-02;D-F2-03;D-F2-05;D-F2-07a;D-F2-07b;D-F2-07c;D-F2-07d(beta[1,6]);D-F2-06d(KuralT+KuralS,n_min=3)",true,true,true,none
P-02,P02-G-0202,fixed_grid,m;s_l;s_r;beta,0.75;0.32057672965544004;0.03425647986552569;2.449489742783178,"quarter_window_m_lattice(step=0.25,[-1,2]) x geometric3_beta([1,6]) x geometric3_scale([s_side_min(beta),3])^2","D-F2-02;D-F2-03;D-F2-05;D-F2-07a;D-F2-07b;D-F2-07c;D-F2-07d(beta[1,6]);D-F2-06d(KuralT+KuralS,n_min=3)",true,true,true,none
P-02,P02-G-0203,fixed_grid,m;s_l;s_r;beta,0.75;0.32057672965544004;0.32057672965544004;2.449489742783178,"quarter_window_m_lattice(step=0.25,[-1,2]) x geometric3_beta([1,6]) x geometric3_scale([s_side_min(beta),3])^2","D-F2-02;D-F2-03;D-F2-05;D-F2-07a;D-F2-07b;D-F2-07c;D-F2-07d(beta[1,6]);D-F2-06d(KuralT+KuralS,n_min=3)",true,true,true,none
P-02,P02-G-0204,fixed_grid,m;s_l;s_r;beta,0.75;0.32057672965544004;3.0;2.449489742783178,"quarter_window_m_lattice(step=0.25,[-1,2]) x geometric3_beta([1,6]) x geometric3_scale([s_side_min(beta),3])^2","D-F2-02;D-F2-03;D-F2-05;D-F2-07a;D-F2-07b;D-F2-07c;D-F2-07d(beta[1,6]);D-F2-06d(KuralT+KuralS,n_min=3)",true,true,true,none
P-02,P02-G-0205,fixed_grid,m;s_l;s_r;beta,0.75;0.47325541018108197;0.07465689442188805;6.0,"quarter_window_m_lattice(step=0.25,[-1,2]) x geometric3_beta([1,6]) x geometric3_scale([s_side_min(beta),3])^2","D-F2-02;D-F2-03;D-F2-05;D-F2-07a;D-F2-07b;D-F2-07c;D-F2-07d(beta[1,6]);D-F2-06d(KuralT+KuralS,n_min=3)",true,true,true,none
P-02,P02-G-0206,fixed_grid,m;s_l;s_r;beta,0.75;0.47325541018108197;0.47325541018108197;6.0,"quarter_window_m_lattice(step=0.25,[-1,2]) x geometric3_beta([1,6]) x geometric3_scale([s_side_min(beta),3])^2","D-F2-02;D-F2-03;D-F2-05;D-F2-07a;D-F2-07b;D-F2-07c;D-F2-07d(beta[1,6]);D-F2-06d(KuralT+KuralS,n_min=3)",true,true,true,none
P-02,P02-G-0207,fixed_grid,m;s_l;s_r;beta,0.75;0.47325541018108197;3.0;6.0,"quarter_window_m_lattice(step=0.25,[-1,2]) x geometric3_beta([1,6]) x geometric3_scale([s_side_min(beta),3])^2","D-F2-02;D-F2-03;D-F2-05;D-F2-07a;D-F2-07b;D-F2-07c;D-F2-07d(beta[1,6]);D-F2-06d(KuralT+KuralS,n_min=3)",true,true,true,none
P-02,P02-G-0208,fixed_grid,m;s_l;s_r;beta,0.75;3.0;0.01569377976942823;1.0,"quarter_window_m_lattice(step=0.25,[-1,2]) x geometric3_beta([1,6]) x geometric3_scale([s_side_min(beta),3])^2","D-F2-02;D-F2-03;D-F2-05;D-F2-07a;D-F2-07b;D-F2-07c;D-F2-07d(beta[1,6]);D-F2-06d(KuralT+KuralS,n_min=3)",true,true,true,none
P-02,P02-G-0209,fixed_grid,m;s_l;s_r;beta,0.75;3.0;0.03425647986552569;2.449489742783178,"quarter_window_m_lattice(step=0.25,[-1,2]) x geometric3_beta([1,6]) x geometric3_scale([s_side_min(beta),3])^2","D-F2-02;D-F2-03;D-F2-05;D-F2-07a;D-F2-07b;D-F2-07c;D-F2-07d(beta[1,6]);D-F2-06d(KuralT+KuralS,n_min=3)",true,true,true,none
P-02,P02-G-0210,fixed_grid,m;s_l;s_r;beta,0.75;3.0;0.07465689442188805;6.0,"quarter_window_m_lattice(step=0.25,[-1,2]) x geometric3_beta([1,6]) x geometric3_scale([s_side_min(beta),3])^2","D-F2-02;D-F2-03;D-F2-05;D-F2-07a;D-F2-07b;D-F2-07c;D-F2-07d(beta[1,6]);D-F2-06d(KuralT+KuralS,n_min=3)",true,true,true,none
P-02,P02-G-0211,fixed_grid,m;s_l;s_r;beta,0.75;3.0;0.21698234791863757;1.0,"quarter_window_m_lattice(step=0.25,[-1,2]) x geometric3_beta([1,6]) x geometric3_scale([s_side_min(beta),3])^2","D-F2-02;D-F2-03;D-F2-05;D-F2-07a;D-F2-07b;D-F2-07c;D-F2-07d(beta[1,6]);D-F2-06d(KuralT+KuralS,n_min=3)",true,true,true,none
P-02,P02-G-0212,fixed_grid,m;s_l;s_r;beta,0.75;3.0;0.32057672965544004;2.449489742783178,"quarter_window_m_lattice(step=0.25,[-1,2]) x geometric3_beta([1,6]) x geometric3_scale([s_side_min(beta),3])^2","D-F2-02;D-F2-03;D-F2-05;D-F2-07a;D-F2-07b;D-F2-07c;D-F2-07d(beta[1,6]);D-F2-06d(KuralT+KuralS,n_min=3)",true,true,true,none
P-02,P02-G-0213,fixed_grid,m;s_l;s_r;beta,0.75;3.0;0.47325541018108197;6.0,"quarter_window_m_lattice(step=0.25,[-1,2]) x geometric3_beta([1,6]) x geometric3_scale([s_side_min(beta),3])^2","D-F2-02;D-F2-03;D-F2-05;D-F2-07a;D-F2-07b;D-F2-07c;D-F2-07d(beta[1,6]);D-F2-06d(KuralT+KuralS,n_min=3)",true,true,true,none
P-02,P02-G-0214,fixed_grid,m;s_l;s_r;beta,0.75;3.0;3.0;1.0,"quarter_window_m_lattice(step=0.25,[-1,2]) x geometric3_beta([1,6]) x geometric3_scale([s_side_min(beta),3])^2","D-F2-02;D-F2-03;D-F2-05;D-F2-07a;D-F2-07b;D-F2-07c;D-F2-07d(beta[1,6]);D-F2-06d(KuralT+KuralS,n_min=3)",true,true,true,none
P-02,P02-G-0215,fixed_grid,m;s_l;s_r;beta,0.75;3.0;3.0;2.449489742783178,"quarter_window_m_lattice(step=0.25,[-1,2]) x geometric3_beta([1,6]) x geometric3_scale([s_side_min(beta),3])^2","D-F2-02;D-F2-03;D-F2-05;D-F2-07a;D-F2-07b;D-F2-07c;D-F2-07d(beta[1,6]);D-F2-06d(KuralT+KuralS,n_min=3)",true,true,true,none
P-02,P02-G-0216,fixed_grid,m;s_l;s_r;beta,0.75;3.0;3.0;6.0,"quarter_window_m_lattice(step=0.25,[-1,2]) x geometric3_beta([1,6]) x geometric3_scale([s_side_min(beta),3])^2","D-F2-02;D-F2-03;D-F2-05;D-F2-07a;D-F2-07b;D-F2-07c;D-F2-07d(beta[1,6]);D-F2-06d(KuralT+KuralS,n_min=3)",true,true,true,none
P-02,P02-G-0217,fixed_grid,m;s_l;s_r;beta,1.0;0.01569377976942823;0.01569377976942823;1.0,"quarter_window_m_lattice(step=0.25,[-1,2]) x geometric3_beta([1,6]) x geometric3_scale([s_side_min(beta),3])^2","D-F2-02;D-F2-03;D-F2-05;D-F2-07a;D-F2-07b;D-F2-07c;D-F2-07d(beta[1,6]);D-F2-06d(KuralT+KuralS,n_min=3)",true,false,false,KURAL_S_FAIL
P-02,P02-G-0218,fixed_grid,m;s_l;s_r;beta,1.0;0.01569377976942823;0.21698234791863757;1.0,"quarter_window_m_lattice(step=0.25,[-1,2]) x geometric3_beta([1,6]) x geometric3_scale([s_side_min(beta),3])^2","D-F2-02;D-F2-03;D-F2-05;D-F2-07a;D-F2-07b;D-F2-07c;D-F2-07d(beta[1,6]);D-F2-06d(KuralT+KuralS,n_min=3)",true,false,false,KURAL_S_FAIL
P-02,P02-G-0219,fixed_grid,m;s_l;s_r;beta,1.0;0.01569377976942823;3.0;1.0,"quarter_window_m_lattice(step=0.25,[-1,2]) x geometric3_beta([1,6]) x geometric3_scale([s_side_min(beta),3])^2","D-F2-02;D-F2-03;D-F2-05;D-F2-07a;D-F2-07b;D-F2-07c;D-F2-07d(beta[1,6]);D-F2-06d(KuralT+KuralS,n_min=3)",true,false,false,KURAL_S_FAIL
P-02,P02-G-0220,fixed_grid,m;s_l;s_r;beta,1.0;0.03425647986552569;0.03425647986552569;2.449489742783178,"quarter_window_m_lattice(step=0.25,[-1,2]) x geometric3_beta([1,6]) x geometric3_scale([s_side_min(beta),3])^2","D-F2-02;D-F2-03;D-F2-05;D-F2-07a;D-F2-07b;D-F2-07c;D-F2-07d(beta[1,6]);D-F2-06d(KuralT+KuralS,n_min=3)",true,true,true,none
P-02,P02-G-0221,fixed_grid,m;s_l;s_r;beta,1.0;0.03425647986552569;0.32057672965544004;2.449489742783178,"quarter_window_m_lattice(step=0.25,[-1,2]) x geometric3_beta([1,6]) x geometric3_scale([s_side_min(beta),3])^2","D-F2-02;D-F2-03;D-F2-05;D-F2-07a;D-F2-07b;D-F2-07c;D-F2-07d(beta[1,6]);D-F2-06d(KuralT+KuralS,n_min=3)",true,true,true,none
P-02,P02-G-0222,fixed_grid,m;s_l;s_r;beta,1.0;0.03425647986552569;3.0;2.449489742783178,"quarter_window_m_lattice(step=0.25,[-1,2]) x geometric3_beta([1,6]) x geometric3_scale([s_side_min(beta),3])^2","D-F2-02;D-F2-03;D-F2-05;D-F2-07a;D-F2-07b;D-F2-07c;D-F2-07d(beta[1,6]);D-F2-06d(KuralT+KuralS,n_min=3)",true,true,true,none
P-02,P02-G-0223,fixed_grid,m;s_l;s_r;beta,1.0;0.07465689442188805;0.07465689442188805;6.0,"quarter_window_m_lattice(step=0.25,[-1,2]) x geometric3_beta([1,6]) x geometric3_scale([s_side_min(beta),3])^2","D-F2-02;D-F2-03;D-F2-05;D-F2-07a;D-F2-07b;D-F2-07c;D-F2-07d(beta[1,6]);D-F2-06d(KuralT+KuralS,n_min=3)",true,true,true,none
P-02,P02-G-0224,fixed_grid,m;s_l;s_r;beta,1.0;0.07465689442188805;0.47325541018108197;6.0,"quarter_window_m_lattice(step=0.25,[-1,2]) x geometric3_beta([1,6]) x geometric3_scale([s_side_min(beta),3])^2","D-F2-02;D-F2-03;D-F2-05;D-F2-07a;D-F2-07b;D-F2-07c;D-F2-07d(beta[1,6]);D-F2-06d(KuralT+KuralS,n_min=3)",true,true,true,none
P-02,P02-G-0225,fixed_grid,m;s_l;s_r;beta,1.0;0.07465689442188805;3.0;6.0,"quarter_window_m_lattice(step=0.25,[-1,2]) x geometric3_beta([1,6]) x geometric3_scale([s_side_min(beta),3])^2","D-F2-02;D-F2-03;D-F2-05;D-F2-07a;D-F2-07b;D-F2-07c;D-F2-07d(beta[1,6]);D-F2-06d(KuralT+KuralS,n_min=3)",true,true,true,none
P-02,P02-G-0226,fixed_grid,m;s_l;s_r;beta,1.0;0.21698234791863757;0.01569377976942823;1.0,"quarter_window_m_lattice(step=0.25,[-1,2]) x geometric3_beta([1,6]) x geometric3_scale([s_side_min(beta),3])^2","D-F2-02;D-F2-03;D-F2-05;D-F2-07a;D-F2-07b;D-F2-07c;D-F2-07d(beta[1,6]);D-F2-06d(KuralT+KuralS,n_min=3)",true,true,true,none
P-02,P02-G-0227,fixed_grid,m;s_l;s_r;beta,1.0;0.21698234791863757;0.21698234791863757;1.0,"quarter_window_m_lattice(step=0.25,[-1,2]) x geometric3_beta([1,6]) x geometric3_scale([s_side_min(beta),3])^2","D-F2-02;D-F2-03;D-F2-05;D-F2-07a;D-F2-07b;D-F2-07c;D-F2-07d(beta[1,6]);D-F2-06d(KuralT+KuralS,n_min=3)",true,true,true,none
P-02,P02-G-0228,fixed_grid,m;s_l;s_r;beta,1.0;0.21698234791863757;3.0;1.0,"quarter_window_m_lattice(step=0.25,[-1,2]) x geometric3_beta([1,6]) x geometric3_scale([s_side_min(beta),3])^2","D-F2-02;D-F2-03;D-F2-05;D-F2-07a;D-F2-07b;D-F2-07c;D-F2-07d(beta[1,6]);D-F2-06d(KuralT+KuralS,n_min=3)",true,true,true,none
P-02,P02-G-0229,fixed_grid,m;s_l;s_r;beta,1.0;0.32057672965544004;0.03425647986552569;2.449489742783178,"quarter_window_m_lattice(step=0.25,[-1,2]) x geometric3_beta([1,6]) x geometric3_scale([s_side_min(beta),3])^2","D-F2-02;D-F2-03;D-F2-05;D-F2-07a;D-F2-07b;D-F2-07c;D-F2-07d(beta[1,6]);D-F2-06d(KuralT+KuralS,n_min=3)",true,true,true,none
P-02,P02-G-0230,fixed_grid,m;s_l;s_r;beta,1.0;0.32057672965544004;0.32057672965544004;2.449489742783178,"quarter_window_m_lattice(step=0.25,[-1,2]) x geometric3_beta([1,6]) x geometric3_scale([s_side_min(beta),3])^2","D-F2-02;D-F2-03;D-F2-05;D-F2-07a;D-F2-07b;D-F2-07c;D-F2-07d(beta[1,6]);D-F2-06d(KuralT+KuralS,n_min=3)",true,true,true,none
P-02,P02-G-0231,fixed_grid,m;s_l;s_r;beta,1.0;0.32057672965544004;3.0;2.449489742783178,"quarter_window_m_lattice(step=0.25,[-1,2]) x geometric3_beta([1,6]) x geometric3_scale([s_side_min(beta),3])^2","D-F2-02;D-F2-03;D-F2-05;D-F2-07a;D-F2-07b;D-F2-07c;D-F2-07d(beta[1,6]);D-F2-06d(KuralT+KuralS,n_min=3)",true,true,true,none
P-02,P02-G-0232,fixed_grid,m;s_l;s_r;beta,1.0;0.47325541018108197;0.07465689442188805;6.0,"quarter_window_m_lattice(step=0.25,[-1,2]) x geometric3_beta([1,6]) x geometric3_scale([s_side_min(beta),3])^2","D-F2-02;D-F2-03;D-F2-05;D-F2-07a;D-F2-07b;D-F2-07c;D-F2-07d(beta[1,6]);D-F2-06d(KuralT+KuralS,n_min=3)",true,true,true,none
P-02,P02-G-0233,fixed_grid,m;s_l;s_r;beta,1.0;0.47325541018108197;0.47325541018108197;6.0,"quarter_window_m_lattice(step=0.25,[-1,2]) x geometric3_beta([1,6]) x geometric3_scale([s_side_min(beta),3])^2","D-F2-02;D-F2-03;D-F2-05;D-F2-07a;D-F2-07b;D-F2-07c;D-F2-07d(beta[1,6]);D-F2-06d(KuralT+KuralS,n_min=3)",true,true,true,none
P-02,P02-G-0234,fixed_grid,m;s_l;s_r;beta,1.0;0.47325541018108197;3.0;6.0,"quarter_window_m_lattice(step=0.25,[-1,2]) x geometric3_beta([1,6]) x geometric3_scale([s_side_min(beta),3])^2","D-F2-02;D-F2-03;D-F2-05;D-F2-07a;D-F2-07b;D-F2-07c;D-F2-07d(beta[1,6]);D-F2-06d(KuralT+KuralS,n_min=3)",true,true,true,none
P-02,P02-G-0235,fixed_grid,m;s_l;s_r;beta,1.0;3.0;0.01569377976942823;1.0,"quarter_window_m_lattice(step=0.25,[-1,2]) x geometric3_beta([1,6]) x geometric3_scale([s_side_min(beta),3])^2","D-F2-02;D-F2-03;D-F2-05;D-F2-07a;D-F2-07b;D-F2-07c;D-F2-07d(beta[1,6]);D-F2-06d(KuralT+KuralS,n_min=3)",true,true,true,none
P-02,P02-G-0236,fixed_grid,m;s_l;s_r;beta,1.0;3.0;0.03425647986552569;2.449489742783178,"quarter_window_m_lattice(step=0.25,[-1,2]) x geometric3_beta([1,6]) x geometric3_scale([s_side_min(beta),3])^2","D-F2-02;D-F2-03;D-F2-05;D-F2-07a;D-F2-07b;D-F2-07c;D-F2-07d(beta[1,6]);D-F2-06d(KuralT+KuralS,n_min=3)",true,true,true,none
P-02,P02-G-0237,fixed_grid,m;s_l;s_r;beta,1.0;3.0;0.07465689442188805;6.0,"quarter_window_m_lattice(step=0.25,[-1,2]) x geometric3_beta([1,6]) x geometric3_scale([s_side_min(beta),3])^2","D-F2-02;D-F2-03;D-F2-05;D-F2-07a;D-F2-07b;D-F2-07c;D-F2-07d(beta[1,6]);D-F2-06d(KuralT+KuralS,n_min=3)",true,true,true,none
P-02,P02-G-0238,fixed_grid,m;s_l;s_r;beta,1.0;3.0;0.21698234791863757;1.0,"quarter_window_m_lattice(step=0.25,[-1,2]) x geometric3_beta([1,6]) x geometric3_scale([s_side_min(beta),3])^2","D-F2-02;D-F2-03;D-F2-05;D-F2-07a;D-F2-07b;D-F2-07c;D-F2-07d(beta[1,6]);D-F2-06d(KuralT+KuralS,n_min=3)",true,true,true,none
P-02,P02-G-0239,fixed_grid,m;s_l;s_r;beta,1.0;3.0;0.32057672965544004;2.449489742783178,"quarter_window_m_lattice(step=0.25,[-1,2]) x geometric3_beta([1,6]) x geometric3_scale([s_side_min(beta),3])^2","D-F2-02;D-F2-03;D-F2-05;D-F2-07a;D-F2-07b;D-F2-07c;D-F2-07d(beta[1,6]);D-F2-06d(KuralT+KuralS,n_min=3)",true,true,true,none
P-02,P02-G-0240,fixed_grid,m;s_l;s_r;beta,1.0;3.0;0.47325541018108197;6.0,"quarter_window_m_lattice(step=0.25,[-1,2]) x geometric3_beta([1,6]) x geometric3_scale([s_side_min(beta),3])^2","D-F2-02;D-F2-03;D-F2-05;D-F2-07a;D-F2-07b;D-F2-07c;D-F2-07d(beta[1,6]);D-F2-06d(KuralT+KuralS,n_min=3)",true,true,true,none
P-02,P02-G-0241,fixed_grid,m;s_l;s_r;beta,1.0;3.0;3.0;1.0,"quarter_window_m_lattice(step=0.25,[-1,2]) x geometric3_beta([1,6]) x geometric3_scale([s_side_min(beta),3])^2","D-F2-02;D-F2-03;D-F2-05;D-F2-07a;D-F2-07b;D-F2-07c;D-F2-07d(beta[1,6]);D-F2-06d(KuralT+KuralS,n_min=3)",true,true,true,none
P-02,P02-G-0242,fixed_grid,m;s_l;s_r;beta,1.0;3.0;3.0;2.449489742783178,"quarter_window_m_lattice(step=0.25,[-1,2]) x geometric3_beta([1,6]) x geometric3_scale([s_side_min(beta),3])^2","D-F2-02;D-F2-03;D-F2-05;D-F2-07a;D-F2-07b;D-F2-07c;D-F2-07d(beta[1,6]);D-F2-06d(KuralT+KuralS,n_min=3)",true,true,true,none
P-02,P02-G-0243,fixed_grid,m;s_l;s_r;beta,1.0;3.0;3.0;6.0,"quarter_window_m_lattice(step=0.25,[-1,2]) x geometric3_beta([1,6]) x geometric3_scale([s_side_min(beta),3])^2","D-F2-02;D-F2-03;D-F2-05;D-F2-07a;D-F2-07b;D-F2-07c;D-F2-07d(beta[1,6]);D-F2-06d(KuralT+KuralS,n_min=3)",true,true,true,none
P-02,P02-G-0244,fixed_grid,m;s_l;s_r;beta,1.25;0.01569377976942823;0.01569377976942823;1.0,"quarter_window_m_lattice(step=0.25,[-1,2]) x geometric3_beta([1,6]) x geometric3_scale([s_side_min(beta),3])^2","D-F2-02;D-F2-03;D-F2-05;D-F2-07a;D-F2-07b;D-F2-07c;D-F2-07d(beta[1,6]);D-F2-06d(KuralT+KuralS,n_min=3)",true,false,false,KURAL_S_FAIL
P-02,P02-G-0245,fixed_grid,m;s_l;s_r;beta,1.25;0.01569377976942823;0.21698234791863757;1.0,"quarter_window_m_lattice(step=0.25,[-1,2]) x geometric3_beta([1,6]) x geometric3_scale([s_side_min(beta),3])^2","D-F2-02;D-F2-03;D-F2-05;D-F2-07a;D-F2-07b;D-F2-07c;D-F2-07d(beta[1,6]);D-F2-06d(KuralT+KuralS,n_min=3)",true,false,false,KURAL_S_FAIL
P-02,P02-G-0246,fixed_grid,m;s_l;s_r;beta,1.25;0.01569377976942823;3.0;1.0,"quarter_window_m_lattice(step=0.25,[-1,2]) x geometric3_beta([1,6]) x geometric3_scale([s_side_min(beta),3])^2","D-F2-02;D-F2-03;D-F2-05;D-F2-07a;D-F2-07b;D-F2-07c;D-F2-07d(beta[1,6]);D-F2-06d(KuralT+KuralS,n_min=3)",true,false,false,KURAL_S_FAIL
P-02,P02-G-0247,fixed_grid,m;s_l;s_r;beta,1.25;0.03425647986552569;0.03425647986552569;2.449489742783178,"quarter_window_m_lattice(step=0.25,[-1,2]) x geometric3_beta([1,6]) x geometric3_scale([s_side_min(beta),3])^2","D-F2-02;D-F2-03;D-F2-05;D-F2-07a;D-F2-07b;D-F2-07c;D-F2-07d(beta[1,6]);D-F2-06d(KuralT+KuralS,n_min=3)",true,false,false,KURAL_S_FAIL
P-02,P02-G-0248,fixed_grid,m;s_l;s_r;beta,1.25;0.03425647986552569;0.32057672965544004;2.449489742783178,"quarter_window_m_lattice(step=0.25,[-1,2]) x geometric3_beta([1,6]) x geometric3_scale([s_side_min(beta),3])^2","D-F2-02;D-F2-03;D-F2-05;D-F2-07a;D-F2-07b;D-F2-07c;D-F2-07d(beta[1,6]);D-F2-06d(KuralT+KuralS,n_min=3)",true,false,false,KURAL_S_FAIL
P-02,P02-G-0249,fixed_grid,m;s_l;s_r;beta,1.25;0.03425647986552569;3.0;2.449489742783178,"quarter_window_m_lattice(step=0.25,[-1,2]) x geometric3_beta([1,6]) x geometric3_scale([s_side_min(beta),3])^2","D-F2-02;D-F2-03;D-F2-05;D-F2-07a;D-F2-07b;D-F2-07c;D-F2-07d(beta[1,6]);D-F2-06d(KuralT+KuralS,n_min=3)",true,false,false,KURAL_S_FAIL
P-02,P02-G-0250,fixed_grid,m;s_l;s_r;beta,1.25;0.07465689442188805;0.07465689442188805;6.0,"quarter_window_m_lattice(step=0.25,[-1,2]) x geometric3_beta([1,6]) x geometric3_scale([s_side_min(beta),3])^2","D-F2-02;D-F2-03;D-F2-05;D-F2-07a;D-F2-07b;D-F2-07c;D-F2-07d(beta[1,6]);D-F2-06d(KuralT+KuralS,n_min=3)",true,false,false,KURAL_S_FAIL
P-02,P02-G-0251,fixed_grid,m;s_l;s_r;beta,1.25;0.07465689442188805;0.47325541018108197;6.0,"quarter_window_m_lattice(step=0.25,[-1,2]) x geometric3_beta([1,6]) x geometric3_scale([s_side_min(beta),3])^2","D-F2-02;D-F2-03;D-F2-05;D-F2-07a;D-F2-07b;D-F2-07c;D-F2-07d(beta[1,6]);D-F2-06d(KuralT+KuralS,n_min=3)",true,false,false,KURAL_S_FAIL
P-02,P02-G-0252,fixed_grid,m;s_l;s_r;beta,1.25;0.07465689442188805;3.0;6.0,"quarter_window_m_lattice(step=0.25,[-1,2]) x geometric3_beta([1,6]) x geometric3_scale([s_side_min(beta),3])^2","D-F2-02;D-F2-03;D-F2-05;D-F2-07a;D-F2-07b;D-F2-07c;D-F2-07d(beta[1,6]);D-F2-06d(KuralT+KuralS,n_min=3)",true,false,false,KURAL_S_FAIL
P-02,P02-G-0253,fixed_grid,m;s_l;s_r;beta,1.25;0.21698234791863757;0.01569377976942823;1.0,"quarter_window_m_lattice(step=0.25,[-1,2]) x geometric3_beta([1,6]) x geometric3_scale([s_side_min(beta),3])^2","D-F2-02;D-F2-03;D-F2-05;D-F2-07a;D-F2-07b;D-F2-07c;D-F2-07d(beta[1,6]);D-F2-06d(KuralT+KuralS,n_min=3)",true,true,true,none
P-02,P02-G-0254,fixed_grid,m;s_l;s_r;beta,1.25;0.21698234791863757;0.21698234791863757;1.0,"quarter_window_m_lattice(step=0.25,[-1,2]) x geometric3_beta([1,6]) x geometric3_scale([s_side_min(beta),3])^2","D-F2-02;D-F2-03;D-F2-05;D-F2-07a;D-F2-07b;D-F2-07c;D-F2-07d(beta[1,6]);D-F2-06d(KuralT+KuralS,n_min=3)",true,true,true,none
P-02,P02-G-0255,fixed_grid,m;s_l;s_r;beta,1.25;0.21698234791863757;3.0;1.0,"quarter_window_m_lattice(step=0.25,[-1,2]) x geometric3_beta([1,6]) x geometric3_scale([s_side_min(beta),3])^2","D-F2-02;D-F2-03;D-F2-05;D-F2-07a;D-F2-07b;D-F2-07c;D-F2-07d(beta[1,6]);D-F2-06d(KuralT+KuralS,n_min=3)",true,true,true,none
P-02,P02-G-0256,fixed_grid,m;s_l;s_r;beta,1.25;0.32057672965544004;0.03425647986552569;2.449489742783178,"quarter_window_m_lattice(step=0.25,[-1,2]) x geometric3_beta([1,6]) x geometric3_scale([s_side_min(beta),3])^2","D-F2-02;D-F2-03;D-F2-05;D-F2-07a;D-F2-07b;D-F2-07c;D-F2-07d(beta[1,6]);D-F2-06d(KuralT+KuralS,n_min=3)",true,true,true,none
P-02,P02-G-0257,fixed_grid,m;s_l;s_r;beta,1.25;0.32057672965544004;0.32057672965544004;2.449489742783178,"quarter_window_m_lattice(step=0.25,[-1,2]) x geometric3_beta([1,6]) x geometric3_scale([s_side_min(beta),3])^2","D-F2-02;D-F2-03;D-F2-05;D-F2-07a;D-F2-07b;D-F2-07c;D-F2-07d(beta[1,6]);D-F2-06d(KuralT+KuralS,n_min=3)",true,true,true,none
P-02,P02-G-0258,fixed_grid,m;s_l;s_r;beta,1.25;0.32057672965544004;3.0;2.449489742783178,"quarter_window_m_lattice(step=0.25,[-1,2]) x geometric3_beta([1,6]) x geometric3_scale([s_side_min(beta),3])^2","D-F2-02;D-F2-03;D-F2-05;D-F2-07a;D-F2-07b;D-F2-07c;D-F2-07d(beta[1,6]);D-F2-06d(KuralT+KuralS,n_min=3)",true,true,true,none
P-02,P02-G-0259,fixed_grid,m;s_l;s_r;beta,1.25;0.47325541018108197;0.07465689442188805;6.0,"quarter_window_m_lattice(step=0.25,[-1,2]) x geometric3_beta([1,6]) x geometric3_scale([s_side_min(beta),3])^2","D-F2-02;D-F2-03;D-F2-05;D-F2-07a;D-F2-07b;D-F2-07c;D-F2-07d(beta[1,6]);D-F2-06d(KuralT+KuralS,n_min=3)",true,true,true,none
P-02,P02-G-0260,fixed_grid,m;s_l;s_r;beta,1.25;0.47325541018108197;0.47325541018108197;6.0,"quarter_window_m_lattice(step=0.25,[-1,2]) x geometric3_beta([1,6]) x geometric3_scale([s_side_min(beta),3])^2","D-F2-02;D-F2-03;D-F2-05;D-F2-07a;D-F2-07b;D-F2-07c;D-F2-07d(beta[1,6]);D-F2-06d(KuralT+KuralS,n_min=3)",true,true,true,none
P-02,P02-G-0261,fixed_grid,m;s_l;s_r;beta,1.25;0.47325541018108197;3.0;6.0,"quarter_window_m_lattice(step=0.25,[-1,2]) x geometric3_beta([1,6]) x geometric3_scale([s_side_min(beta),3])^2","D-F2-02;D-F2-03;D-F2-05;D-F2-07a;D-F2-07b;D-F2-07c;D-F2-07d(beta[1,6]);D-F2-06d(KuralT+KuralS,n_min=3)",true,true,true,none
P-02,P02-G-0262,fixed_grid,m;s_l;s_r;beta,1.25;3.0;0.01569377976942823;1.0,"quarter_window_m_lattice(step=0.25,[-1,2]) x geometric3_beta([1,6]) x geometric3_scale([s_side_min(beta),3])^2","D-F2-02;D-F2-03;D-F2-05;D-F2-07a;D-F2-07b;D-F2-07c;D-F2-07d(beta[1,6]);D-F2-06d(KuralT+KuralS,n_min=3)",true,true,true,none
P-02,P02-G-0263,fixed_grid,m;s_l;s_r;beta,1.25;3.0;0.03425647986552569;2.449489742783178,"quarter_window_m_lattice(step=0.25,[-1,2]) x geometric3_beta([1,6]) x geometric3_scale([s_side_min(beta),3])^2","D-F2-02;D-F2-03;D-F2-05;D-F2-07a;D-F2-07b;D-F2-07c;D-F2-07d(beta[1,6]);D-F2-06d(KuralT+KuralS,n_min=3)",true,true,true,none
P-02,P02-G-0264,fixed_grid,m;s_l;s_r;beta,1.25;3.0;0.07465689442188805;6.0,"quarter_window_m_lattice(step=0.25,[-1,2]) x geometric3_beta([1,6]) x geometric3_scale([s_side_min(beta),3])^2","D-F2-02;D-F2-03;D-F2-05;D-F2-07a;D-F2-07b;D-F2-07c;D-F2-07d(beta[1,6]);D-F2-06d(KuralT+KuralS,n_min=3)",true,true,true,none
P-02,P02-G-0265,fixed_grid,m;s_l;s_r;beta,1.25;3.0;0.21698234791863757;1.0,"quarter_window_m_lattice(step=0.25,[-1,2]) x geometric3_beta([1,6]) x geometric3_scale([s_side_min(beta),3])^2","D-F2-02;D-F2-03;D-F2-05;D-F2-07a;D-F2-07b;D-F2-07c;D-F2-07d(beta[1,6]);D-F2-06d(KuralT+KuralS,n_min=3)",true,true,true,none
P-02,P02-G-0266,fixed_grid,m;s_l;s_r;beta,1.25;3.0;0.32057672965544004;2.449489742783178,"quarter_window_m_lattice(step=0.25,[-1,2]) x geometric3_beta([1,6]) x geometric3_scale([s_side_min(beta),3])^2","D-F2-02;D-F2-03;D-F2-05;D-F2-07a;D-F2-07b;D-F2-07c;D-F2-07d(beta[1,6]);D-F2-06d(KuralT+KuralS,n_min=3)",true,true,true,none
P-02,P02-G-0267,fixed_grid,m;s_l;s_r;beta,1.25;3.0;0.47325541018108197;6.0,"quarter_window_m_lattice(step=0.25,[-1,2]) x geometric3_beta([1,6]) x geometric3_scale([s_side_min(beta),3])^2","D-F2-02;D-F2-03;D-F2-05;D-F2-07a;D-F2-07b;D-F2-07c;D-F2-07d(beta[1,6]);D-F2-06d(KuralT+KuralS,n_min=3)",true,true,true,none
P-02,P02-G-0268,fixed_grid,m;s_l;s_r;beta,1.25;3.0;3.0;1.0,"quarter_window_m_lattice(step=0.25,[-1,2]) x geometric3_beta([1,6]) x geometric3_scale([s_side_min(beta),3])^2","D-F2-02;D-F2-03;D-F2-05;D-F2-07a;D-F2-07b;D-F2-07c;D-F2-07d(beta[1,6]);D-F2-06d(KuralT+KuralS,n_min=3)",true,true,true,none
P-02,P02-G-0269,fixed_grid,m;s_l;s_r;beta,1.25;3.0;3.0;2.449489742783178,"quarter_window_m_lattice(step=0.25,[-1,2]) x geometric3_beta([1,6]) x geometric3_scale([s_side_min(beta),3])^2","D-F2-02;D-F2-03;D-F2-05;D-F2-07a;D-F2-07b;D-F2-07c;D-F2-07d(beta[1,6]);D-F2-06d(KuralT+KuralS,n_min=3)",true,true,true,none
P-02,P02-G-0270,fixed_grid,m;s_l;s_r;beta,1.25;3.0;3.0;6.0,"quarter_window_m_lattice(step=0.25,[-1,2]) x geometric3_beta([1,6]) x geometric3_scale([s_side_min(beta),3])^2","D-F2-02;D-F2-03;D-F2-05;D-F2-07a;D-F2-07b;D-F2-07c;D-F2-07d(beta[1,6]);D-F2-06d(KuralT+KuralS,n_min=3)",true,true,true,none
P-02,P02-G-0271,fixed_grid,m;s_l;s_r;beta,1.5;0.01569377976942823;0.01569377976942823;1.0,"quarter_window_m_lattice(step=0.25,[-1,2]) x geometric3_beta([1,6]) x geometric3_scale([s_side_min(beta),3])^2","D-F2-02;D-F2-03;D-F2-05;D-F2-07a;D-F2-07b;D-F2-07c;D-F2-07d(beta[1,6]);D-F2-06d(KuralT+KuralS,n_min=3)",true,false,false,KURAL_S_FAIL
P-02,P02-G-0272,fixed_grid,m;s_l;s_r;beta,1.5;0.01569377976942823;0.21698234791863757;1.0,"quarter_window_m_lattice(step=0.25,[-1,2]) x geometric3_beta([1,6]) x geometric3_scale([s_side_min(beta),3])^2","D-F2-02;D-F2-03;D-F2-05;D-F2-07a;D-F2-07b;D-F2-07c;D-F2-07d(beta[1,6]);D-F2-06d(KuralT+KuralS,n_min=3)",true,false,false,KURAL_S_FAIL
P-02,P02-G-0273,fixed_grid,m;s_l;s_r;beta,1.5;0.01569377976942823;3.0;1.0,"quarter_window_m_lattice(step=0.25,[-1,2]) x geometric3_beta([1,6]) x geometric3_scale([s_side_min(beta),3])^2","D-F2-02;D-F2-03;D-F2-05;D-F2-07a;D-F2-07b;D-F2-07c;D-F2-07d(beta[1,6]);D-F2-06d(KuralT+KuralS,n_min=3)",true,false,false,KURAL_S_FAIL
P-02,P02-G-0274,fixed_grid,m;s_l;s_r;beta,1.5;0.03425647986552569;0.03425647986552569;2.449489742783178,"quarter_window_m_lattice(step=0.25,[-1,2]) x geometric3_beta([1,6]) x geometric3_scale([s_side_min(beta),3])^2","D-F2-02;D-F2-03;D-F2-05;D-F2-07a;D-F2-07b;D-F2-07c;D-F2-07d(beta[1,6]);D-F2-06d(KuralT+KuralS,n_min=3)",true,false,false,KURAL_S_FAIL
P-02,P02-G-0275,fixed_grid,m;s_l;s_r;beta,1.5;0.03425647986552569;0.32057672965544004;2.449489742783178,"quarter_window_m_lattice(step=0.25,[-1,2]) x geometric3_beta([1,6]) x geometric3_scale([s_side_min(beta),3])^2","D-F2-02;D-F2-03;D-F2-05;D-F2-07a;D-F2-07b;D-F2-07c;D-F2-07d(beta[1,6]);D-F2-06d(KuralT+KuralS,n_min=3)",true,false,false,KURAL_S_FAIL
P-02,P02-G-0276,fixed_grid,m;s_l;s_r;beta,1.5;0.03425647986552569;3.0;2.449489742783178,"quarter_window_m_lattice(step=0.25,[-1,2]) x geometric3_beta([1,6]) x geometric3_scale([s_side_min(beta),3])^2","D-F2-02;D-F2-03;D-F2-05;D-F2-07a;D-F2-07b;D-F2-07c;D-F2-07d(beta[1,6]);D-F2-06d(KuralT+KuralS,n_min=3)",true,false,false,KURAL_S_FAIL
P-02,P02-G-0277,fixed_grid,m;s_l;s_r;beta,1.5;0.07465689442188805;0.07465689442188805;6.0,"quarter_window_m_lattice(step=0.25,[-1,2]) x geometric3_beta([1,6]) x geometric3_scale([s_side_min(beta),3])^2","D-F2-02;D-F2-03;D-F2-05;D-F2-07a;D-F2-07b;D-F2-07c;D-F2-07d(beta[1,6]);D-F2-06d(KuralT+KuralS,n_min=3)",true,false,false,KURAL_S_FAIL
P-02,P02-G-0278,fixed_grid,m;s_l;s_r;beta,1.5;0.07465689442188805;0.47325541018108197;6.0,"quarter_window_m_lattice(step=0.25,[-1,2]) x geometric3_beta([1,6]) x geometric3_scale([s_side_min(beta),3])^2","D-F2-02;D-F2-03;D-F2-05;D-F2-07a;D-F2-07b;D-F2-07c;D-F2-07d(beta[1,6]);D-F2-06d(KuralT+KuralS,n_min=3)",true,false,false,KURAL_S_FAIL
P-02,P02-G-0279,fixed_grid,m;s_l;s_r;beta,1.5;0.07465689442188805;3.0;6.0,"quarter_window_m_lattice(step=0.25,[-1,2]) x geometric3_beta([1,6]) x geometric3_scale([s_side_min(beta),3])^2","D-F2-02;D-F2-03;D-F2-05;D-F2-07a;D-F2-07b;D-F2-07c;D-F2-07d(beta[1,6]);D-F2-06d(KuralT+KuralS,n_min=3)",true,false,false,KURAL_S_FAIL
P-02,P02-G-0280,fixed_grid,m;s_l;s_r;beta,1.5;0.21698234791863757;0.01569377976942823;1.0,"quarter_window_m_lattice(step=0.25,[-1,2]) x geometric3_beta([1,6]) x geometric3_scale([s_side_min(beta),3])^2","D-F2-02;D-F2-03;D-F2-05;D-F2-07a;D-F2-07b;D-F2-07c;D-F2-07d(beta[1,6]);D-F2-06d(KuralT+KuralS,n_min=3)",true,true,true,none
P-02,P02-G-0281,fixed_grid,m;s_l;s_r;beta,1.5;0.21698234791863757;0.21698234791863757;1.0,"quarter_window_m_lattice(step=0.25,[-1,2]) x geometric3_beta([1,6]) x geometric3_scale([s_side_min(beta),3])^2","D-F2-02;D-F2-03;D-F2-05;D-F2-07a;D-F2-07b;D-F2-07c;D-F2-07d(beta[1,6]);D-F2-06d(KuralT+KuralS,n_min=3)",true,true,true,none
P-02,P02-G-0282,fixed_grid,m;s_l;s_r;beta,1.5;0.21698234791863757;3.0;1.0,"quarter_window_m_lattice(step=0.25,[-1,2]) x geometric3_beta([1,6]) x geometric3_scale([s_side_min(beta),3])^2","D-F2-02;D-F2-03;D-F2-05;D-F2-07a;D-F2-07b;D-F2-07c;D-F2-07d(beta[1,6]);D-F2-06d(KuralT+KuralS,n_min=3)",true,true,true,none
P-02,P02-G-0283,fixed_grid,m;s_l;s_r;beta,1.5;0.32057672965544004;0.03425647986552569;2.449489742783178,"quarter_window_m_lattice(step=0.25,[-1,2]) x geometric3_beta([1,6]) x geometric3_scale([s_side_min(beta),3])^2","D-F2-02;D-F2-03;D-F2-05;D-F2-07a;D-F2-07b;D-F2-07c;D-F2-07d(beta[1,6]);D-F2-06d(KuralT+KuralS,n_min=3)",true,true,true,none
P-02,P02-G-0284,fixed_grid,m;s_l;s_r;beta,1.5;0.32057672965544004;0.32057672965544004;2.449489742783178,"quarter_window_m_lattice(step=0.25,[-1,2]) x geometric3_beta([1,6]) x geometric3_scale([s_side_min(beta),3])^2","D-F2-02;D-F2-03;D-F2-05;D-F2-07a;D-F2-07b;D-F2-07c;D-F2-07d(beta[1,6]);D-F2-06d(KuralT+KuralS,n_min=3)",true,true,true,none
P-02,P02-G-0285,fixed_grid,m;s_l;s_r;beta,1.5;0.32057672965544004;3.0;2.449489742783178,"quarter_window_m_lattice(step=0.25,[-1,2]) x geometric3_beta([1,6]) x geometric3_scale([s_side_min(beta),3])^2","D-F2-02;D-F2-03;D-F2-05;D-F2-07a;D-F2-07b;D-F2-07c;D-F2-07d(beta[1,6]);D-F2-06d(KuralT+KuralS,n_min=3)",true,true,true,none
P-02,P02-G-0286,fixed_grid,m;s_l;s_r;beta,1.5;0.47325541018108197;0.07465689442188805;6.0,"quarter_window_m_lattice(step=0.25,[-1,2]) x geometric3_beta([1,6]) x geometric3_scale([s_side_min(beta),3])^2","D-F2-02;D-F2-03;D-F2-05;D-F2-07a;D-F2-07b;D-F2-07c;D-F2-07d(beta[1,6]);D-F2-06d(KuralT+KuralS,n_min=3)",true,true,true,none
P-02,P02-G-0287,fixed_grid,m;s_l;s_r;beta,1.5;0.47325541018108197;0.47325541018108197;6.0,"quarter_window_m_lattice(step=0.25,[-1,2]) x geometric3_beta([1,6]) x geometric3_scale([s_side_min(beta),3])^2","D-F2-02;D-F2-03;D-F2-05;D-F2-07a;D-F2-07b;D-F2-07c;D-F2-07d(beta[1,6]);D-F2-06d(KuralT+KuralS,n_min=3)",true,true,true,none
P-02,P02-G-0288,fixed_grid,m;s_l;s_r;beta,1.5;0.47325541018108197;3.0;6.0,"quarter_window_m_lattice(step=0.25,[-1,2]) x geometric3_beta([1,6]) x geometric3_scale([s_side_min(beta),3])^2","D-F2-02;D-F2-03;D-F2-05;D-F2-07a;D-F2-07b;D-F2-07c;D-F2-07d(beta[1,6]);D-F2-06d(KuralT+KuralS,n_min=3)",true,true,true,none
P-02,P02-G-0289,fixed_grid,m;s_l;s_r;beta,1.5;3.0;0.01569377976942823;1.0,"quarter_window_m_lattice(step=0.25,[-1,2]) x geometric3_beta([1,6]) x geometric3_scale([s_side_min(beta),3])^2","D-F2-02;D-F2-03;D-F2-05;D-F2-07a;D-F2-07b;D-F2-07c;D-F2-07d(beta[1,6]);D-F2-06d(KuralT+KuralS,n_min=3)",true,true,true,none
P-02,P02-G-0290,fixed_grid,m;s_l;s_r;beta,1.5;3.0;0.03425647986552569;2.449489742783178,"quarter_window_m_lattice(step=0.25,[-1,2]) x geometric3_beta([1,6]) x geometric3_scale([s_side_min(beta),3])^2","D-F2-02;D-F2-03;D-F2-05;D-F2-07a;D-F2-07b;D-F2-07c;D-F2-07d(beta[1,6]);D-F2-06d(KuralT+KuralS,n_min=3)",true,true,true,none
P-02,P02-G-0291,fixed_grid,m;s_l;s_r;beta,1.5;3.0;0.07465689442188805;6.0,"quarter_window_m_lattice(step=0.25,[-1,2]) x geometric3_beta([1,6]) x geometric3_scale([s_side_min(beta),3])^2","D-F2-02;D-F2-03;D-F2-05;D-F2-07a;D-F2-07b;D-F2-07c;D-F2-07d(beta[1,6]);D-F2-06d(KuralT+KuralS,n_min=3)",true,true,true,none
P-02,P02-G-0292,fixed_grid,m;s_l;s_r;beta,1.5;3.0;0.21698234791863757;1.0,"quarter_window_m_lattice(step=0.25,[-1,2]) x geometric3_beta([1,6]) x geometric3_scale([s_side_min(beta),3])^2","D-F2-02;D-F2-03;D-F2-05;D-F2-07a;D-F2-07b;D-F2-07c;D-F2-07d(beta[1,6]);D-F2-06d(KuralT+KuralS,n_min=3)",true,true,true,none
P-02,P02-G-0293,fixed_grid,m;s_l;s_r;beta,1.5;3.0;0.32057672965544004;2.449489742783178,"quarter_window_m_lattice(step=0.25,[-1,2]) x geometric3_beta([1,6]) x geometric3_scale([s_side_min(beta),3])^2","D-F2-02;D-F2-03;D-F2-05;D-F2-07a;D-F2-07b;D-F2-07c;D-F2-07d(beta[1,6]);D-F2-06d(KuralT+KuralS,n_min=3)",true,true,true,none
P-02,P02-G-0294,fixed_grid,m;s_l;s_r;beta,1.5;3.0;0.47325541018108197;6.0,"quarter_window_m_lattice(step=0.25,[-1,2]) x geometric3_beta([1,6]) x geometric3_scale([s_side_min(beta),3])^2","D-F2-02;D-F2-03;D-F2-05;D-F2-07a;D-F2-07b;D-F2-07c;D-F2-07d(beta[1,6]);D-F2-06d(KuralT+KuralS,n_min=3)",true,true,true,none
P-02,P02-G-0295,fixed_grid,m;s_l;s_r;beta,1.5;3.0;3.0;1.0,"quarter_window_m_lattice(step=0.25,[-1,2]) x geometric3_beta([1,6]) x geometric3_scale([s_side_min(beta),3])^2","D-F2-02;D-F2-03;D-F2-05;D-F2-07a;D-F2-07b;D-F2-07c;D-F2-07d(beta[1,6]);D-F2-06d(KuralT+KuralS,n_min=3)",true,true,true,none
P-02,P02-G-0296,fixed_grid,m;s_l;s_r;beta,1.5;3.0;3.0;2.449489742783178,"quarter_window_m_lattice(step=0.25,[-1,2]) x geometric3_beta([1,6]) x geometric3_scale([s_side_min(beta),3])^2","D-F2-02;D-F2-03;D-F2-05;D-F2-07a;D-F2-07b;D-F2-07c;D-F2-07d(beta[1,6]);D-F2-06d(KuralT+KuralS,n_min=3)",true,true,true,none
P-02,P02-G-0297,fixed_grid,m;s_l;s_r;beta,1.5;3.0;3.0;6.0,"quarter_window_m_lattice(step=0.25,[-1,2]) x geometric3_beta([1,6]) x geometric3_scale([s_side_min(beta),3])^2","D-F2-02;D-F2-03;D-F2-05;D-F2-07a;D-F2-07b;D-F2-07c;D-F2-07d(beta[1,6]);D-F2-06d(KuralT+KuralS,n_min=3)",true,true,true,none
P-02,P02-G-0298,fixed_grid,m;s_l;s_r;beta,1.75;0.01569377976942823;0.01569377976942823;1.0,"quarter_window_m_lattice(step=0.25,[-1,2]) x geometric3_beta([1,6]) x geometric3_scale([s_side_min(beta),3])^2","D-F2-02;D-F2-03;D-F2-05;D-F2-07a;D-F2-07b;D-F2-07c;D-F2-07d(beta[1,6]);D-F2-06d(KuralT+KuralS,n_min=3)",true,false,false,KURAL_S_FAIL
P-02,P02-G-0299,fixed_grid,m;s_l;s_r;beta,1.75;0.01569377976942823;0.21698234791863757;1.0,"quarter_window_m_lattice(step=0.25,[-1,2]) x geometric3_beta([1,6]) x geometric3_scale([s_side_min(beta),3])^2","D-F2-02;D-F2-03;D-F2-05;D-F2-07a;D-F2-07b;D-F2-07c;D-F2-07d(beta[1,6]);D-F2-06d(KuralT+KuralS,n_min=3)",true,false,false,KURAL_S_FAIL
P-02,P02-G-0300,fixed_grid,m;s_l;s_r;beta,1.75;0.01569377976942823;3.0;1.0,"quarter_window_m_lattice(step=0.25,[-1,2]) x geometric3_beta([1,6]) x geometric3_scale([s_side_min(beta),3])^2","D-F2-02;D-F2-03;D-F2-05;D-F2-07a;D-F2-07b;D-F2-07c;D-F2-07d(beta[1,6]);D-F2-06d(KuralT+KuralS,n_min=3)",true,false,false,KURAL_S_FAIL
P-02,P02-G-0301,fixed_grid,m;s_l;s_r;beta,1.75;0.03425647986552569;0.03425647986552569;2.449489742783178,"quarter_window_m_lattice(step=0.25,[-1,2]) x geometric3_beta([1,6]) x geometric3_scale([s_side_min(beta),3])^2","D-F2-02;D-F2-03;D-F2-05;D-F2-07a;D-F2-07b;D-F2-07c;D-F2-07d(beta[1,6]);D-F2-06d(KuralT+KuralS,n_min=3)",true,false,false,KURAL_S_FAIL
P-02,P02-G-0302,fixed_grid,m;s_l;s_r;beta,1.75;0.03425647986552569;0.32057672965544004;2.449489742783178,"quarter_window_m_lattice(step=0.25,[-1,2]) x geometric3_beta([1,6]) x geometric3_scale([s_side_min(beta),3])^2","D-F2-02;D-F2-03;D-F2-05;D-F2-07a;D-F2-07b;D-F2-07c;D-F2-07d(beta[1,6]);D-F2-06d(KuralT+KuralS,n_min=3)",true,false,false,KURAL_S_FAIL
P-02,P02-G-0303,fixed_grid,m;s_l;s_r;beta,1.75;0.03425647986552569;3.0;2.449489742783178,"quarter_window_m_lattice(step=0.25,[-1,2]) x geometric3_beta([1,6]) x geometric3_scale([s_side_min(beta),3])^2","D-F2-02;D-F2-03;D-F2-05;D-F2-07a;D-F2-07b;D-F2-07c;D-F2-07d(beta[1,6]);D-F2-06d(KuralT+KuralS,n_min=3)",true,false,false,KURAL_S_FAIL
P-02,P02-G-0304,fixed_grid,m;s_l;s_r;beta,1.75;0.07465689442188805;0.07465689442188805;6.0,"quarter_window_m_lattice(step=0.25,[-1,2]) x geometric3_beta([1,6]) x geometric3_scale([s_side_min(beta),3])^2","D-F2-02;D-F2-03;D-F2-05;D-F2-07a;D-F2-07b;D-F2-07c;D-F2-07d(beta[1,6]);D-F2-06d(KuralT+KuralS,n_min=3)",true,false,false,KURAL_S_FAIL
P-02,P02-G-0305,fixed_grid,m;s_l;s_r;beta,1.75;0.07465689442188805;0.47325541018108197;6.0,"quarter_window_m_lattice(step=0.25,[-1,2]) x geometric3_beta([1,6]) x geometric3_scale([s_side_min(beta),3])^2","D-F2-02;D-F2-03;D-F2-05;D-F2-07a;D-F2-07b;D-F2-07c;D-F2-07d(beta[1,6]);D-F2-06d(KuralT+KuralS,n_min=3)",true,false,false,KURAL_S_FAIL
P-02,P02-G-0306,fixed_grid,m;s_l;s_r;beta,1.75;0.07465689442188805;3.0;6.0,"quarter_window_m_lattice(step=0.25,[-1,2]) x geometric3_beta([1,6]) x geometric3_scale([s_side_min(beta),3])^2","D-F2-02;D-F2-03;D-F2-05;D-F2-07a;D-F2-07b;D-F2-07c;D-F2-07d(beta[1,6]);D-F2-06d(KuralT+KuralS,n_min=3)",true,false,false,KURAL_S_FAIL
P-02,P02-G-0307,fixed_grid,m;s_l;s_r;beta,1.75;0.21698234791863757;0.01569377976942823;1.0,"quarter_window_m_lattice(step=0.25,[-1,2]) x geometric3_beta([1,6]) x geometric3_scale([s_side_min(beta),3])^2","D-F2-02;D-F2-03;D-F2-05;D-F2-07a;D-F2-07b;D-F2-07c;D-F2-07d(beta[1,6]);D-F2-06d(KuralT+KuralS,n_min=3)",true,true,true,none
P-02,P02-G-0308,fixed_grid,m;s_l;s_r;beta,1.75;0.21698234791863757;0.21698234791863757;1.0,"quarter_window_m_lattice(step=0.25,[-1,2]) x geometric3_beta([1,6]) x geometric3_scale([s_side_min(beta),3])^2","D-F2-02;D-F2-03;D-F2-05;D-F2-07a;D-F2-07b;D-F2-07c;D-F2-07d(beta[1,6]);D-F2-06d(KuralT+KuralS,n_min=3)",true,true,true,none
P-02,P02-G-0309,fixed_grid,m;s_l;s_r;beta,1.75;0.21698234791863757;3.0;1.0,"quarter_window_m_lattice(step=0.25,[-1,2]) x geometric3_beta([1,6]) x geometric3_scale([s_side_min(beta),3])^2","D-F2-02;D-F2-03;D-F2-05;D-F2-07a;D-F2-07b;D-F2-07c;D-F2-07d(beta[1,6]);D-F2-06d(KuralT+KuralS,n_min=3)",true,true,true,none
P-02,P02-G-0310,fixed_grid,m;s_l;s_r;beta,1.75;0.32057672965544004;0.03425647986552569;2.449489742783178,"quarter_window_m_lattice(step=0.25,[-1,2]) x geometric3_beta([1,6]) x geometric3_scale([s_side_min(beta),3])^2","D-F2-02;D-F2-03;D-F2-05;D-F2-07a;D-F2-07b;D-F2-07c;D-F2-07d(beta[1,6]);D-F2-06d(KuralT+KuralS,n_min=3)",true,true,true,none
P-02,P02-G-0311,fixed_grid,m;s_l;s_r;beta,1.75;0.32057672965544004;0.32057672965544004;2.449489742783178,"quarter_window_m_lattice(step=0.25,[-1,2]) x geometric3_beta([1,6]) x geometric3_scale([s_side_min(beta),3])^2","D-F2-02;D-F2-03;D-F2-05;D-F2-07a;D-F2-07b;D-F2-07c;D-F2-07d(beta[1,6]);D-F2-06d(KuralT+KuralS,n_min=3)",true,true,true,none
P-02,P02-G-0312,fixed_grid,m;s_l;s_r;beta,1.75;0.32057672965544004;3.0;2.449489742783178,"quarter_window_m_lattice(step=0.25,[-1,2]) x geometric3_beta([1,6]) x geometric3_scale([s_side_min(beta),3])^2","D-F2-02;D-F2-03;D-F2-05;D-F2-07a;D-F2-07b;D-F2-07c;D-F2-07d(beta[1,6]);D-F2-06d(KuralT+KuralS,n_min=3)",true,true,true,none
P-02,P02-G-0313,fixed_grid,m;s_l;s_r;beta,1.75;0.47325541018108197;0.07465689442188805;6.0,"quarter_window_m_lattice(step=0.25,[-1,2]) x geometric3_beta([1,6]) x geometric3_scale([s_side_min(beta),3])^2","D-F2-02;D-F2-03;D-F2-05;D-F2-07a;D-F2-07b;D-F2-07c;D-F2-07d(beta[1,6]);D-F2-06d(KuralT+KuralS,n_min=3)",true,false,false,KURAL_S_FAIL
P-02,P02-G-0314,fixed_grid,m;s_l;s_r;beta,1.75;0.47325541018108197;0.47325541018108197;6.0,"quarter_window_m_lattice(step=0.25,[-1,2]) x geometric3_beta([1,6]) x geometric3_scale([s_side_min(beta),3])^2","D-F2-02;D-F2-03;D-F2-05;D-F2-07a;D-F2-07b;D-F2-07c;D-F2-07d(beta[1,6]);D-F2-06d(KuralT+KuralS,n_min=3)",true,false,false,KURAL_S_FAIL
P-02,P02-G-0315,fixed_grid,m;s_l;s_r;beta,1.75;0.47325541018108197;3.0;6.0,"quarter_window_m_lattice(step=0.25,[-1,2]) x geometric3_beta([1,6]) x geometric3_scale([s_side_min(beta),3])^2","D-F2-02;D-F2-03;D-F2-05;D-F2-07a;D-F2-07b;D-F2-07c;D-F2-07d(beta[1,6]);D-F2-06d(KuralT+KuralS,n_min=3)",true,false,false,KURAL_S_FAIL
P-02,P02-G-0316,fixed_grid,m;s_l;s_r;beta,1.75;3.0;0.01569377976942823;1.0,"quarter_window_m_lattice(step=0.25,[-1,2]) x geometric3_beta([1,6]) x geometric3_scale([s_side_min(beta),3])^2","D-F2-02;D-F2-03;D-F2-05;D-F2-07a;D-F2-07b;D-F2-07c;D-F2-07d(beta[1,6]);D-F2-06d(KuralT+KuralS,n_min=3)",true,true,true,none
P-02,P02-G-0317,fixed_grid,m;s_l;s_r;beta,1.75;3.0;0.03425647986552569;2.449489742783178,"quarter_window_m_lattice(step=0.25,[-1,2]) x geometric3_beta([1,6]) x geometric3_scale([s_side_min(beta),3])^2","D-F2-02;D-F2-03;D-F2-05;D-F2-07a;D-F2-07b;D-F2-07c;D-F2-07d(beta[1,6]);D-F2-06d(KuralT+KuralS,n_min=3)",true,true,true,none
P-02,P02-G-0318,fixed_grid,m;s_l;s_r;beta,1.75;3.0;0.07465689442188805;6.0,"quarter_window_m_lattice(step=0.25,[-1,2]) x geometric3_beta([1,6]) x geometric3_scale([s_side_min(beta),3])^2","D-F2-02;D-F2-03;D-F2-05;D-F2-07a;D-F2-07b;D-F2-07c;D-F2-07d(beta[1,6]);D-F2-06d(KuralT+KuralS,n_min=3)",true,true,true,none
P-02,P02-G-0319,fixed_grid,m;s_l;s_r;beta,1.75;3.0;0.21698234791863757;1.0,"quarter_window_m_lattice(step=0.25,[-1,2]) x geometric3_beta([1,6]) x geometric3_scale([s_side_min(beta),3])^2","D-F2-02;D-F2-03;D-F2-05;D-F2-07a;D-F2-07b;D-F2-07c;D-F2-07d(beta[1,6]);D-F2-06d(KuralT+KuralS,n_min=3)",true,true,true,none
P-02,P02-G-0320,fixed_grid,m;s_l;s_r;beta,1.75;3.0;0.32057672965544004;2.449489742783178,"quarter_window_m_lattice(step=0.25,[-1,2]) x geometric3_beta([1,6]) x geometric3_scale([s_side_min(beta),3])^2","D-F2-02;D-F2-03;D-F2-05;D-F2-07a;D-F2-07b;D-F2-07c;D-F2-07d(beta[1,6]);D-F2-06d(KuralT+KuralS,n_min=3)",true,true,true,none
P-02,P02-G-0321,fixed_grid,m;s_l;s_r;beta,1.75;3.0;0.47325541018108197;6.0,"quarter_window_m_lattice(step=0.25,[-1,2]) x geometric3_beta([1,6]) x geometric3_scale([s_side_min(beta),3])^2","D-F2-02;D-F2-03;D-F2-05;D-F2-07a;D-F2-07b;D-F2-07c;D-F2-07d(beta[1,6]);D-F2-06d(KuralT+KuralS,n_min=3)",true,true,true,none
P-02,P02-G-0322,fixed_grid,m;s_l;s_r;beta,1.75;3.0;3.0;1.0,"quarter_window_m_lattice(step=0.25,[-1,2]) x geometric3_beta([1,6]) x geometric3_scale([s_side_min(beta),3])^2","D-F2-02;D-F2-03;D-F2-05;D-F2-07a;D-F2-07b;D-F2-07c;D-F2-07d(beta[1,6]);D-F2-06d(KuralT+KuralS,n_min=3)",true,true,true,none
P-02,P02-G-0323,fixed_grid,m;s_l;s_r;beta,1.75;3.0;3.0;2.449489742783178,"quarter_window_m_lattice(step=0.25,[-1,2]) x geometric3_beta([1,6]) x geometric3_scale([s_side_min(beta),3])^2","D-F2-02;D-F2-03;D-F2-05;D-F2-07a;D-F2-07b;D-F2-07c;D-F2-07d(beta[1,6]);D-F2-06d(KuralT+KuralS,n_min=3)",true,true,true,none
P-02,P02-G-0324,fixed_grid,m;s_l;s_r;beta,1.75;3.0;3.0;6.0,"quarter_window_m_lattice(step=0.25,[-1,2]) x geometric3_beta([1,6]) x geometric3_scale([s_side_min(beta),3])^2","D-F2-02;D-F2-03;D-F2-05;D-F2-07a;D-F2-07b;D-F2-07c;D-F2-07d(beta[1,6]);D-F2-06d(KuralT+KuralS,n_min=3)",true,true,true,none
P-02,P02-G-0325,fixed_grid,m;s_l;s_r;beta,2.0;0.01569377976942823;0.01569377976942823;1.0,"quarter_window_m_lattice(step=0.25,[-1,2]) x geometric3_beta([1,6]) x geometric3_scale([s_side_min(beta),3])^2","D-F2-02;D-F2-03;D-F2-05;D-F2-07a;D-F2-07b;D-F2-07c;D-F2-07d(beta[1,6]);D-F2-06d(KuralT+KuralS,n_min=3)",true,false,false,KURAL_S_FAIL
P-02,P02-G-0326,fixed_grid,m;s_l;s_r;beta,2.0;0.01569377976942823;0.21698234791863757;1.0,"quarter_window_m_lattice(step=0.25,[-1,2]) x geometric3_beta([1,6]) x geometric3_scale([s_side_min(beta),3])^2","D-F2-02;D-F2-03;D-F2-05;D-F2-07a;D-F2-07b;D-F2-07c;D-F2-07d(beta[1,6]);D-F2-06d(KuralT+KuralS,n_min=3)",true,false,false,KURAL_S_FAIL
P-02,P02-G-0327,fixed_grid,m;s_l;s_r;beta,2.0;0.01569377976942823;3.0;1.0,"quarter_window_m_lattice(step=0.25,[-1,2]) x geometric3_beta([1,6]) x geometric3_scale([s_side_min(beta),3])^2","D-F2-02;D-F2-03;D-F2-05;D-F2-07a;D-F2-07b;D-F2-07c;D-F2-07d(beta[1,6]);D-F2-06d(KuralT+KuralS,n_min=3)",true,false,false,KURAL_S_FAIL
P-02,P02-G-0328,fixed_grid,m;s_l;s_r;beta,2.0;0.03425647986552569;0.03425647986552569;2.449489742783178,"quarter_window_m_lattice(step=0.25,[-1,2]) x geometric3_beta([1,6]) x geometric3_scale([s_side_min(beta),3])^2","D-F2-02;D-F2-03;D-F2-05;D-F2-07a;D-F2-07b;D-F2-07c;D-F2-07d(beta[1,6]);D-F2-06d(KuralT+KuralS,n_min=3)",true,false,false,KURAL_S_FAIL
P-02,P02-G-0329,fixed_grid,m;s_l;s_r;beta,2.0;0.03425647986552569;0.32057672965544004;2.449489742783178,"quarter_window_m_lattice(step=0.25,[-1,2]) x geometric3_beta([1,6]) x geometric3_scale([s_side_min(beta),3])^2","D-F2-02;D-F2-03;D-F2-05;D-F2-07a;D-F2-07b;D-F2-07c;D-F2-07d(beta[1,6]);D-F2-06d(KuralT+KuralS,n_min=3)",true,false,false,KURAL_S_FAIL
P-02,P02-G-0330,fixed_grid,m;s_l;s_r;beta,2.0;0.03425647986552569;3.0;2.449489742783178,"quarter_window_m_lattice(step=0.25,[-1,2]) x geometric3_beta([1,6]) x geometric3_scale([s_side_min(beta),3])^2","D-F2-02;D-F2-03;D-F2-05;D-F2-07a;D-F2-07b;D-F2-07c;D-F2-07d(beta[1,6]);D-F2-06d(KuralT+KuralS,n_min=3)",true,false,false,KURAL_S_FAIL
P-02,P02-G-0331,fixed_grid,m;s_l;s_r;beta,2.0;0.07465689442188805;0.07465689442188805;6.0,"quarter_window_m_lattice(step=0.25,[-1,2]) x geometric3_beta([1,6]) x geometric3_scale([s_side_min(beta),3])^2","D-F2-02;D-F2-03;D-F2-05;D-F2-07a;D-F2-07b;D-F2-07c;D-F2-07d(beta[1,6]);D-F2-06d(KuralT+KuralS,n_min=3)",true,false,false,KURAL_S_FAIL
P-02,P02-G-0332,fixed_grid,m;s_l;s_r;beta,2.0;0.07465689442188805;0.47325541018108197;6.0,"quarter_window_m_lattice(step=0.25,[-1,2]) x geometric3_beta([1,6]) x geometric3_scale([s_side_min(beta),3])^2","D-F2-02;D-F2-03;D-F2-05;D-F2-07a;D-F2-07b;D-F2-07c;D-F2-07d(beta[1,6]);D-F2-06d(KuralT+KuralS,n_min=3)",true,false,false,KURAL_S_FAIL
P-02,P02-G-0333,fixed_grid,m;s_l;s_r;beta,2.0;0.07465689442188805;3.0;6.0,"quarter_window_m_lattice(step=0.25,[-1,2]) x geometric3_beta([1,6]) x geometric3_scale([s_side_min(beta),3])^2","D-F2-02;D-F2-03;D-F2-05;D-F2-07a;D-F2-07b;D-F2-07c;D-F2-07d(beta[1,6]);D-F2-06d(KuralT+KuralS,n_min=3)",true,false,false,KURAL_S_FAIL
P-02,P02-G-0334,fixed_grid,m;s_l;s_r;beta,2.0;0.21698234791863757;0.01569377976942823;1.0,"quarter_window_m_lattice(step=0.25,[-1,2]) x geometric3_beta([1,6]) x geometric3_scale([s_side_min(beta),3])^2","D-F2-02;D-F2-03;D-F2-05;D-F2-07a;D-F2-07b;D-F2-07c;D-F2-07d(beta[1,6]);D-F2-06d(KuralT+KuralS,n_min=3)",true,true,true,none
P-02,P02-G-0335,fixed_grid,m;s_l;s_r;beta,2.0;0.21698234791863757;0.21698234791863757;1.0,"quarter_window_m_lattice(step=0.25,[-1,2]) x geometric3_beta([1,6]) x geometric3_scale([s_side_min(beta),3])^2","D-F2-02;D-F2-03;D-F2-05;D-F2-07a;D-F2-07b;D-F2-07c;D-F2-07d(beta[1,6]);D-F2-06d(KuralT+KuralS,n_min=3)",true,true,true,none
P-02,P02-G-0336,fixed_grid,m;s_l;s_r;beta,2.0;0.21698234791863757;3.0;1.0,"quarter_window_m_lattice(step=0.25,[-1,2]) x geometric3_beta([1,6]) x geometric3_scale([s_side_min(beta),3])^2","D-F2-02;D-F2-03;D-F2-05;D-F2-07a;D-F2-07b;D-F2-07c;D-F2-07d(beta[1,6]);D-F2-06d(KuralT+KuralS,n_min=3)",true,true,true,none
P-02,P02-G-0337,fixed_grid,m;s_l;s_r;beta,2.0;0.32057672965544004;0.03425647986552569;2.449489742783178,"quarter_window_m_lattice(step=0.25,[-1,2]) x geometric3_beta([1,6]) x geometric3_scale([s_side_min(beta),3])^2","D-F2-02;D-F2-03;D-F2-05;D-F2-07a;D-F2-07b;D-F2-07c;D-F2-07d(beta[1,6]);D-F2-06d(KuralT+KuralS,n_min=3)",true,true,true,none
P-02,P02-G-0338,fixed_grid,m;s_l;s_r;beta,2.0;0.32057672965544004;0.32057672965544004;2.449489742783178,"quarter_window_m_lattice(step=0.25,[-1,2]) x geometric3_beta([1,6]) x geometric3_scale([s_side_min(beta),3])^2","D-F2-02;D-F2-03;D-F2-05;D-F2-07a;D-F2-07b;D-F2-07c;D-F2-07d(beta[1,6]);D-F2-06d(KuralT+KuralS,n_min=3)",true,true,true,none
P-02,P02-G-0339,fixed_grid,m;s_l;s_r;beta,2.0;0.32057672965544004;3.0;2.449489742783178,"quarter_window_m_lattice(step=0.25,[-1,2]) x geometric3_beta([1,6]) x geometric3_scale([s_side_min(beta),3])^2","D-F2-02;D-F2-03;D-F2-05;D-F2-07a;D-F2-07b;D-F2-07c;D-F2-07d(beta[1,6]);D-F2-06d(KuralT+KuralS,n_min=3)",true,true,true,none
P-02,P02-G-0340,fixed_grid,m;s_l;s_r;beta,2.0;0.47325541018108197;0.07465689442188805;6.0,"quarter_window_m_lattice(step=0.25,[-1,2]) x geometric3_beta([1,6]) x geometric3_scale([s_side_min(beta),3])^2","D-F2-02;D-F2-03;D-F2-05;D-F2-07a;D-F2-07b;D-F2-07c;D-F2-07d(beta[1,6]);D-F2-06d(KuralT+KuralS,n_min=3)",true,false,false,KURAL_S_FAIL
P-02,P02-G-0341,fixed_grid,m;s_l;s_r;beta,2.0;0.47325541018108197;0.47325541018108197;6.0,"quarter_window_m_lattice(step=0.25,[-1,2]) x geometric3_beta([1,6]) x geometric3_scale([s_side_min(beta),3])^2","D-F2-02;D-F2-03;D-F2-05;D-F2-07a;D-F2-07b;D-F2-07c;D-F2-07d(beta[1,6]);D-F2-06d(KuralT+KuralS,n_min=3)",true,false,false,KURAL_S_FAIL
P-02,P02-G-0342,fixed_grid,m;s_l;s_r;beta,2.0;0.47325541018108197;3.0;6.0,"quarter_window_m_lattice(step=0.25,[-1,2]) x geometric3_beta([1,6]) x geometric3_scale([s_side_min(beta),3])^2","D-F2-02;D-F2-03;D-F2-05;D-F2-07a;D-F2-07b;D-F2-07c;D-F2-07d(beta[1,6]);D-F2-06d(KuralT+KuralS,n_min=3)",true,false,false,KURAL_S_FAIL
P-02,P02-G-0343,fixed_grid,m;s_l;s_r;beta,2.0;3.0;0.01569377976942823;1.0,"quarter_window_m_lattice(step=0.25,[-1,2]) x geometric3_beta([1,6]) x geometric3_scale([s_side_min(beta),3])^2","D-F2-02;D-F2-03;D-F2-05;D-F2-07a;D-F2-07b;D-F2-07c;D-F2-07d(beta[1,6]);D-F2-06d(KuralT+KuralS,n_min=3)",true,true,true,none
P-02,P02-G-0344,fixed_grid,m;s_l;s_r;beta,2.0;3.0;0.03425647986552569;2.449489742783178,"quarter_window_m_lattice(step=0.25,[-1,2]) x geometric3_beta([1,6]) x geometric3_scale([s_side_min(beta),3])^2","D-F2-02;D-F2-03;D-F2-05;D-F2-07a;D-F2-07b;D-F2-07c;D-F2-07d(beta[1,6]);D-F2-06d(KuralT+KuralS,n_min=3)",true,true,true,none
P-02,P02-G-0345,fixed_grid,m;s_l;s_r;beta,2.0;3.0;0.07465689442188805;6.0,"quarter_window_m_lattice(step=0.25,[-1,2]) x geometric3_beta([1,6]) x geometric3_scale([s_side_min(beta),3])^2","D-F2-02;D-F2-03;D-F2-05;D-F2-07a;D-F2-07b;D-F2-07c;D-F2-07d(beta[1,6]);D-F2-06d(KuralT+KuralS,n_min=3)",true,true,true,none
P-02,P02-G-0346,fixed_grid,m;s_l;s_r;beta,2.0;3.0;0.21698234791863757;1.0,"quarter_window_m_lattice(step=0.25,[-1,2]) x geometric3_beta([1,6]) x geometric3_scale([s_side_min(beta),3])^2","D-F2-02;D-F2-03;D-F2-05;D-F2-07a;D-F2-07b;D-F2-07c;D-F2-07d(beta[1,6]);D-F2-06d(KuralT+KuralS,n_min=3)",true,true,true,none
P-02,P02-G-0347,fixed_grid,m;s_l;s_r;beta,2.0;3.0;0.32057672965544004;2.449489742783178,"quarter_window_m_lattice(step=0.25,[-1,2]) x geometric3_beta([1,6]) x geometric3_scale([s_side_min(beta),3])^2","D-F2-02;D-F2-03;D-F2-05;D-F2-07a;D-F2-07b;D-F2-07c;D-F2-07d(beta[1,6]);D-F2-06d(KuralT+KuralS,n_min=3)",true,true,true,none
P-02,P02-G-0348,fixed_grid,m;s_l;s_r;beta,2.0;3.0;0.47325541018108197;6.0,"quarter_window_m_lattice(step=0.25,[-1,2]) x geometric3_beta([1,6]) x geometric3_scale([s_side_min(beta),3])^2","D-F2-02;D-F2-03;D-F2-05;D-F2-07a;D-F2-07b;D-F2-07c;D-F2-07d(beta[1,6]);D-F2-06d(KuralT+KuralS,n_min=3)",true,true,true,none
P-02,P02-G-0349,fixed_grid,m;s_l;s_r;beta,2.0;3.0;3.0;1.0,"quarter_window_m_lattice(step=0.25,[-1,2]) x geometric3_beta([1,6]) x geometric3_scale([s_side_min(beta),3])^2","D-F2-02;D-F2-03;D-F2-05;D-F2-07a;D-F2-07b;D-F2-07c;D-F2-07d(beta[1,6]);D-F2-06d(KuralT+KuralS,n_min=3)",true,true,true,none
P-02,P02-G-0350,fixed_grid,m;s_l;s_r;beta,2.0;3.0;3.0;2.449489742783178,"quarter_window_m_lattice(step=0.25,[-1,2]) x geometric3_beta([1,6]) x geometric3_scale([s_side_min(beta),3])^2","D-F2-02;D-F2-03;D-F2-05;D-F2-07a;D-F2-07b;D-F2-07c;D-F2-07d(beta[1,6]);D-F2-06d(KuralT+KuralS,n_min=3)",true,true,true,none
P-02,P02-G-0351,fixed_grid,m;s_l;s_r;beta,2.0;3.0;3.0;6.0,"quarter_window_m_lattice(step=0.25,[-1,2]) x geometric3_beta([1,6]) x geometric3_scale([s_side_min(beta),3])^2","D-F2-02;D-F2-03;D-F2-05;D-F2-07a;D-F2-07b;D-F2-07c;D-F2-07d(beta[1,6]);D-F2-06d(KuralT+KuralS,n_min=3)",true,true,true,none
