path,classification,reason,r4_2,rp1
evaluations/stops/canonical/determinism (S),S,"scientific, no whitelist",,
context_id_unique,E,C-4/R-1(ii) ADDITION (not in r4-2),<ABSENT>,"{""all_unique"": true, ""expected_rows"": 144, ""matches_dry_table"": true, ""pass_"": true, ""rows"": 144}"
end_state.PI_dispatch_record_hash,E,"rp1-r1's own dispatch record is D-12, not D-7","""a3e705093577135f9992685a483b2f0de343326da6c3aecbb278e7672e1ec1fb""","""2c23130dfed76b02f50c24de0319ab39e296d47fc74cb46b8ad0c88dc6434364"""
end_state.PI_dispatch_record_path,E,rp1-r1's own dispatch record path,"""p_konum_plus/prompts/f3_step2_r4-2_pi_dispatch_record_2026-09-30.md""","""p_konum_plus/prompts/f3_realdata_prep_rp1-r1_pi_dispatch_record_2026-10-05.md"""
end_state.corrections_complete,E,"stale at comparison time -- T-NONREG-R4-2 (this check) is not yet recorded in TESTS_RUN; refreshed immediately after, before the results file is written",true,false
end_state.mandatory_tests_all_run,E,"stale at comparison time, same reason",true,false
end_state.mandatory_tests_missing,E,"stale at comparison time, same reason",[],"[""T-NONREG-R4-2""]"
end_state.narrowed_evidence,E,"rp1 instruction C-6, carried into rp1-r1: T-RP-1 enters narrowed_evidence by value","[""T-R2-2""]","[""T-R2-2"", ""T-RP-1""]"
exc_injection_fixtures.pass_key_namespaces_disjoint,E,C-2(i) ADDITION (not in r4-2),<ABSENT>,true
f1_contract_gap,E,R-1(iii) ADDITION (not in r4-2),<ABSENT>,"{""cases"": {""fixture_id"": {""key_named"": ""fixture_id"", ""ok"": true, ""raised"": true}, ""injections"": {""key_named"": ""injections"", ""ok"": true, ""raised"": true}, ""start_bank"": {""key_named"": ""start_bank"", ""ok"": true, ""raised"": true}, ""strata"": {""key_named"": ""strata"", ""ok"": true, ""raised"": true}}, ""pass_"": true}"
f1_handoff_synth,E,R-1 ADDITION (not in r4-2),<ABSENT>,"{""actual_rows_equal_dry_table"": true, ""captured_rows"": 144, ""dry_rows"": 144, ""exception"": null, ""pass_"": true, ""ran_without_exception"": true, ""xhashes_match_loader"": true}"
f1_loader_synth,E,C-3 ADDITION (not in r4-2),<ABSENT>,"{""cases"": {""BAD_FORMAT"": {""expected"": ""BAD_FORMAT"", ""got"": ""BAD_FORMAT"", ""ok"": true}, ""BAD_SEMANTICS"": {""expected"": ""BAD_SEMANTICS"", ""got"": ""BAD_SEMANTICS"", ""ok"": true}, ""COUNT_BELOW_PUBLICATION_FLOOR"": {""expected"": ""COUNT_BELOW_PUBLICATION_FLOOR"", ""got"": ""COUNT_BELOW_PUBLICATION_FLOOR"", ""ok"": true}, ""DUPLICATE_KEY"": {""expected"": ""DUPLICATE_KEY"", ""got"": ""DUPLICATE_KEY"", ""ok"": true}, ""MISSING_YEAR"": {""expected"": ""MISSING_YEAR"", ""got"": ""MISSING_YEAR"", ""ok"": true}, ""NEGATIVE_SHARE"": {""expected"": ""N"
f1_repro_gate_synth,E,R-1(iv) ADDITION (not in r4-2),<ABSENT>,"{""cases"": {""complete"": {""ok"": true, ""raised"": false, ""reason"": null}, ""eligible_manifest_changed"": {""ok"": true, ""raised"": true, ""reason"": ""F1_REPRO_GATE_ELIGIBLE_MISMATCH observed=[('F', 'Zq00'), ('F', 'Zq01'), ('F', 'Zq02'), ('M', 'Zq00'), ('M', 'Zq01'), ('M', 'Zq02')] expected=[('F', 'Zq00'), ('F', 'Zq01'), ('F', 'Zq02'), ('M', 'Zq00'), ('M', 'Zq01')]""}, ""extra_file"": {""ok"": true, ""raised"": true, ""reason"": ""F1_REPRO_GATE_EXTRA_FILE ['yob2025.txt']""}, ""hash_changed"": {""ok"": true, ""raised"": true"
inadmissible_completed_counts,E,C-5 ADDITION (not in r4-2),<ABSENT>,"{""family_starts"": 13026, ""spline_modes"": 105}"
inadmissible_observable,E,C-5 ADDITION (not in r4-2),<ABSENT>,"{""family"": {""eligible_not_counted"": true, ""infeasible_not_counted"": true, ""nonconverged_not_counted"": true, ""witness"": null, ""witness_found"": false}, ""pass_"": true, ""spline"": {""accepted_primary_not_counted"": true, ""accepted_stage1_not_counted"": true, ""clean_not_accepted_counted"": true, ""dirty_return_not_counted"": true}, ""witness_on_frozen_lattice"": false}"
key_namespace_table,E,C-2 ADDITION (not in r4-2),<ABSENT>,"[{""key_families"": [""nrgates_all"", ""onestart"", ""realscen"", ""splmode"", ""unittests_all""], ""n_keys"": 11431, ""scope"": ""(base)""}, {""key_families"": [""splmode""], ""n_keys"": 438, ""scope"": ""excpass1__""}, {""key_families"": [""splmode""], ""n_keys"": 438, ""scope"": ""excpass2__""}, {""key_families"": [""f1handoff""], ""n_keys"": 54714, ""scope"": ""f1handoff__""}, {""key_families"": [""splmode""], ""n_keys"": 146, ""scope"": ""tstoreread_cold__""}, {""key_families"": [""splmode""], ""n_keys"": 146, ""scope"": ""tstoreread_warm__""}]"
opened_files_audit_derived,E,rp1-r1's own file paths,"[""4"", ""C:\\Users\\Neo\\AppData\\Local\\Programs\\Python\\Python311\\Lib\\__pycache__\\copy.cpython-311.pyc"", ""C:\\Users\\Neo\\AppData\\Local\\Programs\\Python\\Python311\\Lib\\__pycache__\\dataclasses.cpython-311.pyc"", ""C:\\Users\\Neo\\AppData\\Local\\Programs\\Python\\Python311\\Lib\\__pycache__\\heapq.cpython-311.pyc"", ""C:\\Users\\Neo\\AppData\\Local\\Programs\\Python\\Python311\\Lib\\__pycache__\\selectors.cpython-311.pyc"", ""C:\\Users\\Neo\\AppData\\Local\\Programs\\Python\\Python311\\Lib\\__","[""4"", ""C:\\Users\\Neo\\AppData\\Local\\Programs\\Python\\Python311\\Lib\\__pycache__\\copy.cpython-311.pyc"", ""C:\\Users\\Neo\\AppData\\Local\\Programs\\Python\\Python311\\Lib\\__pycache__\\dataclasses.cpython-311.pyc"", ""C:\\Users\\Neo\\AppData\\Local\\Programs\\Python\\Python311\\Lib\\__pycache__\\heapq.cpython-311.pyc"", ""C:\\Users\\Neo\\AppData\\Local\\Programs\\Python\\Python311\\Lib\\__pycache__\\selectors.cpython-311.pyc"", ""C:\\Users\\Neo\\AppData\\Local\\Programs\\Python\\Python311\\Lib\\__"
opened_files_declared,E,rp1-r1's own file paths (more deliverables),"[""G:\\PycharmProjects\\pkp-worktree\\p_konum_plus\\calibration\\f3_step2_adequacy_harness_r4-2_2026-09-30.py"", ""p_konum_plus/calibration/f2_d_f2_09_proposed_start_grid_manifest_2026-08-30.csv"", ""p_konum_plus/calibration/f2_step2_feasibility_harness_r3_2026-09-01.py"", ""p_konum_plus/calibration/f2_step2_feasibility_telemetry_r3_2026-09-01.csv"", ""p_konum_plus/calibration/f2_step2_fixture_manifest_2026-09-01.csv"", ""p_konum_plus/calibration/f3_spline_solver_qualification_harness_r2_2026-09-03.py"", ""p","[""G:\\PycharmProjects\\pkp-worktree\\p_konum_plus\\calibration\\f3_step2_adequacy_harness_rp1-r1_2026-10-05.py"", ""p_konum_plus/calibration/f1_input_freeze_record_2026-08-28.md"", ""p_konum_plus/calibration/f2_d_f2_09_proposed_start_grid_manifest_2026-08-30.csv"", ""p_konum_plus/calibration/f2_step2_feasibility_harness_r3_2026-09-01.py"", ""p_konum_plus/calibration/f2_step2_feasibility_telemetry_r3_2026-09-01.csv"", ""p_konum_plus/calibration/f2_step2_fixture_manifest_2026-09-01.csv"", ""p_konum_plus/calib"
process.attempt_log_path,E,own deliverable path,"""p_konum_plus/provenance/f3_step2_r4-2_attempt_log_2026-09-30.md""","""p_konum_plus/provenance/f3_realdata_prep_rp1-r1_attempt_log_2026-10-05.md"""
process.command_line,E,this process's own invocation,"""p_konum_plus/calibration/f3_step2_adequacy_harness_r4-2_2026-09-30.py""","""p_konum_plus/calibration/f3_step2_adequacy_harness_rp1-r1_2026-10-05.py"""
process.end,E,this process's own timing,"""2026-09-30T21:36:01.300416""","""2026-10-08T03:08:36.537570"""
process.launch_stderr_path,E,own log path,"""p_konum_plus/calibration/f3_step2_r4-2_launch2_stderr_2026-09-30.log""","""p_konum_plus/calibration/f3_step2_rp1-r1_launch2_stderr_2026-10-05.log"""
process.launch_stdout_path,E,own log path,"""p_konum_plus/calibration/f3_step2_r4-2_launch2_stdout_2026-09-30.log""","""p_konum_plus/calibration/f3_step2_rp1-r1_launch2_stdout_2026-10-05.log"""
process.percall_telemetry_path,E,own deliverable path,"""p_konum_plus/calibration/f3_step2_spline_percall_telemetry_r4-2_2026-09-30.csv""","""p_konum_plus/calibration/f3_step2_spline_percall_telemetry_rp1-r1_2026-10-05.csv"""
process.pid,E,this process's own identity,10412,34588
process.spline_telemetry_call_total,E,same reason,12174,22217
process.spline_telemetry_calls_by_phase,E,rp1-r1 adds a t_store_read_accounting phase label (R-5),"{""nr_gates"": 60, ""run1"": 5256, ""run2"": 5256, ""unit_tests"": 1602}","{""nr_gates"": 9283, ""run1"": 5256, ""run2"": 5256, ""t_store_read_accounting"": 820, ""unit_tests"": 1602}"
process.spline_telemetry_calls_by_phase_pid,E,same reason,"{""nr_gates/10412"": 60, ""run1/10412"": 5256, ""run2/10412"": 5256, ""unit_tests/10412"": 1602}","{""nr_gates/34588"": 9283, ""run1/34588"": 5256, ""run2/34588"": 5256, ""t_store_read_accounting/34588"": 820, ""unit_tests/34588"": 1602}"
process.start,E,this process's own timing,"""2026-09-30T20:38:58.140644""","""2026-10-07T14:51:58.715047"""
process.store_manifest_path,E,own deliverable path,"""p_konum_plus/calibration/f3_step2_r4-2_restart_store_manifest_2026-09-30.csv""","""p_konum_plus/calibration/f3_step2_rp1-r1_restart_store_manifest_2026-10-05.csv"""
process.store_manifest_sha256,E,own store contents,"""1082e0eb6caa9eaab2f779802b2023967716f424bd4278f674bc92130ae87f95""","""f64e0aa9344f7b2187d91a113cdc83c0f006bfd288fef8f86060ce9ab3f39da5"""
process.store_rows,E,"rp1-r1's own store has new key families: R-1's f1handoff__/f1gap__ scopes, cold/warm T-STORE-READ scopes (R-5)",11869,67313
process.supersedes_harness_sha256,E,own supersession chain,"""9e4d2803101de6b48b69965882772c2f5a65d71ddce95269b4616dceb6731d74""","""4bffb33aec4bfee48e2ed57bf3546988d809a4b49f2fe830e7e691713640114d"""
process.supersedes_note_path,E,own supersession chain,"""p_konum_plus/quarantine/f3_step2_r4-2_attempt1_interruption_note_2026-09-30.md""","""p_konum_plus/quarantine/f3_step2_rp1-r1_attempt1_nonreg_e_declaration_bugs_note_2026-10-06.md"""
solver_exceptions,E,a natural COVERED event's own provenance (pid/start_iso/traceback file path) differs per process; content verified identical after stripping those fields,"[{""exception_type"": ""RuntimeError"", ""fixture"": ""SCEN-A"", ""kind"": ""COVERED"", ""mask_id"": ""run1:F0:full"", ""message"": ""Maximum number of iterations reached."", ""mode"": 113, ""phase"": ""run1"", ""pid"": 10412, ""s2_rule"": ""alpha: NOT accepted at stage 2; chain continues"", ""sex"": ""F"", ""stage"": 2, ""start_iso"": ""2026-09-30T20:38:58.140644"", ""traceback"": ""Traceback (most recent call last):\n  File \""G:\\PycharmProjects\\pkp-worktree\\p_konum_plus\\calibration\\f3_step2_adequacy_harness_r4-2_2026-09-30.py\"", lin","[{""exception_type"": ""RuntimeError"", ""fixture"": ""SCEN-A"", ""kind"": ""COVERED"", ""mask_id"": ""run1:F0:full"", ""message"": ""Maximum number of iterations reached."", ""mode"": 113, ""phase"": ""run1"", ""pid"": 34588, ""s2_rule"": ""alpha: NOT accepted at stage 2; chain continues"", ""sex"": ""F"", ""stage"": 2, ""start_iso"": ""2026-10-07T14:51:58.715047"", ""traceback"": ""Traceback (most recent call last):\n  File \""G:\\PycharmProjects\\pkp-worktree\\p_konum_plus\\calibration\\f3_step2_adequacy_harness_rp1-r1_2026-10-05.py\"", l"
store_read_accounting,E,C-1 ADDITION (not in r4-2),<ABSENT>,"{""fine_counts"": {""tstoreread_cold__|splmode|34588"": 292, ""tstoreread_warm__|splmode|34588"": 438}, ""store_read_log_path"": ""p_konum_plus/calibration/f3_step2_rp1-r1_store_read_log_2026-10-05.csv"", ""store_read_log_rows"": 730, ""store_read_log_sha256"": ""92b3af34f8c63347f839a7c0f1826e1bb566072cb25d40da17ad3bbd55939d7d"", ""total_rows"": 730}"
tests_run.T-CONTEXT-ID-UNIQUE.passed,E,"rp1-r1 (R-1..R-5) test, not in r4-2",<ABSENT>,true
tests_run.T-CONTEXT-ID-UNIQUE.ran,E,"rp1-r1 (R-1..R-5) test, not in r4-2",<ABSENT>,true
tests_run.T-F1-CONTRACT-GAP.passed,E,"rp1-r1 (R-1..R-5) test, not in r4-2",<ABSENT>,true
tests_run.T-F1-CONTRACT-GAP.ran,E,"rp1-r1 (R-1..R-5) test, not in r4-2",<ABSENT>,true
tests_run.T-F1-HANDOFF-SYNTH.passed,E,"rp1-r1 (R-1..R-5) test, not in r4-2",<ABSENT>,true
tests_run.T-F1-HANDOFF-SYNTH.ran,E,"rp1-r1 (R-1..R-5) test, not in r4-2",<ABSENT>,true
tests_run.T-F1-LOADER-SYNTH.passed,E,"rp1-r1 (R-1..R-5) test, not in r4-2",<ABSENT>,true
tests_run.T-F1-LOADER-SYNTH.ran,E,"rp1-r1 (R-1..R-5) test, not in r4-2",<ABSENT>,true
tests_run.T-F1-REPRO-GATE-SYNTH.passed,E,"rp1-r1 (R-1..R-5) test, not in r4-2",<ABSENT>,true
tests_run.T-F1-REPRO-GATE-SYNTH.ran,E,"rp1-r1 (R-1..R-5) test, not in r4-2",<ABSENT>,true
tests_run.T-INADMISSIBLE-OBSERVABLE.passed,E,"rp1-r1 (R-1..R-5) test, not in r4-2",<ABSENT>,true
tests_run.T-INADMISSIBLE-OBSERVABLE.ran,E,"rp1-r1 (R-1..R-5) test, not in r4-2",<ABSENT>,true
tests_run.T-KEY-NAMESPACE.passed,E,"rp1-r1 (R-1..R-5) test, not in r4-2",<ABSENT>,true
tests_run.T-KEY-NAMESPACE.ran,E,"rp1-r1 (R-1..R-5) test, not in r4-2",<ABSENT>,true
tests_run.T-STORE-READ-ACCOUNTING.passed,E,"rp1-r1 (R-1..R-5) test, not in r4-2",<ABSENT>,true
tests_run.T-STORE-READ-ACCOUNTING.ran,E,"rp1-r1 (R-1..R-5) test, not in r4-2",<ABSENT>,true
test_evidence.exc_captures,E,a natural COVERED event's own provenance (pid/start_iso/traceback file path) differs per process; content verified identical after stripping those fields,"[{""exception_type"": ""RuntimeError"", ""fixture"": ""SCEN-A"", ""kind"": ""COVERED"", ""mask_id"": ""run1:F0:full"", ""message"": ""Maximum number of iterations reached."", ""mode"": 113, ""phase"": ""run1"", ""pid"": 10412, ""s2_rule"": ""alpha: NOT accepted at stage 2; chain continues"", ""sex"": ""F"", ""stage"": 2, ""start_iso"": ""2026-09-30T20:38:58.140644"", ""traceback"": ""Traceback (most recent call last):\n  File \""G:\\PycharmProjects\\pkp-worktree\\p_konum_plus\\calibration\\f3_step2_adequacy_harness_r4-2_2026-09-30.py\"", lin","[{""exception_type"": ""RuntimeError"", ""fixture"": ""SCEN-A"", ""kind"": ""COVERED"", ""mask_id"": ""run1:F0:full"", ""message"": ""Maximum number of iterations reached."", ""mode"": 113, ""phase"": ""run1"", ""pid"": 34588, ""s2_rule"": ""alpha: NOT accepted at stage 2; chain continues"", ""sex"": ""F"", ""stage"": 2, ""start_iso"": ""2026-10-07T14:51:58.715047"", ""traceback"": ""Traceback (most recent call last):\n  File \""G:\\PycharmProjects\\pkp-worktree\\p_konum_plus\\calibration\\f3_step2_adequacy_harness_rp1-r1_2026-10-05.py\"", l"
test_evidence.exc_captures_run2,E,a natural COVERED event's own provenance (pid/start_iso/traceback file path) differs per process; content verified identical after stripping those fields,"[{""exception_type"": ""RuntimeError"", ""fixture"": ""SCEN-A"", ""kind"": ""COVERED"", ""mask_id"": ""run2:F0:full"", ""message"": ""Maximum number of iterations reached."", ""mode"": 113, ""phase"": ""run2"", ""pid"": 10412, ""s2_rule"": ""alpha: NOT accepted at stage 2; chain continues"", ""sex"": ""F"", ""stage"": 2, ""start_iso"": ""2026-09-30T20:38:58.140644"", ""traceback"": ""Traceback (most recent call last):\n  File \""G:\\PycharmProjects\\pkp-worktree\\p_konum_plus\\calibration\\f3_step2_adequacy_harness_r4-2_2026-09-30.py\"", lin","[{""exception_type"": ""RuntimeError"", ""fixture"": ""SCEN-A"", ""kind"": ""COVERED"", ""mask_id"": ""run2:F0:full"", ""message"": ""Maximum number of iterations reached."", ""mode"": 113, ""phase"": ""run2"", ""pid"": 34588, ""s2_rule"": ""alpha: NOT accepted at stage 2; chain continues"", ""sex"": ""F"", ""stage"": 2, ""start_iso"": ""2026-10-07T14:51:58.715047"", ""traceback"": ""Traceback (most recent call last):\n  File \""G:\\PycharmProjects\\pkp-worktree\\p_konum_plus\\calibration\\f3_step2_adequacy_harness_rp1-r1_2026-10-05.py\"", l"
test_evidence.exc_captures_unit_phase,E,a natural COVERED event's own provenance (pid/start_iso/traceback file path) differs per process; content verified identical after stripping those fields,"[{""exception_type"": ""RuntimeError"", ""fixture"": ""INJ-EXC-CAPTURE-S1"", ""kind"": ""COVERED"", ""mask_id"": ""exc:s1"", ""message"": ""TEST_ONLY_INJECTION: forced nnls non-convergence stage 1"", ""mode"": 0, ""phase"": ""unit_tests"", ""pid"": 10412, ""s2_rule"": ""alpha: NOT accepted at stage 1; chain continues"", ""sex"": null, ""stage"": 1, ""start_iso"": ""2026-09-30T20:38:58.140644"", ""traceback"": ""Traceback (most recent call last):\n  File \""G:\\PycharmProjects\\pkp-worktree\\p_konum_plus\\calibration\\f3_step2_adequacy_har","[{""exception_type"": ""RuntimeError"", ""fixture"": ""INJ-EXC-CAPTURE-S1"", ""kind"": ""COVERED"", ""mask_id"": ""exc:s1"", ""message"": ""TEST_ONLY_INJECTION: forced nnls non-convergence stage 1"", ""mode"": 0, ""phase"": ""unit_tests"", ""pid"": 34588, ""s2_rule"": ""alpha: NOT accepted at stage 1; chain continues"", ""sex"": null, ""stage"": 1, ""start_iso"": ""2026-10-07T14:51:58.715047"", ""traceback"": ""Traceback (most recent call last):\n  File \""G:\\PycharmProjects\\pkp-worktree\\p_konum_plus\\calibration\\f3_step2_adequacy_har"
test_evidence.exc_injection_fixtures.pass_key_namespaces_disjoint,E,C-2(i) ADDITION (not in r4-2),<ABSENT>,true
test_evidence.spline_call_telemetry_sample_count,E,rp1-r1 adds new telemetry call sites (R-1/R-5),12174,22217
test_evidence.tests_run.T-CONTEXT-ID-UNIQUE.passed,E,"rp1-r1 (R-1..R-5) test, not in r4-2",<ABSENT>,true
test_evidence.tests_run.T-CONTEXT-ID-UNIQUE.ran,E,"rp1-r1 (R-1..R-5) test, not in r4-2",<ABSENT>,true
test_evidence.tests_run.T-F1-CONTRACT-GAP.passed,E,"rp1-r1 (R-1..R-5) test, not in r4-2",<ABSENT>,true
test_evidence.tests_run.T-F1-CONTRACT-GAP.ran,E,"rp1-r1 (R-1..R-5) test, not in r4-2",<ABSENT>,true
test_evidence.tests_run.T-F1-HANDOFF-SYNTH.passed,E,"rp1-r1 (R-1..R-5) test, not in r4-2",<ABSENT>,true
test_evidence.tests_run.T-F1-HANDOFF-SYNTH.ran,E,"rp1-r1 (R-1..R-5) test, not in r4-2",<ABSENT>,true
test_evidence.tests_run.T-F1-LOADER-SYNTH.passed,E,"rp1-r1 (R-1..R-5) test, not in r4-2",<ABSENT>,true
test_evidence.tests_run.T-F1-LOADER-SYNTH.ran,E,"rp1-r1 (R-1..R-5) test, not in r4-2",<ABSENT>,true
test_evidence.tests_run.T-F1-REPRO-GATE-SYNTH.passed,E,"rp1-r1 (R-1..R-5) test, not in r4-2",<ABSENT>,true
test_evidence.tests_run.T-F1-REPRO-GATE-SYNTH.ran,E,"rp1-r1 (R-1..R-5) test, not in r4-2",<ABSENT>,true
test_evidence.tests_run.T-INADMISSIBLE-OBSERVABLE.passed,E,"rp1-r1 (R-1..R-5) test, not in r4-2",<ABSENT>,true
test_evidence.tests_run.T-INADMISSIBLE-OBSERVABLE.ran,E,"rp1-r1 (R-1..R-5) test, not in r4-2",<ABSENT>,true
test_evidence.tests_run.T-KEY-NAMESPACE.passed,E,"rp1-r1 (R-1..R-5) test, not in r4-2",<ABSENT>,true
test_evidence.tests_run.T-KEY-NAMESPACE.ran,E,"rp1-r1 (R-1..R-5) test, not in r4-2",<ABSENT>,true
test_evidence.tests_run.T-STORE-READ-ACCOUNTING.passed,E,"rp1-r1 (R-1..R-5) test, not in r4-2",<ABSENT>,true
test_evidence.tests_run.T-STORE-READ-ACCOUNTING.ran,E,"rp1-r1 (R-1..R-5) test, not in r4-2",<ABSENT>,true
"telemetry.row('FIX-A5-TRUE', 'P-01', 'a5true:left:full', 'feature').wall_clock_seconds",E,declared telemetry column (R-3),0.7554218000004767,0.8300518000032753
"telemetry.row('FIX-A5-TRUE', 'P-01', 'a5true:left:full', 'grid[0]').wall_clock_seconds",E,declared telemetry column (R-3),0.4155231999975513,0.4692520999815315
"telemetry.row('FIX-A5-TRUE', 'P-01', 'a5true:left:full', 'grid[365]').wall_clock_seconds",E,declared telemetry column (R-3),0.22361369999998715,0.27825600001960993
"telemetry.row('FIX-A5-TRUE', 'P-01', 'a5true:left:full', 'grid[730]').wall_clock_seconds",E,declared telemetry column (R-3),0.1979734999986249,0.21401210001204163
"telemetry.row('FIX-A5-TRUE', 'P-01', 'a5true:left:probeL', 'feature').wall_clock_seconds",E,declared telemetry column (R-3),0.8827515999946627,0.7061194999841973
"telemetry.row('FIX-A5-TRUE', 'P-01', 'a5true:left:probeL', 'grid[0]').wall_clock_seconds",E,declared telemetry column (R-3),0.7533234000002267,0.82840070000384
"telemetry.row('FIX-A5-TRUE', 'P-01', 'a5true:left:probeL', 'grid[365]').wall_clock_seconds",E,declared telemetry column (R-3),1.1413347999987309,1.2148392999079078
"telemetry.row('FIX-A5-TRUE', 'P-01', 'a5true:left:probeL', 'grid[730]').wall_clock_seconds",E,declared telemetry column (R-3),1.015438800000993,0.9866840000031516
"telemetry.row('FIX-A5-TRUE', 'P-01', 'a5true:right:full', 'feature').wall_clock_seconds",E,declared telemetry column (R-3),1.4270862999983365,1.716539700049907
"telemetry.row('FIX-A5-TRUE', 'P-01', 'a5true:right:full', 'grid[0]').wall_clock_seconds",E,declared telemetry column (R-3),0.08423290000064299,0.10399350000079721
"telemetry.row('FIX-A5-TRUE', 'P-01', 'a5true:right:full', 'grid[365]').wall_clock_seconds",E,declared telemetry column (R-3),0.5297590000045602,0.6348813000367954
"telemetry.row('FIX-A5-TRUE', 'P-01', 'a5true:right:full', 'grid[730]').wall_clock_seconds",E,declared telemetry column (R-3),0.38353239999560174,0.45155560004059225
"telemetry.row('FIX-A5-TRUE', 'P-01', 'a5true:right:probeR', 'feature').wall_clock_seconds",E,declared telemetry column (R-3),0.7538186000019778,0.8101817000424489
"telemetry.row('FIX-A5-TRUE', 'P-01', 'a5true:right:probeR', 'grid[0]').wall_clock_seconds",E,declared telemetry column (R-3),1.396872600002098,1.8496976000024006
"telemetry.row('FIX-A5-TRUE', 'P-01', 'a5true:right:probeR', 'grid[365]').wall_clock_seconds",E,declared telemetry column (R-3),0.6342460000014398,0.7497972000855953
"telemetry.row('FIX-A5-TRUE', 'P-01', 'a5true:right:probeR', 'grid[730]').wall_clock_seconds",E,declared telemetry column (R-3),1.6049397000024328,1.5419115000404418
"telemetry.row('FIX-A5-TRUE', 'P-02', 'a5true:left:full', 'feature').wall_clock_seconds",E,declared telemetry column (R-3),0.8426255000013043,0.9219636999769136
"telemetry.row('FIX-A5-TRUE', 'P-02', 'a5true:left:full', 'grid[0]').wall_clock_seconds",E,declared telemetry column (R-3),2.045224800000142,1.4166168000083417
"telemetry.row('FIX-A5-TRUE', 'P-02', 'a5true:left:full', 'grid[130]').wall_clock_seconds",E,declared telemetry column (R-3),1.538371399998141,1.606653800001368
"telemetry.row('FIX-A5-TRUE', 'P-02', 'a5true:left:full', 'grid[260]').wall_clock_seconds",E,declared telemetry column (R-3),0.5486662999974214,0.6154012000188231
"telemetry.row('FIX-A5-TRUE', 'P-02', 'a5true:left:probeL', 'feature').wall_clock_seconds",E,declared telemetry column (R-3),0.5212477000022773,0.5582483999896795
"telemetry.row('FIX-A5-TRUE', 'P-02', 'a5true:left:probeL', 'grid[0]').wall_clock_seconds",E,declared telemetry column (R-3),0.7892164999939268,0.8381488000741228
"telemetry.row('FIX-A5-TRUE', 'P-02', 'a5true:left:probeL', 'grid[130]').wall_clock_seconds",E,declared telemetry column (R-3),0.81563129999995,0.8850456000072882
"telemetry.row('FIX-A5-TRUE', 'P-02', 'a5true:left:probeL', 'grid[260]').wall_clock_seconds",E,declared telemetry column (R-3),0.6604200000001583,0.722229199949652
"telemetry.row('FIX-A5-TRUE', 'P-02', 'a5true:right:full', 'feature').wall_clock_seconds",E,declared telemetry column (R-3),1.7189521999971475,2.0016093000303954
"telemetry.row('FIX-A5-TRUE', 'P-02', 'a5true:right:full', 'grid[0]').wall_clock_seconds",E,declared telemetry column (R-3),0.8512495000031777,0.9756808000383899
"telemetry.row('FIX-A5-TRUE', 'P-02', 'a5true:right:full', 'grid[130]').wall_clock_seconds",E,declared telemetry column (R-3),0.8521884000001592,1.033428500057198
"telemetry.row('FIX-A5-TRUE', 'P-02', 'a5true:right:full', 'grid[260]').wall_clock_seconds",E,declared telemetry column (R-3),0.378965199997765,0.45793339994270355
"telemetry.row('FIX-A5-TRUE', 'P-02', 'a5true:right:probeR', 'feature').wall_clock_seconds",E,declared telemetry column (R-3),0.7967998000021908,0.9515520000131801
"telemetry.row('FIX-A5-TRUE', 'P-02', 'a5true:right:probeR', 'grid[0]').wall_clock_seconds",E,declared telemetry column (R-3),0.7662381999980425,0.8844733000732958
"telemetry.row('FIX-A5-TRUE', 'P-02', 'a5true:right:probeR', 'grid[130]').wall_clock_seconds",E,declared telemetry column (R-3),0.8421619000000646,0.9806087000761181
"telemetry.row('FIX-A5-TRUE', 'P-02', 'a5true:right:probeR', 'grid[260]').wall_clock_seconds",E,declared telemetry column (R-3),0.7391035000036936,0.8609691000310704
"telemetry.row('FIX-STARTS-DUP', 'P-02', 'dup:index0', 'grid[0]').wall_clock_seconds",E,declared telemetry column (R-3),0.4526384999990114,0.4333037999458611
"telemetry.row('FIX-STARTS-DUP', 'P-02', 'dup:index0', 'grid[100]').wall_clock_seconds",E,declared telemetry column (R-3),0.3533391999953892,0.3237462999531999
"telemetry.row('FIX-STARTS-DUP', 'P-02', 'dup:index0', 'grid[101]').wall_clock_seconds",E,declared telemetry column (R-3),2.0668817999976454,1.9921091999858618
"telemetry.row('FIX-STARTS-DUP', 'P-02', 'dup:index0', 'grid[102]').wall_clock_seconds",E,declared telemetry column (R-3),0.2848814000026323,0.33676470001228154
"telemetry.row('FIX-STARTS-DUP', 'P-02', 'dup:index0', 'grid[103]').wall_clock_seconds",E,declared telemetry column (R-3),0.5623908000052324,0.4497122000902891
"telemetry.row('FIX-STARTS-DUP', 'P-02', 'dup:index0', 'grid[104]').wall_clock_seconds",E,declared telemetry column (R-3),1.113326999999117,0.526131899910979
"telemetry.row('FIX-STARTS-DUP', 'P-02', 'dup:index0', 'grid[105]').wall_clock_seconds",E,declared telemetry column (R-3),0.3434209999977611,0.35316870000679046
"telemetry.row('FIX-STARTS-DUP', 'P-02', 'dup:index0', 'grid[106]').wall_clock_seconds",E,declared telemetry column (R-3),0.35694620000140276,0.3584181999322027
"telemetry.row('FIX-STARTS-DUP', 'P-02', 'dup:index0', 'grid[107]').wall_clock_seconds",E,declared telemetry column (R-3),0.5040943999993033,0.46194439998362213
"telemetry.row('FIX-STARTS-DUP', 'P-02', 'dup:index0', 'grid[108]').wall_clock_seconds",E,declared telemetry column (R-3),0.29857479999918723,0.2687218999490142
"telemetry.row('FIX-STARTS-DUP', 'P-02', 'dup:index0', 'grid[109]').wall_clock_seconds",E,declared telemetry column (R-3),0.2837509000019054,0.29259389999788254
"telemetry.row('FIX-STARTS-DUP', 'P-02', 'dup:index0', 'grid[10]').wall_clock_seconds",E,declared telemetry column (R-3),0.27560490000178106,0.29164890001993626
"telemetry.row('FIX-STARTS-DUP', 'P-02', 'dup:index0', 'grid[110]').wall_clock_seconds",E,declared telemetry column (R-3),0.38012589999561897,0.3324882999295369
"telemetry.row('FIX-STARTS-DUP', 'P-02', 'dup:index0', 'grid[111]').wall_clock_seconds",E,declared telemetry column (R-3),0.29386669999803416,0.2894243999617174
"telemetry.row('FIX-STARTS-DUP', 'P-02', 'dup:index0', 'grid[112]').wall_clock_seconds",E,declared telemetry column (R-3),0.35593360000348184,0.41139580006711185
"telemetry.row('FIX-STARTS-DUP', 'P-02', 'dup:index0', 'grid[113]').wall_clock_seconds",E,declared telemetry column (R-3),0.3914523999992525,0.3917418000055477
"telemetry.row('FIX-STARTS-DUP', 'P-02', 'dup:index0', 'grid[114]').wall_clock_seconds",E,declared telemetry column (R-3),0.2727355000024545,0.23137519997544587
"telemetry.row('FIX-STARTS-DUP', 'P-02', 'dup:index0', 'grid[115]').wall_clock_seconds",E,declared telemetry column (R-3),0.29960660000506323,0.26954280002973974
"telemetry.row('FIX-STARTS-DUP', 'P-02', 'dup:index0', 'grid[116]').wall_clock_seconds",E,declared telemetry column (R-3),0.5001475000026403,0.44766129995696247
"telemetry.row('FIX-STARTS-DUP', 'P-02', 'dup:index0', 'grid[117]').wall_clock_seconds",E,declared telemetry column (R-3),0.26361180000094464,0.3020253999857232
"telemetry.row('FIX-STARTS-DUP', 'P-02', 'dup:index0', 'grid[118]').wall_clock_seconds",E,declared telemetry column (R-3),0.25677749999886146,0.28362350002862513
"telemetry.row('FIX-STARTS-DUP', 'P-02', 'dup:index0', 'grid[119]').wall_clock_seconds",E,declared telemetry column (R-3),0.6331234999961453,0.6352694999659434
"telemetry.row('FIX-STARTS-DUP', 'P-02', 'dup:index0', 'grid[11]').wall_clock_seconds",E,declared telemetry column (R-3),0.25289969999721507,0.30471970001235604
"telemetry.row('FIX-STARTS-DUP', 'P-02', 'dup:index0', 'grid[120]').wall_clock_seconds",E,declared telemetry column (R-3),0.34071969999786234,0.30720230005681515
"telemetry.row('FIX-STARTS-DUP', 'P-02', 'dup:index0', 'grid[121]').wall_clock_seconds",E,declared telemetry column (R-3),0.43397230000118725,0.46452239993959665
"telemetry.row('FIX-STARTS-DUP', 'P-02', 'dup:index0', 'grid[122]').wall_clock_seconds",E,declared telemetry column (R-3),0.32238409999990836,0.34313759999349713
"telemetry.row('FIX-STARTS-DUP', 'P-02', 'dup:index0', 'grid[123]').wall_clock_seconds",E,declared telemetry column (R-3),0.37581369999679737,0.4162038000067696
"telemetry.row('FIX-STARTS-DUP', 'P-02', 'dup:index0', 'grid[124]').wall_clock_seconds",E,declared telemetry column (R-3),0.33766969999851426,0.3273025999078527
"telemetry.row('FIX-STARTS-DUP', 'P-02', 'dup:index0', 'grid[125]').wall_clock_seconds",E,declared telemetry column (R-3),0.3261899999997695,0.3297092999564484
"telemetry.row('FIX-STARTS-DUP', 'P-02', 'dup:index0', 'grid[126]').wall_clock_seconds",E,declared telemetry column (R-3),0.37672729999758303,0.43384319997858256
"telemetry.row('FIX-STARTS-DUP', 'P-02', 'dup:index0', 'grid[127]').wall_clock_seconds",E,declared telemetry column (R-3),0.3138990000006743,0.30133459996432066
"telemetry.row('FIX-STARTS-DUP', 'P-02', 'dup:index0', 'grid[128]').wall_clock_seconds",E,declared telemetry column (R-3),0.806184499997471,0.9636165999108925
"telemetry.row('FIX-STARTS-DUP', 'P-02', 'dup:index0', 'grid[129]').wall_clock_seconds",E,declared telemetry column (R-3),0.32186849999561673,0.3177275999914855
"telemetry.row('FIX-STARTS-DUP', 'P-02', 'dup:index0', 'grid[12]').wall_clock_seconds",E,declared telemetry column (R-3),0.2304214999967371,0.2260427000001073
"telemetry.row('FIX-STARTS-DUP', 'P-02', 'dup:index0', 'grid[130]').wall_clock_seconds",E,declared telemetry column (R-3),0.44508079999650363,0.45679239998571575
"telemetry.row('FIX-STARTS-DUP', 'P-02', 'dup:index0', 'grid[131]').wall_clock_seconds",E,declared telemetry column (R-3),0.39342920000490267,0.43177789996843785
"telemetry.row('FIX-STARTS-DUP', 'P-02', 'dup:index0', 'grid[132]').wall_clock_seconds",E,declared telemetry column (R-3),0.3106030000053579,0.3327960999449715
"telemetry.row('FIX-STARTS-DUP', 'P-02', 'dup:index0', 'grid[133]').wall_clock_seconds",E,declared telemetry column (R-3),0.4885282000032021,0.5448919999180362
"telemetry.row('FIX-STARTS-DUP', 'P-02', 'dup:index0', 'grid[134]').wall_clock_seconds",E,declared telemetry column (R-3),0.515843400004087,0.5638145999982953
"telemetry.row('FIX-STARTS-DUP', 'P-02', 'dup:index0', 'grid[135]').wall_clock_seconds",E,declared telemetry column (R-3),0.25058989999524783,0.26939059991855174
"telemetry.row('FIX-STARTS-DUP', 'P-02', 'dup:index0', 'grid[136]').wall_clock_seconds",E,declared telemetry column (R-3),0.4036999999952968,0.4354470999678597
"telemetry.row('FIX-STARTS-DUP', 'P-02', 'dup:index0', 'grid[137]').wall_clock_seconds",E,declared telemetry column (R-3),0.30902249999780906,0.35155449993908405
"telemetry.row('FIX-STARTS-DUP', 'P-02', 'dup:index0', 'grid[138]').wall_clock_seconds",E,declared telemetry column (R-3),0.2382218999991892,0.25909910001792014
"telemetry.row('FIX-STARTS-DUP', 'P-02', 'dup:index0', 'grid[139]').wall_clock_seconds",E,declared telemetry column (R-3),0.28095659999962663,0.31406850006897
"telemetry.row('FIX-STARTS-DUP', 'P-02', 'dup:index0', 'grid[13]').wall_clock_seconds",E,declared telemetry column (R-3),0.213063900002453,0.24234429991338402
"telemetry.row('FIX-STARTS-DUP', 'P-02', 'dup:index0', 'grid[140]').wall_clock_seconds",E,declared telemetry column (R-3),0.32329310000204714,0.3551360999699682
"telemetry.row('FIX-STARTS-DUP', 'P-02', 'dup:index0', 'grid[141]').wall_clock_seconds",E,declared telemetry column (R-3),0.4262821000011172,0.4782531000673771
"telemetry.row('FIX-STARTS-DUP', 'P-02', 'dup:index0', 'grid[142]').wall_clock_seconds",E,declared telemetry column (R-3),0.39756450000277255,0.4331051000626758
"telemetry.row('FIX-STARTS-DUP', 'P-02', 'dup:index0', 'grid[143]').wall_clock_seconds",E,declared telemetry column (R-3),0.8041844999970635,0.8975805999943987
"telemetry.row('FIX-STARTS-DUP', 'P-02', 'dup:index0', 'grid[144]').wall_clock_seconds",E,declared telemetry column (R-3),0.694729599999846,0.7323370999656618
"telemetry.row('FIX-STARTS-DUP', 'P-02', 'dup:index0', 'grid[145]').wall_clock_seconds",E,declared telemetry column (R-3),0.6839256000021123,0.701373599935323
"telemetry.row('FIX-STARTS-DUP', 'P-02', 'dup:index0', 'grid[146]').wall_clock_seconds",E,declared telemetry column (R-3),1.986334999994142,1.9873269000090659
"telemetry.row('FIX-STARTS-DUP', 'P-02', 'dup:index0', 'grid[147]').wall_clock_seconds",E,declared telemetry column (R-3),1.3962011999974493,1.3817632999271154
"telemetry.row('FIX-STARTS-DUP', 'P-02', 'dup:index0', 'grid[148]').wall_clock_seconds",E,declared telemetry column (R-3),1.8021069000024,1.9570721000200137
"telemetry.row('FIX-STARTS-DUP', 'P-02', 'dup:index0', 'grid[149]').wall_clock_seconds",E,declared telemetry column (R-3),1.9912015000008978,2.2095430999761447
"telemetry.row('FIX-STARTS-DUP', 'P-02', 'dup:index0', 'grid[14]').wall_clock_seconds",E,declared telemetry column (R-3),0.42055429999891203,0.4644838999956846
"telemetry.row('FIX-STARTS-DUP', 'P-02', 'dup:index0', 'grid[150]').wall_clock_seconds",E,declared telemetry column (R-3),0.5242803000001004,0.6090510999783874
"telemetry.row('FIX-STARTS-DUP', 'P-02', 'dup:index0', 'grid[151]').wall_clock_seconds",E,declared telemetry column (R-3),0.7103438000049209,0.7100877999328077
"telemetry.row('FIX-STARTS-DUP', 'P-02', 'dup:index0', 'grid[152]').wall_clock_seconds",E,declared telemetry column (R-3),1.105413999997836,1.1423291999381036
"telemetry.row('FIX-STARTS-DUP', 'P-02', 'dup:index0', 'grid[153]').wall_clock_seconds",E,declared telemetry column (R-3),0.41016990000207443,0.4315555999055505
"telemetry.row('FIX-STARTS-DUP', 'P-02', 'dup:index0', 'grid[154]').wall_clock_seconds",E,declared telemetry column (R-3),0.3610307999988436,0.3735410999506712
"telemetry.row('FIX-STARTS-DUP', 'P-02', 'dup:index0', 'grid[155]').wall_clock_seconds",E,declared telemetry column (R-3),0.8451706999985618,0.8641767000081018
"telemetry.row('FIX-STARTS-DUP', 'P-02', 'dup:index0', 'grid[156]').wall_clock_seconds",E,declared telemetry column (R-3),0.3767377999974997,0.39704820001497865
"telemetry.row('FIX-STARTS-DUP', 'P-02', 'dup:index0', 'grid[157]').wall_clock_seconds",E,declared telemetry column (R-3),0.4424700000017765,0.4623049999354407
"telemetry.row('FIX-STARTS-DUP', 'P-02', 'dup:index0', 'grid[158]').wall_clock_seconds",E,declared telemetry column (R-3),0.267631300004723,0.26331759989261627
"telemetry.row('FIX-STARTS-DUP', 'P-02', 'dup:index0', 'grid[159]').wall_clock_seconds",E,declared telemetry column (R-3),0.504243299998052,0.5291813999647275
"telemetry.row('FIX-STARTS-DUP', 'P-02', 'dup:index0', 'grid[15]').wall_clock_seconds",E,declared telemetry column (R-3),0.2756874999977299,0.3040573999751359
"telemetry.row('FIX-STARTS-DUP', 'P-02', 'dup:index0', 'grid[160]').wall_clock_seconds",E,declared telemetry column (R-3),0.3581793000048492,0.37689240009058267
"telemetry.row('FIX-STARTS-DUP', 'P-02', 'dup:index0', 'grid[161]').wall_clock_seconds",E,declared telemetry column (R-3),1.2126725999987684,1.2205134000396356
"telemetry.row('FIX-STARTS-DUP', 'P-02', 'dup:index0', 'grid[162]').wall_clock_seconds",E,declared telemetry column (R-3),0.2555519999950775,0.26585009996779263
"telemetry.row('FIX-STARTS-DUP', 'P-02', 'dup:index0', 'grid[163]').wall_clock_seconds",E,declared telemetry column (R-3),0.4163853999998537,0.4415541000198573
"telemetry.row('FIX-STARTS-DUP', 'P-02', 'dup:index0', 'grid[164]').wall_clock_seconds",E,declared telemetry column (R-3),0.324787199999264,0.33156780002173036
"telemetry.row('FIX-STARTS-DUP', 'P-02', 'dup:index0', 'grid[165]').wall_clock_seconds",E,declared telemetry column (R-3),0.4146411000037915,0.4260750999674201
"telemetry.row('FIX-STARTS-DUP', 'P-02', 'dup:index0', 'grid[166]').wall_clock_seconds",E,declared telemetry column (R-3),0.4890252000041073,0.49646349996328354
"telemetry.row('FIX-STARTS-DUP', 'P-02', 'dup:index0', 'grid[167]').wall_clock_seconds",E,declared telemetry column (R-3),0.34438049999880604,0.28489549993537366
"telemetry.row('FIX-STARTS-DUP', 'P-02', 'dup:index0', 'grid[168]').wall_clock_seconds",E,declared telemetry column (R-3),0.4788708000050974,0.2661763000069186
"telemetry.row('FIX-STARTS-DUP', 'P-02', 'dup:index0', 'grid[169]').wall_clock_seconds",E,declared telemetry column (R-3),0.3344453000026988,0.29429250000976026
"telemetry.row('FIX-STARTS-DUP', 'P-02', 'dup:index0', 'grid[16]').wall_clock_seconds",E,declared telemetry column (R-3),0.32222619999811286,0.36414780002087355
"telemetry.row('FIX-STARTS-DUP', 'P-02', 'dup:index0', 'grid[170]').wall_clock_seconds",E,declared telemetry column (R-3),0.3684538999950746,0.32731319998856634
"telemetry.row('FIX-STARTS-DUP', 'P-02', 'dup:index0', 'grid[171]').wall_clock_seconds",E,declared telemetry column (R-3),1.7827397000000929,1.932702900026925
"telemetry.row('FIX-STARTS-DUP', 'P-02', 'dup:index0', 'grid[172]').wall_clock_seconds",E,declared telemetry column (R-3),1.8951759000046877,1.993957299971953
"telemetry.row('FIX-STARTS-DUP', 'P-02', 'dup:index0', 'grid[173]').wall_clock_seconds",E,declared telemetry column (R-3),0.8101014999992913,0.9377835999475792
"telemetry.row('FIX-STARTS-DUP', 'P-02', 'dup:index0', 'grid[174]').wall_clock_seconds",E,declared telemetry column (R-3),0.7708244999957969,0.9147090999176726
"telemetry.row('FIX-STARTS-DUP', 'P-02', 'dup:index0', 'grid[175]').wall_clock_seconds",E,declared telemetry column (R-3),0.5973362999939127,0.6279498001094908
"telemetry.row('FIX-STARTS-DUP', 'P-02', 'dup:index0', 'grid[176]').wall_clock_seconds",E,declared telemetry column (R-3),0.9780621999962023,0.9902124999789521
"telemetry.row('FIX-STARTS-DUP', 'P-02', 'dup:index0', 'grid[177]').wall_clock_seconds",E,declared telemetry column (R-3),0.767719000003126,0.7979268999770284
"telemetry.row('FIX-STARTS-DUP', 'P-02', 'dup:index0', 'grid[178]').wall_clock_seconds",E,declared telemetry column (R-3),2.0587644999977783,2.1284350999630988
"telemetry.row('FIX-STARTS-DUP', 'P-02', 'dup:index0', 'grid[179]').wall_clock_seconds",E,declared telemetry column (R-3),1.8382933999964735,1.9429773000301793
"telemetry.row('FIX-STARTS-DUP', 'P-02', 'dup:index0', 'grid[17]').wall_clock_seconds",E,declared telemetry column (R-3),0.2904433999938192,0.3321563000790775
"telemetry.row('FIX-STARTS-DUP', 'P-02', 'dup:index0', 'grid[180]').wall_clock_seconds",E,declared telemetry column (R-3),2.266495500000019,2.0972171999746934
"telemetry.row('FIX-STARTS-DUP', 'P-02', 'dup:index0', 'grid[181]').wall_clock_seconds",E,declared telemetry column (R-3),1.928876500001934,2.001345600001514
"telemetry.row('FIX-STARTS-DUP', 'P-02', 'dup:index0', 'grid[182]').wall_clock_seconds",E,declared telemetry column (R-3),0.6409100999953807,0.6977346000494435
"telemetry.row('FIX-STARTS-DUP', 'P-02', 'dup:index0', 'grid[183]').wall_clock_seconds",E,declared telemetry column (R-3),0.6477596999975503,0.7188870999962091
"telemetry.row('FIX-STARTS-DUP', 'P-02', 'dup:index0', 'grid[184]').wall_clock_seconds",E,declared telemetry column (R-3),1.3060925000027055,1.4622955999802798
"telemetry.row('FIX-STARTS-DUP', 'P-02', 'dup:index0', 'grid[185]').wall_clock_seconds",E,declared telemetry column (R-3),0.5729725000055623,0.614139899960719
"telemetry.row('FIX-STARTS-DUP', 'P-02', 'dup:index0', 'grid[186]').wall_clock_seconds",E,declared telemetry column (R-3),0.4185600999990129,0.4763415000634268
"telemetry.row('FIX-STARTS-DUP', 'P-02', 'dup:index0', 'grid[187]').wall_clock_seconds",E,declared telemetry column (R-3),0.4431953000021167,0.49339710001368076
"telemetry.row('FIX-STARTS-DUP', 'P-02', 'dup:index0', 'grid[188]').wall_clock_seconds",E,declared telemetry column (R-3),0.4665501000054064,9.919454199960455
"telemetry.row('FIX-STARTS-DUP', 'P-02', 'dup:index0', 'grid[189]').wall_clock_seconds",E,declared telemetry column (R-3),0.4615553000039654,0.4812586000189185
"telemetry.row('FIX-STARTS-DUP', 'P-02', 'dup:index0', 'grid[18]').wall_clock_seconds",E,declared telemetry column (R-3),0.33818349999637576,0.38375150004867464
"telemetry.row('FIX-STARTS-DUP', 'P-02', 'dup:index0', 'grid[190]').wall_clock_seconds",E,declared telemetry column (R-3),0.39013379999960307,0.4078987999819219
"telemetry.row('FIX-STARTS-DUP', 'P-02', 'dup:index0', 'grid[191]').wall_clock_seconds",E,declared telemetry column (R-3),0.5064973999978974,0.5523547999328002
"telemetry.row('FIX-STARTS-DUP', 'P-02', 'dup:index0', 'grid[192]').wall_clock_seconds",E,declared telemetry column (R-3),1.804120500004501,1.90115579997655
"telemetry.row('FIX-STARTS-DUP', 'P-02', 'dup:index0', 'grid[193]').wall_clock_seconds",E,declared telemetry column (R-3),0.3860846000025049,0.4211104999994859
"telemetry.row('FIX-STARTS-DUP', 'P-02', 'dup:index0', 'grid[194]').wall_clock_seconds",E,declared telemetry column (R-3),1.8613656000015908,1.9922463999828324
"telemetry.row('FIX-STARTS-DUP', 'P-02', 'dup:index0', 'grid[195]').wall_clock_seconds",E,declared telemetry column (R-3),1.2881575999999768,1.5032620000420138
"telemetry.row('FIX-STARTS-DUP', 'P-02', 'dup:index0', 'grid[196]').wall_clock_seconds",E,declared telemetry column (R-3),0.7284822999936296,0.7448361000278965
"telemetry.row('FIX-STARTS-DUP', 'P-02', 'dup:index0', 'grid[197]').wall_clock_seconds",E,declared telemetry column (R-3),1.7014273999957368,1.4966627000831068
"telemetry.row('FIX-STARTS-DUP', 'P-02', 'dup:index0', 'grid[198]').wall_clock_seconds",E,declared telemetry column (R-3),1.0482186000008369,1.1314411999192089
"telemetry.row('FIX-STARTS-DUP', 'P-02', 'dup:index0', 'grid[199]').wall_clock_seconds",E,declared telemetry column (R-3),1.9959170000001905,2.028338299947791
"telemetry.row('FIX-STARTS-DUP', 'P-02', 'dup:index0', 'grid[19]').wall_clock_seconds",E,declared telemetry column (R-3),0.419404599997506,0.44125139992684126
"telemetry.row('FIX-STARTS-DUP', 'P-02', 'dup:index0', 'grid[1]').wall_clock_seconds",E,declared telemetry column (R-3),0.3361637999987579,0.3170222999760881
"telemetry.row('FIX-STARTS-DUP', 'P-02', 'dup:index0', 'grid[200]').wall_clock_seconds",E,declared telemetry column (R-3),1.035639399997308,1.0938998999772593
"telemetry.row('FIX-STARTS-DUP', 'P-02', 'dup:index0', 'grid[201]').wall_clock_seconds",E,declared telemetry column (R-3),0.5999510999972699,0.6787290000356734
"telemetry.row('FIX-STARTS-DUP', 'P-02', 'dup:index0', 'grid[202]').wall_clock_seconds",E,declared telemetry column (R-3),0.5278718000045046,0.5709134000353515
"telemetry.row('FIX-STARTS-DUP', 'P-02', 'dup:index0', 'grid[203]').wall_clock_seconds",E,declared telemetry column (R-3),0.7167622999986634,0.7141532000387087
"telemetry.row('FIX-STARTS-DUP', 'P-02', 'dup:index0', 'grid[204]').wall_clock_seconds",E,declared telemetry column (R-3),0.8896397000062279,0.9161175999324769
"telemetry.row('FIX-STARTS-DUP', 'P-02', 'dup:index0', 'grid[205]').wall_clock_seconds",E,declared telemetry column (R-3),0.3602528999981587,0.3702352000400424
"telemetry.row('FIX-STARTS-DUP', 'P-02', 'dup:index0', 'grid[206]').wall_clock_seconds",E,declared telemetry column (R-3),0.33836950000113575,0.3409903000574559
"telemetry.row('FIX-STARTS-DUP', 'P-02', 'dup:index0', 'grid[207]').wall_clock_seconds",E,declared telemetry column (R-3),0.81219830000191,0.8410288000013679
"telemetry.row('FIX-STARTS-DUP', 'P-02', 'dup:index0', 'grid[208]').wall_clock_seconds",E,declared telemetry column (R-3),0.35839300000225194,0.36610920005477965
"telemetry.row('FIX-STARTS-DUP', 'P-02', 'dup:index0', 'grid[209]').wall_clock_seconds",E,declared telemetry column (R-3),0.38154320000467123,0.3698284000856802
"telemetry.row('FIX-STARTS-DUP', 'P-02', 'dup:index0', 'grid[20]').wall_clock_seconds",E,declared telemetry column (R-3),0.1837833999961731,0.20803880004677922
"telemetry.row('FIX-STARTS-DUP', 'P-02', 'dup:index0', 'grid[210]').wall_clock_seconds",E,declared telemetry column (R-3),0.8880868999985978,0.9101649000076577
"telemetry.row('FIX-STARTS-DUP', 'P-02', 'dup:index0', 'grid[211]').wall_clock_seconds",E,declared telemetry column (R-3),0.34559349999472033,0.37707170005887747
"telemetry.row('FIX-STARTS-DUP', 'P-02', 'dup:index0', 'grid[212]').wall_clock_seconds",E,declared telemetry column (R-3),0.2706553000025451,0.27706810005474836
"telemetry.row('FIX-STARTS-DUP', 'P-02', 'dup:index0', 'grid[213]').wall_clock_seconds",E,declared telemetry column (R-3),0.8469259999983478,0.897073799977079
"telemetry.row('FIX-STARTS-DUP', 'P-02', 'dup:index0', 'grid[214]').wall_clock_seconds",E,declared telemetry column (R-3),2.1013592000017525,2.127484100055881
"telemetry.row('FIX-STARTS-DUP', 'P-02', 'dup:index0', 'grid[215]').wall_clock_seconds",E,declared telemetry column (R-3),0.9467309999963618,0.8376990000251681
"telemetry.row('FIX-STARTS-DUP', 'P-02', 'dup:index0', 'grid[216]').wall_clock_seconds",E,declared telemetry column (R-3),0.7716545000002952,0.8074878000188619
"telemetry.row('FIX-STARTS-DUP', 'P-02', 'dup:index0', 'grid[217]').wall_clock_seconds",E,declared telemetry column (R-3),0.8872489999994286,1.0298201000550762
"telemetry.row('FIX-STARTS-DUP', 'P-02', 'dup:index0', 'grid[218]').wall_clock_seconds",E,declared telemetry column (R-3),0.7356337000019266,0.8817007999168709
"telemetry.row('FIX-STARTS-DUP', 'P-02', 'dup:index0', 'grid[219]').wall_clock_seconds",E,declared telemetry column (R-3),0.6791819000063697,0.7447699999902397
"telemetry.row('FIX-STARTS-DUP', 'P-02', 'dup:index0', 'grid[21]').wall_clock_seconds",E,declared telemetry column (R-3),0.20845619999454357,0.23061680002138019
"telemetry.row('FIX-STARTS-DUP', 'P-02', 'dup:index0', 'grid[220]').wall_clock_seconds",E,declared telemetry column (R-3),0.7442260999960126,0.7405323999701068
"telemetry.row('FIX-STARTS-DUP', 'P-02', 'dup:index0', 'grid[221]').wall_clock_seconds",E,declared telemetry column (R-3),0.5693093999943812,0.5870176000753418
"telemetry.row('FIX-STARTS-DUP', 'P-02', 'dup:index0', 'grid[222]').wall_clock_seconds",E,declared telemetry column (R-3),0.5046820999996271,0.5321030999766663
"telemetry.row('FIX-STARTS-DUP', 'P-02', 'dup:index0', 'grid[223]').wall_clock_seconds",E,declared telemetry column (R-3),0.331434799998533,0.3702507000416517
"telemetry.row('FIX-STARTS-DUP', 'P-02', 'dup:index0', 'grid[224]').wall_clock_seconds",E,declared telemetry column (R-3),0.4367242000007536,0.4714822000823915
"telemetry.row('FIX-STARTS-DUP', 'P-02', 'dup:index0', 'grid[225]').wall_clock_seconds",E,declared telemetry column (R-3),1.424029599998903,1.589476199937053
"telemetry.row('FIX-STARTS-DUP', 'P-02', 'dup:index0', 'grid[226]').wall_clock_seconds",E,declared telemetry column (R-3),0.3882510000039474,0.44468020007479936
"telemetry.row('FIX-STARTS-DUP', 'P-02', 'dup:index0', 'grid[227]').wall_clock_seconds",E,declared telemetry column (R-3),0.28834569999889936,0.31807799998205155
"telemetry.row('FIX-STARTS-DUP', 'P-02', 'dup:index0', 'grid[228]').wall_clock_seconds",E,declared telemetry column (R-3),0.7900483999983408,0.8707192000001669
"telemetry.row('FIX-STARTS-DUP', 'P-02', 'dup:index0', 'grid[229]').wall_clock_seconds",E,declared telemetry column (R-3),0.18978799999604234,0.2017252000514418
"telemetry.row('FIX-STARTS-DUP', 'P-02', 'dup:index0', 'grid[22]').wall_clock_seconds",E,declared telemetry column (R-3),0.29301480000140145,0.31228850001934916
"telemetry.row('FIX-STARTS-DUP', 'P-02', 'dup:index0', 'grid[230]').wall_clock_seconds",E,declared telemetry column (R-3),0.4114116999990074,0.4298748999135569
"telemetry.row('FIX-STARTS-DUP', 'P-02', 'dup:index0', 'grid[231]').wall_clock_seconds",E,declared telemetry column (R-3),0.7605272000000696,0.802129799965769
"telemetry.row('FIX-STARTS-DUP', 'P-02', 'dup:index0', 'grid[232]').wall_clock_seconds",E,declared telemetry column (R-3),0.6350041000041529,0.6906577999470755
"telemetry.row('FIX-STARTS-DUP', 'P-02', 'dup:index0', 'grid[233]').wall_clock_seconds",E,declared telemetry column (R-3),0.7506353999997373,0.8164391000755131
"telemetry.row('FIX-STARTS-DUP', 'P-02', 'dup:index0', 'grid[234]').wall_clock_seconds",E,declared telemetry column (R-3),0.6303746000048704,0.7558408000040799
"telemetry.row('FIX-STARTS-DUP', 'P-02', 'dup:index0', 'grid[235]').wall_clock_seconds",E,declared telemetry column (R-3),0.8610879000043496,1.0137011000188068
"telemetry.row('FIX-STARTS-DUP', 'P-02', 'dup:index0', 'grid[236]').wall_clock_seconds",E,declared telemetry column (R-3),1.8681526000000304,1.6961837999988347
"telemetry.row('FIX-STARTS-DUP', 'P-02', 'dup:index0', 'grid[237]').wall_clock_seconds",E,declared telemetry column (R-3),0.6858399999982794,0.7083016000688076
"telemetry.row('FIX-STARTS-DUP', 'P-02', 'dup:index0', 'grid[238]').wall_clock_seconds",E,declared telemetry column (R-3),0.307907400005206,0.33029990002978593
"telemetry.row('FIX-STARTS-DUP', 'P-02', 'dup:index0', 'grid[239]').wall_clock_seconds",E,declared telemetry column (R-3),0.31880599999567494,0.3263850000221282
"telemetry.row('FIX-STARTS-DUP', 'P-02', 'dup:index0', 'grid[23]').wall_clock_seconds",E,declared telemetry column (R-3),0.22340260000055423,0.27171889995224774
"telemetry.row('FIX-STARTS-DUP', 'P-02', 'dup:index0', 'grid[240]').wall_clock_seconds",E,declared telemetry column (R-3),0.8179980999993859,0.84676230000332
"telemetry.row('FIX-STARTS-DUP', 'P-02', 'dup:index0', 'grid[241]').wall_clock_seconds",E,declared telemetry column (R-3),0.25796489999629557,0.3075642000185326
"telemetry.row('FIX-STARTS-DUP', 'P-02', 'dup:index0', 'grid[242]').wall_clock_seconds",E,declared telemetry column (R-3),1.8272536999938893,1.8714983999961987
"telemetry.row('FIX-STARTS-DUP', 'P-02', 'dup:index0', 'grid[243]').wall_clock_seconds",E,declared telemetry column (R-3),0.34417930000199703,0.34399590000975877
"telemetry.row('FIX-STARTS-DUP', 'P-02', 'dup:index0', 'grid[244]').wall_clock_seconds",E,declared telemetry column (R-3),0.44400010000390466,0.42865579994395375
"telemetry.row('FIX-STARTS-DUP', 'P-02', 'dup:index0', 'grid[245]').wall_clock_seconds",E,declared telemetry column (R-3),0.43621189999976195,0.45225799991749227
"telemetry.row('FIX-STARTS-DUP', 'P-02', 'dup:index0', 'grid[246]').wall_clock_seconds",E,declared telemetry column (R-3),2.0162207999965176,2.1151023000711575
"telemetry.row('FIX-STARTS-DUP', 'P-02', 'dup:index0', 'grid[247]').wall_clock_seconds",E,declared telemetry column (R-3),0.7858183999996982,0.8145536000374705
"telemetry.row('FIX-STARTS-DUP', 'P-02', 'dup:index0', 'grid[248]').wall_clock_seconds",E,declared telemetry column (R-3),0.6676899999947636,0.6899136999854818
"telemetry.row('FIX-STARTS-DUP', 'P-02', 'dup:index0', 'grid[249]').wall_clock_seconds",E,declared telemetry column (R-3),1.7984691000019666,1.9415143999503925
"telemetry.row('FIX-STARTS-DUP', 'P-02', 'dup:index0', 'grid[24]').wall_clock_seconds",E,declared telemetry column (R-3),0.26945379999961006,0.2910843000281602
"telemetry.row('FIX-STARTS-DUP', 'P-02', 'dup:index0', 'grid[250]').wall_clock_seconds",E,declared telemetry column (R-3),1.935773600001994,1.669162999955006
"telemetry.row('FIX-STARTS-DUP', 'P-02', 'dup:index0', 'grid[251]').wall_clock_seconds",E,declared telemetry column (R-3),0.6336439999940922,0.6531280000926927
"telemetry.row('FIX-STARTS-DUP', 'P-02', 'dup:index0', 'grid[252]').wall_clock_seconds",E,declared telemetry column (R-3),0.7663743000011891,0.5792373999720439
"telemetry.row('FIX-STARTS-DUP', 'P-02', 'dup:index0', 'grid[253]').wall_clock_seconds",E,declared telemetry column (R-3),0.3801069999972242,0.2803562000626698
"telemetry.row('FIX-STARTS-DUP', 'P-02', 'dup:index0', 'grid[254]').wall_clock_seconds",E,declared telemetry column (R-3),0.6130641999989166,0.5305921999970451
"telemetry.row('FIX-STARTS-DUP', 'P-02', 'dup:index0', 'grid[255]').wall_clock_seconds",E,declared telemetry column (R-3),0.24238429999968503,0.27311680000275373
"telemetry.row('FIX-STARTS-DUP', 'P-02', 'dup:index0', 'grid[256]').wall_clock_seconds",E,declared telemetry column (R-3),0.4691460999965784,0.5153392000356689
"telemetry.row('FIX-STARTS-DUP', 'P-02', 'dup:index0', 'grid[257]').wall_clock_seconds",E,declared telemetry column (R-3),0.35875319999468047,0.3869924999307841
"telemetry.row('FIX-STARTS-DUP', 'P-02', 'dup:index0', 'grid[258]').wall_clock_seconds",E,declared telemetry column (R-3),0.17797360000258777,0.1747470999835059
"telemetry.row('FIX-STARTS-DUP', 'P-02', 'dup:index0', 'grid[259]').wall_clock_seconds",E,declared telemetry column (R-3),0.3616641999979038,0.3735348000191152
"telemetry.row('FIX-STARTS-DUP', 'P-02', 'dup:index0', 'grid[25]').wall_clock_seconds",E,declared telemetry column (R-3),0.3935847000029753,0.4669211999280378
"telemetry.row('FIX-STARTS-DUP', 'P-02', 'dup:index0', 'grid[260]').wall_clock_seconds",E,declared telemetry column (R-3),0.4202554000003147,0.43562100001145154
"telemetry.row('FIX-STARTS-DUP', 'P-02', 'dup:index0', 'grid[26]').wall_clock_seconds",E,declared telemetry column (R-3),0.2981281000029412,0.33678949996829033
"telemetry.row('FIX-STARTS-DUP', 'P-02', 'dup:index0', 'grid[27]').wall_clock_seconds",E,declared telemetry column (R-3),0.336078100001032,0.3820591000840068
"telemetry.row('FIX-STARTS-DUP', 'P-02', 'dup:index0', 'grid[28]').wall_clock_seconds",E,declared telemetry column (R-3),0.2063823999997112,0.22244449995923787
"telemetry.row('FIX-STARTS-DUP', 'P-02', 'dup:index0', 'grid[29]').wall_clock_seconds",E,declared telemetry column (R-3),0.3397237999961362,0.38314399996306747
"telemetry.row('FIX-STARTS-DUP', 'P-02', 'dup:index0', 'grid[2]').wall_clock_seconds",E,declared telemetry column (R-3),0.27060250000067754,0.2750210000667721
"telemetry.row('FIX-STARTS-DUP', 'P-02', 'dup:index0', 'grid[30]').wall_clock_seconds",E,declared telemetry column (R-3),0.22505180000007385,0.25928610004484653
"telemetry.row('FIX-STARTS-DUP', 'P-02', 'dup:index0', 'grid[31]').wall_clock_seconds",E,declared telemetry column (R-3),0.2042591999997967,0.22553929989226162
"telemetry.row('FIX-STARTS-DUP', 'P-02', 'dup:index0', 'grid[32]').wall_clock_seconds",E,declared telemetry column (R-3),0.2866336000006413,0.3259964999742806
"telemetry.row('FIX-STARTS-DUP', 'P-02', 'dup:index0', 'grid[33]').wall_clock_seconds",E,declared telemetry column (R-3),0.2691495999970357,0.29740240005776286
"telemetry.row('FIX-STARTS-DUP', 'P-02', 'dup:index0', 'grid[34]').wall_clock_seconds",E,declared telemetry column (R-3),0.35759979999420466,0.3795893000205979
"telemetry.row('FIX-STARTS-DUP', 'P-02', 'dup:index0', 'grid[35]').wall_clock_seconds",E,declared telemetry column (R-3),0.27193460000125924,0.30831629992462695
"telemetry.row('FIX-STARTS-DUP', 'P-02', 'dup:index0', 'grid[36]').wall_clock_seconds",E,declared telemetry column (R-3),0.23096939999959432,0.2445459000300616
"telemetry.row('FIX-STARTS-DUP', 'P-02', 'dup:index0', 'grid[37]').wall_clock_seconds",E,declared telemetry column (R-3),0.31172540000261506,0.3621702999807894
"telemetry.row('FIX-STARTS-DUP', 'P-02', 'dup:index0', 'grid[38]').wall_clock_seconds",E,declared telemetry column (R-3),0.30452299999888055,0.37256769998930395
"telemetry.row('FIX-STARTS-DUP', 'P-02', 'dup:index0', 'grid[39]').wall_clock_seconds",E,declared telemetry column (R-3),0.3261519000006956,0.3765024000313133
"telemetry.row('FIX-STARTS-DUP', 'P-02', 'dup:index0', 'grid[3]').wall_clock_seconds",E,declared telemetry column (R-3),0.29284970000298927,0.2981708999723196
"telemetry.row('FIX-STARTS-DUP', 'P-02', 'dup:index0', 'grid[40]').wall_clock_seconds",E,declared telemetry column (R-3),0.44954199999483535,0.5175671000033617
"telemetry.row('FIX-STARTS-DUP', 'P-02', 'dup:index0', 'grid[41]').wall_clock_seconds",E,declared telemetry column (R-3),0.26638660000025993,0.2997499000048265
"telemetry.row('FIX-STARTS-DUP', 'P-02', 'dup:index0', 'grid[42]').wall_clock_seconds",E,declared telemetry column (R-3),0.20795109999744454,0.24403519998304546
"telemetry.row('FIX-STARTS-DUP', 'P-02', 'dup:index0', 'grid[43]').wall_clock_seconds",E,declared telemetry column (R-3),0.26613779999752296,0.30903040000703186
"telemetry.row('FIX-STARTS-DUP', 'P-02', 'dup:index0', 'grid[44]').wall_clock_seconds",E,declared telemetry column (R-3),0.41734019999421434,0.4922604999737814
"telemetry.row('FIX-STARTS-DUP', 'P-02', 'dup:index0', 'grid[45]').wall_clock_seconds",E,declared telemetry column (R-3),0.2300178000004962,0.27579760004300624
"telemetry.row('FIX-STARTS-DUP', 'P-02', 'dup:index0', 'grid[46]').wall_clock_seconds",E,declared telemetry column (R-3),0.20810290000372333,0.24652180005796254
"telemetry.row('FIX-STARTS-DUP', 'P-02', 'dup:index0', 'grid[47]').wall_clock_seconds",E,declared telemetry column (R-3),0.2462279999963357,0.2969727999297902
"telemetry.row('FIX-STARTS-DUP', 'P-02', 'dup:index0', 'grid[48]').wall_clock_seconds",E,declared telemetry column (R-3),0.44777389999944717,0.5138642999809235
"telemetry.row('FIX-STARTS-DUP', 'P-02', 'dup:index0', 'grid[49]').wall_clock_seconds",E,declared telemetry column (R-3),0.3201520000002347,0.35595090000424534
"telemetry.row('FIX-STARTS-DUP', 'P-02', 'dup:index0', 'grid[4]').wall_clock_seconds",E,declared telemetry column (R-3),0.27928489999612793,0.26538340002298355
"telemetry.row('FIX-STARTS-DUP', 'P-02', 'dup:index0', 'grid[50]').wall_clock_seconds",E,declared telemetry column (R-3),0.43279409999377094,0.5069736000150442
"telemetry.row('FIX-STARTS-DUP', 'P-02', 'dup:index0', 'grid[51]').wall_clock_seconds",E,declared telemetry column (R-3),0.3237668000001577,0.3608150000218302
"telemetry.row('FIX-STARTS-DUP', 'P-02', 'dup:index0', 'grid[52]').wall_clock_seconds",E,declared telemetry column (R-3),0.3624571999971522,0.44304059993010014
"telemetry.row('FIX-STARTS-DUP', 'P-02', 'dup:index0', 'grid[53]').wall_clock_seconds",E,declared telemetry column (R-3),0.24693640000623418,0.30854349990841
"telemetry.row('FIX-STARTS-DUP', 'P-02', 'dup:index0', 'grid[54]').wall_clock_seconds",E,declared telemetry column (R-3),0.2724030999961542,0.34576679999008775
"telemetry.row('FIX-STARTS-DUP', 'P-02', 'dup:index0', 'grid[55]').wall_clock_seconds",E,declared telemetry column (R-3),0.25734209999791346,0.4192796000279486
"telemetry.row('FIX-STARTS-DUP', 'P-02', 'dup:index0', 'grid[56]').wall_clock_seconds",E,declared telemetry column (R-3),0.42352350000146544,0.4069417000282556
"telemetry.row('FIX-STARTS-DUP', 'P-02', 'dup:index0', 'grid[57]').wall_clock_seconds",E,declared telemetry column (R-3),0.31199419999757083,0.3172934000613168
"telemetry.row('FIX-STARTS-DUP', 'P-02', 'dup:index0', 'grid[58]').wall_clock_seconds",E,declared telemetry column (R-3),0.4559411000009277,0.5011660000309348
"telemetry.row('FIX-STARTS-DUP', 'P-02', 'dup:index0', 'grid[59]').wall_clock_seconds",E,declared telemetry column (R-3),0.3715842999954475,0.37158329994417727
"telemetry.row('FIX-STARTS-DUP', 'P-02', 'dup:index0', 'grid[5]').wall_clock_seconds",E,declared telemetry column (R-3),0.6320382000048994,0.401705399970524
"telemetry.row('FIX-STARTS-DUP', 'P-02', 'dup:index0', 'grid[60]').wall_clock_seconds",E,declared telemetry column (R-3),0.41229579999344423,0.4479514000704512
"telemetry.row('FIX-STARTS-DUP', 'P-02', 'dup:index0', 'grid[61]').wall_clock_seconds",E,declared telemetry column (R-3),0.2603690999967512,0.3091388000175357
"telemetry.row('FIX-STARTS-DUP', 'P-02', 'dup:index0', 'grid[62]').wall_clock_seconds",E,declared telemetry column (R-3),0.29953479999676347,0.3395816000411287
"telemetry.row('FIX-STARTS-DUP', 'P-02', 'dup:index0', 'grid[63]').wall_clock_seconds",E,declared telemetry column (R-3),0.19462120000389405,0.2171760998899117
"telemetry.row('FIX-STARTS-DUP', 'P-02', 'dup:index0', 'grid[64]').wall_clock_seconds",E,declared telemetry column (R-3),0.25703420000354527,0.30634839995764196
"telemetry.row('FIX-STARTS-DUP', 'P-02', 'dup:index0', 'grid[65]').wall_clock_seconds",E,declared telemetry column (R-3),0.27854200000001583,0.2919777000788599
"telemetry.row('FIX-STARTS-DUP', 'P-02', 'dup:index0', 'grid[66]').wall_clock_seconds",E,declared telemetry column (R-3),0.2953080000006594,0.328525900025852
"telemetry.row('FIX-STARTS-DUP', 'P-02', 'dup:index0', 'grid[67]').wall_clock_seconds",E,declared telemetry column (R-3),0.26801200000045355,0.28883499989751726
"telemetry.row('FIX-STARTS-DUP', 'P-02', 'dup:index0', 'grid[68]').wall_clock_seconds",E,declared telemetry column (R-3),0.3752898999955505,0.41375750000588596
"telemetry.row('FIX-STARTS-DUP', 'P-02', 'dup:index0', 'grid[69]').wall_clock_seconds",E,declared telemetry column (R-3),0.3962264999936451,0.4212917999830097
"telemetry.row('FIX-STARTS-DUP', 'P-02', 'dup:index0', 'grid[6]').wall_clock_seconds",E,declared telemetry column (R-3),0.4717750999989221,0.39043420006055385
"telemetry.row('FIX-STARTS-DUP', 'P-02', 'dup:index0', 'grid[70]').wall_clock_seconds",E,declared telemetry column (R-3),0.3449121000012383,0.3424158999696374
"telemetry.row('FIX-STARTS-DUP', 'P-02', 'dup:index0', 'grid[71]').wall_clock_seconds",E,declared telemetry column (R-3),0.34362790000159293,0.3488652999512851
"telemetry.row('FIX-STARTS-DUP', 'P-02', 'dup:index0', 'grid[72]').wall_clock_seconds",E,declared telemetry column (R-3),0.291884400001436,0.30594260001089424
"telemetry.row('FIX-STARTS-DUP', 'P-02', 'dup:index0', 'grid[73]').wall_clock_seconds",E,declared telemetry column (R-3),0.2977777000050992,0.33045040001161397
"telemetry.row('FIX-STARTS-DUP', 'P-02', 'dup:index0', 'grid[74]').wall_clock_seconds",E,declared telemetry column (R-3),0.25045820000377716,0.24886970000807196
"telemetry.row('FIX-STARTS-DUP', 'P-02', 'dup:index0', 'grid[75]').wall_clock_seconds",E,declared telemetry column (R-3),0.45901629999571014,0.503034699941054
"telemetry.row('FIX-STARTS-DUP', 'P-02', 'dup:index0', 'grid[76]').wall_clock_seconds",E,declared telemetry column (R-3),0.26309780000156024,0.3097354000201449
"telemetry.row('FIX-STARTS-DUP', 'P-02', 'dup:index0', 'grid[77]').wall_clock_seconds",E,declared telemetry column (R-3),0.31751539999822853,0.36452019994612783
"telemetry.row('FIX-STARTS-DUP', 'P-02', 'dup:index0', 'grid[78]').wall_clock_seconds",E,declared telemetry column (R-3),0.22509880000143312,0.2463444999884814
"telemetry.row('FIX-STARTS-DUP', 'P-02', 'dup:index0', 'grid[79]').wall_clock_seconds",E,declared telemetry column (R-3),0.31769619999977294,0.3434079000726342
"telemetry.row('FIX-STARTS-DUP', 'P-02', 'dup:index0', 'grid[7]').wall_clock_seconds",E,declared telemetry column (R-3),0.42561559999739984,0.4557918000500649
"telemetry.row('FIX-STARTS-DUP', 'P-02', 'dup:index0', 'grid[80]').wall_clock_seconds",E,declared telemetry column (R-3),0.46065010000165785,0.471549499896355
"telemetry.row('FIX-STARTS-DUP', 'P-02', 'dup:index0', 'grid[81]').wall_clock_seconds",E,declared telemetry column (R-3),0.27605639999819687,0.2806051999796182
"telemetry.row('FIX-STARTS-DUP', 'P-02', 'dup:index0', 'grid[82]').wall_clock_seconds",E,declared telemetry column (R-3),0.4321584999997867,0.45340680005028844
"telemetry.row('FIX-STARTS-DUP', 'P-02', 'dup:index0', 'grid[83]').wall_clock_seconds",E,declared telemetry column (R-3),0.38462910000089323,0.4285115000093356
"telemetry.row('FIX-STARTS-DUP', 'P-02', 'dup:index0', 'grid[84]').wall_clock_seconds",E,declared telemetry column (R-3),0.3977946000013617,0.4478733000578359
"telemetry.row('FIX-STARTS-DUP', 'P-02', 'dup:index0', 'grid[85]').wall_clock_seconds",E,declared telemetry column (R-3),0.31356820000655716,0.33953760005533695
"telemetry.row('FIX-STARTS-DUP', 'P-02', 'dup:index0', 'grid[86]').wall_clock_seconds",E,declared telemetry column (R-3),0.42806990000099177,0.49062579998280853
"telemetry.row('FIX-STARTS-DUP', 'P-02', 'dup:index0', 'grid[87]').wall_clock_seconds",E,declared telemetry column (R-3),0.33039930000086315,0.3838174999691546
"telemetry.row('FIX-STARTS-DUP', 'P-02', 'dup:index0', 'grid[88]').wall_clock_seconds",E,declared telemetry column (R-3),0.20867200000066077,0.2328508000355214
"telemetry.row('FIX-STARTS-DUP', 'P-02', 'dup:index0', 'grid[89]').wall_clock_seconds",E,declared telemetry column (R-3),0.473350100000971,0.5365620000520721
"telemetry.row('FIX-STARTS-DUP', 'P-02', 'dup:index0', 'grid[8]').wall_clock_seconds",E,declared telemetry column (R-3),0.3363882999983616,0.3816067000152543
"telemetry.row('FIX-STARTS-DUP', 'P-02', 'dup:index0', 'grid[90]').wall_clock_seconds",E,declared telemetry column (R-3),0.30767699999705656,0.33716580003965646
"telemetry.row('FIX-STARTS-DUP', 'P-02', 'dup:index0', 'grid[91]').wall_clock_seconds",E,declared telemetry column (R-3),0.42164580000098795,0.44387010007631034
"telemetry.row('FIX-STARTS-DUP', 'P-02', 'dup:index0', 'grid[92]').wall_clock_seconds",E,declared telemetry column (R-3),2.31794500000251,2.1403766000876203
"telemetry.row('FIX-STARTS-DUP', 'P-02', 'dup:index0', 'grid[93]').wall_clock_seconds",E,declared telemetry column (R-3),0.4169123000028776,0.46327990002464503
"telemetry.row('FIX-STARTS-DUP', 'P-02', 'dup:index0', 'grid[94]').wall_clock_seconds",E,declared telemetry column (R-3),0.3106827000010526,0.3179412001045421
"telemetry.row('FIX-STARTS-DUP', 'P-02', 'dup:index0', 'grid[95]').wall_clock_seconds",E,declared telemetry column (R-3),0.4614542999988771,0.547656099894084
"telemetry.row('FIX-STARTS-DUP', 'P-02', 'dup:index0', 'grid[96]').wall_clock_seconds",E,declared telemetry column (R-3),0.4157718999995268,0.4807117999298498
"telemetry.row('FIX-STARTS-DUP', 'P-02', 'dup:index0', 'grid[97]').wall_clock_seconds",E,declared telemetry column (R-3),0.42598960000032093,0.45757609989959747
"telemetry.row('FIX-STARTS-DUP', 'P-02', 'dup:index0', 'grid[98]').wall_clock_seconds",E,declared telemetry column (R-3),0.5802167000001646,0.5701109999790788
"telemetry.row('FIX-STARTS-DUP', 'P-02', 'dup:index0', 'grid[99]').wall_clock_seconds",E,declared telemetry column (R-3),0.43334089999552816,0.4505551001057029
"telemetry.row('FIX-STARTS-DUP', 'P-02', 'dup:index0', 'grid[9]').wall_clock_seconds",E,declared telemetry column (R-3),0.2308497999983956,0.3064256999641657
"telemetry.row('FIX-STARTS-DUP', 'P-02', 'dup:index145', 'grid[0]').wall_clock_seconds",E,declared telemetry column (R-3),0.7985230000049341,0.8174353999784216
"telemetry.row('FIX-STARTS-DUP', 'P-02', 'dup:index145', 'grid[100]').wall_clock_seconds",E,declared telemetry column (R-3),0.4537516000054893,0.43405539996456355
"telemetry.row('FIX-STARTS-DUP', 'P-02', 'dup:index145', 'grid[101]').wall_clock_seconds",E,declared telemetry column (R-3),0.43092759999854024,0.4444297000300139
"telemetry.row('FIX-STARTS-DUP', 'P-02', 'dup:index145', 'grid[102]').wall_clock_seconds",E,declared telemetry column (R-3),1.0087433000007877,0.9774173999903724
"telemetry.row('FIX-STARTS-DUP', 'P-02', 'dup:index145', 'grid[103]').wall_clock_seconds",E,declared telemetry column (R-3),0.30545749999873806,0.30962920002639294
"telemetry.row('FIX-STARTS-DUP', 'P-02', 'dup:index145', 'grid[104]').wall_clock_seconds",E,declared telemetry column (R-3),0.3294930000047316,0.31124930002260953
"telemetry.row('FIX-STARTS-DUP', 'P-02', 'dup:index145', 'grid[105]').wall_clock_seconds",E,declared telemetry column (R-3),0.8244236999962595,0.8424705999204889
"telemetry.row('FIX-STARTS-DUP', 'P-02', 'dup:index145', 'grid[106]').wall_clock_seconds",E,declared telemetry column (R-3),0.5948344000062207,0.42303379997611046
"telemetry.row('FIX-STARTS-DUP', 'P-02', 'dup:index145', 'grid[107]').wall_clock_seconds",E,declared telemetry column (R-3),0.39254040000378154,0.3193078999174759
"telemetry.row('FIX-STARTS-DUP', 'P-02', 'dup:index145', 'grid[108]').wall_clock_seconds",E,declared telemetry column (R-3),0.8697436000002199,0.8725968999788165
"telemetry.row('FIX-STARTS-DUP', 'P-02', 'dup:index145', 'grid[109]').wall_clock_seconds",E,declared telemetry column (R-3),1.2957774000024074,1.018053299980238
"telemetry.row('FIX-STARTS-DUP', 'P-02', 'dup:index145', 'grid[10]').wall_clock_seconds",E,declared telemetry column (R-3),0.5702374999964377,0.607127399998717
"telemetry.row('FIX-STARTS-DUP', 'P-02', 'dup:index145', 'grid[110]').wall_clock_seconds",E,declared telemetry column (R-3),1.0404223000005004,1.030218599946238
"telemetry.row('FIX-STARTS-DUP', 'P-02', 'dup:index145', 'grid[111]').wall_clock_seconds",E,declared telemetry column (R-3),0.7059382000006735,0.7744353000307456
"telemetry.row('FIX-STARTS-DUP', 'P-02', 'dup:index145', 'grid[112]').wall_clock_seconds",E,declared telemetry column (R-3),0.34112179999647196,0.3384135999949649
"telemetry.row('FIX-STARTS-DUP', 'P-02', 'dup:index145', 'grid[113]').wall_clock_seconds",E,declared telemetry column (R-3),1.2782042999970145,1.3133400999940932
"telemetry.row('FIX-STARTS-DUP', 'P-02', 'dup:index145', 'grid[114]').wall_clock_seconds",E,declared telemetry column (R-3),0.23192569999810075,0.23388740001246333
"telemetry.row('FIX-STARTS-DUP', 'P-02', 'dup:index145', 'grid[115]').wall_clock_seconds",E,declared telemetry column (R-3),0.3692282000047271,0.46673449990339577
"telemetry.row('FIX-STARTS-DUP', 'P-02', 'dup:index145', 'grid[116]').wall_clock_seconds",E,declared telemetry column (R-3),0.33350399999471847,0.36103869997896254
"telemetry.row('FIX-STARTS-DUP', 'P-02', 'dup:index145', 'grid[117]').wall_clock_seconds",E,declared telemetry column (R-3),0.3466816000000108,0.3251086000818759
"telemetry.row('FIX-STARTS-DUP', 'P-02', 'dup:index145', 'grid[118]').wall_clock_seconds",E,declared telemetry column (R-3),0.3317166000051657,0.3605847000144422
"telemetry.row('FIX-STARTS-DUP', 'P-02', 'dup:index145', 'grid[119]').wall_clock_seconds",E,declared telemetry column (R-3),0.26938610000070184,0.2907260999782011
"telemetry.row('FIX-STARTS-DUP', 'P-02', 'dup:index145', 'grid[11]').wall_clock_seconds",E,declared telemetry column (R-3),0.7610111999965739,0.784618099918589
"telemetry.row('FIX-STARTS-DUP', 'P-02', 'dup:index145', 'grid[120]').wall_clock_seconds",E,declared telemetry column (R-3),0.3985231999977259,0.4052303000353277
"telemetry.row('FIX-STARTS-DUP', 'P-02', 'dup:index145', 'grid[121]').wall_clock_seconds",E,declared telemetry column (R-3),0.40907030000380473,0.41078479995485395
"telemetry.row('FIX-STARTS-DUP', 'P-02', 'dup:index145', 'grid[122]').wall_clock_seconds",E,declared telemetry column (R-3),0.3951001000023098,0.4324417000170797
"telemetry.row('FIX-STARTS-DUP', 'P-02', 'dup:index145', 'grid[123]').wall_clock_seconds",E,declared telemetry column (R-3),0.4949295999977039,0.5121052000904456
"telemetry.row('FIX-STARTS-DUP', 'P-02', 'dup:index145', 'grid[124]').wall_clock_seconds",E,declared telemetry column (R-3),0.46038709999993443,0.46621990005951375
"telemetry.row('FIX-STARTS-DUP', 'P-02', 'dup:index145', 'grid[125]').wall_clock_seconds",E,declared telemetry column (R-3),0.35240829999384005,0.3582033000420779
"telemetry.row('FIX-STARTS-DUP', 'P-02', 'dup:index145', 'grid[126]').wall_clock_seconds",E,declared telemetry column (R-3),0.39064309999957914,0.40288569999393076
"telemetry.row('FIX-STARTS-DUP', 'P-02', 'dup:index145', 'grid[127]').wall_clock_seconds",E,declared telemetry column (R-3),0.3213996999984374,0.35642949992325157
"telemetry.row('FIX-STARTS-DUP', 'P-02', 'dup:index145', 'grid[128]').wall_clock_seconds",E,declared telemetry column (R-3),0.32200490000104764,0.37834809999912977
"telemetry.row('FIX-STARTS-DUP', 'P-02', 'dup:index145', 'grid[129]').wall_clock_seconds",E,declared telemetry column (R-3),0.3225557999976445,0.3480678000487387
"telemetry.row('FIX-STARTS-DUP', 'P-02', 'dup:index145', 'grid[12]').wall_clock_seconds",E,declared telemetry column (R-3),0.4298826999947778,0.4721496000420302
"telemetry.row('FIX-STARTS-DUP', 'P-02', 'dup:index145', 'grid[130]').wall_clock_seconds",E,declared telemetry column (R-3),0.33173420000093756,0.36282269994262606
"telemetry.row('FIX-STARTS-DUP', 'P-02', 'dup:index145', 'grid[131]').wall_clock_seconds",E,declared telemetry column (R-3),0.3938293999963207,0.4049577999394387
"telemetry.row('FIX-STARTS-DUP', 'P-02', 'dup:index145', 'grid[132]').wall_clock_seconds",E,declared telemetry column (R-3),0.40499049999925774,0.406303699943237
"telemetry.row('FIX-STARTS-DUP', 'P-02', 'dup:index145', 'grid[133]').wall_clock_seconds",E,declared telemetry column (R-3),0.5228648999982397,0.5303253999445587
"telemetry.row('FIX-STARTS-DUP', 'P-02', 'dup:index145', 'grid[134]').wall_clock_seconds",E,declared telemetry column (R-3),0.3263325000007171,0.32985420001205057
"telemetry.row('FIX-STARTS-DUP', 'P-02', 'dup:index145', 'grid[135]').wall_clock_seconds",E,declared telemetry column (R-3),0.628489200003969,0.6727219000458717
"telemetry.row('FIX-STARTS-DUP', 'P-02', 'dup:index145', 'grid[136]').wall_clock_seconds",E,declared telemetry column (R-3),0.3488446999981534,0.36050120007712394
"telemetry.row('FIX-STARTS-DUP', 'P-02', 'dup:index145', 'grid[137]').wall_clock_seconds",E,declared telemetry column (R-3),0.35246709999773884,0.3344661999726668
"telemetry.row('FIX-STARTS-DUP', 'P-02', 'dup:index145', 'grid[138]').wall_clock_seconds",E,declared telemetry column (R-3),0.6408636999985902,0.6637989999726415
"telemetry.row('FIX-STARTS-DUP', 'P-02', 'dup:index145', 'grid[139]').wall_clock_seconds",E,declared telemetry column (R-3),0.2701519999973243,0.2865855999989435
"telemetry.row('FIX-STARTS-DUP', 'P-02', 'dup:index145', 'grid[13]').wall_clock_seconds",E,declared telemetry column (R-3),0.3679910999999265,0.4129143999889493
"telemetry.row('FIX-STARTS-DUP', 'P-02', 'dup:index145', 'grid[140]').wall_clock_seconds",E,declared telemetry column (R-3),0.4052924999996321,0.3962417000439018
"telemetry.row('FIX-STARTS-DUP', 'P-02', 'dup:index145', 'grid[141]').wall_clock_seconds",E,declared telemetry column (R-3),0.33250009999756003,0.29926909995265305
"telemetry.row('FIX-STARTS-DUP', 'P-02', 'dup:index145', 'grid[142]').wall_clock_seconds",E,declared telemetry column (R-3),0.2676932999966084,0.2778740000212565
"telemetry.row('FIX-STARTS-DUP', 'P-02', 'dup:index145', 'grid[143]').wall_clock_seconds",E,declared telemetry column (R-3),0.7957502999997814,0.8336115999845788
"telemetry.row('FIX-STARTS-DUP', 'P-02', 'dup:index145', 'grid[144]').wall_clock_seconds",E,declared telemetry column (R-3),0.4949473000015132,0.5099487999686971
"telemetry.row('FIX-STARTS-DUP', 'P-02', 'dup:index145', 'grid[145]').wall_clock_seconds",E,declared telemetry column (R-3),0.34617810000054305,0.3019546000286937
"telemetry.row('FIX-STARTS-DUP', 'P-02', 'dup:index145', 'grid[146]').wall_clock_seconds",E,declared telemetry column (R-3),0.262354200000118,0.2468339999904856
"telemetry.row('FIX-STARTS-DUP', 'P-02', 'dup:index145', 'grid[147]').wall_clock_seconds",E,declared telemetry column (R-3),0.4050067999996827,0.3889437000034377
"telemetry.row('FIX-STARTS-DUP', 'P-02', 'dup:index145', 'grid[148]').wall_clock_seconds",E,declared telemetry column (R-3),0.2917204999976093,0.28920200001448393
"telemetry.row('FIX-STARTS-DUP', 'P-02', 'dup:index145', 'grid[149]').wall_clock_seconds",E,declared telemetry column (R-3),0.3066557000056491,0.29729649994987994
"telemetry.row('FIX-STARTS-DUP', 'P-02', 'dup:index145', 'grid[14]').wall_clock_seconds",E,declared telemetry column (R-3),0.8298261999952956,0.6859561000019312
"telemetry.row('FIX-STARTS-DUP', 'P-02', 'dup:index145', 'grid[150]').wall_clock_seconds",E,declared telemetry column (R-3),0.5019935999953304,0.5421572000486776
"telemetry.row('FIX-STARTS-DUP', 'P-02', 'dup:index145', 'grid[151]').wall_clock_seconds",E,declared telemetry column (R-3),0.3768885000026785,0.46164620004128665
"telemetry.row('FIX-STARTS-DUP', 'P-02', 'dup:index145', 'grid[152]').wall_clock_seconds",E,declared telemetry column (R-3),0.2672409000006155,0.3504481000127271
"telemetry.row('FIX-STARTS-DUP', 'P-02', 'dup:index145', 'grid[153]').wall_clock_seconds",E,declared telemetry column (R-3),0.27152039999782573,0.3265868000453338
"telemetry.row('FIX-STARTS-DUP', 'P-02', 'dup:index145', 'grid[154]').wall_clock_seconds",E,declared telemetry column (R-3),0.424507600000652,0.542489800020121
"telemetry.row('FIX-STARTS-DUP', 'P-02', 'dup:index145', 'grid[155]').wall_clock_seconds",E,declared telemetry column (R-3),0.5247677000006661,0.7006297999760136
"telemetry.row('FIX-STARTS-DUP', 'P-02', 'dup:index145', 'grid[156]').wall_clock_seconds",E,declared telemetry column (R-3),0.5625160999989021,0.5629823999479413
"telemetry.row('FIX-STARTS-DUP', 'P-02', 'dup:index145', 'grid[157]').wall_clock_seconds",E,declared telemetry column (R-3),0.3253115000043181,0.32565490005072206
"telemetry.row('FIX-STARTS-DUP', 'P-02', 'dup:index145', 'grid[158]').wall_clock_seconds",E,declared telemetry column (R-3),0.26646659999823896,0.28614169999491423
"telemetry.row('FIX-STARTS-DUP', 'P-02', 'dup:index145', 'grid[159]').wall_clock_seconds",E,declared telemetry column (R-3),0.48081010000169044,0.4877406000159681
"telemetry.row('FIX-STARTS-DUP', 'P-02', 'dup:index145', 'grid[15]').wall_clock_seconds",E,declared telemetry column (R-3),1.020684600000095,1.0731446000281721
"telemetry.row('FIX-STARTS-DUP', 'P-02', 'dup:index145', 'grid[160]').wall_clock_seconds",E,declared telemetry column (R-3),0.45439559999795165,0.47440110007300973
"telemetry.row('FIX-STARTS-DUP', 'P-02', 'dup:index145', 'grid[161]').wall_clock_seconds",E,declared telemetry column (R-3),0.34020410000084667,0.3349969000555575
"telemetry.row('FIX-STARTS-DUP', 'P-02', 'dup:index145', 'grid[162]').wall_clock_seconds",E,declared telemetry column (R-3),0.38932629999908386,0.3936687000095844
"telemetry.row('FIX-STARTS-DUP', 'P-02', 'dup:index145', 'grid[163]').wall_clock_seconds",E,declared telemetry column (R-3),0.3359053000021959,0.35807580000255257
"telemetry.row('FIX-STARTS-DUP', 'P-02', 'dup:index145', 'grid[164]').wall_clock_seconds",E,declared telemetry column (R-3),0.4798588999983622,0.5055750000756234
"telemetry.row('FIX-STARTS-DUP', 'P-02', 'dup:index145', 'grid[165]').wall_clock_seconds",E,declared telemetry column (R-3),0.5483330999995815,0.5552530999993905
"telemetry.row('FIX-STARTS-DUP', 'P-02', 'dup:index145', 'grid[166]').wall_clock_seconds",E,declared telemetry column (R-3),0.36034720000316156,0.37571749999187887
"telemetry.row('FIX-STARTS-DUP', 'P-02', 'dup:index145', 'grid[167]').wall_clock_seconds",E,declared telemetry column (R-3),0.4935836000004201,0.5334462999599054
"telemetry.row('FIX-STARTS-DUP', 'P-02', 'dup:index145', 'grid[168]').wall_clock_seconds",E,declared telemetry column (R-3),0.30099519999930635,0.3236480000196025
"telemetry.row('FIX-STARTS-DUP', 'P-02', 'dup:index145', 'grid[169]').wall_clock_seconds",E,declared telemetry column (R-3),0.3370734000054654,0.3726534000597894
"telemetry.row('FIX-STARTS-DUP', 'P-02', 'dup:index145', 'grid[16]').wall_clock_seconds",E,declared telemetry column (R-3),0.7827376999994158,0.8019105999264866
"telemetry.row('FIX-STARTS-DUP', 'P-02', 'dup:index145', 'grid[170]').wall_clock_seconds",E,declared telemetry column (R-3),0.2806064000033075,0.31230390002019703
"telemetry.row('FIX-STARTS-DUP', 'P-02', 'dup:index145', 'grid[171]').wall_clock_seconds",E,declared telemetry column (R-3),0.370857399997476,0.4100565999979153
"telemetry.row('FIX-STARTS-DUP', 'P-02', 'dup:index145', 'grid[172]').wall_clock_seconds",E,declared telemetry column (R-3),0.3902947000024142,0.41267280001193285
"telemetry.row('FIX-STARTS-DUP', 'P-02', 'dup:index145', 'grid[173]').wall_clock_seconds",E,declared telemetry column (R-3),0.45557389999885345,0.4972950998926535
"telemetry.row('FIX-STARTS-DUP', 'P-02', 'dup:index145', 'grid[174]').wall_clock_seconds",E,declared telemetry column (R-3),0.4862467999992077,0.5175302000716329
"telemetry.row('FIX-STARTS-DUP', 'P-02', 'dup:index145', 'grid[175]').wall_clock_seconds",E,declared telemetry column (R-3),0.3538254000013694,0.3459953999845311
"telemetry.row('FIX-STARTS-DUP', 'P-02', 'dup:index145', 'grid[176]').wall_clock_seconds",E,declared telemetry column (R-3),0.395025000005262,0.420470800017938
"telemetry.row('FIX-STARTS-DUP', 'P-02', 'dup:index145', 'grid[177]').wall_clock_seconds",E,declared telemetry column (R-3),0.41186390000075335,0.42838299996219575
"telemetry.row('FIX-STARTS-DUP', 'P-02', 'dup:index145', 'grid[178]').wall_clock_seconds",E,declared telemetry column (R-3),0.3657905000000028,0.3077616000082344
"telemetry.row('FIX-STARTS-DUP', 'P-02', 'dup:index145', 'grid[179]').wall_clock_seconds",E,declared telemetry column (R-3),0.31662310000683647,0.3614534999942407
"telemetry.row('FIX-STARTS-DUP', 'P-02', 'dup:index145', 'grid[17]').wall_clock_seconds",E,declared telemetry column (R-3),2.038793900006567,2.0889279999537393
"telemetry.row('FIX-STARTS-DUP', 'P-02', 'dup:index145', 'grid[180]').wall_clock_seconds",E,declared telemetry column (R-3),0.38132920000498416,0.4199418000644073
"telemetry.row('FIX-STARTS-DUP', 'P-02', 'dup:index145', 'grid[181]').wall_clock_seconds",E,declared telemetry column (R-3),0.3284046999979182,0.33513180003501475
"telemetry.row('FIX-STARTS-DUP', 'P-02', 'dup:index145', 'grid[182]').wall_clock_seconds",E,declared telemetry column (R-3),0.3109457999962615,0.34315289999358356
"telemetry.row('FIX-STARTS-DUP', 'P-02', 'dup:index145', 'grid[183]').wall_clock_seconds",E,declared telemetry column (R-3),0.341949100002239,0.33554160001222044
"telemetry.row('FIX-STARTS-DUP', 'P-02', 'dup:index145', 'grid[184]').wall_clock_seconds",E,declared telemetry column (R-3),0.457325999996101,0.49488020001444966
"telemetry.row('FIX-STARTS-DUP', 'P-02', 'dup:index145', 'grid[185]').wall_clock_seconds",E,declared telemetry column (R-3),0.3938586000003852,0.4131145999999717
"telemetry.row('FIX-STARTS-DUP', 'P-02', 'dup:index145', 'grid[186]').wall_clock_seconds",E,declared telemetry column (R-3),0.5052673000027426,0.4808945000404492
"telemetry.row('FIX-STARTS-DUP', 'P-02', 'dup:index145', 'grid[187]').wall_clock_seconds",E,declared telemetry column (R-3),0.292646900001273,0.29554830002598464
"telemetry.row('FIX-STARTS-DUP', 'P-02', 'dup:index145', 'grid[188]').wall_clock_seconds",E,declared telemetry column (R-3),0.38067949999822304,0.3593068999471143
"telemetry.row('FIX-STARTS-DUP', 'P-02', 'dup:index145', 'grid[189]').wall_clock_seconds",E,declared telemetry column (R-3),0.5231606000015745,0.48134589998517185
"telemetry.row('FIX-STARTS-DUP', 'P-02', 'dup:index145', 'grid[18]').wall_clock_seconds",E,declared telemetry column (R-3),0.45614170000044396,0.48105559998657554
"telemetry.row('FIX-STARTS-DUP', 'P-02', 'dup:index145', 'grid[190]').wall_clock_seconds",E,declared telemetry column (R-3),0.354737000001478,0.32674259995110333
"telemetry.row('FIX-STARTS-DUP', 'P-02', 'dup:index145', 'grid[191]').wall_clock_seconds",E,declared telemetry column (R-3),0.3768683000016608,0.3689852999523282
"telemetry.row('FIX-STARTS-DUP', 'P-02', 'dup:index145', 'grid[192]').wall_clock_seconds",E,declared telemetry column (R-3),0.23261289999936707,0.3063490999629721
"telemetry.row('FIX-STARTS-DUP', 'P-02', 'dup:index145', 'grid[193]').wall_clock_seconds",E,declared telemetry column (R-3),0.34464000000298256,0.4591056000208482
"telemetry.row('FIX-STARTS-DUP', 'P-02', 'dup:index145', 'grid[194]').wall_clock_seconds",E,declared telemetry column (R-3),0.3113233999974909,0.29916339996270835
"telemetry.row('FIX-STARTS-DUP', 'P-02', 'dup:index145', 'grid[195]').wall_clock_seconds",E,declared telemetry column (R-3),0.59697650000453,0.5698788999579847
"telemetry.row('FIX-STARTS-DUP', 'P-02', 'dup:index145', 'grid[196]').wall_clock_seconds",E,declared telemetry column (R-3),0.22010850000515347,0.23627220001071692
"telemetry.row('FIX-STARTS-DUP', 'P-02', 'dup:index145', 'grid[197]').wall_clock_seconds",E,declared telemetry column (R-3),0.3627989000015077,0.3172665999736637
"telemetry.row('FIX-STARTS-DUP', 'P-02', 'dup:index145', 'grid[198]').wall_clock_seconds",E,declared telemetry column (R-3),0.3374952999947709,0.3428349000168964
"telemetry.row('FIX-STARTS-DUP', 'P-02', 'dup:index145', 'grid[199]').wall_clock_seconds",E,declared telemetry column (R-3),0.3805257999993046,0.37251440004911274
"telemetry.row('FIX-STARTS-DUP', 'P-02', 'dup:index145', 'grid[19]').wall_clock_seconds",E,declared telemetry column (R-3),0.3293530000009923,0.34353060007561
"telemetry.row('FIX-STARTS-DUP', 'P-02', 'dup:index145', 'grid[1]').wall_clock_seconds",E,declared telemetry column (R-3),0.8864637000006041,0.9151179000036791
"telemetry.row('FIX-STARTS-DUP', 'P-02', 'dup:index145', 'grid[200]').wall_clock_seconds",E,declared telemetry column (R-3),0.28218270000070333,0.2863309000385925
"telemetry.row('FIX-STARTS-DUP', 'P-02', 'dup:index145', 'grid[201]').wall_clock_seconds",E,declared telemetry column (R-3),0.5187312999987626,0.5385820000665262
"telemetry.row('FIX-STARTS-DUP', 'P-02', 'dup:index145', 'grid[202]').wall_clock_seconds",E,declared telemetry column (R-3),0.4214829999982612,0.4329270999878645
"telemetry.row('FIX-STARTS-DUP', 'P-02', 'dup:index145', 'grid[203]').wall_clock_seconds",E,declared telemetry column (R-3),0.49227979999704985,0.5029841000214219
"telemetry.row('FIX-STARTS-DUP', 'P-02', 'dup:index145', 'grid[204]').wall_clock_seconds",E,declared telemetry column (R-3),0.43866459999844665,0.4534751999890432
"telemetry.row('FIX-STARTS-DUP', 'P-02', 'dup:index145', 'grid[205]').wall_clock_seconds",E,declared telemetry column (R-3),0.21268959999724757,0.23226860002614558
"telemetry.row('FIX-STARTS-DUP', 'P-02', 'dup:index145', 'grid[206]').wall_clock_seconds",E,declared telemetry column (R-3),0.4056382999988273,0.42128929996397346
"telemetry.row('FIX-STARTS-DUP', 'P-02', 'dup:index145', 'grid[207]').wall_clock_seconds",E,declared telemetry column (R-3),0.2164210999981151,0.24843569996301085
"telemetry.row('FIX-STARTS-DUP', 'P-02', 'dup:index145', 'grid[208]').wall_clock_seconds",E,declared telemetry column (R-3),0.3726075000013225,0.4240807999158278
"telemetry.row('FIX-STARTS-DUP', 'P-02', 'dup:index145', 'grid[209]').wall_clock_seconds",E,declared telemetry column (R-3),0.36842389999947045,0.42414260003715754
"telemetry.row('FIX-STARTS-DUP', 'P-02', 'dup:index145', 'grid[20]').wall_clock_seconds",E,declared telemetry column (R-3),0.632585499995912,0.6831590000074357
"telemetry.row('FIX-STARTS-DUP', 'P-02', 'dup:index145', 'grid[210]').wall_clock_seconds",E,declared telemetry column (R-3),0.3749434999990626,0.4174934000475332
"telemetry.row('FIX-STARTS-DUP', 'P-02', 'dup:index145', 'grid[211]').wall_clock_seconds",E,declared telemetry column (R-3),0.40769749999890337,0.4410835000453517
"telemetry.row('FIX-STARTS-DUP', 'P-02', 'dup:index145', 'grid[212]').wall_clock_seconds",E,declared telemetry column (R-3),0.4093079999947804,0.4470560000045225
"telemetry.row('FIX-STARTS-DUP', 'P-02', 'dup:index145', 'grid[213]').wall_clock_seconds",E,declared telemetry column (R-3),0.2784165000048233,0.30930319998878986
"telemetry.row('FIX-STARTS-DUP', 'P-02', 'dup:index145', 'grid[214]').wall_clock_seconds",E,declared telemetry column (R-3),0.41313829999853624,0.4656837999355048
"telemetry.row('FIX-STARTS-DUP', 'P-02', 'dup:index145', 'grid[215]').wall_clock_seconds",E,declared telemetry column (R-3),0.37493450000329176,0.4275035000173375
"telemetry.row('FIX-STARTS-DUP', 'P-02', 'dup:index145', 'grid[216]').wall_clock_seconds",E,declared telemetry column (R-3),0.26373579999926733,0.29035829997155815
"telemetry.row('FIX-STARTS-DUP', 'P-02', 'dup:index145', 'grid[217]').wall_clock_seconds",E,declared telemetry column (R-3),0.4284565999987535,0.44723990000784397
"telemetry.row('FIX-STARTS-DUP', 'P-02', 'dup:index145', 'grid[218]').wall_clock_seconds",E,declared telemetry column (R-3),0.34195099999487866,0.37275390001013875
"telemetry.row('FIX-STARTS-DUP', 'P-02', 'dup:index145', 'grid[219]').wall_clock_seconds",E,declared telemetry column (R-3),0.32882790000439854,0.3325112999882549
"telemetry.row('FIX-STARTS-DUP', 'P-02', 'dup:index145', 'grid[21]').wall_clock_seconds",E,declared telemetry column (R-3),0.7384014999988722,0.7720312000019476
"telemetry.row('FIX-STARTS-DUP', 'P-02', 'dup:index145', 'grid[220]').wall_clock_seconds",E,declared telemetry column (R-3),0.4683904000048642,0.5396104999817908
"telemetry.row('FIX-STARTS-DUP', 'P-02', 'dup:index145', 'grid[221]').wall_clock_seconds",E,declared telemetry column (R-3),0.40248950000386685,0.4365015000803396
"telemetry.row('FIX-STARTS-DUP', 'P-02', 'dup:index145', 'grid[222]').wall_clock_seconds",E,declared telemetry column (R-3),0.22580379999999423,0.25472299999091774
"telemetry.row('FIX-STARTS-DUP', 'P-02', 'dup:index145', 'grid[223]').wall_clock_seconds",E,declared telemetry column (R-3),0.2413209000005736,0.22966110007837415
"telemetry.row('FIX-STARTS-DUP', 'P-02', 'dup:index145', 'grid[224]').wall_clock_seconds",E,declared telemetry column (R-3),0.3920924999983981,0.444522500038147
"telemetry.row('FIX-STARTS-DUP', 'P-02', 'dup:index145', 'grid[225]').wall_clock_seconds",E,declared telemetry column (R-3),0.2809408000030089,0.2664539999095723
"telemetry.row('FIX-STARTS-DUP', 'P-02', 'dup:index145', 'grid[226]').wall_clock_seconds",E,declared telemetry column (R-3),0.40798370000266004,0.43651200004387647
"telemetry.row('FIX-STARTS-DUP', 'P-02', 'dup:index145', 'grid[227]').wall_clock_seconds",E,declared telemetry column (R-3),0.3249072000035085,0.34579140006098896
"telemetry.row('FIX-STARTS-DUP', 'P-02', 'dup:index145', 'grid[228]').wall_clock_seconds",E,declared telemetry column (R-3),0.19306179999693995,0.21123740007169545
"telemetry.row('FIX-STARTS-DUP', 'P-02', 'dup:index145', 'grid[229]').wall_clock_seconds",E,declared telemetry column (R-3),0.2642347000000882,0.28754029993433505
"telemetry.row('FIX-STARTS-DUP', 'P-02', 'dup:index145', 'grid[22]').wall_clock_seconds",E,declared telemetry column (R-3),0.7072820000030333,0.7005879000062123
"telemetry.row('FIX-STARTS-DUP', 'P-02', 'dup:index145', 'grid[230]').wall_clock_seconds",E,declared telemetry column (R-3),0.22544490000291262,0.25876880006399006
"telemetry.row('FIX-STARTS-DUP', 'P-02', 'dup:index145', 'grid[231]').wall_clock_seconds",E,declared telemetry column (R-3),0.3654601000016555,0.40472270001191646
"telemetry.row('FIX-STARTS-DUP', 'P-02', 'dup:index145', 'grid[232]').wall_clock_seconds",E,declared telemetry column (R-3),0.34010310000303434,0.37803909997455776
"telemetry.row('FIX-STARTS-DUP', 'P-02', 'dup:index145', 'grid[233]').wall_clock_seconds",E,declared telemetry column (R-3),0.5210411999942153,0.4996540999272838
"telemetry.row('FIX-STARTS-DUP', 'P-02', 'dup:index145', 'grid[234]').wall_clock_seconds",E,declared telemetry column (R-3),0.3676315000047907,0.44475889997556806
"telemetry.row('FIX-STARTS-DUP', 'P-02', 'dup:index145', 'grid[235]').wall_clock_seconds",E,declared telemetry column (R-3),0.4119286999994074,0.5502836999949068
"telemetry.row('FIX-STARTS-DUP', 'P-02', 'dup:index145', 'grid[236]').wall_clock_seconds",E,declared telemetry column (R-3),0.4590669000026537,0.46302969998214394
"telemetry.row('FIX-STARTS-DUP', 'P-02', 'dup:index145', 'grid[237]').wall_clock_seconds",E,declared telemetry column (R-3),0.2214008000009926,0.2378871999680996
"telemetry.row('FIX-STARTS-DUP', 'P-02', 'dup:index145', 'grid[238]').wall_clock_seconds",E,declared telemetry column (R-3),0.26504539999586996,0.29100790002848953
"telemetry.row('FIX-STARTS-DUP', 'P-02', 'dup:index145', 'grid[239]').wall_clock_seconds",E,declared telemetry column (R-3),0.26634460000059335,0.29173320007976145
"telemetry.row('FIX-STARTS-DUP', 'P-02', 'dup:index145', 'grid[23]').wall_clock_seconds",E,declared telemetry column (R-3),0.25057229999947594,0.2536280000349507
"telemetry.row('FIX-STARTS-DUP', 'P-02', 'dup:index145', 'grid[240]').wall_clock_seconds",E,declared telemetry column (R-3),0.22020779999729712,0.23230519995559007
"telemetry.row('FIX-STARTS-DUP', 'P-02', 'dup:index145', 'grid[241]').wall_clock_seconds",E,declared telemetry column (R-3),0.34309550000034506,0.38098919996991754
"telemetry.row('FIX-STARTS-DUP', 'P-02', 'dup:index145', 'grid[242]').wall_clock_seconds",E,declared telemetry column (R-3),0.3306031999964034,0.3776848000707105
"telemetry.row('FIX-STARTS-DUP', 'P-02', 'dup:index145', 'grid[243]').wall_clock_seconds",E,declared telemetry column (R-3),0.37759730000107083,0.4085858000908047
"telemetry.row('FIX-STARTS-DUP', 'P-02', 'dup:index145', 'grid[244]').wall_clock_seconds",E,declared telemetry column (R-3),0.2952573000002303,0.32682349998503923
"telemetry.row('FIX-STARTS-DUP', 'P-02', 'dup:index145', 'grid[245]').wall_clock_seconds",E,declared telemetry column (R-3),0.29513890000089305,0.3396925999550149
"telemetry.row('FIX-STARTS-DUP', 'P-02', 'dup:index145', 'grid[246]').wall_clock_seconds",E,declared telemetry column (R-3),0.39384460000292165,0.39773079997394234
"telemetry.row('FIX-STARTS-DUP', 'P-02', 'dup:index145', 'grid[247]').wall_clock_seconds",E,declared telemetry column (R-3),0.514422200001718,0.40650360006839037
"telemetry.row('FIX-STARTS-DUP', 'P-02', 'dup:index145', 'grid[248]').wall_clock_seconds",E,declared telemetry column (R-3),0.2727233999976306,0.3213699000189081
"telemetry.row('FIX-STARTS-DUP', 'P-02', 'dup:index145', 'grid[249]').wall_clock_seconds",E,declared telemetry column (R-3),0.26062459999957355,0.30849369999486953
"telemetry.row('FIX-STARTS-DUP', 'P-02', 'dup:index145', 'grid[24]').wall_clock_seconds",E,declared telemetry column (R-3),0.5641835999995237,0.5773298999993131
"telemetry.row('FIX-STARTS-DUP', 'P-02', 'dup:index145', 'grid[250]').wall_clock_seconds",E,declared telemetry column (R-3),0.23502709999593208,0.2580587000120431
"telemetry.row('FIX-STARTS-DUP', 'P-02', 'dup:index145', 'grid[251]').wall_clock_seconds",E,declared telemetry column (R-3),0.24999880000541452,0.26995260000694543
"telemetry.row('FIX-STARTS-DUP', 'P-02', 'dup:index145', 'grid[252]').wall_clock_seconds",E,declared telemetry column (R-3),0.3426495000021532,0.37962949997745454
"telemetry.row('FIX-STARTS-DUP', 'P-02', 'dup:index145', 'grid[253]').wall_clock_seconds",E,declared telemetry column (R-3),0.38590169999952195,0.4352895999327302
"telemetry.row('FIX-STARTS-DUP', 'P-02', 'dup:index145', 'grid[254]').wall_clock_seconds",E,declared telemetry column (R-3),0.2955065000060131,0.33838139998260885
"telemetry.row('FIX-STARTS-DUP', 'P-02', 'dup:index145', 'grid[255]').wall_clock_seconds",E,declared telemetry column (R-3),0.18588459999591578,0.19791690004058182
"telemetry.row('FIX-STARTS-DUP', 'P-02', 'dup:index145', 'grid[256]').wall_clock_seconds",E,declared telemetry column (R-3),0.31319230000372045,0.3404252000618726
"telemetry.row('FIX-STARTS-DUP', 'P-02', 'dup:index145', 'grid[257]').wall_clock_seconds",E,declared telemetry column (R-3),0.2544975000055274,0.28593440004624426
"telemetry.row('FIX-STARTS-DUP', 'P-02', 'dup:index145', 'grid[258]').wall_clock_seconds",E,declared telemetry column (R-3),0.2125653000039165,0.22168269997928292
"telemetry.row('FIX-STARTS-DUP', 'P-02', 'dup:index145', 'grid[259]').wall_clock_seconds",E,declared telemetry column (R-3),0.2977399000010337,0.3357716000173241
"telemetry.row('FIX-STARTS-DUP', 'P-02', 'dup:index145', 'grid[25]').wall_clock_seconds",E,declared telemetry column (R-3),1.0319827999992413,1.0564754999941215
"telemetry.row('FIX-STARTS-DUP', 'P-02', 'dup:index145', 'grid[260]').wall_clock_seconds",E,declared telemetry column (R-3),0.3667072000025655,0.40768499998375773
"telemetry.row('FIX-STARTS-DUP', 'P-02', 'dup:index145', 'grid[26]').wall_clock_seconds",E,declared telemetry column (R-3),0.6070513999948162,0.6088847999926656
"telemetry.row('FIX-STARTS-DUP', 'P-02', 'dup:index145', 'grid[27]').wall_clock_seconds",E,declared telemetry column (R-3),0.2794537000008859,0.29454130004160106
"telemetry.row('FIX-STARTS-DUP', 'P-02', 'dup:index145', 'grid[28]').wall_clock_seconds",E,declared telemetry column (R-3),0.2644067000001087,0.25753349997103214
"telemetry.row('FIX-STARTS-DUP', 'P-02', 'dup:index145', 'grid[29]').wall_clock_seconds",E,declared telemetry column (R-3),0.46063519999734126,0.4797854999778792
"telemetry.row('FIX-STARTS-DUP', 'P-02', 'dup:index145', 'grid[2]').wall_clock_seconds",E,declared telemetry column (R-3),1.2368061000015587,1.272584000020288
"telemetry.row('FIX-STARTS-DUP', 'P-02', 'dup:index145', 'grid[30]').wall_clock_seconds",E,declared telemetry column (R-3),0.9183358000009321,0.9187011000467464
"telemetry.row('FIX-STARTS-DUP', 'P-02', 'dup:index145', 'grid[31]').wall_clock_seconds",E,declared telemetry column (R-3),0.5660550000029616,0.5950686000287533
"telemetry.row('FIX-STARTS-DUP', 'P-02', 'dup:index145', 'grid[32]').wall_clock_seconds",E,declared telemetry column (R-3),0.5341241000060108,0.5451522999210283
"telemetry.row('FIX-STARTS-DUP', 'P-02', 'dup:index145', 'grid[33]').wall_clock_seconds",E,declared telemetry column (R-3),0.2629346000030637,0.2727813000092283
"telemetry.row('FIX-STARTS-DUP', 'P-02', 'dup:index145', 'grid[34]').wall_clock_seconds",E,declared telemetry column (R-3),0.5856616999953985,0.577481499989517
"telemetry.row('FIX-STARTS-DUP', 'P-02', 'dup:index145', 'grid[35]').wall_clock_seconds",E,declared telemetry column (R-3),0.34561280000343686,0.369466400006786
"telemetry.row('FIX-STARTS-DUP', 'P-02', 'dup:index145', 'grid[36]').wall_clock_seconds",E,declared telemetry column (R-3),2.033960799999477,1.9655637999530882
"telemetry.row('FIX-STARTS-DUP', 'P-02', 'dup:index145', 'grid[37]').wall_clock_seconds",E,declared telemetry column (R-3),0.6734020000003511,0.7285376000218093
"telemetry.row('FIX-STARTS-DUP', 'P-02', 'dup:index145', 'grid[38]').wall_clock_seconds",E,declared telemetry column (R-3),0.8597305000002962,0.8837838000617921
"telemetry.row('FIX-STARTS-DUP', 'P-02', 'dup:index145', 'grid[39]').wall_clock_seconds",E,declared telemetry column (R-3),0.3062342000048375,0.3190560999792069
"telemetry.row('FIX-STARTS-DUP', 'P-02', 'dup:index145', 'grid[3]').wall_clock_seconds",E,declared telemetry column (R-3),0.38271079999685753,0.39477279991842806
"telemetry.row('FIX-STARTS-DUP', 'P-02', 'dup:index145', 'grid[40]').wall_clock_seconds",E,declared telemetry column (R-3),0.682539800000086,0.6105336000910029
"telemetry.row('FIX-STARTS-DUP', 'P-02', 'dup:index145', 'grid[41]').wall_clock_seconds",E,declared telemetry column (R-3),1.8268720000050962,1.903613599948585
"telemetry.row('FIX-STARTS-DUP', 'P-02', 'dup:index145', 'grid[42]').wall_clock_seconds",E,declared telemetry column (R-3),0.6998497000022326,0.7384187000570819
"telemetry.row('FIX-STARTS-DUP', 'P-02', 'dup:index145', 'grid[43]').wall_clock_seconds",E,declared telemetry column (R-3),0.5784244000024046,0.572166100027971
"telemetry.row('FIX-STARTS-DUP', 'P-02', 'dup:index145', 'grid[44]').wall_clock_seconds",E,declared telemetry column (R-3),0.5605068999939249,0.5783221999881789
"telemetry.row('FIX-STARTS-DUP', 'P-02', 'dup:index145', 'grid[45]').wall_clock_seconds",E,declared telemetry column (R-3),0.8021655000047758,0.7435853999340907
"telemetry.row('FIX-STARTS-DUP', 'P-02', 'dup:index145', 'grid[46]').wall_clock_seconds",E,declared telemetry column (R-3),0.22158950000448385,0.21347029996104538
"telemetry.row('FIX-STARTS-DUP', 'P-02', 'dup:index145', 'grid[47]').wall_clock_seconds",E,declared telemetry column (R-3),0.46441069999855245,0.4453401999780908
"telemetry.row('FIX-STARTS-DUP', 'P-02', 'dup:index145', 'grid[48]').wall_clock_seconds",E,declared telemetry column (R-3),0.6704488000032143,0.6898775999434292
"telemetry.row('FIX-STARTS-DUP', 'P-02', 'dup:index145', 'grid[49]').wall_clock_seconds",E,declared telemetry column (R-3),1.1804368000011891,1.21007999998983
"telemetry.row('FIX-STARTS-DUP', 'P-02', 'dup:index145', 'grid[4]').wall_clock_seconds",E,declared telemetry column (R-3),0.27998420000221813,0.30691280006431043
"telemetry.row('FIX-STARTS-DUP', 'P-02', 'dup:index145', 'grid[50]').wall_clock_seconds",E,declared telemetry column (R-3),0.8267887000038172,0.832035299972631
"telemetry.row('FIX-STARTS-DUP', 'P-02', 'dup:index145', 'grid[51]').wall_clock_seconds",E,declared telemetry column (R-3),0.39042519999929937,0.413959699915722
"telemetry.row('FIX-STARTS-DUP', 'P-02', 'dup:index145', 'grid[52]').wall_clock_seconds",E,declared telemetry column (R-3),0.5152640000014799,0.5650239000096917
"telemetry.row('FIX-STARTS-DUP', 'P-02', 'dup:index145', 'grid[53]').wall_clock_seconds",E,declared telemetry column (R-3),0.5000748000020394,0.4779351999750361
"telemetry.row('FIX-STARTS-DUP', 'P-02', 'dup:index145', 'grid[54]').wall_clock_seconds",E,declared telemetry column (R-3),1.0320230999932392,1.0384291999507695
"telemetry.row('FIX-STARTS-DUP', 'P-02', 'dup:index145', 'grid[55]').wall_clock_seconds",E,declared telemetry column (R-3),1.490346699996735,1.2045600999845192
"telemetry.row('FIX-STARTS-DUP', 'P-02', 'dup:index145', 'grid[56]').wall_clock_seconds",E,declared telemetry column (R-3),0.829735499995877,0.7741003000410274
"telemetry.row('FIX-STARTS-DUP', 'P-02', 'dup:index145', 'grid[57]').wall_clock_seconds",E,declared telemetry column (R-3),0.5119285000037053,0.5819888999685645
"telemetry.row('FIX-STARTS-DUP', 'P-02', 'dup:index145', 'grid[58]').wall_clock_seconds",E,declared telemetry column (R-3),0.6675950000062585,0.8152312999591231
"telemetry.row('FIX-STARTS-DUP', 'P-02', 'dup:index145', 'grid[59]').wall_clock_seconds",E,declared telemetry column (R-3),0.44158620000234805,0.41739550000056624
"telemetry.row('FIX-STARTS-DUP', 'P-02', 'dup:index145', 'grid[5]').wall_clock_seconds",E,declared telemetry column (R-3),0.6781660999986343,0.7177704999921843
"telemetry.row('FIX-STARTS-DUP', 'P-02', 'dup:index145', 'grid[60]').wall_clock_seconds",E,declared telemetry column (R-3),0.7409182000046712,0.6799677000381052
"telemetry.row('FIX-STARTS-DUP', 'P-02', 'dup:index145', 'grid[61]').wall_clock_seconds",E,declared telemetry column (R-3),2.3329310000044643,1.9512962000444531
"telemetry.row('FIX-STARTS-DUP', 'P-02', 'dup:index145', 'grid[62]').wall_clock_seconds",E,declared telemetry column (R-3),0.7862349999995786,0.7778650000691414
"telemetry.row('FIX-STARTS-DUP', 'P-02', 'dup:index145', 'grid[63]').wall_clock_seconds",E,declared telemetry column (R-3),1.0535919000030844,1.0024389999452978
"telemetry.row('FIX-STARTS-DUP', 'P-02', 'dup:index145', 'grid[64]').wall_clock_seconds",E,declared telemetry column (R-3),0.3347613000005367,0.3359816001029685
"telemetry.row('FIX-STARTS-DUP', 'P-02', 'dup:index145', 'grid[65]').wall_clock_seconds",E,declared telemetry column (R-3),0.40327959999558516,0.4274785000598058
"telemetry.row('FIX-STARTS-DUP', 'P-02', 'dup:index145', 'grid[66]').wall_clock_seconds",E,declared telemetry column (R-3),0.8057639000035124,0.824075200012885
"telemetry.row('FIX-STARTS-DUP', 'P-02', 'dup:index145', 'grid[67]').wall_clock_seconds",E,declared telemetry column (R-3),2.017729799998051,1.9378541000187397
"telemetry.row('FIX-STARTS-DUP', 'P-02', 'dup:index145', 'grid[68]').wall_clock_seconds",E,declared telemetry column (R-3),2.0513742999974056,2.073640700080432
"telemetry.row('FIX-STARTS-DUP', 'P-02', 'dup:index145', 'grid[69]').wall_clock_seconds",E,declared telemetry column (R-3),0.8690806000013254,0.8290355000644922
"telemetry.row('FIX-STARTS-DUP', 'P-02', 'dup:index145', 'grid[6]').wall_clock_seconds",E,declared telemetry column (R-3),0.4036874000012176,0.40407199994660914
"telemetry.row('FIX-STARTS-DUP', 'P-02', 'dup:index145', 'grid[70]').wall_clock_seconds",E,declared telemetry column (R-3),0.3740879999968456,0.35795340000186116
"telemetry.row('FIX-STARTS-DUP', 'P-02', 'dup:index145', 'grid[71]').wall_clock_seconds",E,declared telemetry column (R-3),0.8759442000009585,0.839059800026007
"telemetry.row('FIX-STARTS-DUP', 'P-02', 'dup:index145', 'grid[72]').wall_clock_seconds",E,declared telemetry column (R-3),0.8650848000033875,0.8421209999360144
"telemetry.row('FIX-STARTS-DUP', 'P-02', 'dup:index145', 'grid[73]').wall_clock_seconds",E,declared telemetry column (R-3),0.37662599999748636,0.36201160005293787
"telemetry.row('FIX-STARTS-DUP', 'P-02', 'dup:index145', 'grid[74]').wall_clock_seconds",E,declared telemetry column (R-3),0.798256100002618,0.9048659999389201
"telemetry.row('FIX-STARTS-DUP', 'P-02', 'dup:index145', 'grid[75]').wall_clock_seconds",E,declared telemetry column (R-3),0.861596599999757,0.9190469000022858
"telemetry.row('FIX-STARTS-DUP', 'P-02', 'dup:index145', 'grid[76]').wall_clock_seconds",E,declared telemetry column (R-3),2.0372915000043577,1.8677428000373766
"telemetry.row('FIX-STARTS-DUP', 'P-02', 'dup:index145', 'grid[77]').wall_clock_seconds",E,declared telemetry column (R-3),0.8178908999980194,0.8334250999614596
"telemetry.row('FIX-STARTS-DUP', 'P-02', 'dup:index145', 'grid[78]').wall_clock_seconds",E,declared telemetry column (R-3),0.5035404000009294,0.5027427000459284
"telemetry.row('FIX-STARTS-DUP', 'P-02', 'dup:index145', 'grid[79]').wall_clock_seconds",E,declared telemetry column (R-3),0.571706599999743,0.6241058999439701
"telemetry.row('FIX-STARTS-DUP', 'P-02', 'dup:index145', 'grid[7]').wall_clock_seconds",E,declared telemetry column (R-3),2.063138000004983,2.0900805999990553
"telemetry.row('FIX-STARTS-DUP', 'P-02', 'dup:index145', 'grid[80]').wall_clock_seconds",E,declared telemetry column (R-3),1.5153404000011506,1.4647849999601021
"telemetry.row('FIX-STARTS-DUP', 'P-02', 'dup:index145', 'grid[81]').wall_clock_seconds",E,declared telemetry column (R-3),0.4409955999944941,0.42861109995283186
"telemetry.row('FIX-STARTS-DUP', 'P-02', 'dup:index145', 'grid[82]').wall_clock_seconds",E,declared telemetry column (R-3),0.8811596000014106,0.8827269999310374
"telemetry.row('FIX-STARTS-DUP', 'P-02', 'dup:index145', 'grid[83]').wall_clock_seconds",E,declared telemetry column (R-3),0.9038807999968412,0.9172299999045208
"telemetry.row('FIX-STARTS-DUP', 'P-02', 'dup:index145', 'grid[84]').wall_clock_seconds",E,declared telemetry column (R-3),2.1513295999975526,2.0420704999705777
"telemetry.row('FIX-STARTS-DUP', 'P-02', 'dup:index145', 'grid[85]').wall_clock_seconds",E,declared telemetry column (R-3),1.622960000000603,0.9964778999565169
"telemetry.row('FIX-STARTS-DUP', 'P-02', 'dup:index145', 'grid[86]').wall_clock_seconds",E,declared telemetry column (R-3),1.0078941000028863,0.8690646999748424
"telemetry.row('FIX-STARTS-DUP', 'P-02', 'dup:index145', 'grid[87]').wall_clock_seconds",E,declared telemetry column (R-3),0.308072900006664,0.27986010001040995
"telemetry.row('FIX-STARTS-DUP', 'P-02', 'dup:index145', 'grid[88]').wall_clock_seconds",E,declared telemetry column (R-3),0.28417719999561086,0.2859747000038624
"telemetry.row('FIX-STARTS-DUP', 'P-02', 'dup:index145', 'grid[89]').wall_clock_seconds",E,declared telemetry column (R-3),1.8120319000008749,1.999636200023815
"telemetry.row('FIX-STARTS-DUP', 'P-02', 'dup:index145', 'grid[8]').wall_clock_seconds",E,declared telemetry column (R-3),0.3869487999982084,0.37617240007966757
"telemetry.row('FIX-STARTS-DUP', 'P-02', 'dup:index145', 'grid[90]').wall_clock_seconds",E,declared telemetry column (R-3),0.580306500000006,0.6790995000628754
"telemetry.row('FIX-STARTS-DUP', 'P-02', 'dup:index145', 'grid[91]').wall_clock_seconds",E,declared telemetry column (R-3),0.35516249999636784,0.3914054000051692
"telemetry.row('FIX-STARTS-DUP', 'P-02', 'dup:index145', 'grid[92]').wall_clock_seconds",E,declared telemetry column (R-3),0.24860409999382682,0.28437000000849366
"telemetry.row('FIX-STARTS-DUP', 'P-02', 'dup:index145', 'grid[93]').wall_clock_seconds",E,declared telemetry column (R-3),2.251979599997867,2.3200382000068203
"telemetry.row('FIX-STARTS-DUP', 'P-02', 'dup:index145', 'grid[94]').wall_clock_seconds",E,declared telemetry column (R-3),0.4138020000027609,0.41111590003129095
"telemetry.row('FIX-STARTS-DUP', 'P-02', 'dup:index145', 'grid[95]').wall_clock_seconds",E,declared telemetry column (R-3),0.35086369999771705,0.3494377000024542
"telemetry.row('FIX-STARTS-DUP', 'P-02', 'dup:index145', 'grid[96]').wall_clock_seconds",E,declared telemetry column (R-3),0.4640718000009656,0.4862321000546217
"telemetry.row('FIX-STARTS-DUP', 'P-02', 'dup:index145', 'grid[97]').wall_clock_seconds",E,declared telemetry column (R-3),0.4627041999992798,0.49993020005058497
"telemetry.row('FIX-STARTS-DUP', 'P-02', 'dup:index145', 'grid[98]').wall_clock_seconds",E,declared telemetry column (R-3),0.4713640999980271,0.47862970002461225
"telemetry.row('FIX-STARTS-DUP', 'P-02', 'dup:index145', 'grid[99]').wall_clock_seconds",E,declared telemetry column (R-3),0.801731400002609,0.9379656000528485
"telemetry.row('FIX-STARTS-DUP', 'P-02', 'dup:index145', 'grid[9]').wall_clock_seconds",E,declared telemetry column (R-3),1.8759428999983356,1.890922199934721
"telemetry.row('FIX-STARTS-FULL', 'P-01', 'full:P-01', 'feature').wall_clock_seconds",E,declared telemetry column (R-3),0.4733470999999554,0.5554621999617666
"telemetry.row('FIX-STARTS-FULL', 'P-01', 'full:P-01', 'grid[0]').wall_clock_seconds",E,declared telemetry column (R-3),0.6764970000003814,0.7196207999950275
"telemetry.row('FIX-STARTS-FULL', 'P-01', 'full:P-01', 'grid[100]').wall_clock_seconds",E,declared telemetry column (R-3),0.7991088999988278,0.9253051000414416
"telemetry.row('FIX-STARTS-FULL', 'P-01', 'full:P-01', 'grid[101]').wall_clock_seconds",E,declared telemetry column (R-3),0.01842239999677986,0.02377660002093762
"telemetry.row('FIX-STARTS-FULL', 'P-01', 'full:P-01', 'grid[102]').wall_clock_seconds",E,declared telemetry column (R-3),0.37981030000082683,0.4508040000218898
"telemetry.row('FIX-STARTS-FULL', 'P-01', 'full:P-01', 'grid[103]').wall_clock_seconds",E,declared telemetry column (R-3),0.5954344999991008,0.702245100052096
"telemetry.row('FIX-STARTS-FULL', 'P-01', 'full:P-01', 'grid[104]').wall_clock_seconds",E,declared telemetry column (R-3),0.5454950999992434,0.675125899957493
"telemetry.row('FIX-STARTS-FULL', 'P-01', 'full:P-01', 'grid[105]').wall_clock_seconds",E,declared telemetry column (R-3),0.16199860000051558,0.17398800002411008
"telemetry.row('FIX-STARTS-FULL', 'P-01', 'full:P-01', 'grid[106]').wall_clock_seconds",E,declared telemetry column (R-3),0.6062559000056353,0.7426889999769628
"telemetry.row('FIX-STARTS-FULL', 'P-01', 'full:P-01', 'grid[107]').wall_clock_seconds",E,declared telemetry column (R-3),0.1423002999945311,0.17530480003915727
"telemetry.row('FIX-STARTS-FULL', 'P-01', 'full:P-01', 'grid[108]').wall_clock_seconds",E,declared telemetry column (R-3),0.5243324999973993,0.7461949000135064
"telemetry.row('FIX-STARTS-FULL', 'P-01', 'full:P-01', 'grid[109]').wall_clock_seconds",E,declared telemetry column (R-3),0.6812515999990865,0.7883088999660686
"telemetry.row('FIX-STARTS-FULL', 'P-01', 'full:P-01', 'grid[10]').wall_clock_seconds",E,declared telemetry column (R-3),0.8999671999990824,1.0154009000398219
"telemetry.row('FIX-STARTS-FULL', 'P-01', 'full:P-01', 'grid[110]').wall_clock_seconds",E,declared telemetry column (R-3),0.5013572000025306,0.6019784000236541
"telemetry.row('FIX-STARTS-FULL', 'P-01', 'full:P-01', 'grid[111]').wall_clock_seconds",E,declared telemetry column (R-3),0.3274191000018618,0.3865092999767512
"telemetry.row('FIX-STARTS-FULL', 'P-01', 'full:P-01', 'grid[112]').wall_clock_seconds",E,declared telemetry column (R-3),0.6350109999984852,0.7106494000181556
"telemetry.row('FIX-STARTS-FULL', 'P-01', 'full:P-01', 'grid[113]').wall_clock_seconds",E,declared telemetry column (R-3),0.12243250000028638,0.14270500000566244
"telemetry.row('FIX-STARTS-FULL', 'P-01', 'full:P-01', 'grid[114]').wall_clock_seconds",E,declared telemetry column (R-3),0.5807789000027697,0.6897431999677792
"telemetry.row('FIX-STARTS-FULL', 'P-01', 'full:P-01', 'grid[115]').wall_clock_seconds",E,declared telemetry column (R-3),0.22244270000373945,0.2723365999991074
"telemetry.row('FIX-STARTS-FULL', 'P-01', 'full:P-01', 'grid[116]').wall_clock_seconds",E,declared telemetry column (R-3),0.42782350000197766,0.5144213999155909
"telemetry.row('FIX-STARTS-FULL', 'P-01', 'full:P-01', 'grid[117]').wall_clock_seconds",E,declared telemetry column (R-3),0.13108699999429518,0.15249769994989038
"telemetry.row('FIX-STARTS-FULL', 'P-01', 'full:P-01', 'grid[118]').wall_clock_seconds",E,declared telemetry column (R-3),0.7028829000046244,0.8238718000939116
"telemetry.row('FIX-STARTS-FULL', 'P-01', 'full:P-01', 'grid[119]').wall_clock_seconds",E,declared telemetry column (R-3),0.19354260000545764,0.22696610004641116
"telemetry.row('FIX-STARTS-FULL', 'P-01', 'full:P-01', 'grid[11]').wall_clock_seconds",E,declared telemetry column (R-3),0.13812920000054874,0.18076299992389977
"telemetry.row('FIX-STARTS-FULL', 'P-01', 'full:P-01', 'grid[120]').wall_clock_seconds",E,declared telemetry column (R-3),0.4385533000022406,0.5207525000441819
"telemetry.row('FIX-STARTS-FULL', 'P-01', 'full:P-01', 'grid[121]').wall_clock_seconds",E,declared telemetry column (R-3),0.9750230999998166,1.0916496999561787
"telemetry.row('FIX-STARTS-FULL', 'P-01', 'full:P-01', 'grid[122]').wall_clock_seconds",E,declared telemetry column (R-3),0.6182695000024978,0.7484393999911845
"telemetry.row('FIX-STARTS-FULL', 'P-01', 'full:P-01', 'grid[123]').wall_clock_seconds",E,declared telemetry column (R-3),0.4321408000032534,0.4578800000017509
"telemetry.row('FIX-STARTS-FULL', 'P-01', 'full:P-01', 'grid[124]').wall_clock_seconds",E,declared telemetry column (R-3),0.425879199996416,0.46794290002435446
"telemetry.row('FIX-STARTS-FULL', 'P-01', 'full:P-01', 'grid[125]').wall_clock_seconds",E,declared telemetry column (R-3),0.14916580000135582,0.17303370009176433
"telemetry.row('FIX-STARTS-FULL', 'P-01', 'full:P-01', 'grid[126]').wall_clock_seconds",E,declared telemetry column (R-3),0.6461683999950765,0.7569593000225723
"telemetry.row('FIX-STARTS-FULL', 'P-01', 'full:P-01', 'grid[127]').wall_clock_seconds",E,declared telemetry column (R-3),0.7450042999989819,0.832536399946548
"telemetry.row('FIX-STARTS-FULL', 'P-01', 'full:P-01', 'grid[128]').wall_clock_seconds",E,declared telemetry column (R-3),0.1824099000004935,0.18231370009016246
"telemetry.row('FIX-STARTS-FULL', 'P-01', 'full:P-01', 'grid[129]').wall_clock_seconds",E,declared telemetry column (R-3),0.8392529000047944,0.9441196999978274
"telemetry.row('FIX-STARTS-FULL', 'P-01', 'full:P-01', 'grid[12]').wall_clock_seconds",E,declared telemetry column (R-3),0.5716414999988046,0.6523908999515697
"telemetry.row('FIX-STARTS-FULL', 'P-01', 'full:P-01', 'grid[130]').wall_clock_seconds",E,declared telemetry column (R-3),0.4956718999965233,0.5997459000209346
"telemetry.row('FIX-STARTS-FULL', 'P-01', 'full:P-01', 'grid[131]').wall_clock_seconds",E,declared telemetry column (R-3),0.8378369000056409,0.9698007000843063
"telemetry.row('FIX-STARTS-FULL', 'P-01', 'full:P-01', 'grid[132]').wall_clock_seconds",E,declared telemetry column (R-3),0.4454245000015362,0.5267692999914289
"telemetry.row('FIX-STARTS-FULL', 'P-01', 'full:P-01', 'grid[133]').wall_clock_seconds",E,declared telemetry column (R-3),1.2855423000000883,1.6571053999941796
"telemetry.row('FIX-STARTS-FULL', 'P-01', 'full:P-01', 'grid[134]').wall_clock_seconds",E,declared telemetry column (R-3),0.15315240000199992,0.226302900002338
"telemetry.row('FIX-STARTS-FULL', 'P-01', 'full:P-01', 'grid[135]').wall_clock_seconds",E,declared telemetry column (R-3),0.7186696999997366,0.857428100076504
"telemetry.row('FIX-STARTS-FULL', 'P-01', 'full:P-01', 'grid[136]').wall_clock_seconds",E,declared telemetry column (R-3),0.7631240000046091,0.8666668999940157
"telemetry.row('FIX-STARTS-FULL', 'P-01', 'full:P-01', 'grid[137]').wall_clock_seconds",E,declared telemetry column (R-3),0.6540093000003253,0.7651591999456286
"telemetry.row('FIX-STARTS-FULL', 'P-01', 'full:P-01', 'grid[138]').wall_clock_seconds",E,declared telemetry column (R-3),0.4856428999992204,0.5660030000144616
"telemetry.row('FIX-STARTS-FULL', 'P-01', 'full:P-01', 'grid[139]').wall_clock_seconds",E,declared telemetry column (R-3),0.47232480000093346,0.594208599999547
"telemetry.row('FIX-STARTS-FULL', 'P-01', 'full:P-01', 'grid[13]').wall_clock_seconds",E,declared telemetry column (R-3),0.26315440000325907,0.346914800000377
"telemetry.row('FIX-STARTS-FULL', 'P-01', 'full:P-01', 'grid[140]').wall_clock_seconds",E,declared telemetry column (R-3),0.9636959999988903,1.1439435000065714
"telemetry.row('FIX-STARTS-FULL', 'P-01', 'full:P-01', 'grid[141]').wall_clock_seconds",E,declared telemetry column (R-3),0.7274528999987524,0.8704855999676511
"telemetry.row('FIX-STARTS-FULL', 'P-01', 'full:P-01', 'grid[142]').wall_clock_seconds",E,declared telemetry column (R-3),0.6217393999977503,0.7655359000200406
"telemetry.row('FIX-STARTS-FULL', 'P-01', 'full:P-01', 'grid[143]').wall_clock_seconds",E,declared telemetry column (R-3),0.8079232000018237,0.9631927999434993
"telemetry.row('FIX-STARTS-FULL', 'P-01', 'full:P-01', 'grid[144]').wall_clock_seconds",E,declared telemetry column (R-3),0.6013709000035306,0.7228341998998076
"telemetry.row('FIX-STARTS-FULL', 'P-01', 'full:P-01', 'grid[145]').wall_clock_seconds",E,declared telemetry column (R-3),0.4718715000053635,0.570984199992381
"telemetry.row('FIX-STARTS-FULL', 'P-01', 'full:P-01', 'grid[146]').wall_clock_seconds",E,declared telemetry column (R-3),0.5846012000038172,0.695372199988924
"telemetry.row('FIX-STARTS-FULL', 'P-01', 'full:P-01', 'grid[147]').wall_clock_seconds",E,declared telemetry column (R-3),0.7616861999995308,0.9128856000024825
"telemetry.row('FIX-STARTS-FULL', 'P-01', 'full:P-01', 'grid[148]').wall_clock_seconds",E,declared telemetry column (R-3),0.6552869000006467,0.7614305999595672
"telemetry.row('FIX-STARTS-FULL', 'P-01', 'full:P-01', 'grid[149]').wall_clock_seconds",E,declared telemetry column (R-3),0.9801042000035523,1.1768344999291003
"telemetry.row('FIX-STARTS-FULL', 'P-01', 'full:P-01', 'grid[14]').wall_clock_seconds",E,declared telemetry column (R-3),0.9277365999951144,1.0036027999594808
"telemetry.row('FIX-STARTS-FULL', 'P-01', 'full:P-01', 'grid[150]').wall_clock_seconds",E,declared telemetry column (R-3),0.4395012000022689,0.5374385999748483
"telemetry.row('FIX-STARTS-FULL', 'P-01', 'full:P-01', 'grid[151]').wall_clock_seconds",E,declared telemetry column (R-3),0.6060157999963849,0.7194167000707239
"telemetry.row('FIX-STARTS-FULL', 'P-01', 'full:P-01', 'grid[152]').wall_clock_seconds",E,declared telemetry column (R-3),1.4326250000012806,1.8084732999559492
"telemetry.row('FIX-STARTS-FULL', 'P-01', 'full:P-01', 'grid[153]').wall_clock_seconds",E,declared telemetry column (R-3),0.4711018999951193,0.6126114999642596
"telemetry.row('FIX-STARTS-FULL', 'P-01', 'full:P-01', 'grid[154]').wall_clock_seconds",E,declared telemetry column (R-3),0.7162943000002997,0.8268335000611842
"telemetry.row('FIX-STARTS-FULL', 'P-01', 'full:P-01', 'grid[155]').wall_clock_seconds",E,declared telemetry column (R-3),0.4442731000017375,0.5245683999964967
"telemetry.row('FIX-STARTS-FULL', 'P-01', 'full:P-01', 'grid[156]').wall_clock_seconds",E,declared telemetry column (R-3),0.5181376000036835,0.6270835000323132
"telemetry.row('FIX-STARTS-FULL', 'P-01', 'full:P-01', 'grid[157]').wall_clock_seconds",E,declared telemetry column (R-3),0.4981995999987703,0.6107203999999911
"telemetry.row('FIX-STARTS-FULL', 'P-01', 'full:P-01', 'grid[158]').wall_clock_seconds",E,declared telemetry column (R-3),0.7007930999970995,0.8276850000256673
"telemetry.row('FIX-STARTS-FULL', 'P-01', 'full:P-01', 'grid[159]').wall_clock_seconds",E,declared telemetry column (R-3),0.6992945000019972,0.839554899954237
"telemetry.row('FIX-STARTS-FULL', 'P-01', 'full:P-01', 'grid[15]').wall_clock_seconds",E,declared telemetry column (R-3),0.2104856000005384,0.22891780000645667
"telemetry.row('FIX-STARTS-FULL', 'P-01', 'full:P-01', 'grid[160]').wall_clock_seconds",E,declared telemetry column (R-3),0.6581740000037826,0.7798553000902757
"telemetry.row('FIX-STARTS-FULL', 'P-01', 'full:P-01', 'grid[161]').wall_clock_seconds",E,declared telemetry column (R-3),0.6980484999949113,0.8346168999560177
"telemetry.row('FIX-STARTS-FULL', 'P-01', 'full:P-01', 'grid[162]').wall_clock_seconds",E,declared telemetry column (R-3),0.4831090999941807,0.5919590000994503
"telemetry.row('FIX-STARTS-FULL', 'P-01', 'full:P-01', 'grid[163]').wall_clock_seconds",E,declared telemetry column (R-3),0.5841747000013129,0.6751092000631616
"telemetry.row('FIX-STARTS-FULL', 'P-01', 'full:P-01', 'grid[164]').wall_clock_seconds",E,declared telemetry column (R-3),0.3938323999973363,0.459530399995856
"telemetry.row('FIX-STARTS-FULL', 'P-01', 'full:P-01', 'grid[165]').wall_clock_seconds",E,declared telemetry column (R-3),0.4990479999978561,0.5730764999752864
"telemetry.row('FIX-STARTS-FULL', 'P-01', 'full:P-01', 'grid[166]').wall_clock_seconds",E,declared telemetry column (R-3),0.5800004999982775,0.6462320999708027
"telemetry.row('FIX-STARTS-FULL', 'P-01', 'full:P-01', 'grid[167]').wall_clock_seconds",E,declared telemetry column (R-3),0.6981649000008474,0.8259924999438226
"telemetry.row('FIX-STARTS-FULL', 'P-01', 'full:P-01', 'grid[168]').wall_clock_seconds",E,declared telemetry column (R-3),0.8854277999998885,1.0560376000357792
"telemetry.row('FIX-STARTS-FULL', 'P-01', 'full:P-01', 'grid[169]').wall_clock_seconds",E,declared telemetry column (R-3),0.5562553999989177,0.6470231999410316
"telemetry.row('FIX-STARTS-FULL', 'P-01', 'full:P-01', 'grid[16]').wall_clock_seconds",E,declared telemetry column (R-3),0.6902664000008372,0.7653318999800831
"telemetry.row('FIX-STARTS-FULL', 'P-01', 'full:P-01', 'grid[170]').wall_clock_seconds",E,declared telemetry column (R-3),0.05394890000025043,0.06016340001951903
"telemetry.row('FIX-STARTS-FULL', 'P-01', 'full:P-01', 'grid[171]').wall_clock_seconds",E,declared telemetry column (R-3),0.5356446000005235,0.5879320000531152
"telemetry.row('FIX-STARTS-FULL', 'P-01', 'full:P-01', 'grid[172]').wall_clock_seconds",E,declared telemetry column (R-3),0.46877320000203326,0.5426744000287727
"telemetry.row('FIX-STARTS-FULL', 'P-01', 'full:P-01', 'grid[173]').wall_clock_seconds",E,declared telemetry column (R-3),0.1338605000055395,0.14675549999810755
"telemetry.row('FIX-STARTS-FULL', 'P-01', 'full:P-01', 'grid[174]').wall_clock_seconds",E,declared telemetry column (R-3),0.5341026999958558,0.5692256999900565
"telemetry.row('FIX-STARTS-FULL', 'P-01', 'full:P-01', 'grid[175]').wall_clock_seconds",E,declared telemetry column (R-3),0.6022959999972954,0.6387263999786228
"telemetry.row('FIX-STARTS-FULL', 'P-01', 'full:P-01', 'grid[176]').wall_clock_seconds",E,declared telemetry column (R-3),0.6252764999953797,0.7847147999564186
"telemetry.row('FIX-STARTS-FULL', 'P-01', 'full:P-01', 'grid[177]').wall_clock_seconds",E,declared telemetry column (R-3),0.8157685000041965,1.0441412000218406
"telemetry.row('FIX-STARTS-FULL', 'P-01', 'full:P-01', 'grid[178]').wall_clock_seconds",E,declared telemetry column (R-3),0.4404136999946786,0.5281546999467537
"telemetry.row('FIX-STARTS-FULL', 'P-01', 'full:P-01', 'grid[179]').wall_clock_seconds",E,declared telemetry column (R-3),0.021234700005152263,0.023202499956823885
"telemetry.row('FIX-STARTS-FULL', 'P-01', 'full:P-01', 'grid[17]').wall_clock_seconds",E,declared telemetry column (R-3),0.1698201999970479,0.19552850001491606
"telemetry.row('FIX-STARTS-FULL', 'P-01', 'full:P-01', 'grid[180]').wall_clock_seconds",E,declared telemetry column (R-3),0.5048658000014257,0.5982357999309897
"telemetry.row('FIX-STARTS-FULL', 'P-01', 'full:P-01', 'grid[181]').wall_clock_seconds",E,declared telemetry column (R-3),0.5160692999997991,0.6217308000195771
"telemetry.row('FIX-STARTS-FULL', 'P-01', 'full:P-01', 'grid[182]').wall_clock_seconds",E,declared telemetry column (R-3),0.6777331999983289,0.7797983000054955
"telemetry.row('FIX-STARTS-FULL', 'P-01', 'full:P-01', 'grid[183]').wall_clock_seconds",E,declared telemetry column (R-3),0.4578936999969301,0.5509889000095427
"telemetry.row('FIX-STARTS-FULL', 'P-01', 'full:P-01', 'grid[184]').wall_clock_seconds",E,declared telemetry column (R-3),0.6611833999995724,0.7969344999874011
"telemetry.row('FIX-STARTS-FULL', 'P-01', 'full:P-01', 'grid[185]').wall_clock_seconds",E,declared telemetry column (R-3),1.3639960000000428,1.52567210001871
"telemetry.row('FIX-STARTS-FULL', 'P-01', 'full:P-01', 'grid[186]').wall_clock_seconds",E,declared telemetry column (R-3),0.6112703000035253,0.6904556999215856
"telemetry.row('FIX-STARTS-FULL', 'P-01', 'full:P-01', 'grid[187]').wall_clock_seconds",E,declared telemetry column (R-3),0.7612442000026931,0.8544422999257222
"telemetry.row('FIX-STARTS-FULL', 'P-01', 'full:P-01', 'grid[188]').wall_clock_seconds",E,declared telemetry column (R-3),0.019759199996769894,0.0239044000627473
"telemetry.row('FIX-STARTS-FULL', 'P-01', 'full:P-01', 'grid[189]').wall_clock_seconds",E,declared telemetry column (R-3),0.5068333000017446,0.5807217000983655
"telemetry.row('FIX-STARTS-FULL', 'P-01', 'full:P-01', 'grid[18]').wall_clock_seconds",E,declared telemetry column (R-3),0.43859879999945406,0.5055334999924526
"telemetry.row('FIX-STARTS-FULL', 'P-01', 'full:P-01', 'grid[190]').wall_clock_seconds",E,declared telemetry column (R-3),0.7436680000027991,0.8714441999327391
"telemetry.row('FIX-STARTS-FULL', 'P-01', 'full:P-01', 'grid[191]').wall_clock_seconds",E,declared telemetry column (R-3),0.7164950999940629,0.8697037999518216
"telemetry.row('FIX-STARTS-FULL', 'P-01', 'full:P-01', 'grid[192]').wall_clock_seconds",E,declared telemetry column (R-3),0.46135189999768045,0.535526999970898
"telemetry.row('FIX-STARTS-FULL', 'P-01', 'full:P-01', 'grid[193]').wall_clock_seconds",E,declared telemetry column (R-3),0.3577517000012449,0.4227276999736205
"telemetry.row('FIX-STARTS-FULL', 'P-01', 'full:P-01', 'grid[194]').wall_clock_seconds",E,declared telemetry column (R-3),0.9215859000032651,1.0790376999648288
"telemetry.row('FIX-STARTS-FULL', 'P-01', 'full:P-01', 'grid[195]').wall_clock_seconds",E,declared telemetry column (R-3),1.0013330000001588,1.160916700027883
"telemetry.row('FIX-STARTS-FULL', 'P-01', 'full:P-01', 'grid[196]').wall_clock_seconds",E,declared telemetry column (R-3),0.7150550000005751,0.8187320999568328
"telemetry.row('FIX-STARTS-FULL', 'P-01', 'full:P-01', 'grid[197]').wall_clock_seconds",E,declared telemetry column (R-3),0.018820699995558243,0.02285970002412796
"telemetry.row('FIX-STARTS-FULL', 'P-01', 'full:P-01', 'grid[198]').wall_clock_seconds",E,declared telemetry column (R-3),0.4654692999974941,0.5596112000057474
"telemetry.row('FIX-STARTS-FULL', 'P-01', 'full:P-01', 'grid[199]').wall_clock_seconds",E,declared telemetry column (R-3),0.24367599999823142,0.27039069996681064
"telemetry.row('FIX-STARTS-FULL', 'P-01', 'full:P-01', 'grid[19]').wall_clock_seconds",E,declared telemetry column (R-3),0.07496309999987716,0.08310129994060844
"telemetry.row('FIX-STARTS-FULL', 'P-01', 'full:P-01', 'grid[1]').wall_clock_seconds",E,declared telemetry column (R-3),0.21902099999715574,0.24259210005402565
"telemetry.row('FIX-STARTS-FULL', 'P-01', 'full:P-01', 'grid[200]').wall_clock_seconds",E,declared telemetry column (R-3),0.42348529999435414,0.5142706000478938
"telemetry.row('FIX-STARTS-FULL', 'P-01', 'full:P-01', 'grid[201]').wall_clock_seconds",E,declared telemetry column (R-3),0.33474139999452746,0.40210320008918643
"telemetry.row('FIX-STARTS-FULL', 'P-01', 'full:P-01', 'grid[202]').wall_clock_seconds",E,declared telemetry column (R-3),0.6067622999980813,0.8586305999197066
"telemetry.row('FIX-STARTS-FULL', 'P-01', 'full:P-01', 'grid[203]').wall_clock_seconds",E,declared telemetry column (R-3),0.1574241999987862,0.17374320002272725
"telemetry.row('FIX-STARTS-FULL', 'P-01', 'full:P-01', 'grid[204]').wall_clock_seconds",E,declared telemetry column (R-3),0.4097115999975358,0.5010575000196695
"telemetry.row('FIX-STARTS-FULL', 'P-01', 'full:P-01', 'grid[205]').wall_clock_seconds",E,declared telemetry column (R-3),0.6563047000017832,0.7928852000040933
"telemetry.row('FIX-STARTS-FULL', 'P-01', 'full:P-01', 'grid[206]').wall_clock_seconds",E,declared telemetry column (R-3),0.7061067999966326,0.842489100061357
"telemetry.row('FIX-STARTS-FULL', 'P-01', 'full:P-01', 'grid[207]').wall_clock_seconds",E,declared telemetry column (R-3),0.23592310000094585,0.28361059993039817
"telemetry.row('FIX-STARTS-FULL', 'P-01', 'full:P-01', 'grid[208]').wall_clock_seconds",E,declared telemetry column (R-3),0.9744676999980584,1.2946634000400081
"telemetry.row('FIX-STARTS-FULL', 'P-01', 'full:P-01', 'grid[209]').wall_clock_seconds",E,declared telemetry column (R-3),0.16851089999545366,0.19792800000868738
"telemetry.row('FIX-STARTS-FULL', 'P-01', 'full:P-01', 'grid[20]').wall_clock_seconds",E,declared telemetry column (R-3),0.7538309000010486,0.8540206999750808
"telemetry.row('FIX-STARTS-FULL', 'P-01', 'full:P-01', 'grid[210]').wall_clock_seconds",E,declared telemetry column (R-3),0.3993694999953732,0.4977898000506684
"telemetry.row('FIX-STARTS-FULL', 'P-01', 'full:P-01', 'grid[211]').wall_clock_seconds",E,declared telemetry column (R-3),0.6981778999979724,0.8363414000486955
"telemetry.row('FIX-STARTS-FULL', 'P-01', 'full:P-01', 'grid[212]').wall_clock_seconds",E,declared telemetry column (R-3),0.4615397999950801,0.597323700087145
"telemetry.row('FIX-STARTS-FULL', 'P-01', 'full:P-01', 'grid[213]').wall_clock_seconds",E,declared telemetry column (R-3),0.3051104999976815,0.3682297000195831
"telemetry.row('FIX-STARTS-FULL', 'P-01', 'full:P-01', 'grid[214]').wall_clock_seconds",E,declared telemetry column (R-3),0.282225599999947,0.32810659997630864
"telemetry.row('FIX-STARTS-FULL', 'P-01', 'full:P-01', 'grid[215]').wall_clock_seconds",E,declared telemetry column (R-3),0.10604730000341078,0.12054360006004572
"telemetry.row('FIX-STARTS-FULL', 'P-01', 'full:P-01', 'grid[216]').wall_clock_seconds",E,declared telemetry column (R-3),0.46898379999765893,0.5399725999450311
"telemetry.row('FIX-STARTS-FULL', 'P-01', 'full:P-01', 'grid[217]').wall_clock_seconds",E,declared telemetry column (R-3),0.5781382999994094,0.7128906000871211
"telemetry.row('FIX-STARTS-FULL', 'P-01', 'full:P-01', 'grid[218]').wall_clock_seconds",E,declared telemetry column (R-3),0.19716400000470458,0.23040490003768355
"telemetry.row('FIX-STARTS-FULL', 'P-01', 'full:P-01', 'grid[219]').wall_clock_seconds",E,declared telemetry column (R-3),0.48046700000122655,0.5703530000755563
"telemetry.row('FIX-STARTS-FULL', 'P-01', 'full:P-01', 'grid[21]').wall_clock_seconds",E,declared telemetry column (R-3),0.17753789999551373,0.19034630001988262
"telemetry.row('FIX-STARTS-FULL', 'P-01', 'full:P-01', 'grid[220]').wall_clock_seconds",E,declared telemetry column (R-3),0.19754879999527475,0.234614499961026
"telemetry.row('FIX-STARTS-FULL', 'P-01', 'full:P-01', 'grid[221]').wall_clock_seconds",E,declared telemetry column (R-3),0.286899300001096,0.3331694999942556
"telemetry.row('FIX-STARTS-FULL', 'P-01', 'full:P-01', 'grid[222]').wall_clock_seconds",E,declared telemetry column (R-3),0.5436297000051127,0.6194164999760687
"telemetry.row('FIX-STARTS-FULL', 'P-01', 'full:P-01', 'grid[223]').wall_clock_seconds",E,declared telemetry column (R-3),0.16902699999627657,0.1913158999523148
"telemetry.row('FIX-STARTS-FULL', 'P-01', 'full:P-01', 'grid[224]').wall_clock_seconds",E,declared telemetry column (R-3),0.3353123999986565,0.3704854999668896
"telemetry.row('FIX-STARTS-FULL', 'P-01', 'full:P-01', 'grid[225]').wall_clock_seconds",E,declared telemetry column (R-3),0.610906599998998,0.7005682999733835
"telemetry.row('FIX-STARTS-FULL', 'P-01', 'full:P-01', 'grid[226]').wall_clock_seconds",E,declared telemetry column (R-3),0.5610197999994853,0.6558283999329433
"telemetry.row('FIX-STARTS-FULL', 'P-01', 'full:P-01', 'grid[227]').wall_clock_seconds",E,declared telemetry column (R-3),1.0288989000036963,1.2135172999696806
"telemetry.row('FIX-STARTS-FULL', 'P-01', 'full:P-01', 'grid[228]').wall_clock_seconds",E,declared telemetry column (R-3),0.4545166999960202,0.5104102999903262
"telemetry.row('FIX-STARTS-FULL', 'P-01', 'full:P-01', 'grid[229]').wall_clock_seconds",E,declared telemetry column (R-3),0.46120800000062445,0.5606747000711039
"telemetry.row('FIX-STARTS-FULL', 'P-01', 'full:P-01', 'grid[22]').wall_clock_seconds",E,declared telemetry column (R-3),0.7832865000018501,0.7876811999594793
"telemetry.row('FIX-STARTS-FULL', 'P-01', 'full:P-01', 'grid[230]').wall_clock_seconds",E,declared telemetry column (R-3),1.072445500001777,1.4089487000601366
"telemetry.row('FIX-STARTS-FULL', 'P-01', 'full:P-01', 'grid[231]').wall_clock_seconds",E,declared telemetry column (R-3),0.45949839999957476,0.5375814000144601
"telemetry.row('FIX-STARTS-FULL', 'P-01', 'full:P-01', 'grid[232]').wall_clock_seconds",E,declared telemetry column (R-3),0.9218736000038916,1.103481899946928
"telemetry.row('FIX-STARTS-FULL', 'P-01', 'full:P-01', 'grid[233]').wall_clock_seconds",E,declared telemetry column (R-3),0.766217600001255,0.9639574999455363
"telemetry.row('FIX-STARTS-FULL', 'P-01', 'full:P-01', 'grid[234]').wall_clock_seconds",E,declared telemetry column (R-3),0.4932470999992802,0.606289199902676
"telemetry.row('FIX-STARTS-FULL', 'P-01', 'full:P-01', 'grid[235]').wall_clock_seconds",E,declared telemetry column (R-3),0.544721499994921,0.6779562999727204
"telemetry.row('FIX-STARTS-FULL', 'P-01', 'full:P-01', 'grid[236]').wall_clock_seconds",E,declared telemetry column (R-3),0.7360686999963946,0.9093442000448704
"telemetry.row('FIX-STARTS-FULL', 'P-01', 'full:P-01', 'grid[237]').wall_clock_seconds",E,declared telemetry column (R-3),0.49587289999908535,0.6142412000335753
"telemetry.row('FIX-STARTS-FULL', 'P-01', 'full:P-01', 'grid[238]').wall_clock_seconds",E,declared telemetry column (R-3),0.42599300000438234,0.5052623000228778
"telemetry.row('FIX-STARTS-FULL', 'P-01', 'full:P-01', 'grid[239]').wall_clock_seconds",E,declared telemetry column (R-3),0.9759132999970461,1.1590082999318838
"telemetry.row('FIX-STARTS-FULL', 'P-01', 'full:P-01', 'grid[23]').wall_clock_seconds",E,declared telemetry column (R-3),0.8805705000049784,0.8332906999858096
"telemetry.row('FIX-STARTS-FULL', 'P-01', 'full:P-01', 'grid[240]').wall_clock_seconds",E,declared telemetry column (R-3),0.5212448000020231,0.6250522000482306
"telemetry.row('FIX-STARTS-FULL', 'P-01', 'full:P-01', 'grid[241]').wall_clock_seconds",E,declared telemetry column (R-3),0.26268960000015795,0.32025549991521984
"telemetry.row('FIX-STARTS-FULL', 'P-01', 'full:P-01', 'grid[242]').wall_clock_seconds",E,declared telemetry column (R-3),0.8798611999955028,1.0261826999485493
"telemetry.row('FIX-STARTS-FULL', 'P-01', 'full:P-01', 'grid[243]').wall_clock_seconds",E,declared telemetry column (R-3),0.45135380000283476,0.5346971000544727
"telemetry.row('FIX-STARTS-FULL', 'P-01', 'full:P-01', 'grid[244]').wall_clock_seconds",E,declared telemetry column (R-3),0.49547500000335276,0.567951999953948
"telemetry.row('FIX-STARTS-FULL', 'P-01', 'full:P-01', 'grid[245]').wall_clock_seconds",E,declared telemetry column (R-3),0.7876069000049029,0.9207907000090927
"telemetry.row('FIX-STARTS-FULL', 'P-01', 'full:P-01', 'grid[246]').wall_clock_seconds",E,declared telemetry column (R-3),0.6320962000027066,0.7268526999978349
"telemetry.row('FIX-STARTS-FULL', 'P-01', 'full:P-01', 'grid[247]').wall_clock_seconds",E,declared telemetry column (R-3),0.6031834000023082,0.732787000015378
"telemetry.row('FIX-STARTS-FULL', 'P-01', 'full:P-01', 'grid[248]').wall_clock_seconds",E,declared telemetry column (R-3),0.48342419999971753,0.531323500094004
"telemetry.row('FIX-STARTS-FULL', 'P-01', 'full:P-01', 'grid[249]').wall_clock_seconds",E,declared telemetry column (R-3),0.7364090999981272,0.8800491000292823
"telemetry.row('FIX-STARTS-FULL', 'P-01', 'full:P-01', 'grid[24]').wall_clock_seconds",E,declared telemetry column (R-3),0.918257999997877,0.8407798999687657
"telemetry.row('FIX-STARTS-FULL', 'P-01', 'full:P-01', 'grid[250]').wall_clock_seconds",E,declared telemetry column (R-3),1.1357798999961233,1.4832740999991074
"telemetry.row('FIX-STARTS-FULL', 'P-01', 'full:P-01', 'grid[251]').wall_clock_seconds",E,declared telemetry column (R-3),1.6488737999970908,1.941015399992466
"telemetry.row('FIX-STARTS-FULL', 'P-01', 'full:P-01', 'grid[252]').wall_clock_seconds",E,declared telemetry column (R-3),0.6009192999990773,0.7199371000751853
"telemetry.row('FIX-STARTS-FULL', 'P-01', 'full:P-01', 'grid[253]').wall_clock_seconds",E,declared telemetry column (R-3),0.520933600004355,0.5874987000133842
"telemetry.row('FIX-STARTS-FULL', 'P-01', 'full:P-01', 'grid[254]').wall_clock_seconds",E,declared telemetry column (R-3),0.2569625999967684,0.316062800004147
"telemetry.row('FIX-STARTS-FULL', 'P-01', 'full:P-01', 'grid[255]').wall_clock_seconds",E,declared telemetry column (R-3),0.35820609999791486,0.4167519999900833
"telemetry.row('FIX-STARTS-FULL', 'P-01', 'full:P-01', 'grid[256]').wall_clock_seconds",E,declared telemetry column (R-3),0.5522734000041964,0.6539684999734163
"telemetry.row('FIX-STARTS-FULL', 'P-01', 'full:P-01', 'grid[257]').wall_clock_seconds",E,declared telemetry column (R-3),0.5706384000004618,0.6879151000175625
"telemetry.row('FIX-STARTS-FULL', 'P-01', 'full:P-01', 'grid[258]').wall_clock_seconds",E,declared telemetry column (R-3),0.8807529000041541,1.0352207999676466
"telemetry.row('FIX-STARTS-FULL', 'P-01', 'full:P-01', 'grid[259]').wall_clock_seconds",E,declared telemetry column (R-3),0.9086221999968984,1.0778861999278888
"telemetry.row('FIX-STARTS-FULL', 'P-01', 'full:P-01', 'grid[25]').wall_clock_seconds",E,declared telemetry column (R-3),0.268799500001478,0.24875889997929335
"telemetry.row('FIX-STARTS-FULL', 'P-01', 'full:P-01', 'grid[260]').wall_clock_seconds",E,declared telemetry column (R-3),0.018660099995031487,0.02354269998613745
"telemetry.row('FIX-STARTS-FULL', 'P-01', 'full:P-01', 'grid[261]').wall_clock_seconds",E,declared telemetry column (R-3),0.35521909999806667,0.42730989994015545
"telemetry.row('FIX-STARTS-FULL', 'P-01', 'full:P-01', 'grid[262]').wall_clock_seconds",E,declared telemetry column (R-3),0.37892379999539116,0.45319479994941503
"telemetry.row('FIX-STARTS-FULL', 'P-01', 'full:P-01', 'grid[263]').wall_clock_seconds",E,declared telemetry column (R-3),0.2887495000031777,0.33929449995048344
"telemetry.row('FIX-STARTS-FULL', 'P-01', 'full:P-01', 'grid[264]').wall_clock_seconds",E,declared telemetry column (R-3),0.3840850999986287,0.46627179998904467
"telemetry.row('FIX-STARTS-FULL', 'P-01', 'full:P-01', 'grid[265]').wall_clock_seconds",E,declared telemetry column (R-3),0.5240970999948331,0.6296648998977616
"telemetry.row('FIX-STARTS-FULL', 'P-01', 'full:P-01', 'grid[266]').wall_clock_seconds",E,declared telemetry column (R-3),0.22094420000212267,0.26455329998862
"telemetry.row('FIX-STARTS-FULL', 'P-01', 'full:P-01', 'grid[267]').wall_clock_seconds",E,declared telemetry column (R-3),1.4117374999987078,1.7190159999299794
"telemetry.row('FIX-STARTS-FULL', 'P-01', 'full:P-01', 'grid[268]').wall_clock_seconds",E,declared telemetry column (R-3),0.6854543000008562,0.8134599000914022
"telemetry.row('FIX-STARTS-FULL', 'P-01', 'full:P-01', 'grid[269]').wall_clock_seconds",E,declared telemetry column (R-3),0.019466300000203773,0.022340300027281046
"telemetry.row('FIX-STARTS-FULL', 'P-01', 'full:P-01', 'grid[26]').wall_clock_seconds",E,declared telemetry column (R-3),0.6016902999981539,0.6670324000297114
"telemetry.row('FIX-STARTS-FULL', 'P-01', 'full:P-01', 'grid[270]').wall_clock_seconds",E,declared telemetry column (R-3),0.9703026999995927,1.1417933000484481
"telemetry.row('FIX-STARTS-FULL', 'P-01', 'full:P-01', 'grid[271]').wall_clock_seconds",E,declared telemetry column (R-3),0.4549288999987766,0.5672915000468493
"telemetry.row('FIX-STARTS-FULL', 'P-01', 'full:P-01', 'grid[272]').wall_clock_seconds",E,declared telemetry column (R-3),0.7140555000005406,0.9269081000238657
"telemetry.row('FIX-STARTS-FULL', 'P-01', 'full:P-01', 'grid[273]').wall_clock_seconds",E,declared telemetry column (R-3),0.43913370000518626,0.5643267999403179
"telemetry.row('FIX-STARTS-FULL', 'P-01', 'full:P-01', 'grid[274]').wall_clock_seconds",E,declared telemetry column (R-3),0.6552869999941322,0.798918200074695
"telemetry.row('FIX-STARTS-FULL', 'P-01', 'full:P-01', 'grid[275]').wall_clock_seconds",E,declared telemetry column (R-3),0.26519890000054147,0.32292669999878854
"telemetry.row('FIX-STARTS-FULL', 'P-01', 'full:P-01', 'grid[276]').wall_clock_seconds",E,declared telemetry column (R-3),0.3647795000069891,0.4407115000067279
"telemetry.row('FIX-STARTS-FULL', 'P-01', 'full:P-01', 'grid[277]').wall_clock_seconds",E,declared telemetry column (R-3),0.6204435999970883,0.723884200095199
"telemetry.row('FIX-STARTS-FULL', 'P-01', 'full:P-01', 'grid[278]').wall_clock_seconds",E,declared telemetry column (R-3),0.01776360000076238,0.02247920003719628
"telemetry.row('FIX-STARTS-FULL', 'P-01', 'full:P-01', 'grid[279]').wall_clock_seconds",E,declared telemetry column (R-3),0.42142579999926966,0.5083389000501484
"telemetry.row('FIX-STARTS-FULL', 'P-01', 'full:P-01', 'grid[27]').wall_clock_seconds",E,declared telemetry column (R-3),0.31257539999933215,0.3465263999532908
"telemetry.row('FIX-STARTS-FULL', 'P-01', 'full:P-01', 'grid[280]').wall_clock_seconds",E,declared telemetry column (R-3),1.0152044999995269,1.1889794999733567
"telemetry.row('FIX-STARTS-FULL', 'P-01', 'full:P-01', 'grid[281]').wall_clock_seconds",E,declared telemetry column (R-3),0.861284099999466,1.0427320000017062
"telemetry.row('FIX-STARTS-FULL', 'P-01', 'full:P-01', 'grid[282]').wall_clock_seconds",E,declared telemetry column (R-3),0.4481850000011036,0.54961159999948
"telemetry.row('FIX-STARTS-FULL', 'P-01', 'full:P-01', 'grid[283]').wall_clock_seconds",E,declared telemetry column (R-3),0.5320649999994203,0.6697155000874773
"telemetry.row('FIX-STARTS-FULL', 'P-01', 'full:P-01', 'grid[284]').wall_clock_seconds",E,declared telemetry column (R-3),0.25070079999568406,0.30185879999771714
"telemetry.row('FIX-STARTS-FULL', 'P-01', 'full:P-01', 'grid[285]').wall_clock_seconds",E,declared telemetry column (R-3),0.2238803000000189,0.2655282000778243
"telemetry.row('FIX-STARTS-FULL', 'P-01', 'full:P-01', 'grid[286]').wall_clock_seconds",E,declared telemetry column (R-3),0.7436814999964554,0.8731521000154316
"telemetry.row('FIX-STARTS-FULL', 'P-01', 'full:P-01', 'grid[287]').wall_clock_seconds",E,declared telemetry column (R-3),0.01783209999848623,0.021897000027820468
"telemetry.row('FIX-STARTS-FULL', 'P-01', 'full:P-01', 'grid[288]').wall_clock_seconds",E,declared telemetry column (R-3),0.3905884999985574,0.4760839999653399
"telemetry.row('FIX-STARTS-FULL', 'P-01', 'full:P-01', 'grid[289]').wall_clock_seconds",E,declared telemetry column (R-3),0.3225412999963737,0.37838060001377016
"telemetry.row('FIX-STARTS-FULL', 'P-01', 'full:P-01', 'grid[28]').wall_clock_seconds",E,declared telemetry column (R-3),0.9309083999978611,1.0142555999336764
"telemetry.row('FIX-STARTS-FULL', 'P-01', 'full:P-01', 'grid[290]').wall_clock_seconds",E,declared telemetry column (R-3),0.6500854000041727,0.7669950000708923
"telemetry.row('FIX-STARTS-FULL', 'P-01', 'full:P-01', 'grid[291]').wall_clock_seconds",E,declared telemetry column (R-3),0.18938930000149412,0.23666300007607788
"telemetry.row('FIX-STARTS-FULL', 'P-01', 'full:P-01', 'grid[292]').wall_clock_seconds",E,declared telemetry column (R-3),0.7877538000029745,0.9427544999634847
"telemetry.row('FIX-STARTS-FULL', 'P-01', 'full:P-01', 'grid[293]').wall_clock_seconds",E,declared telemetry column (R-3),0.18761500000255182,0.2227701999945566
"telemetry.row('FIX-STARTS-FULL', 'P-01', 'full:P-01', 'grid[294]').wall_clock_seconds",E,declared telemetry column (R-3),0.40814449999743374,0.49520360003225505
"telemetry.row('FIX-STARTS-FULL', 'P-01', 'full:P-01', 'grid[295]').wall_clock_seconds",E,declared telemetry column (R-3),0.20044780000171158,0.23559089994523674
"telemetry.row('FIX-STARTS-FULL', 'P-01', 'full:P-01', 'grid[296]').wall_clock_seconds",E,declared telemetry column (R-3),0.551227399999334,0.6814780000131577
"telemetry.row('FIX-STARTS-FULL', 'P-01', 'full:P-01', 'grid[297]').wall_clock_seconds",E,declared telemetry column (R-3),0.5242451999947662,0.6294617999810725
"telemetry.row('FIX-STARTS-FULL', 'P-01', 'full:P-01', 'grid[298]').wall_clock_seconds",E,declared telemetry column (R-3),1.0759882999991532,1.28053380001802
"telemetry.row('FIX-STARTS-FULL', 'P-01', 'full:P-01', 'grid[299]').wall_clock_seconds",E,declared telemetry column (R-3),0.592812100003357,0.7494911000831053
"telemetry.row('FIX-STARTS-FULL', 'P-01', 'full:P-01', 'grid[29]').wall_clock_seconds",E,declared telemetry column (R-3),0.9372794999944745,1.09371960000135
"telemetry.row('FIX-STARTS-FULL', 'P-01', 'full:P-01', 'grid[2]').wall_clock_seconds",E,declared telemetry column (R-3),0.5083729000034509,0.5358920999569818
"telemetry.row('FIX-STARTS-FULL', 'P-01', 'full:P-01', 'grid[300]').wall_clock_seconds",E,declared telemetry column (R-3),0.4192992999960552,0.6458249000133947
"telemetry.row('FIX-STARTS-FULL', 'P-01', 'full:P-01', 'grid[301]').wall_clock_seconds",E,declared telemetry column (R-3),0.33369840000523254,0.39938670000992715
"telemetry.row('FIX-STARTS-FULL', 'P-01', 'full:P-01', 'grid[302]').wall_clock_seconds",E,declared telemetry column (R-3),0.20374669999728212,0.2434638999402523
"telemetry.row('FIX-STARTS-FULL', 'P-01', 'full:P-01', 'grid[303]').wall_clock_seconds",E,declared telemetry column (R-3),0.4864661999963573,0.5694662000751123
"telemetry.row('FIX-STARTS-FULL', 'P-01', 'full:P-01', 'grid[304]').wall_clock_seconds",E,declared telemetry column (R-3),0.9747636000029161,1.1704379000002518
"telemetry.row('FIX-STARTS-FULL', 'P-01', 'full:P-01', 'grid[305]').wall_clock_seconds",E,declared telemetry column (R-3),0.30615969999780646,0.3566380999982357
"telemetry.row('FIX-STARTS-FULL', 'P-01', 'full:P-01', 'grid[306]').wall_clock_seconds",E,declared telemetry column (R-3),0.5137474999937695,0.6174038000172004
"telemetry.row('FIX-STARTS-FULL', 'P-01', 'full:P-01', 'grid[307]').wall_clock_seconds",E,declared telemetry column (R-3),0.15826950000337092,0.18211309995967895
"telemetry.row('FIX-STARTS-FULL', 'P-01', 'full:P-01', 'grid[308]').wall_clock_seconds",E,declared telemetry column (R-3),0.17393920000176877,0.2151050999527797
"telemetry.row('FIX-STARTS-FULL', 'P-01', 'full:P-01', 'grid[309]').wall_clock_seconds",E,declared telemetry column (R-3),0.42418439999892144,0.4880574999842793
"telemetry.row('FIX-STARTS-FULL', 'P-01', 'full:P-01', 'grid[30]').wall_clock_seconds",E,declared telemetry column (R-3),0.5704681999995955,0.6775040000211447
"telemetry.row('FIX-STARTS-FULL', 'P-01', 'full:P-01', 'grid[310]').wall_clock_seconds",E,declared telemetry column (R-3),0.5320119000025443,0.6047278000041842
"telemetry.row('FIX-STARTS-FULL', 'P-01', 'full:P-01', 'grid[311]').wall_clock_seconds",E,declared telemetry column (R-3),0.9504876999999397,1.108580800006166
"telemetry.row('FIX-STARTS-FULL', 'P-01', 'full:P-01', 'grid[312]').wall_clock_seconds",E,declared telemetry column (R-3),0.5935497000027681,0.6840711000841111
"telemetry.row('FIX-STARTS-FULL', 'P-01', 'full:P-01', 'grid[313]').wall_clock_seconds",E,declared telemetry column (R-3),0.5249430000039865,0.6019332999130711
"telemetry.row('FIX-STARTS-FULL', 'P-01', 'full:P-01', 'grid[314]').wall_clock_seconds",E,declared telemetry column (R-3),0.9433379999973113,1.1181366000091657
"telemetry.row('FIX-STARTS-FULL', 'P-01', 'full:P-01', 'grid[315]').wall_clock_seconds",E,declared telemetry column (R-3),0.6889741999984835,0.7944213999435306
"telemetry.row('FIX-STARTS-FULL', 'P-01', 'full:P-01', 'grid[316]').wall_clock_seconds",E,declared telemetry column (R-3),1.0002539999986766,1.1954542000312358
"telemetry.row('FIX-STARTS-FULL', 'P-01', 'full:P-01', 'grid[317]').wall_clock_seconds",E,declared telemetry column (R-3),1.318301999999676,1.4687473000958562
"telemetry.row('FIX-STARTS-FULL', 'P-01', 'full:P-01', 'grid[318]').wall_clock_seconds",E,declared telemetry column (R-3),0.4564057999959914,0.5005551000358537
"telemetry.row('FIX-STARTS-FULL', 'P-01', 'full:P-01', 'grid[319]').wall_clock_seconds",E,declared telemetry column (R-3),0.49414680000336375,0.5943965000333264
"telemetry.row('FIX-STARTS-FULL', 'P-01', 'full:P-01', 'grid[31]').wall_clock_seconds",E,declared telemetry column (R-3),0.434097200006363,0.47732369997538626
"telemetry.row('FIX-STARTS-FULL', 'P-01', 'full:P-01', 'grid[320]').wall_clock_seconds",E,declared telemetry column (R-3),0.7901200000051176,0.8880862999940291
"telemetry.row('FIX-STARTS-FULL', 'P-01', 'full:P-01', 'grid[321]').wall_clock_seconds",E,declared telemetry column (R-3),0.6296986999950605,0.7595283000264317
"telemetry.row('FIX-STARTS-FULL', 'P-01', 'full:P-01', 'grid[322]').wall_clock_seconds",E,declared telemetry column (R-3),0.6048976999954903,0.7704072999767959
"telemetry.row('FIX-STARTS-FULL', 'P-01', 'full:P-01', 'grid[323]').wall_clock_seconds",E,declared telemetry column (R-3),1.4454334000038216,1.7990573999704793
"telemetry.row('FIX-STARTS-FULL', 'P-01', 'full:P-01', 'grid[324]').wall_clock_seconds",E,declared telemetry column (R-3),0.28249589999904856,0.3367107999511063
"telemetry.row('FIX-STARTS-FULL', 'P-01', 'full:P-01', 'grid[325]').wall_clock_seconds",E,declared telemetry column (R-3),0.5912299999981769,0.7010707999579608
"telemetry.row('FIX-STARTS-FULL', 'P-01', 'full:P-01', 'grid[326]').wall_clock_seconds",E,declared telemetry column (R-3),0.9681287999992492,1.1379847000353038
"telemetry.row('FIX-STARTS-FULL', 'P-01', 'full:P-01', 'grid[327]').wall_clock_seconds",E,declared telemetry column (R-3),0.6542082000014489,0.7601209999993443
"telemetry.row('FIX-STARTS-FULL', 'P-01', 'full:P-01', 'grid[328]').wall_clock_seconds",E,declared telemetry column (R-3),0.5514911999998731,0.619047399959527
"telemetry.row('FIX-STARTS-FULL', 'P-01', 'full:P-01', 'grid[329]').wall_clock_seconds",E,declared telemetry column (R-3),0.8043035000009695,0.9090622999938205
"telemetry.row('FIX-STARTS-FULL', 'P-01', 'full:P-01', 'grid[32]').wall_clock_seconds",E,declared telemetry column (R-3),0.22735439999814844,0.20297769992612302
"telemetry.row('FIX-STARTS-FULL', 'P-01', 'full:P-01', 'grid[330]').wall_clock_seconds",E,declared telemetry column (R-3),0.5119570999959251,0.5219081999966875
"telemetry.row('FIX-STARTS-FULL', 'P-01', 'full:P-01', 'grid[331]').wall_clock_seconds",E,declared telemetry column (R-3),0.5083754000006593,0.567640500026755
"telemetry.row('FIX-STARTS-FULL', 'P-01', 'full:P-01', 'grid[332]').wall_clock_seconds",E,declared telemetry column (R-3),0.9598168000011356,1.0292814000276849
"telemetry.row('FIX-STARTS-FULL', 'P-01', 'full:P-01', 'grid[333]').wall_clock_seconds",E,declared telemetry column (R-3),0.721955799999705,0.8255580000113696
"telemetry.row('FIX-STARTS-FULL', 'P-01', 'full:P-01', 'grid[334]').wall_clock_seconds",E,declared telemetry column (R-3),0.7118223999932525,0.8292753000278026
"telemetry.row('FIX-STARTS-FULL', 'P-01', 'full:P-01', 'grid[335]').wall_clock_seconds",E,declared telemetry column (R-3),1.5045524000015575,1.6727723000803962
"telemetry.row('FIX-STARTS-FULL', 'P-01', 'full:P-01', 'grid[336]').wall_clock_seconds",E,declared telemetry column (R-3),0.43583460000081686,0.5109714000718668
"telemetry.row('FIX-STARTS-FULL', 'P-01', 'full:P-01', 'grid[337]').wall_clock_seconds",E,declared telemetry column (R-3),0.5366069999945466,0.6163173000095412
"telemetry.row('FIX-STARTS-FULL', 'P-01', 'full:P-01', 'grid[338]').wall_clock_seconds",E,declared telemetry column (R-3),0.782685300000594,0.8883229999337345
"telemetry.row('FIX-STARTS-FULL', 'P-01', 'full:P-01', 'grid[339]').wall_clock_seconds",E,declared telemetry column (R-3),0.4461033999978099,0.515390699962154
"telemetry.row('FIX-STARTS-FULL', 'P-01', 'full:P-01', 'grid[33]').wall_clock_seconds",E,declared telemetry column (R-3),0.9927052999992156,0.9309167999308556
"telemetry.row('FIX-STARTS-FULL', 'P-01', 'full:P-01', 'grid[340]').wall_clock_seconds",E,declared telemetry column (R-3),0.5825181000036537,0.685358599992469
"telemetry.row('FIX-STARTS-FULL', 'P-01', 'full:P-01', 'grid[341]').wall_clock_seconds",E,declared telemetry column (R-3),0.6644350999995368,0.7661364999366924
"telemetry.row('FIX-STARTS-FULL', 'P-01', 'full:P-01', 'grid[342]').wall_clock_seconds",E,declared telemetry column (R-3),0.9120546999984072,1.0646206999663264
"telemetry.row('FIX-STARTS-FULL', 'P-01', 'full:P-01', 'grid[343]').wall_clock_seconds",E,declared telemetry column (R-3),0.31474470000102883,0.3514885000186041
"telemetry.row('FIX-STARTS-FULL', 'P-01', 'full:P-01', 'grid[344]').wall_clock_seconds",E,declared telemetry column (R-3),0.02073029999883147,0.02324779995251447
"telemetry.row('FIX-STARTS-FULL', 'P-01', 'full:P-01', 'grid[345]').wall_clock_seconds",E,declared telemetry column (R-3),0.5406961999979103,0.6229144999524578
"telemetry.row('FIX-STARTS-FULL', 'P-01', 'full:P-01', 'grid[346]').wall_clock_seconds",E,declared telemetry column (R-3),0.4781356000021333,0.5869547000620514
"telemetry.row('FIX-STARTS-FULL', 'P-01', 'full:P-01', 'grid[347]').wall_clock_seconds",E,declared telemetry column (R-3),0.6235654000047361,0.7299884000094607
"telemetry.row('FIX-STARTS-FULL', 'P-01', 'full:P-01', 'grid[348]').wall_clock_seconds",E,declared telemetry column (R-3),0.47610659999918425,0.5645853000460193
"telemetry.row('FIX-STARTS-FULL', 'P-01', 'full:P-01', 'grid[349]').wall_clock_seconds",E,declared telemetry column (R-3),0.562061899996479,0.6666193000273779
"telemetry.row('FIX-STARTS-FULL', 'P-01', 'full:P-01', 'grid[34]').wall_clock_seconds",E,declared telemetry column (R-3),0.26742550000199117,0.3096025000559166
"telemetry.row('FIX-STARTS-FULL', 'P-01', 'full:P-01', 'grid[350]').wall_clock_seconds",E,declared telemetry column (R-3),0.9545488000003388,1.1515300000319257
"telemetry.row('FIX-STARTS-FULL', 'P-01', 'full:P-01', 'grid[351]').wall_clock_seconds",E,declared telemetry column (R-3),0.6900230000028387,0.8155830000760034
"telemetry.row('FIX-STARTS-FULL', 'P-01', 'full:P-01', 'grid[352]').wall_clock_seconds",E,declared telemetry column (R-3),0.33358210000005784,0.40187010006047785
"telemetry.row('FIX-STARTS-FULL', 'P-01', 'full:P-01', 'grid[353]').wall_clock_seconds",E,declared telemetry column (R-3),0.018679100001463667,0.024176000035367906
"telemetry.row('FIX-STARTS-FULL', 'P-01', 'full:P-01', 'grid[354]').wall_clock_seconds",E,declared telemetry column (R-3),0.4409610000002431,0.5268604999873787
"telemetry.row('FIX-STARTS-FULL', 'P-01', 'full:P-01', 'grid[355]').wall_clock_seconds",E,declared telemetry column (R-3),0.4621194000064861,0.5555477000307292
"telemetry.row('FIX-STARTS-FULL', 'P-01', 'full:P-01', 'grid[356]').wall_clock_seconds",E,declared telemetry column (R-3),0.7648792999971192,0.8859697000589222
"telemetry.row('FIX-STARTS-FULL', 'P-01', 'full:P-01', 'grid[357]').wall_clock_seconds",E,declared telemetry column (R-3),0.6029735999982222,0.6918765000300482
"telemetry.row('FIX-STARTS-FULL', 'P-01', 'full:P-01', 'grid[358]').wall_clock_seconds",E,declared telemetry column (R-3),0.5237391000046046,0.6295363999670371
"telemetry.row('FIX-STARTS-FULL', 'P-01', 'full:P-01', 'grid[359]').wall_clock_seconds",E,declared telemetry column (R-3),0.5881077000012738,0.6974198999814689
"telemetry.row('FIX-STARTS-FULL', 'P-01', 'full:P-01', 'grid[35]').wall_clock_seconds",E,declared telemetry column (R-3),0.14984739999636076,0.17547140002716333
"telemetry.row('FIX-STARTS-FULL', 'P-01', 'full:P-01', 'grid[360]').wall_clock_seconds",E,declared telemetry column (R-3),0.2666224999993574,0.29842100001405925
"telemetry.row('FIX-STARTS-FULL', 'P-01', 'full:P-01', 'grid[361]').wall_clock_seconds",E,declared telemetry column (R-3),0.5800689000025159,0.6681990000652149
"telemetry.row('FIX-STARTS-FULL', 'P-01', 'full:P-01', 'grid[362]').wall_clock_seconds",E,declared telemetry column (R-3),0.062034499998844694,0.0720181999495253
"telemetry.row('FIX-STARTS-FULL', 'P-01', 'full:P-01', 'grid[363]').wall_clock_seconds",E,declared telemetry column (R-3),0.4842713000034564,0.5529578999849036
"telemetry.row('FIX-STARTS-FULL', 'P-01', 'full:P-01', 'grid[364]').wall_clock_seconds",E,declared telemetry column (R-3),0.5906962999943062,0.691289099981077
"telemetry.row('FIX-STARTS-FULL', 'P-01', 'full:P-01', 'grid[365]').wall_clock_seconds",E,declared telemetry column (R-3),0.49717889999737963,0.5716392999747768
"telemetry.row('FIX-STARTS-FULL', 'P-01', 'full:P-01', 'grid[366]').wall_clock_seconds",E,declared telemetry column (R-3),0.5726884000032442,0.6714393000584096
"telemetry.row('FIX-STARTS-FULL', 'P-01', 'full:P-01', 'grid[367]').wall_clock_seconds",E,declared telemetry column (R-3),0.6224314999999478,0.7557287999661639
"telemetry.row('FIX-STARTS-FULL', 'P-01', 'full:P-01', 'grid[368]').wall_clock_seconds",E,declared telemetry column (R-3),0.9607928000041284,1.400998199940659
"telemetry.row('FIX-STARTS-FULL', 'P-01', 'full:P-01', 'grid[369]').wall_clock_seconds",E,declared telemetry column (R-3),0.4676021999985096,0.5426922000478953
"telemetry.row('FIX-STARTS-FULL', 'P-01', 'full:P-01', 'grid[36]').wall_clock_seconds",E,declared telemetry column (R-3),0.8277469000022393,0.8468495999695733
"telemetry.row('FIX-STARTS-FULL', 'P-01', 'full:P-01', 'grid[370]').wall_clock_seconds",E,declared telemetry column (R-3),0.9912007000020822,1.2073287999955937
"telemetry.row('FIX-STARTS-FULL', 'P-01', 'full:P-01', 'grid[371]').wall_clock_seconds",E,declared telemetry column (R-3),0.603629599994747,0.7195386000676081
"telemetry.row('FIX-STARTS-FULL', 'P-01', 'full:P-01', 'grid[372]').wall_clock_seconds",E,declared telemetry column (R-3),0.35797029999957886,0.43838840001262724
"telemetry.row('FIX-STARTS-FULL', 'P-01', 'full:P-01', 'grid[373]').wall_clock_seconds",E,declared telemetry column (R-3),1.3540909000003012,1.6147439000196755
"telemetry.row('FIX-STARTS-FULL', 'P-01', 'full:P-01', 'grid[374]').wall_clock_seconds",E,declared telemetry column (R-3),0.4275634000005084,0.5085856999503449
"telemetry.row('FIX-STARTS-FULL', 'P-01', 'full:P-01', 'grid[375]').wall_clock_seconds",E,declared telemetry column (R-3),0.5960663000005297,0.7082150001078844
"telemetry.row('FIX-STARTS-FULL', 'P-01', 'full:P-01', 'grid[376]').wall_clock_seconds",E,declared telemetry column (R-3),0.632182900000771,0.7575211999937892
"telemetry.row('FIX-STARTS-FULL', 'P-01', 'full:P-01', 'grid[377]').wall_clock_seconds",E,declared telemetry column (R-3),0.44191460000001825,0.525605299975723
"telemetry.row('FIX-STARTS-FULL', 'P-01', 'full:P-01', 'grid[378]').wall_clock_seconds",E,declared telemetry column (R-3),0.2644566000017221,0.3055343000451103
"telemetry.row('FIX-STARTS-FULL', 'P-01', 'full:P-01', 'grid[379]').wall_clock_seconds",E,declared telemetry column (R-3),0.49669720000383677,0.5754496000008658
"telemetry.row('FIX-STARTS-FULL', 'P-01', 'full:P-01', 'grid[37]').wall_clock_seconds",E,declared telemetry column (R-3),0.8632222000014735,0.9491571999387816
"telemetry.row('FIX-STARTS-FULL', 'P-01', 'full:P-01', 'grid[380]').wall_clock_seconds",E,declared telemetry column (R-3),0.4458215000049677,0.5362533999141306
"telemetry.row('FIX-STARTS-FULL', 'P-01', 'full:P-01', 'grid[381]').wall_clock_seconds",E,declared telemetry column (R-3),0.27304690000164555,0.3217484999913722
"telemetry.row('FIX-STARTS-FULL', 'P-01', 'full:P-01', 'grid[382]').wall_clock_seconds",E,declared telemetry column (R-3),0.6159805999996024,0.6714048000285402
"telemetry.row('FIX-STARTS-FULL', 'P-01', 'full:P-01', 'grid[383]').wall_clock_seconds",E,declared telemetry column (R-3),0.2901731999954791,0.2989283000351861
"telemetry.row('FIX-STARTS-FULL', 'P-01', 'full:P-01', 'grid[384]').wall_clock_seconds",E,declared telemetry column (R-3),0.2002649999994901,0.2251188000664115
"telemetry.row('FIX-STARTS-FULL', 'P-01', 'full:P-01', 'grid[385]').wall_clock_seconds",E,declared telemetry column (R-3),0.543663700002071,0.638533900026232
"telemetry.row('FIX-STARTS-FULL', 'P-01', 'full:P-01', 'grid[386]').wall_clock_seconds",E,declared telemetry column (R-3),0.979084700004023,1.1816082999575883
"telemetry.row('FIX-STARTS-FULL', 'P-01', 'full:P-01', 'grid[387]').wall_clock_seconds",E,declared telemetry column (R-3),0.3695452000029036,0.4330508999992162
"telemetry.row('FIX-STARTS-FULL', 'P-01', 'full:P-01', 'grid[388]').wall_clock_seconds",E,declared telemetry column (R-3),0.6842166000060388,0.8250540000153705
"telemetry.row('FIX-STARTS-FULL', 'P-01', 'full:P-01', 'grid[389]').wall_clock_seconds",E,declared telemetry column (R-3),0.4486713000005693,0.5484763999702409
"telemetry.row('FIX-STARTS-FULL', 'P-01', 'full:P-01', 'grid[38]').wall_clock_seconds",E,declared telemetry column (R-3),0.17000629999529338,0.19218200002796948
"telemetry.row('FIX-STARTS-FULL', 'P-01', 'full:P-01', 'grid[390]').wall_clock_seconds",E,declared telemetry column (R-3),1.1168806999994558,1.3729860000312328
"telemetry.row('FIX-STARTS-FULL', 'P-01', 'full:P-01', 'grid[391]').wall_clock_seconds",E,declared telemetry column (R-3),0.5468429000029573,0.8048860999988392
"telemetry.row('FIX-STARTS-FULL', 'P-01', 'full:P-01', 'grid[392]').wall_clock_seconds",E,declared telemetry column (R-3),0.47366360000160057,0.5812139000045136
"telemetry.row('FIX-STARTS-FULL', 'P-01', 'full:P-01', 'grid[393]').wall_clock_seconds",E,declared telemetry column (R-3),0.5581652999971993,0.6658338999841362
"telemetry.row('FIX-STARTS-FULL', 'P-01', 'full:P-01', 'grid[394]').wall_clock_seconds",E,declared telemetry column (R-3),0.6580201000033412,0.7614909000694752
"telemetry.row('FIX-STARTS-FULL', 'P-01', 'full:P-01', 'grid[395]').wall_clock_seconds",E,declared telemetry column (R-3),0.612550600002578,0.7261258999351412
"telemetry.row('FIX-STARTS-FULL', 'P-01', 'full:P-01', 'grid[396]').wall_clock_seconds",E,declared telemetry column (R-3),0.7467461000051117,0.8495611000107601
"telemetry.row('FIX-STARTS-FULL', 'P-01', 'full:P-01', 'grid[397]').wall_clock_seconds",E,declared telemetry column (R-3),0.33553589999792166,0.38307660003192723
"telemetry.row('FIX-STARTS-FULL', 'P-01', 'full:P-01', 'grid[398]').wall_clock_seconds",E,declared telemetry column (R-3),0.4620338999957312,0.5368773000082001
"telemetry.row('FIX-STARTS-FULL', 'P-01', 'full:P-01', 'grid[399]').wall_clock_seconds",E,declared telemetry column (R-3),0.5169081999993068,0.5997143000131473
"telemetry.row('FIX-STARTS-FULL', 'P-01', 'full:P-01', 'grid[39]').wall_clock_seconds",E,declared telemetry column (R-3),0.5762978999991901,0.7522542999358848
"telemetry.row('FIX-STARTS-FULL', 'P-01', 'full:P-01', 'grid[3]').wall_clock_seconds",E,declared telemetry column (R-3),0.29411629999958677,0.3360897999955341
"telemetry.row('FIX-STARTS-FULL', 'P-01', 'full:P-01', 'grid[400]').wall_clock_seconds",E,declared telemetry column (R-3),0.49873950000619516,0.5455379999475554
"telemetry.row('FIX-STARTS-FULL', 'P-01', 'full:P-01', 'grid[401]').wall_clock_seconds",E,declared telemetry column (R-3),0.40017619999707676,0.44580720004159957
"telemetry.row('FIX-STARTS-FULL', 'P-01', 'full:P-01', 'grid[402]').wall_clock_seconds",E,declared telemetry column (R-3),0.8997814999966067,0.9989021000219509
"telemetry.row('FIX-STARTS-FULL', 'P-01', 'full:P-01', 'grid[403]').wall_clock_seconds",E,declared telemetry column (R-3),0.7164422999994713,0.8269902999745682
"telemetry.row('FIX-STARTS-FULL', 'P-01', 'full:P-01', 'grid[404]').wall_clock_seconds",E,declared telemetry column (R-3),0.5301554999969085,0.6011018001008779
"telemetry.row('FIX-STARTS-FULL', 'P-01', 'full:P-01', 'grid[405]').wall_clock_seconds",E,declared telemetry column (R-3),0.6548398000013549,0.7372345000039786
"telemetry.row('FIX-STARTS-FULL', 'P-01', 'full:P-01', 'grid[406]').wall_clock_seconds",E,declared telemetry column (R-3),0.44773809999605874,0.5140266000526026
"telemetry.row('FIX-STARTS-FULL', 'P-01', 'full:P-01', 'grid[407]').wall_clock_seconds",E,declared telemetry column (R-3),0.4684032000004663,0.5139362000627443
"telemetry.row('FIX-STARTS-FULL', 'P-01', 'full:P-01', 'grid[408]').wall_clock_seconds",E,declared telemetry column (R-3),0.6793608000007225,0.786770400009118
"telemetry.row('FIX-STARTS-FULL', 'P-01', 'full:P-01', 'grid[409]').wall_clock_seconds",E,declared telemetry column (R-3),0.6586234999995213,0.7419924000278115
"telemetry.row('FIX-STARTS-FULL', 'P-01', 'full:P-01', 'grid[40]').wall_clock_seconds",E,declared telemetry column (R-3),0.509816600002523,0.6608611999545246
"telemetry.row('FIX-STARTS-FULL', 'P-01', 'full:P-01', 'grid[410]').wall_clock_seconds",E,declared telemetry column (R-3),0.4946669999990263,0.5234360999893397
"telemetry.row('FIX-STARTS-FULL', 'P-01', 'full:P-01', 'grid[411]').wall_clock_seconds",E,declared telemetry column (R-3),0.6417637999984436,0.7256550999591127
"telemetry.row('FIX-STARTS-FULL', 'P-01', 'full:P-01', 'grid[412]').wall_clock_seconds",E,declared telemetry column (R-3),0.6203154000031645,0.6827739001018927
"telemetry.row('FIX-STARTS-FULL', 'P-01', 'full:P-01', 'grid[413]').wall_clock_seconds",E,declared telemetry column (R-3),0.7555535999999847,0.9482381000416353
"telemetry.row('FIX-STARTS-FULL', 'P-01', 'full:P-01', 'grid[414]').wall_clock_seconds",E,declared telemetry column (R-3),0.9880151999968803,1.2818540000589564
"telemetry.row('FIX-STARTS-FULL', 'P-01', 'full:P-01', 'grid[415]').wall_clock_seconds",E,declared telemetry column (R-3),0.4218505999961053,0.46995569998398423
"telemetry.row('FIX-STARTS-FULL', 'P-01', 'full:P-01', 'grid[416]').wall_clock_seconds",E,declared telemetry column (R-3),0.720887199997378,0.7358490999322385
"telemetry.row('FIX-STARTS-FULL', 'P-01', 'full:P-01', 'grid[417]').wall_clock_seconds",E,declared telemetry column (R-3),0.4441722000046866,0.4398545000003651
"telemetry.row('FIX-STARTS-FULL', 'P-01', 'full:P-01', 'grid[418]').wall_clock_seconds",E,declared telemetry column (R-3),0.5395575000002282,0.5776978000067174
"telemetry.row('FIX-STARTS-FULL', 'P-01', 'full:P-01', 'grid[419]').wall_clock_seconds",E,declared telemetry column (R-3),0.5107458000056795,0.6076939000049606
"telemetry.row('FIX-STARTS-FULL', 'P-01', 'full:P-01', 'grid[41]').wall_clock_seconds",E,declared telemetry column (R-3),0.6745346000025165,0.7791220999788493
"telemetry.row('FIX-STARTS-FULL', 'P-01', 'full:P-01', 'grid[420]').wall_clock_seconds",E,declared telemetry column (R-3),0.31674219999695197,0.369542200001888
"telemetry.row('FIX-STARTS-FULL', 'P-01', 'full:P-01', 'grid[421]').wall_clock_seconds",E,declared telemetry column (R-3),0.5346756000071764,0.6301784999668598
"telemetry.row('FIX-STARTS-FULL', 'P-01', 'full:P-01', 'grid[422]').wall_clock_seconds",E,declared telemetry column (R-3),0.6668936999994912,0.7722550999606028
"telemetry.row('FIX-STARTS-FULL', 'P-01', 'full:P-01', 'grid[423]').wall_clock_seconds",E,declared telemetry column (R-3),1.508316699997522,1.7122498999815434
"telemetry.row('FIX-STARTS-FULL', 'P-01', 'full:P-01', 'grid[424]').wall_clock_seconds",E,declared telemetry column (R-3),0.3513139999995474,0.4074607000220567
"telemetry.row('FIX-STARTS-FULL', 'P-01', 'full:P-01', 'grid[425]').wall_clock_seconds",E,declared telemetry column (R-3),0.5565753999981098,0.6269301000284031
"telemetry.row('FIX-STARTS-FULL', 'P-01', 'full:P-01', 'grid[426]').wall_clock_seconds",E,declared telemetry column (R-3),0.6375545999981114,0.6810694000450894
"telemetry.row('FIX-STARTS-FULL', 'P-01', 'full:P-01', 'grid[427]').wall_clock_seconds",E,declared telemetry column (R-3),0.5231598999962443,0.5775607000105083
"telemetry.row('FIX-STARTS-FULL', 'P-01', 'full:P-01', 'grid[428]').wall_clock_seconds",E,declared telemetry column (R-3),0.4377396999989287,0.5139735999982804
"telemetry.row('FIX-STARTS-FULL', 'P-01', 'full:P-01', 'grid[429]').wall_clock_seconds",E,declared telemetry column (R-3),0.5044502000018838,0.5528284999309108
"telemetry.row('FIX-STARTS-FULL', 'P-01', 'full:P-01', 'grid[42]').wall_clock_seconds",E,declared telemetry column (R-3),0.7659532999969088,0.8335437000496313
"telemetry.row('FIX-STARTS-FULL', 'P-01', 'full:P-01', 'grid[430]').wall_clock_seconds",E,declared telemetry column (R-3),0.3275623999943491,0.35292640002444386
"telemetry.row('FIX-STARTS-FULL', 'P-01', 'full:P-01', 'grid[431]').wall_clock_seconds",E,declared telemetry column (R-3),0.8020009999963804,0.9102350999601185
"telemetry.row('FIX-STARTS-FULL', 'P-01', 'full:P-01', 'grid[432]').wall_clock_seconds",E,declared telemetry column (R-3),0.6345154999944498,0.7666777000995353
"telemetry.row('FIX-STARTS-FULL', 'P-01', 'full:P-01', 'grid[433]').wall_clock_seconds",E,declared telemetry column (R-3),0.35080569999990985,0.41891050001140684
"telemetry.row('FIX-STARTS-FULL', 'P-01', 'full:P-01', 'grid[434]').wall_clock_seconds",E,declared telemetry column (R-3),0.6343650000053458,0.7228351000230759
"telemetry.row('FIX-STARTS-FULL', 'P-01', 'full:P-01', 'grid[435]').wall_clock_seconds",E,declared telemetry column (R-3),1.24227719999908,1.4977218999993056
"telemetry.row('FIX-STARTS-FULL', 'P-01', 'full:P-01', 'grid[436]').wall_clock_seconds",E,declared telemetry column (R-3),0.44424309999885736,0.569926300086081
"telemetry.row('FIX-STARTS-FULL', 'P-01', 'full:P-01', 'grid[437]').wall_clock_seconds",E,declared telemetry column (R-3),0.742745699993975,0.9662723999936134
"telemetry.row('FIX-STARTS-FULL', 'P-01', 'full:P-01', 'grid[438]').wall_clock_seconds",E,declared telemetry column (R-3),0.7434888999996474,0.8487777000991628
"telemetry.row('FIX-STARTS-FULL', 'P-01', 'full:P-01', 'grid[439]').wall_clock_seconds",E,declared telemetry column (R-3),0.49387909999495605,0.550616699969396
"telemetry.row('FIX-STARTS-FULL', 'P-01', 'full:P-01', 'grid[43]').wall_clock_seconds",E,declared telemetry column (R-3),0.5448006000005989,0.6342533999122679
"telemetry.row('FIX-STARTS-FULL', 'P-01', 'full:P-01', 'grid[440]').wall_clock_seconds",E,declared telemetry column (R-3),0.8511712000035914,0.9972291000885889
"telemetry.row('FIX-STARTS-FULL', 'P-01', 'full:P-01', 'grid[441]').wall_clock_seconds",E,declared telemetry column (R-3),0.8923302000039257,1.0408738000551239
"telemetry.row('FIX-STARTS-FULL', 'P-01', 'full:P-01', 'grid[442]').wall_clock_seconds",E,declared telemetry column (R-3),0.7936908999981824,0.8178483999799937
"telemetry.row('FIX-STARTS-FULL', 'P-01', 'full:P-01', 'grid[443]').wall_clock_seconds",E,declared telemetry column (R-3),0.7231451000043307,0.7877367000328377
"telemetry.row('FIX-STARTS-FULL', 'P-01', 'full:P-01', 'grid[444]').wall_clock_seconds",E,declared telemetry column (R-3),0.6261990999992122,0.7408334000501782
"telemetry.row('FIX-STARTS-FULL', 'P-01', 'full:P-01', 'grid[445]').wall_clock_seconds",E,declared telemetry column (R-3),0.954499699997541,0.9497786000138149
"telemetry.row('FIX-STARTS-FULL', 'P-01', 'full:P-01', 'grid[446]').wall_clock_seconds",E,declared telemetry column (R-3),0.49943830000120215,0.5538658000295982
"telemetry.row('FIX-STARTS-FULL', 'P-01', 'full:P-01', 'grid[447]').wall_clock_seconds",E,declared telemetry column (R-3),0.34968629999639234,0.37309199990704656
"telemetry.row('FIX-STARTS-FULL', 'P-01', 'full:P-01', 'grid[448]').wall_clock_seconds",E,declared telemetry column (R-3),0.8138794999977108,0.9575098999775946
"telemetry.row('FIX-STARTS-FULL', 'P-01', 'full:P-01', 'grid[449]').wall_clock_seconds",E,declared telemetry column (R-3),0.7553619000027538,0.9075683000264689
"telemetry.row('FIX-STARTS-FULL', 'P-01', 'full:P-01', 'grid[44]').wall_clock_seconds",E,declared telemetry column (R-3),0.9089294000004884,0.9976165000116453
"telemetry.row('FIX-STARTS-FULL', 'P-01', 'full:P-01', 'grid[450]').wall_clock_seconds",E,declared telemetry column (R-3),0.8508770000044024,0.9967242999700829
"telemetry.row('FIX-STARTS-FULL', 'P-01', 'full:P-01', 'grid[451]').wall_clock_seconds",E,declared telemetry column (R-3),0.4801168999983929,0.5780063000274822
"telemetry.row('FIX-STARTS-FULL', 'P-01', 'full:P-01', 'grid[452]').wall_clock_seconds",E,declared telemetry column (R-3),0.5221775000027264,0.5990078001050279
"telemetry.row('FIX-STARTS-FULL', 'P-01', 'full:P-01', 'grid[453]').wall_clock_seconds",E,declared telemetry column (R-3),0.22365220000210684,0.28013590001501143
"telemetry.row('FIX-STARTS-FULL', 'P-01', 'full:P-01', 'grid[454]').wall_clock_seconds",E,declared telemetry column (R-3),0.4056175000005169,0.48778670001775026
"telemetry.row('FIX-STARTS-FULL', 'P-01', 'full:P-01', 'grid[455]').wall_clock_seconds",E,declared telemetry column (R-3),0.5050174000061816,0.5876444999594241
"telemetry.row('FIX-STARTS-FULL', 'P-01', 'full:P-01', 'grid[456]').wall_clock_seconds",E,declared telemetry column (R-3),0.7033405999973183,0.855266600032337
"telemetry.row('FIX-STARTS-FULL', 'P-01', 'full:P-01', 'grid[457]').wall_clock_seconds",E,declared telemetry column (R-3),0.6450881999990088,0.7630056999623775
"telemetry.row('FIX-STARTS-FULL', 'P-01', 'full:P-01', 'grid[458]').wall_clock_seconds",E,declared telemetry column (R-3),0.7108994000009261,1.0424888000125065
"telemetry.row('FIX-STARTS-FULL', 'P-01', 'full:P-01', 'grid[459]').wall_clock_seconds",E,declared telemetry column (R-3),0.7453679000027478,0.8850863999687135
"telemetry.row('FIX-STARTS-FULL', 'P-01', 'full:P-01', 'grid[45]').wall_clock_seconds",E,declared telemetry column (R-3),0.6762684999994235,0.7376177000114694
"telemetry.row('FIX-STARTS-FULL', 'P-01', 'full:P-01', 'grid[460]').wall_clock_seconds",E,declared telemetry column (R-3),0.3225581999940914,0.38548729999456555
"telemetry.row('FIX-STARTS-FULL', 'P-01', 'full:P-01', 'grid[461]').wall_clock_seconds",E,declared telemetry column (R-3),0.5333352999950876,0.5792924999259412
"telemetry.row('FIX-STARTS-FULL', 'P-01', 'full:P-01', 'grid[462]').wall_clock_seconds",E,declared telemetry column (R-3),0.39266219999990426,0.4632499000290409
"telemetry.row('FIX-STARTS-FULL', 'P-01', 'full:P-01', 'grid[463]').wall_clock_seconds",E,declared telemetry column (R-3),0.5613229000009596,0.6731812000507489
"telemetry.row('FIX-STARTS-FULL', 'P-01', 'full:P-01', 'grid[464]').wall_clock_seconds",E,declared telemetry column (R-3),0.4849354999969364,0.5536392000503838
"telemetry.row('FIX-STARTS-FULL', 'P-01', 'full:P-01', 'grid[465]').wall_clock_seconds",E,declared telemetry column (R-3),0.33390229999349685,0.3939681000774726
"telemetry.row('FIX-STARTS-FULL', 'P-01', 'full:P-01', 'grid[466]').wall_clock_seconds",E,declared telemetry column (R-3),0.5779382000037003,0.6858925999840721
"telemetry.row('FIX-STARTS-FULL', 'P-01', 'full:P-01', 'grid[467]').wall_clock_seconds",E,declared telemetry column (R-3),0.4833574000003864,0.653476000064984
"telemetry.row('FIX-STARTS-FULL', 'P-01', 'full:P-01', 'grid[468]').wall_clock_seconds",E,declared telemetry column (R-3),1.46050579999428,1.7726554999826476
"telemetry.row('FIX-STARTS-FULL', 'P-01', 'full:P-01', 'grid[469]').wall_clock_seconds",E,declared telemetry column (R-3),0.4787501000027987,0.5883051001001149
"telemetry.row('FIX-STARTS-FULL', 'P-01', 'full:P-01', 'grid[46]').wall_clock_seconds",E,declared telemetry column (R-3),0.6589881999971112,0.7211407999275252
"telemetry.row('FIX-STARTS-FULL', 'P-01', 'full:P-01', 'grid[470]').wall_clock_seconds",E,declared telemetry column (R-3),0.4805253999948036,0.5683875000104308
"telemetry.row('FIX-STARTS-FULL', 'P-01', 'full:P-01', 'grid[471]').wall_clock_seconds",E,declared telemetry column (R-3),0.6656574000007822,0.7894761000061408
"telemetry.row('FIX-STARTS-FULL', 'P-01', 'full:P-01', 'grid[472]').wall_clock_seconds",E,declared telemetry column (R-3),0.3718942999985302,0.4435502999695018
"telemetry.row('FIX-STARTS-FULL', 'P-01', 'full:P-01', 'grid[473]').wall_clock_seconds",E,declared telemetry column (R-3),0.3403961000003619,0.4126492999494076
"telemetry.row('FIX-STARTS-FULL', 'P-01', 'full:P-01', 'grid[474]').wall_clock_seconds",E,declared telemetry column (R-3),0.6789072999963537,0.7839561000000685
"telemetry.row('FIX-STARTS-FULL', 'P-01', 'full:P-01', 'grid[475]').wall_clock_seconds",E,declared telemetry column (R-3),0.7977650000029826,0.9168528000591323
"telemetry.row('FIX-STARTS-FULL', 'P-01', 'full:P-01', 'grid[476]').wall_clock_seconds",E,declared telemetry column (R-3),0.8088726999994833,0.9490579999983311
"telemetry.row('FIX-STARTS-FULL', 'P-01', 'full:P-01', 'grid[477]').wall_clock_seconds",E,declared telemetry column (R-3),0.9107320000039181,0.9832635000348091
"telemetry.row('FIX-STARTS-FULL', 'P-01', 'full:P-01', 'grid[478]').wall_clock_seconds",E,declared telemetry column (R-3),0.415578899999673,0.45778010005597025
"telemetry.row('FIX-STARTS-FULL', 'P-01', 'full:P-01', 'grid[479]').wall_clock_seconds",E,declared telemetry column (R-3),0.6632626999999047,0.8183418000116944
"telemetry.row('FIX-STARTS-FULL', 'P-01', 'full:P-01', 'grid[47]').wall_clock_seconds",E,declared telemetry column (R-3),0.7504018000036012,0.8408870999701321
"telemetry.row('FIX-STARTS-FULL', 'P-01', 'full:P-01', 'grid[480]').wall_clock_seconds",E,declared telemetry column (R-3),0.6890906999979052,0.9211450000293553
"telemetry.row('FIX-STARTS-FULL', 'P-01', 'full:P-01', 'grid[481]').wall_clock_seconds",E,declared telemetry column (R-3),0.694969600001059,0.8244795000646263
"telemetry.row('FIX-STARTS-FULL', 'P-01', 'full:P-01', 'grid[482]').wall_clock_seconds",E,declared telemetry column (R-3),0.48413179999624845,0.4861675000283867
"telemetry.row('FIX-STARTS-FULL', 'P-01', 'full:P-01', 'grid[483]').wall_clock_seconds",E,declared telemetry column (R-3),0.6322185999961221,0.7285354000050575
"telemetry.row('FIX-STARTS-FULL', 'P-01', 'full:P-01', 'grid[484]').wall_clock_seconds",E,declared telemetry column (R-3),0.5643047999983537,0.6664365000324324
"telemetry.row('FIX-STARTS-FULL', 'P-01', 'full:P-01', 'grid[485]').wall_clock_seconds",E,declared telemetry column (R-3),0.833429199999955,0.7684743999270722
"telemetry.row('FIX-STARTS-FULL', 'P-01', 'full:P-01', 'grid[486]').wall_clock_seconds",E,declared telemetry column (R-3),0.9995880999995279,0.6245232000946999
"telemetry.row('FIX-STARTS-FULL', 'P-01', 'full:P-01', 'grid[487]').wall_clock_seconds",E,declared telemetry column (R-3),1.3197374999945168,0.5632326999912038
"telemetry.row('FIX-STARTS-FULL', 'P-01', 'full:P-01', 'grid[488]').wall_clock_seconds",E,declared telemetry column (R-3),0.7701627999995253,0.6532119000330567
"telemetry.row('FIX-STARTS-FULL', 'P-01', 'full:P-01', 'grid[489]').wall_clock_seconds",E,declared telemetry column (R-3),0.88393619999988,0.7868866000790149
"telemetry.row('FIX-STARTS-FULL', 'P-01', 'full:P-01', 'grid[48]').wall_clock_seconds",E,declared telemetry column (R-3),0.44493320000037784,0.5066230000229552
"telemetry.row('FIX-STARTS-FULL', 'P-01', 'full:P-01', 'grid[490]').wall_clock_seconds",E,declared telemetry column (R-3),0.699572999998054,0.6182092999806628
"telemetry.row('FIX-STARTS-FULL', 'P-01', 'full:P-01', 'grid[491]').wall_clock_seconds",E,declared telemetry column (R-3),0.5331368000042858,0.5748760999413207
"telemetry.row('FIX-STARTS-FULL', 'P-01', 'full:P-01', 'grid[492]').wall_clock_seconds",E,declared telemetry column (R-3),0.7297519999992801,0.2935300999088213
"telemetry.row('FIX-STARTS-FULL', 'P-01', 'full:P-01', 'grid[493]').wall_clock_seconds",E,declared telemetry column (R-3),0.7217607000056887,0.753014300018549
"telemetry.row('FIX-STARTS-FULL', 'P-01', 'full:P-01', 'grid[494]').wall_clock_seconds",E,declared telemetry column (R-3),0.8176418000002741,0.7061399000231177
"telemetry.row('FIX-STARTS-FULL', 'P-01', 'full:P-01', 'grid[495]').wall_clock_seconds",E,declared telemetry column (R-3),1.643432999997458,1.6919229000341147
"telemetry.row('FIX-STARTS-FULL', 'P-01', 'full:P-01', 'grid[496]').wall_clock_seconds",E,declared telemetry column (R-3),0.4877628000031109,0.5352445999160409
"telemetry.row('FIX-STARTS-FULL', 'P-01', 'full:P-01', 'grid[497]').wall_clock_seconds",E,declared telemetry column (R-3),0.6331706999990274,0.6198692000471056
"telemetry.row('FIX-STARTS-FULL', 'P-01', 'full:P-01', 'grid[498]').wall_clock_seconds",E,declared telemetry column (R-3),1.1679978000029223,1.1926527000032365
"telemetry.row('FIX-STARTS-FULL', 'P-01', 'full:P-01', 'grid[499]').wall_clock_seconds",E,declared telemetry column (R-3),0.6326984999977867,0.6734226000262424
"telemetry.row('FIX-STARTS-FULL', 'P-01', 'full:P-01', 'grid[49]').wall_clock_seconds",E,declared telemetry column (R-3),0.507183099995018,0.5579205999383703
"telemetry.row('FIX-STARTS-FULL', 'P-01', 'full:P-01', 'grid[4]').wall_clock_seconds",E,declared telemetry column (R-3),0.4350627000021632,0.4700497000012547
"telemetry.row('FIX-STARTS-FULL', 'P-01', 'full:P-01', 'grid[500]').wall_clock_seconds",E,declared telemetry column (R-3),0.7316042000020389,0.7242398998932913
"telemetry.row('FIX-STARTS-FULL', 'P-01', 'full:P-01', 'grid[501]').wall_clock_seconds",E,declared telemetry column (R-3),0.744834200006153,0.9201428999658674
"telemetry.row('FIX-STARTS-FULL', 'P-01', 'full:P-01', 'grid[502]').wall_clock_seconds",E,declared telemetry column (R-3),1.044803500000853,1.086428500013426
"telemetry.row('FIX-STARTS-FULL', 'P-01', 'full:P-01', 'grid[503]').wall_clock_seconds",E,declared telemetry column (R-3),1.1824968000000808,1.0928440999705344
"telemetry.row('FIX-STARTS-FULL', 'P-01', 'full:P-01', 'grid[504]').wall_clock_seconds",E,declared telemetry column (R-3),1.1166109000041615,0.7394958999939263
"telemetry.row('FIX-STARTS-FULL', 'P-01', 'full:P-01', 'grid[505]').wall_clock_seconds",E,declared telemetry column (R-3),0.5322465999997803,0.5152752998983487
"telemetry.row('FIX-STARTS-FULL', 'P-01', 'full:P-01', 'grid[506]').wall_clock_seconds",E,declared telemetry column (R-3),0.8425378000029013,0.7652535999659449
"telemetry.row('FIX-STARTS-FULL', 'P-01', 'full:P-01', 'grid[507]').wall_clock_seconds",E,declared telemetry column (R-3),1.0026080999959959,0.7526668000500649
"telemetry.row('FIX-STARTS-FULL', 'P-01', 'full:P-01', 'grid[508]').wall_clock_seconds",E,declared telemetry column (R-3),0.8534604999949806,0.6418705000542104
"telemetry.row('FIX-STARTS-FULL', 'P-01', 'full:P-01', 'grid[509]').wall_clock_seconds",E,declared telemetry column (R-3),0.5805974000031711,0.6018381000030786
"telemetry.row('FIX-STARTS-FULL', 'P-01', 'full:P-01', 'grid[50]').wall_clock_seconds",E,declared telemetry column (R-3),1.0407342000034987,1.139730399940163
"telemetry.row('FIX-STARTS-FULL', 'P-01', 'full:P-01', 'grid[510]').wall_clock_seconds",E,declared telemetry column (R-3),0.6748628999994253,0.7085281000472605
"telemetry.row('FIX-STARTS-FULL', 'P-01', 'full:P-01', 'grid[511]').wall_clock_seconds",E,declared telemetry column (R-3),0.7288126999992528,0.7832838000031188
"telemetry.row('FIX-STARTS-FULL', 'P-01', 'full:P-01', 'grid[512]').wall_clock_seconds",E,declared telemetry column (R-3),0.8731109000000288,0.8336463000159711
"telemetry.row('FIX-STARTS-FULL', 'P-01', 'full:P-01', 'grid[513]').wall_clock_seconds",E,declared telemetry column (R-3),1.2435790000017732,0.7697526999982074
"telemetry.row('FIX-STARTS-FULL', 'P-01', 'full:P-01', 'grid[514]').wall_clock_seconds",E,declared telemetry column (R-3),0.7619790999960969,0.622073300066404
"telemetry.row('FIX-STARTS-FULL', 'P-01', 'full:P-01', 'grid[515]').wall_clock_seconds",E,declared telemetry column (R-3),0.9584439999962342,1.0557089999783784
"telemetry.row('FIX-STARTS-FULL', 'P-01', 'full:P-01', 'grid[516]').wall_clock_seconds",E,declared telemetry column (R-3),0.8856038999947486,0.9447559000691399
"telemetry.row('FIX-STARTS-FULL', 'P-01', 'full:P-01', 'grid[517]').wall_clock_seconds",E,declared telemetry column (R-3),0.5477286000023014,0.6213582000928
"telemetry.row('FIX-STARTS-FULL', 'P-01', 'full:P-01', 'grid[518]').wall_clock_seconds",E,declared telemetry column (R-3),0.4691882999977679,0.6473465000744909
"telemetry.row('FIX-STARTS-FULL', 'P-01', 'full:P-01', 'grid[519]').wall_clock_seconds",E,declared telemetry column (R-3),0.6999489000008907,1.1418553000548854
"telemetry.row('FIX-STARTS-FULL', 'P-01', 'full:P-01', 'grid[51]').wall_clock_seconds",E,declared telemetry column (R-3),0.7456349999993108,0.8512086999835446
"telemetry.row('FIX-STARTS-FULL', 'P-01', 'full:P-01', 'grid[520]').wall_clock_seconds",E,declared telemetry column (R-3),0.8617805000030785,1.279605400050059
"telemetry.row('FIX-STARTS-FULL', 'P-01', 'full:P-01', 'grid[521]').wall_clock_seconds",E,declared telemetry column (R-3),0.7794002999944496,0.910853200010024
"telemetry.row('FIX-STARTS-FULL', 'P-01', 'full:P-01', 'grid[522]').wall_clock_seconds",E,declared telemetry column (R-3),0.670666899997741,0.649717399966903
"telemetry.row('FIX-STARTS-FULL', 'P-01', 'full:P-01', 'grid[523]').wall_clock_seconds",E,declared telemetry column (R-3),0.5976368000046932,0.5615385000128299
"telemetry.row('FIX-STARTS-FULL', 'P-01', 'full:P-01', 'grid[524]').wall_clock_seconds",E,declared telemetry column (R-3),0.7013980000047013,0.6730335000902414
"telemetry.row('FIX-STARTS-FULL', 'P-01', 'full:P-01', 'grid[525]').wall_clock_seconds",E,declared telemetry column (R-3),1.0426249000011012,1.227223900030367
"telemetry.row('FIX-STARTS-FULL', 'P-01', 'full:P-01', 'grid[526]').wall_clock_seconds",E,declared telemetry column (R-3),0.37963729999319185,0.4761567999375984
"telemetry.row('FIX-STARTS-FULL', 'P-01', 'full:P-01', 'grid[527]').wall_clock_seconds",E,declared telemetry column (R-3),0.44763659999443917,0.5576727000297979
"telemetry.row('FIX-STARTS-FULL', 'P-01', 'full:P-01', 'grid[528]').wall_clock_seconds",E,declared telemetry column (R-3),0.6959169999972801,0.9337911000475287
"telemetry.row('FIX-STARTS-FULL', 'P-01', 'full:P-01', 'grid[529]').wall_clock_seconds",E,declared telemetry column (R-3),1.066591700000572,1.3601946000708267
"telemetry.row('FIX-STARTS-FULL', 'P-01', 'full:P-01', 'grid[52]').wall_clock_seconds",E,declared telemetry column (R-3),0.686977500001376,0.7685412999708205
"telemetry.row('FIX-STARTS-FULL', 'P-01', 'full:P-01', 'grid[530]').wall_clock_seconds",E,declared telemetry column (R-3),0.7179466000015964,0.912622099975124
"telemetry.row('FIX-STARTS-FULL', 'P-01', 'full:P-01', 'grid[531]').wall_clock_seconds",E,declared telemetry column (R-3),0.678933600000164,0.8812458000611514
"telemetry.row('FIX-STARTS-FULL', 'P-01', 'full:P-01', 'grid[532]').wall_clock_seconds",E,declared telemetry column (R-3),0.5069054999985383,0.6299650999717414
"telemetry.row('FIX-STARTS-FULL', 'P-01', 'full:P-01', 'grid[533]').wall_clock_seconds",E,declared telemetry column (R-3),0.7300685000009253,0.849274400039576
"telemetry.row('FIX-STARTS-FULL', 'P-01', 'full:P-01', 'grid[534]').wall_clock_seconds",E,declared telemetry column (R-3),0.7390343000006396,0.7785971000557765
"telemetry.row('FIX-STARTS-FULL', 'P-01', 'full:P-01', 'grid[535]').wall_clock_seconds",E,declared telemetry column (R-3),0.5303306999994675,0.6194661000045016
"telemetry.row('FIX-STARTS-FULL', 'P-01', 'full:P-01', 'grid[536]').wall_clock_seconds",E,declared telemetry column (R-3),0.44977729999664007,0.5383048000512645
"telemetry.row('FIX-STARTS-FULL', 'P-01', 'full:P-01', 'grid[537]').wall_clock_seconds",E,declared telemetry column (R-3),0.6168908999970881,0.7445427000056952
"telemetry.row('FIX-STARTS-FULL', 'P-01', 'full:P-01', 'grid[538]').wall_clock_seconds",E,declared telemetry column (R-3),0.8574436999988393,1.0198782000225037
"telemetry.row('FIX-STARTS-FULL', 'P-01', 'full:P-01', 'grid[539]').wall_clock_seconds",E,declared telemetry column (R-3),0.587035399999877,0.7149191000498831
"telemetry.row('FIX-STARTS-FULL', 'P-01', 'full:P-01', 'grid[53]').wall_clock_seconds",E,declared telemetry column (R-3),1.0047132999970927,1.1434851000085473
"telemetry.row('FIX-STARTS-FULL', 'P-01', 'full:P-01', 'grid[540]').wall_clock_seconds",E,declared telemetry column (R-3),0.9361511999959475,1.32290330005344
"telemetry.row('FIX-STARTS-FULL', 'P-01', 'full:P-01', 'grid[541]').wall_clock_seconds",E,declared telemetry column (R-3),0.4363722999987658,0.5283870999701321
"telemetry.row('FIX-STARTS-FULL', 'P-01', 'full:P-01', 'grid[542]').wall_clock_seconds",E,declared telemetry column (R-3),0.4943870999995852,0.5987120000645518
"telemetry.row('FIX-STARTS-FULL', 'P-01', 'full:P-01', 'grid[543]').wall_clock_seconds",E,declared telemetry column (R-3),0.9330829000027734,1.1378078000852838
"telemetry.row('FIX-STARTS-FULL', 'P-01', 'full:P-01', 'grid[544]').wall_clock_seconds",E,declared telemetry column (R-3),0.736260100005893,0.6110785999335349
"telemetry.row('FIX-STARTS-FULL', 'P-01', 'full:P-01', 'grid[545]').wall_clock_seconds",E,declared telemetry column (R-3),0.579884899998433,0.6982293999753892
"telemetry.row('FIX-STARTS-FULL', 'P-01', 'full:P-01', 'grid[546]').wall_clock_seconds",E,declared telemetry column (R-3),0.6097049999953015,0.7445948999375105
"telemetry.row('FIX-STARTS-FULL', 'P-01', 'full:P-01', 'grid[547]').wall_clock_seconds",E,declared telemetry column (R-3),0.744457799999509,0.8833945000078529
"telemetry.row('FIX-STARTS-FULL', 'P-01', 'full:P-01', 'grid[548]').wall_clock_seconds",E,declared telemetry column (R-3),0.5547395999965374,0.6656096000224352
"telemetry.row('FIX-STARTS-FULL', 'P-01', 'full:P-01', 'grid[549]').wall_clock_seconds",E,declared telemetry column (R-3),1.4251420000000508,1.6874500999692827
"telemetry.row('FIX-STARTS-FULL', 'P-01', 'full:P-01', 'grid[54]').wall_clock_seconds",E,declared telemetry column (R-3),0.7067195999989053,0.8120989999733865
"telemetry.row('FIX-STARTS-FULL', 'P-01', 'full:P-01', 'grid[550]').wall_clock_seconds",E,declared telemetry column (R-3),0.40760149999550777,0.4836529000895098
"telemetry.row('FIX-STARTS-FULL', 'P-01', 'full:P-01', 'grid[551]').wall_clock_seconds",E,declared telemetry column (R-3),0.539218299993081,0.6543652999680489
"telemetry.row('FIX-STARTS-FULL', 'P-01', 'full:P-01', 'grid[552]').wall_clock_seconds",E,declared telemetry column (R-3),0.9497524999969755,1.1290022999746725
"telemetry.row('FIX-STARTS-FULL', 'P-01', 'full:P-01', 'grid[553]').wall_clock_seconds",E,declared telemetry column (R-3),0.5439898999975412,0.6225771999452263
"telemetry.row('FIX-STARTS-FULL', 'P-01', 'full:P-01', 'grid[554]').wall_clock_seconds",E,declared telemetry column (R-3),0.5018146000002162,0.5428636000724509
"telemetry.row('FIX-STARTS-FULL', 'P-01', 'full:P-01', 'grid[555]').wall_clock_seconds",E,declared telemetry column (R-3),0.6047820999956457,0.6873096999479458
"telemetry.row('FIX-STARTS-FULL', 'P-01', 'full:P-01', 'grid[556]').wall_clock_seconds",E,declared telemetry column (R-3),0.8287116999999853,0.9371899000834674
"telemetry.row('FIX-STARTS-FULL', 'P-01', 'full:P-01', 'grid[557]').wall_clock_seconds",E,declared telemetry column (R-3),1.1865500999992946,1.2925430999603122
"telemetry.row('FIX-STARTS-FULL', 'P-01', 'full:P-01', 'grid[558]').wall_clock_seconds",E,declared telemetry column (R-3),0.6552074999999604,0.8328413999406621
"telemetry.row('FIX-STARTS-FULL', 'P-01', 'full:P-01', 'grid[559]').wall_clock_seconds",E,declared telemetry column (R-3),0.4426149999999325,0.5802659000037238
"telemetry.row('FIX-STARTS-FULL', 'P-01', 'full:P-01', 'grid[55]').wall_clock_seconds",E,declared telemetry column (R-3),0.4119972999978927,0.4599762000143528
"telemetry.row('FIX-STARTS-FULL', 'P-01', 'full:P-01', 'grid[560]').wall_clock_seconds",E,declared telemetry column (R-3),0.45483039999817265,0.5341848999960348
"telemetry.row('FIX-STARTS-FULL', 'P-01', 'full:P-01', 'grid[561]').wall_clock_seconds",E,declared telemetry column (R-3),0.8168462999965413,0.9420970999635756
"telemetry.row('FIX-STARTS-FULL', 'P-01', 'full:P-01', 'grid[562]').wall_clock_seconds",E,declared telemetry column (R-3),0.45497639999666717,0.5477027000160888
"telemetry.row('FIX-STARTS-FULL', 'P-01', 'full:P-01', 'grid[563]').wall_clock_seconds",E,declared telemetry column (R-3),0.6138420999996015,0.7139744000742212
"telemetry.row('FIX-STARTS-FULL', 'P-01', 'full:P-01', 'grid[564]').wall_clock_seconds",E,declared telemetry column (R-3),0.7102708000020357,0.8308480000123382
"telemetry.row('FIX-STARTS-FULL', 'P-01', 'full:P-01', 'grid[565]').wall_clock_seconds",E,declared telemetry column (R-3),0.8335303000058047,0.911126899998635
"telemetry.row('FIX-STARTS-FULL', 'P-01', 'full:P-01', 'grid[566]').wall_clock_seconds",E,declared telemetry column (R-3),0.6472741000034148,0.5602957000955939
"telemetry.row('FIX-STARTS-FULL', 'P-01', 'full:P-01', 'grid[567]').wall_clock_seconds",E,declared telemetry column (R-3),1.4579023999976926,1.6901636000256985
"telemetry.row('FIX-STARTS-FULL', 'P-01', 'full:P-01', 'grid[568]').wall_clock_seconds",E,declared telemetry column (R-3),0.5758805000004941,0.7050894999410957
"telemetry.row('FIX-STARTS-FULL', 'P-01', 'full:P-01', 'grid[569]').wall_clock_seconds",E,declared telemetry column (R-3),0.5374364999952377,0.6697246000403538
"telemetry.row('FIX-STARTS-FULL', 'P-01', 'full:P-01', 'grid[56]').wall_clock_seconds",E,declared telemetry column (R-3),0.8558749000003445,0.9546460999408737
"telemetry.row('FIX-STARTS-FULL', 'P-01', 'full:P-01', 'grid[570]').wall_clock_seconds",E,declared telemetry column (R-3),0.7445630000001984,0.9060950999846682
"telemetry.row('FIX-STARTS-FULL', 'P-01', 'full:P-01', 'grid[571]').wall_clock_seconds",E,declared telemetry column (R-3),0.5192371000011917,0.6223558000056073
"telemetry.row('FIX-STARTS-FULL', 'P-01', 'full:P-01', 'grid[572]').wall_clock_seconds",E,declared telemetry column (R-3),0.9420348999992711,1.0436213000211865
"telemetry.row('FIX-STARTS-FULL', 'P-01', 'full:P-01', 'grid[573]').wall_clock_seconds",E,declared telemetry column (R-3),0.9811934999961522,1.0755568000022322
"telemetry.row('FIX-STARTS-FULL', 'P-01', 'full:P-01', 'grid[574]').wall_clock_seconds",E,declared telemetry column (R-3),0.48287510000227485,0.5272255999734625
"telemetry.row('FIX-STARTS-FULL', 'P-01', 'full:P-01', 'grid[575]').wall_clock_seconds",E,declared telemetry column (R-3),1.0325049000020954,1.2128742000786588
"telemetry.row('FIX-STARTS-FULL', 'P-01', 'full:P-01', 'grid[576]').wall_clock_seconds",E,declared telemetry column (R-3),0.8584507999985362,0.9741478000069037
"telemetry.row('FIX-STARTS-FULL', 'P-01', 'full:P-01', 'grid[577]').wall_clock_seconds",E,declared telemetry column (R-3),0.6023207000034745,0.681324900011532
"telemetry.row('FIX-STARTS-FULL', 'P-01', 'full:P-01', 'grid[578]').wall_clock_seconds",E,declared telemetry column (R-3),0.8069052999999258,0.8769964999519289
"telemetry.row('FIX-STARTS-FULL', 'P-01', 'full:P-01', 'grid[579]').wall_clock_seconds",E,declared telemetry column (R-3),0.9266381000052206,1.0452338999602944
"telemetry.row('FIX-STARTS-FULL', 'P-01', 'full:P-01', 'grid[57]').wall_clock_seconds",E,declared telemetry column (R-3),0.40192689999821596,0.45580990007147193
"telemetry.row('FIX-STARTS-FULL', 'P-01', 'full:P-01', 'grid[580]').wall_clock_seconds",E,declared telemetry column (R-3),0.567887499993958,0.6583725999807939
"telemetry.row('FIX-STARTS-FULL', 'P-01', 'full:P-01', 'grid[581]').wall_clock_seconds",E,declared telemetry column (R-3),0.4317215000046417,0.4915646000299603
"telemetry.row('FIX-STARTS-FULL', 'P-01', 'full:P-01', 'grid[582]').wall_clock_seconds",E,declared telemetry column (R-3),0.8118162999962806,0.910911799990572
"telemetry.row('FIX-STARTS-FULL', 'P-01', 'full:P-01', 'grid[583]').wall_clock_seconds",E,declared telemetry column (R-3),0.631419299999834,0.7486131999175996
"telemetry.row('FIX-STARTS-FULL', 'P-01', 'full:P-01', 'grid[584]').wall_clock_seconds",E,declared telemetry column (R-3),0.34757230000104755,0.4135237999726087
"telemetry.row('FIX-STARTS-FULL', 'P-01', 'full:P-01', 'grid[585]').wall_clock_seconds",E,declared telemetry column (R-3),0.7455937000049744,0.7626294000074267
"telemetry.row('FIX-STARTS-FULL', 'P-01', 'full:P-01', 'grid[586]').wall_clock_seconds",E,declared telemetry column (R-3),1.1047700999988592,0.5660839999327436
"telemetry.row('FIX-STARTS-FULL', 'P-01', 'full:P-01', 'grid[587]').wall_clock_seconds",E,declared telemetry column (R-3),0.8578648000038811,0.6044590000528842
"telemetry.row('FIX-STARTS-FULL', 'P-01', 'full:P-01', 'grid[588]').wall_clock_seconds",E,declared telemetry column (R-3),0.6123121999989962,0.5037614000029862
"telemetry.row('FIX-STARTS-FULL', 'P-01', 'full:P-01', 'grid[589]').wall_clock_seconds",E,declared telemetry column (R-3),0.547497999999905,0.5966305999318138
"telemetry.row('FIX-STARTS-FULL', 'P-01', 'full:P-01', 'grid[58]').wall_clock_seconds",E,declared telemetry column (R-3),0.5512573000014527,0.718593200086616
"telemetry.row('FIX-STARTS-FULL', 'P-01', 'full:P-01', 'grid[590]').wall_clock_seconds",E,declared telemetry column (R-3),0.5555605000045034,0.6049377999734133
"telemetry.row('FIX-STARTS-FULL', 'P-01', 'full:P-01', 'grid[591]').wall_clock_seconds",E,declared telemetry column (R-3),0.9264055000021472,0.684846100048162
"telemetry.row('FIX-STARTS-FULL', 'P-01', 'full:P-01', 'grid[592]').wall_clock_seconds",E,declared telemetry column (R-3),1.0024083999960567,0.9293256000382826
"telemetry.row('FIX-STARTS-FULL', 'P-01', 'full:P-01', 'grid[593]').wall_clock_seconds",E,declared telemetry column (R-3),0.693977700000687,0.8087287000380456
"telemetry.row('FIX-STARTS-FULL', 'P-01', 'full:P-01', 'grid[594]').wall_clock_seconds",E,declared telemetry column (R-3),0.25343250000150874,0.1617774999467656
"telemetry.row('FIX-STARTS-FULL', 'P-01', 'full:P-01', 'grid[595]').wall_clock_seconds",E,declared telemetry column (R-3),0.4957393000004231,0.5339970999630168
"telemetry.row('FIX-STARTS-FULL', 'P-01', 'full:P-01', 'grid[596]').wall_clock_seconds",E,declared telemetry column (R-3),0.6032826000009663,0.6815085000125691
"telemetry.row('FIX-STARTS-FULL', 'P-01', 'full:P-01', 'grid[597]').wall_clock_seconds",E,declared telemetry column (R-3),0.5496153999993112,0.6483155000023544
"telemetry.row('FIX-STARTS-FULL', 'P-01', 'full:P-01', 'grid[598]').wall_clock_seconds",E,declared telemetry column (R-3),0.4847948000024189,0.570042600040324
"telemetry.row('FIX-STARTS-FULL', 'P-01', 'full:P-01', 'grid[599]').wall_clock_seconds",E,declared telemetry column (R-3),0.314864400002989,0.38513439998496324
"telemetry.row('FIX-STARTS-FULL', 'P-01', 'full:P-01', 'grid[59]').wall_clock_seconds",E,declared telemetry column (R-3),0.389509900000121,0.5051810999866575
"telemetry.row('FIX-STARTS-FULL', 'P-01', 'full:P-01', 'grid[5]').wall_clock_seconds",E,declared telemetry column (R-3),0.07368800000404008,0.07979200000409037
"telemetry.row('FIX-STARTS-FULL', 'P-01', 'full:P-01', 'grid[600]').wall_clock_seconds",E,declared telemetry column (R-3),0.7415065999957733,0.920827699941583
"telemetry.row('FIX-STARTS-FULL', 'P-01', 'full:P-01', 'grid[601]').wall_clock_seconds",E,declared telemetry column (R-3),1.0883313000013004,1.5005316999740899
"telemetry.row('FIX-STARTS-FULL', 'P-01', 'full:P-01', 'grid[602]').wall_clock_seconds",E,declared telemetry column (R-3),0.1528660999974818,0.1658730999333784
"telemetry.row('FIX-STARTS-FULL', 'P-01', 'full:P-01', 'grid[603]').wall_clock_seconds",E,declared telemetry column (R-3),0.10896669999783626,0.11988879996351898
"telemetry.row('FIX-STARTS-FULL', 'P-01', 'full:P-01', 'grid[604]').wall_clock_seconds",E,declared telemetry column (R-3),0.5336234999995213,0.6211484000086784
"telemetry.row('FIX-STARTS-FULL', 'P-01', 'full:P-01', 'grid[605]').wall_clock_seconds",E,declared telemetry column (R-3),0.6022740000043996,0.6661562999943271
"telemetry.row('FIX-STARTS-FULL', 'P-01', 'full:P-01', 'grid[606]').wall_clock_seconds",E,declared telemetry column (R-3),0.47459100000560284,0.5562897999770939
"telemetry.row('FIX-STARTS-FULL', 'P-01', 'full:P-01', 'grid[607]').wall_clock_seconds",E,declared telemetry column (R-3),0.21080909999727737,0.2558085999917239
"telemetry.row('FIX-STARTS-FULL', 'P-01', 'full:P-01', 'grid[608]').wall_clock_seconds",E,declared telemetry column (R-3),0.7141746999986935,0.9319926999742165
"telemetry.row('FIX-STARTS-FULL', 'P-01', 'full:P-01', 'grid[609]').wall_clock_seconds",E,declared telemetry column (R-3),0.18257659999653697,0.22370410000439733
"telemetry.row('FIX-STARTS-FULL', 'P-01', 'full:P-01', 'grid[60]').wall_clock_seconds",E,declared telemetry column (R-3),0.9831444000010379,1.1867971000028774
"telemetry.row('FIX-STARTS-FULL', 'P-01', 'full:P-01', 'grid[610]').wall_clock_seconds",E,declared telemetry column (R-3),1.4307069999995292,1.4905657999916002
"telemetry.row('FIX-STARTS-FULL', 'P-01', 'full:P-01', 'grid[611]').wall_clock_seconds",E,declared telemetry column (R-3),0.4209320000009029,0.25421419995836914
"telemetry.row('FIX-STARTS-FULL', 'P-01', 'full:P-01', 'grid[612]').wall_clock_seconds",E,declared telemetry column (R-3),0.28357570000662236,0.24927629996091127
"telemetry.row('FIX-STARTS-FULL', 'P-01', 'full:P-01', 'grid[613]').wall_clock_seconds",E,declared telemetry column (R-3),0.4357313000000431,0.5077263000421226
"telemetry.row('FIX-STARTS-FULL', 'P-01', 'full:P-01', 'grid[614]').wall_clock_seconds",E,declared telemetry column (R-3),0.3933813000039663,0.48128269996959716
"telemetry.row('FIX-STARTS-FULL', 'P-01', 'full:P-01', 'grid[615]').wall_clock_seconds",E,declared telemetry column (R-3),0.6239310000019032,0.7998317999299616
"telemetry.row('FIX-STARTS-FULL', 'P-01', 'full:P-01', 'grid[616]').wall_clock_seconds",E,declared telemetry column (R-3),0.4130476999998791,0.5123494999716058
"telemetry.row('FIX-STARTS-FULL', 'P-01', 'full:P-01', 'grid[617]').wall_clock_seconds",E,declared telemetry column (R-3),0.3535231999994721,0.4284867999376729
"telemetry.row('FIX-STARTS-FULL', 'P-01', 'full:P-01', 'grid[618]').wall_clock_seconds",E,declared telemetry column (R-3),0.0373671999986982,0.04187710001133382
"telemetry.row('FIX-STARTS-FULL', 'P-01', 'full:P-01', 'grid[619]').wall_clock_seconds",E,declared telemetry column (R-3),0.18831549999595154,0.22894729999825358
"telemetry.row('FIX-STARTS-FULL', 'P-01', 'full:P-01', 'grid[61]').wall_clock_seconds",E,declared telemetry column (R-3),0.5461882000017795,0.7145888999802992
"telemetry.row('FIX-STARTS-FULL', 'P-01', 'full:P-01', 'grid[620]').wall_clock_seconds",E,declared telemetry column (R-3),0.22435179999592947,0.2852610000409186
"telemetry.row('FIX-STARTS-FULL', 'P-01', 'full:P-01', 'grid[621]').wall_clock_seconds",E,declared telemetry column (R-3),0.12079580000136048,0.15065880003385246
"telemetry.row('FIX-STARTS-FULL', 'P-01', 'full:P-01', 'grid[622]').wall_clock_seconds",E,declared telemetry column (R-3),0.416006200000993,0.5294511000392959
"telemetry.row('FIX-STARTS-FULL', 'P-01', 'full:P-01', 'grid[623]').wall_clock_seconds",E,declared telemetry column (R-3),0.7167946999979904,0.8832078000996262
"telemetry.row('FIX-STARTS-FULL', 'P-01', 'full:P-01', 'grid[624]').wall_clock_seconds",E,declared telemetry column (R-3),0.7783462999941548,0.9595328000141308
"telemetry.row('FIX-STARTS-FULL', 'P-01', 'full:P-01', 'grid[625]').wall_clock_seconds",E,declared telemetry column (R-3),0.2604501000023447,0.31823630002327263
"telemetry.row('FIX-STARTS-FULL', 'P-01', 'full:P-01', 'grid[626]').wall_clock_seconds",E,declared telemetry column (R-3),0.23518450000119628,0.2894680000608787
"telemetry.row('FIX-STARTS-FULL', 'P-01', 'full:P-01', 'grid[627]').wall_clock_seconds",E,declared telemetry column (R-3),0.8619228999959887,1.0640413999790326
"telemetry.row('FIX-STARTS-FULL', 'P-01', 'full:P-01', 'grid[628]').wall_clock_seconds",E,declared telemetry column (R-3),0.2798571999956039,0.2606502000708133
"telemetry.row('FIX-STARTS-FULL', 'P-01', 'full:P-01', 'grid[629]').wall_clock_seconds",E,declared telemetry column (R-3),0.28970180000032997,0.23451679991558194
"telemetry.row('FIX-STARTS-FULL', 'P-01', 'full:P-01', 'grid[62]').wall_clock_seconds",E,declared telemetry column (R-3),0.9633775999973295,1.0781962999608368
"telemetry.row('FIX-STARTS-FULL', 'P-01', 'full:P-01', 'grid[630]').wall_clock_seconds",E,declared telemetry column (R-3),0.1609935000014957,0.17849030008073896
"telemetry.row('FIX-STARTS-FULL', 'P-01', 'full:P-01', 'grid[631]').wall_clock_seconds",E,declared telemetry column (R-3),0.4580723000035505,0.45773270004428923
"telemetry.row('FIX-STARTS-FULL', 'P-01', 'full:P-01', 'grid[632]').wall_clock_seconds",E,declared telemetry column (R-3),0.8638470000005327,0.937699900008738
"telemetry.row('FIX-STARTS-FULL', 'P-01', 'full:P-01', 'grid[633]').wall_clock_seconds",E,declared telemetry column (R-3),0.8735261999972863,0.9475781000219285
"telemetry.row('FIX-STARTS-FULL', 'P-01', 'full:P-01', 'grid[634]').wall_clock_seconds",E,declared telemetry column (R-3),0.4963876999972854,0.4615298999706283
"telemetry.row('FIX-STARTS-FULL', 'P-01', 'full:P-01', 'grid[635]').wall_clock_seconds",E,declared telemetry column (R-3),0.2221025999970152,0.2108200000366196
"telemetry.row('FIX-STARTS-FULL', 'P-01', 'full:P-01', 'grid[636]').wall_clock_seconds",E,declared telemetry column (R-3),0.09953439999662805,0.10615460004191846
"telemetry.row('FIX-STARTS-FULL', 'P-01', 'full:P-01', 'grid[637]').wall_clock_seconds",E,declared telemetry column (R-3),0.5678842999986955,0.5881703000050038
"telemetry.row('FIX-STARTS-FULL', 'P-01', 'full:P-01', 'grid[638]').wall_clock_seconds",E,declared telemetry column (R-3),0.2030769999983022,0.1997390000615269
"telemetry.row('FIX-STARTS-FULL', 'P-01', 'full:P-01', 'grid[639]').wall_clock_seconds",E,declared telemetry column (R-3),0.31456749999779277,0.29895660001784563
"telemetry.row('FIX-STARTS-FULL', 'P-01', 'full:P-01', 'grid[63]').wall_clock_seconds",E,declared telemetry column (R-3),0.7523093999989214,0.78902690007817
"telemetry.row('FIX-STARTS-FULL', 'P-01', 'full:P-01', 'grid[640]').wall_clock_seconds",E,declared telemetry column (R-3),0.42940980000275886,0.4224006000440568
"telemetry.row('FIX-STARTS-FULL', 'P-01', 'full:P-01', 'grid[641]').wall_clock_seconds",E,declared telemetry column (R-3),0.692386800001259,0.6732724000466987
"telemetry.row('FIX-STARTS-FULL', 'P-01', 'full:P-01', 'grid[642]').wall_clock_seconds",E,declared telemetry column (R-3),0.6856251999997767,0.8230656000087038
"telemetry.row('FIX-STARTS-FULL', 'P-01', 'full:P-01', 'grid[643]').wall_clock_seconds",E,declared telemetry column (R-3),0.24021299999731127,0.3353679000865668
"telemetry.row('FIX-STARTS-FULL', 'P-01', 'full:P-01', 'grid[644]').wall_clock_seconds",E,declared telemetry column (R-3),0.3127143999954569,0.3866007999749854
"telemetry.row('FIX-STARTS-FULL', 'P-01', 'full:P-01', 'grid[645]').wall_clock_seconds",E,declared telemetry column (R-3),1.0712094000045909,1.0489583000307903
"telemetry.row('FIX-STARTS-FULL', 'P-01', 'full:P-01', 'grid[646]').wall_clock_seconds",E,declared telemetry column (R-3),0.26926559999992605,0.26681830000597984
"telemetry.row('FIX-STARTS-FULL', 'P-01', 'full:P-01', 'grid[647]').wall_clock_seconds",E,declared telemetry column (R-3),0.5485131000023102,0.6568931000074372
"telemetry.row('FIX-STARTS-FULL', 'P-01', 'full:P-01', 'grid[648]').wall_clock_seconds",E,declared telemetry column (R-3),0.6563945000016247,0.8025385000510141
"telemetry.row('FIX-STARTS-FULL', 'P-01', 'full:P-01', 'grid[649]').wall_clock_seconds",E,declared telemetry column (R-3),0.7723870999980136,0.9312639000127092
"telemetry.row('FIX-STARTS-FULL', 'P-01', 'full:P-01', 'grid[64]').wall_clock_seconds",E,declared telemetry column (R-3),0.6042424999977811,0.6610485999844968
"telemetry.row('FIX-STARTS-FULL', 'P-01', 'full:P-01', 'grid[650]').wall_clock_seconds",E,declared telemetry column (R-3),0.2242612999980338,0.2785370999481529
"telemetry.row('FIX-STARTS-FULL', 'P-01', 'full:P-01', 'grid[651]').wall_clock_seconds",E,declared telemetry column (R-3),0.3175282000011066,0.31958360003773123
"telemetry.row('FIX-STARTS-FULL', 'P-01', 'full:P-01', 'grid[652]').wall_clock_seconds",E,declared telemetry column (R-3),0.26926950000051875,0.3304744999622926
"telemetry.row('FIX-STARTS-FULL', 'P-01', 'full:P-01', 'grid[653]').wall_clock_seconds",E,declared telemetry column (R-3),0.44917820000409847,0.561776400078088
"telemetry.row('FIX-STARTS-FULL', 'P-01', 'full:P-01', 'grid[654]').wall_clock_seconds",E,declared telemetry column (R-3),0.5848159000015585,0.7190517999697477
"telemetry.row('FIX-STARTS-FULL', 'P-01', 'full:P-01', 'grid[655]').wall_clock_seconds",E,declared telemetry column (R-3),0.8314364000034402,0.9703845999902114
"telemetry.row('FIX-STARTS-FULL', 'P-01', 'full:P-01', 'grid[656]').wall_clock_seconds",E,declared telemetry column (R-3),0.5023159999982454,0.6168689000187442
"telemetry.row('FIX-STARTS-FULL', 'P-01', 'full:P-01', 'grid[657]').wall_clock_seconds",E,declared telemetry column (R-3),0.5913062999970862,0.5285946000367403
"telemetry.row('FIX-STARTS-FULL', 'P-01', 'full:P-01', 'grid[658]').wall_clock_seconds",E,declared telemetry column (R-3),0.7908173999967403,0.9793770000105724
"telemetry.row('FIX-STARTS-FULL', 'P-01', 'full:P-01', 'grid[659]').wall_clock_seconds",E,declared telemetry column (R-3),0.5751607999991393,0.747659599990584
"telemetry.row('FIX-STARTS-FULL', 'P-01', 'full:P-01', 'grid[65]').wall_clock_seconds",E,declared telemetry column (R-3),0.729039300000295,0.8323964999290183
"telemetry.row('FIX-STARTS-FULL', 'P-01', 'full:P-01', 'grid[660]').wall_clock_seconds",E,declared telemetry column (R-3),0.8272907999999006,1.2076305999653414
"telemetry.row('FIX-STARTS-FULL', 'P-01', 'full:P-01', 'grid[661]').wall_clock_seconds",E,declared telemetry column (R-3),0.33189609999681124,0.40041569992899895
"telemetry.row('FIX-STARTS-FULL', 'P-01', 'full:P-01', 'grid[662]').wall_clock_seconds",E,declared telemetry column (R-3),0.6310443000038504,0.7855875000823289
"telemetry.row('FIX-STARTS-FULL', 'P-01', 'full:P-01', 'grid[663]').wall_clock_seconds",E,declared telemetry column (R-3),1.148190700005216,1.3501310999272391
"telemetry.row('FIX-STARTS-FULL', 'P-01', 'full:P-01', 'grid[664]').wall_clock_seconds",E,declared telemetry column (R-3),0.1596514000048046,0.1853332999162376
"telemetry.row('FIX-STARTS-FULL', 'P-01', 'full:P-01', 'grid[665]').wall_clock_seconds",E,declared telemetry column (R-3),0.5611581000048318,0.5649501000298187
"telemetry.row('FIX-STARTS-FULL', 'P-01', 'full:P-01', 'grid[666]').wall_clock_seconds",E,declared telemetry column (R-3),0.7285446000023512,0.8214955000439659
"telemetry.row('FIX-STARTS-FULL', 'P-01', 'full:P-01', 'grid[667]').wall_clock_seconds",E,declared telemetry column (R-3),0.515705000005255,0.5686061000451446
"telemetry.row('FIX-STARTS-FULL', 'P-01', 'full:P-01', 'grid[668]').wall_clock_seconds",E,declared telemetry column (R-3),0.2679543999984162,0.27911710005719215
"telemetry.row('FIX-STARTS-FULL', 'P-01', 'full:P-01', 'grid[669]').wall_clock_seconds",E,declared telemetry column (R-3),0.16653930000029504,0.1904279999434948
"telemetry.row('FIX-STARTS-FULL', 'P-01', 'full:P-01', 'grid[66]').wall_clock_seconds",E,declared telemetry column (R-3),0.44828949999646284,0.49965140002314
"telemetry.row('FIX-STARTS-FULL', 'P-01', 'full:P-01', 'grid[670]').wall_clock_seconds",E,declared telemetry column (R-3),0.8220416999974987,1.0713209999958053
"telemetry.row('FIX-STARTS-FULL', 'P-01', 'full:P-01', 'grid[671]').wall_clock_seconds",E,declared telemetry column (R-3),0.6158139999970444,0.6980188000015914
"telemetry.row('FIX-STARTS-FULL', 'P-01', 'full:P-01', 'grid[672]').wall_clock_seconds",E,declared telemetry column (R-3),0.8393405000024359,0.740733899991028
"telemetry.row('FIX-STARTS-FULL', 'P-01', 'full:P-01', 'grid[673]').wall_clock_seconds",E,declared telemetry column (R-3),0.652101899999252,0.6269535000901669
"telemetry.row('FIX-STARTS-FULL', 'P-01', 'full:P-01', 'grid[674]').wall_clock_seconds",E,declared telemetry column (R-3),0.09968409999419237,0.09290370007511228
"telemetry.row('FIX-STARTS-FULL', 'P-01', 'full:P-01', 'grid[675]').wall_clock_seconds",E,declared telemetry column (R-3),0.3179694999998901,0.370705800014548
"telemetry.row('FIX-STARTS-FULL', 'P-01', 'full:P-01', 'grid[676]').wall_clock_seconds",E,declared telemetry column (R-3),0.1768865999983973,0.18937210005242378
"telemetry.row('FIX-STARTS-FULL', 'P-01', 'full:P-01', 'grid[677]').wall_clock_seconds",E,declared telemetry column (R-3),0.5022852999973111,0.594474200042896
"telemetry.row('FIX-STARTS-FULL', 'P-01', 'full:P-01', 'grid[678]').wall_clock_seconds",E,declared telemetry column (R-3),0.6583797999992385,0.7522147999843583
"telemetry.row('FIX-STARTS-FULL', 'P-01', 'full:P-01', 'grid[679]').wall_clock_seconds",E,declared telemetry column (R-3),0.7847808000005898,0.9227507000323385
"telemetry.row('FIX-STARTS-FULL', 'P-01', 'full:P-01', 'grid[67]').wall_clock_seconds",E,declared telemetry column (R-3),0.5749379999979283,0.6350457000080496
"telemetry.row('FIX-STARTS-FULL', 'P-01', 'full:P-01', 'grid[680]').wall_clock_seconds",E,declared telemetry column (R-3),0.23566009999922244,0.27759579999838024
"telemetry.row('FIX-STARTS-FULL', 'P-01', 'full:P-01', 'grid[681]').wall_clock_seconds",E,declared telemetry column (R-3),0.1770533000017167,0.2058174000121653
"telemetry.row('FIX-STARTS-FULL', 'P-01', 'full:P-01', 'grid[682]').wall_clock_seconds",E,declared telemetry column (R-3),0.2500339999969583,0.29840520001016557
"telemetry.row('FIX-STARTS-FULL', 'P-01', 'full:P-01', 'grid[683]').wall_clock_seconds",E,declared telemetry column (R-3),0.41417010000441223,0.47756150003988296
"telemetry.row('FIX-STARTS-FULL', 'P-01', 'full:P-01', 'grid[684]').wall_clock_seconds",E,declared telemetry column (R-3),0.6542627000017092,0.7508024000562727
"telemetry.row('FIX-STARTS-FULL', 'P-01', 'full:P-01', 'grid[685]').wall_clock_seconds",E,declared telemetry column (R-3),0.4441808999981731,0.5380825999891385
"telemetry.row('FIX-STARTS-FULL', 'P-01', 'full:P-01', 'grid[686]').wall_clock_seconds",E,declared telemetry column (R-3),0.07257129999925382,0.08205580001231283
"telemetry.row('FIX-STARTS-FULL', 'P-01', 'full:P-01', 'grid[687]').wall_clock_seconds",E,declared telemetry column (R-3),0.35061039999709465,0.3999824000056833
"telemetry.row('FIX-STARTS-FULL', 'P-01', 'full:P-01', 'grid[688]').wall_clock_seconds",E,declared telemetry column (R-3),1.3350682000018423,1.801674299989827
"telemetry.row('FIX-STARTS-FULL', 'P-01', 'full:P-01', 'grid[689]').wall_clock_seconds",E,declared telemetry column (R-3),0.4748076000032597,0.5642654000548646
"telemetry.row('FIX-STARTS-FULL', 'P-01', 'full:P-01', 'grid[68]').wall_clock_seconds",E,declared telemetry column (R-3),1.1223566999979084,1.0288346000015736
"telemetry.row('FIX-STARTS-FULL', 'P-01', 'full:P-01', 'grid[690]').wall_clock_seconds",E,declared telemetry column (R-3),0.6750501999995322,0.7912513999035582
"telemetry.row('FIX-STARTS-FULL', 'P-01', 'full:P-01', 'grid[691]').wall_clock_seconds",E,declared telemetry column (R-3),0.3268255000002682,0.3865015000337735
"telemetry.row('FIX-STARTS-FULL', 'P-01', 'full:P-01', 'grid[692]').wall_clock_seconds",E,declared telemetry column (R-3),0.24298439999984112,0.29593090002890676
"telemetry.row('FIX-STARTS-FULL', 'P-01', 'full:P-01', 'grid[693]').wall_clock_seconds",E,declared telemetry column (R-3),0.623950799999875,0.7301164999371395
"telemetry.row('FIX-STARTS-FULL', 'P-01', 'full:P-01', 'grid[694]').wall_clock_seconds",E,declared telemetry column (R-3),0.16094439999869792,0.19306210009381175
"telemetry.row('FIX-STARTS-FULL', 'P-01', 'full:P-01', 'grid[695]').wall_clock_seconds",E,declared telemetry column (R-3),0.6088935000007041,0.7059609999414533
"telemetry.row('FIX-STARTS-FULL', 'P-01', 'full:P-01', 'grid[696]').wall_clock_seconds",E,declared telemetry column (R-3),0.567234100002679,0.6661576998885721
"telemetry.row('FIX-STARTS-FULL', 'P-01', 'full:P-01', 'grid[697]').wall_clock_seconds",E,declared telemetry column (R-3),1.246393600005831,1.450306599959731
"telemetry.row('FIX-STARTS-FULL', 'P-01', 'full:P-01', 'grid[698]').wall_clock_seconds",E,declared telemetry column (R-3),0.15246090000437107,0.18064669996965677
"telemetry.row('FIX-STARTS-FULL', 'P-01', 'full:P-01', 'grid[699]').wall_clock_seconds",E,declared telemetry column (R-3),0.21550430000206688,0.24699529993813485
"telemetry.row('FIX-STARTS-FULL', 'P-01', 'full:P-01', 'grid[69]').wall_clock_seconds",E,declared telemetry column (R-3),0.84915799999726,0.5356850000098348
"telemetry.row('FIX-STARTS-FULL', 'P-01', 'full:P-01', 'grid[6]').wall_clock_seconds",E,declared telemetry column (R-3),0.4696299000061117,0.5238083000294864
"telemetry.row('FIX-STARTS-FULL', 'P-01', 'full:P-01', 'grid[700]').wall_clock_seconds",E,declared telemetry column (R-3),1.0810607999956119,1.2766285999678075
"telemetry.row('FIX-STARTS-FULL', 'P-01', 'full:P-01', 'grid[701]').wall_clock_seconds",E,declared telemetry column (R-3),0.5733414000060293,0.666527499910444
"telemetry.row('FIX-STARTS-FULL', 'P-01', 'full:P-01', 'grid[702]').wall_clock_seconds",E,declared telemetry column (R-3),1.1749756999997771,0.5974813000066206
"telemetry.row('FIX-STARTS-FULL', 'P-01', 'full:P-01', 'grid[703]').wall_clock_seconds",E,declared telemetry column (R-3),0.9502279000007547,1.0320318999001756
"telemetry.row('FIX-STARTS-FULL', 'P-01', 'full:P-01', 'grid[704]').wall_clock_seconds",E,declared telemetry column (R-3),0.25830580000183545,0.17037740000523627
"telemetry.row('FIX-STARTS-FULL', 'P-01', 'full:P-01', 'grid[705]').wall_clock_seconds",E,declared telemetry column (R-3),0.2249320999981137,0.20307240006513894
"telemetry.row('FIX-STARTS-FULL', 'P-01', 'full:P-01', 'grid[706]').wall_clock_seconds",E,declared telemetry column (R-3),0.15954999999667052,0.15822129999287426
"telemetry.row('FIX-STARTS-FULL', 'P-01', 'full:P-01', 'grid[707]').wall_clock_seconds",E,declared telemetry column (R-3),0.5759418999950867,0.55472999997437
"telemetry.row('FIX-STARTS-FULL', 'P-01', 'full:P-01', 'grid[708]').wall_clock_seconds",E,declared telemetry column (R-3),0.8809955999968224,0.7766509999055415
"telemetry.row('FIX-STARTS-FULL', 'P-01', 'full:P-01', 'grid[709]').wall_clock_seconds",E,declared telemetry column (R-3),1.1664154000027338,1.0461257999995723
"telemetry.row('FIX-STARTS-FULL', 'P-01', 'full:P-01', 'grid[70]').wall_clock_seconds",E,declared telemetry column (R-3),0.7193151000028593,0.5765773999737576
"telemetry.row('FIX-STARTS-FULL', 'P-01', 'full:P-01', 'grid[710]').wall_clock_seconds",E,declared telemetry column (R-3),0.5986677000037162,0.6723937999922782
"telemetry.row('FIX-STARTS-FULL', 'P-01', 'full:P-01', 'grid[711]').wall_clock_seconds",E,declared telemetry column (R-3),0.20464560000255005,0.22329230001196265
"telemetry.row('FIX-STARTS-FULL', 'P-01', 'full:P-01', 'grid[712]').wall_clock_seconds",E,declared telemetry column (R-3),0.18413810000492958,0.22345180006232113
"telemetry.row('FIX-STARTS-FULL', 'P-01', 'full:P-01', 'grid[713]').wall_clock_seconds",E,declared telemetry column (R-3),0.5758387000023504,0.7333631000947207
"telemetry.row('FIX-STARTS-FULL', 'P-01', 'full:P-01', 'grid[714]').wall_clock_seconds",E,declared telemetry column (R-3),0.5843294000005699,0.8250154999550432
"telemetry.row('FIX-STARTS-FULL', 'P-01', 'full:P-01', 'grid[715]').wall_clock_seconds",E,declared telemetry column (R-3),1.054877900001884,1.2659173000138253
"telemetry.row('FIX-STARTS-FULL', 'P-01', 'full:P-01', 'grid[716]').wall_clock_seconds",E,declared telemetry column (R-3),0.3222827999998117,0.3663151999935508
"telemetry.row('FIX-STARTS-FULL', 'P-01', 'full:P-01', 'grid[717]').wall_clock_seconds",E,declared telemetry column (R-3),0.20388100000127451,0.23245070001576096
"telemetry.row('FIX-STARTS-FULL', 'P-01', 'full:P-01', 'grid[718]').wall_clock_seconds",E,declared telemetry column (R-3),0.19983359999605455,0.23368059995118529
"telemetry.row('FIX-STARTS-FULL', 'P-01', 'full:P-01', 'grid[719]').wall_clock_seconds",E,declared telemetry column (R-3),0.5696018999951775,0.6692204000428319
"telemetry.row('FIX-STARTS-FULL', 'P-01', 'full:P-01', 'grid[71]').wall_clock_seconds",E,declared telemetry column (R-3),0.07002510000165785,0.0817215999122709
"telemetry.row('FIX-STARTS-FULL', 'P-01', 'full:P-01', 'grid[720]').wall_clock_seconds",E,declared telemetry column (R-3),0.5269711000000825,0.6329539999132976
"telemetry.row('FIX-STARTS-FULL', 'P-01', 'full:P-01', 'grid[721]').wall_clock_seconds",E,declared telemetry column (R-3),0.4975133999978425,0.597354399971664
"telemetry.row('FIX-STARTS-FULL', 'P-01', 'full:P-01', 'grid[722]').wall_clock_seconds",E,declared telemetry column (R-3),0.1395152999975835,0.1583618000149727
"telemetry.row('FIX-STARTS-FULL', 'P-01', 'full:P-01', 'grid[723]').wall_clock_seconds",E,declared telemetry column (R-3),0.359877900002175,0.4011717999819666
"telemetry.row('FIX-STARTS-FULL', 'P-01', 'full:P-01', 'grid[724]').wall_clock_seconds",E,declared telemetry column (R-3),0.1271783000047435,0.13125840004067868
"telemetry.row('FIX-STARTS-FULL', 'P-01', 'full:P-01', 'grid[725]').wall_clock_seconds",E,declared telemetry column (R-3),0.43710660000215285,0.4628307999810204
"telemetry.row('FIX-STARTS-FULL', 'P-01', 'full:P-01', 'grid[726]').wall_clock_seconds",E,declared telemetry column (R-3),0.6296944999994594,0.7209787999745458
"telemetry.row('FIX-STARTS-FULL', 'P-01', 'full:P-01', 'grid[727]').wall_clock_seconds",E,declared telemetry column (R-3),0.33980090000113705,0.39294289995450526
"telemetry.row('FIX-STARTS-FULL', 'P-01', 'full:P-01', 'grid[728]').wall_clock_seconds",E,declared telemetry column (R-3),0.15100259999599075,0.17134329990949482
"telemetry.row('FIX-STARTS-FULL', 'P-01', 'full:P-01', 'grid[729]').wall_clock_seconds",E,declared telemetry column (R-3),0.3565798999989056,0.40590510005131364
"telemetry.row('FIX-STARTS-FULL', 'P-01', 'full:P-01', 'grid[72]').wall_clock_seconds",E,declared telemetry column (R-3),0.7370733999996446,0.8805338999954984
"telemetry.row('FIX-STARTS-FULL', 'P-01', 'full:P-01', 'grid[730]').wall_clock_seconds",E,declared telemetry column (R-3),0.161729400002514,0.1844347999431193
"telemetry.row('FIX-STARTS-FULL', 'P-01', 'full:P-01', 'grid[73]').wall_clock_seconds",E,declared telemetry column (R-3),1.006239900001674,1.1818081999663264
"telemetry.row('FIX-STARTS-FULL', 'P-01', 'full:P-01', 'grid[74]').wall_clock_seconds",E,declared telemetry column (R-3),0.40514080000139074,0.49253719998523593
"telemetry.row('FIX-STARTS-FULL', 'P-01', 'full:P-01', 'grid[75]').wall_clock_seconds",E,declared telemetry column (R-3),0.5618927000032272,0.6372981000458822
"telemetry.row('FIX-STARTS-FULL', 'P-01', 'full:P-01', 'grid[76]').wall_clock_seconds",E,declared telemetry column (R-3),0.4708128999991459,0.5739760999567807
"telemetry.row('FIX-STARTS-FULL', 'P-01', 'full:P-01', 'grid[77]').wall_clock_seconds",E,declared telemetry column (R-3),0.6051812000005157,0.72644710005261
"telemetry.row('FIX-STARTS-FULL', 'P-01', 'full:P-01', 'grid[78]').wall_clock_seconds",E,declared telemetry column (R-3),0.560488200004329,0.686165599967353
"telemetry.row('FIX-STARTS-FULL', 'P-01', 'full:P-01', 'grid[79]').wall_clock_seconds",E,declared telemetry column (R-3),0.8439861000006204,1.0088350999867544
"telemetry.row('FIX-STARTS-FULL', 'P-01', 'full:P-01', 'grid[7]').wall_clock_seconds",E,declared telemetry column (R-3),0.270416599996679,0.30170980002731085
"telemetry.row('FIX-STARTS-FULL', 'P-01', 'full:P-01', 'grid[80]').wall_clock_seconds",E,declared telemetry column (R-3),0.8858833999984199,1.1007639999734238
"telemetry.row('FIX-STARTS-FULL', 'P-01', 'full:P-01', 'grid[81]').wall_clock_seconds",E,declared telemetry column (R-3),1.0102329000001191,1.501940399990417
"telemetry.row('FIX-STARTS-FULL', 'P-01', 'full:P-01', 'grid[82]').wall_clock_seconds",E,declared telemetry column (R-3),0.36982240000361344,0.4309253999963403
"telemetry.row('FIX-STARTS-FULL', 'P-01', 'full:P-01', 'grid[83]').wall_clock_seconds",E,declared telemetry column (R-3),0.017473700005211867,0.02097369998227805
"telemetry.row('FIX-STARTS-FULL', 'P-01', 'full:P-01', 'grid[84]').wall_clock_seconds",E,declared telemetry column (R-3),0.39845449999847915,0.47685710003133863
"telemetry.row('FIX-STARTS-FULL', 'P-01', 'full:P-01', 'grid[85]').wall_clock_seconds",E,declared telemetry column (R-3),0.5507963000054588,0.6819535999093205
"telemetry.row('FIX-STARTS-FULL', 'P-01', 'full:P-01', 'grid[86]').wall_clock_seconds",E,declared telemetry column (R-3),0.23326600000291364,0.26803329994436353
"telemetry.row('FIX-STARTS-FULL', 'P-01', 'full:P-01', 'grid[87]').wall_clock_seconds",E,declared telemetry column (R-3),0.4937489999938407,0.6008147000102326
"telemetry.row('FIX-STARTS-FULL', 'P-01', 'full:P-01', 'grid[88]').wall_clock_seconds",E,declared telemetry column (R-3),0.5841992999994545,0.6828043999848887
"telemetry.row('FIX-STARTS-FULL', 'P-01', 'full:P-01', 'grid[89]').wall_clock_seconds",E,declared telemetry column (R-3),1.4370074999969802,1.6801202000351623
"telemetry.row('FIX-STARTS-FULL', 'P-01', 'full:P-01', 'grid[8]').wall_clock_seconds",E,declared telemetry column (R-3),0.5595493000000715,0.6044064000016078
"telemetry.row('FIX-STARTS-FULL', 'P-01', 'full:P-01', 'grid[90]').wall_clock_seconds",E,declared telemetry column (R-3),0.25607469999522436,0.29460310004651546
"telemetry.row('FIX-STARTS-FULL', 'P-01', 'full:P-01', 'grid[91]').wall_clock_seconds",E,declared telemetry column (R-3),0.6514269999970566,0.787160100066103
"telemetry.row('FIX-STARTS-FULL', 'P-01', 'full:P-01', 'grid[92]').wall_clock_seconds",E,declared telemetry column (R-3),0.016395500002545305,0.02221239998470992
"telemetry.row('FIX-STARTS-FULL', 'P-01', 'full:P-01', 'grid[93]').wall_clock_seconds",E,declared telemetry column (R-3),0.44011979999777395,0.5088746999390423
"telemetry.row('FIX-STARTS-FULL', 'P-01', 'full:P-01', 'grid[94]').wall_clock_seconds",E,declared telemetry column (R-3),0.5419126999986474,0.6636630999855697
"telemetry.row('FIX-STARTS-FULL', 'P-01', 'full:P-01', 'grid[95]').wall_clock_seconds",E,declared telemetry column (R-3),0.6105618000001414,0.7005047999555245
"telemetry.row('FIX-STARTS-FULL', 'P-01', 'full:P-01', 'grid[96]').wall_clock_seconds",E,declared telemetry column (R-3),0.5567637999993167,0.6250390000641346
"telemetry.row('FIX-STARTS-FULL', 'P-01', 'full:P-01', 'grid[97]').wall_clock_seconds",E,declared telemetry column (R-3),0.5415008999989368,0.6333052000263706
"telemetry.row('FIX-STARTS-FULL', 'P-01', 'full:P-01', 'grid[98]').wall_clock_seconds",E,declared telemetry column (R-3),0.7585780000008526,0.8991635000566021
"telemetry.row('FIX-STARTS-FULL', 'P-01', 'full:P-01', 'grid[99]').wall_clock_seconds",E,declared telemetry column (R-3),0.9091208000027109,1.0506104999221861
"telemetry.row('FIX-STARTS-FULL', 'P-01', 'full:P-01', 'grid[9]').wall_clock_seconds",E,declared telemetry column (R-3),0.29846379999798955,0.31378970004152507
"telemetry.row('FIX-STARTS-FULL', 'P-02', 'full:P-02', 'feature').wall_clock_seconds",E,declared telemetry column (R-3),0.5274577000018326,0.5706692999228835
"telemetry.row('FIX-STARTS-FULL', 'P-02', 'full:P-02', 'grid[0]').wall_clock_seconds",E,declared telemetry column (R-3),0.6971600999968359,0.8207519999705255
"telemetry.row('FIX-STARTS-FULL', 'P-02', 'full:P-02', 'grid[100]').wall_clock_seconds",E,declared telemetry column (R-3),0.48791269999492215,0.5593870000448078
"telemetry.row('FIX-STARTS-FULL', 'P-02', 'full:P-02', 'grid[101]').wall_clock_seconds",E,declared telemetry column (R-3),1.0650155999974231,1.2560855000047013
"telemetry.row('FIX-STARTS-FULL', 'P-02', 'full:P-02', 'grid[102]').wall_clock_seconds",E,declared telemetry column (R-3),1.7207425000015064,1.97607779991813
"telemetry.row('FIX-STARTS-FULL', 'P-02', 'full:P-02', 'grid[103]').wall_clock_seconds",E,declared telemetry column (R-3),0.566746399999829,0.6341149000218138
"telemetry.row('FIX-STARTS-FULL', 'P-02', 'full:P-02', 'grid[104]').wall_clock_seconds",E,declared telemetry column (R-3),0.7290852000005543,0.8449651000555605
"telemetry.row('FIX-STARTS-FULL', 'P-02', 'full:P-02', 'grid[105]').wall_clock_seconds",E,declared telemetry column (R-3),0.6772731999953976,0.8094166999217123
"telemetry.row('FIX-STARTS-FULL', 'P-02', 'full:P-02', 'grid[106]').wall_clock_seconds",E,declared telemetry column (R-3),0.6936454999959096,0.6299273000331596
"telemetry.row('FIX-STARTS-FULL', 'P-02', 'full:P-02', 'grid[107]').wall_clock_seconds",E,declared telemetry column (R-3),0.7169846000033431,0.7187978000147268
"telemetry.row('FIX-STARTS-FULL', 'P-02', 'full:P-02', 'grid[108]').wall_clock_seconds",E,declared telemetry column (R-3),0.9700916000001598,1.128559899982065
"telemetry.row('FIX-STARTS-FULL', 'P-02', 'full:P-02', 'grid[109]').wall_clock_seconds",E,declared telemetry column (R-3),0.766945700001088,0.8893897999078035
"telemetry.row('FIX-STARTS-FULL', 'P-02', 'full:P-02', 'grid[10]').wall_clock_seconds",E,declared telemetry column (R-3),0.710349100001622,0.751587999984622
"telemetry.row('FIX-STARTS-FULL', 'P-02', 'full:P-02', 'grid[110]').wall_clock_seconds",E,declared telemetry column (R-3),0.740919899995788,0.7562451000558212
"telemetry.row('FIX-STARTS-FULL', 'P-02', 'full:P-02', 'grid[111]').wall_clock_seconds",E,declared telemetry column (R-3),1.730320999995456,1.9636837999569252
"telemetry.row('FIX-STARTS-FULL', 'P-02', 'full:P-02', 'grid[112]').wall_clock_seconds",E,declared telemetry column (R-3),0.7064245999936247,0.8347212000517175
"telemetry.row('FIX-STARTS-FULL', 'P-02', 'full:P-02', 'grid[113]').wall_clock_seconds",E,declared telemetry column (R-3),1.842826400003105,1.9085254999808967
"telemetry.row('FIX-STARTS-FULL', 'P-02', 'full:P-02', 'grid[114]').wall_clock_seconds",E,declared telemetry column (R-3),1.6563759999989998,1.9545510000316426
"telemetry.row('FIX-STARTS-FULL', 'P-02', 'full:P-02', 'grid[115]').wall_clock_seconds",E,declared telemetry column (R-3),0.7989165999970282,0.9439767000731081
"telemetry.row('FIX-STARTS-FULL', 'P-02', 'full:P-02', 'grid[116]').wall_clock_seconds",E,declared telemetry column (R-3),1.7136525999958394,1.914304899983108
"telemetry.row('FIX-STARTS-FULL', 'P-02', 'full:P-02', 'grid[117]').wall_clock_seconds",E,declared telemetry column (R-3),0.6209654999984195,0.7346711999271065
"telemetry.row('FIX-STARTS-FULL', 'P-02', 'full:P-02', 'grid[118]').wall_clock_seconds",E,declared telemetry column (R-3),0.5613096000015503,0.5909333999734372
"telemetry.row('FIX-STARTS-FULL', 'P-02', 'full:P-02', 'grid[119]').wall_clock_seconds",E,declared telemetry column (R-3),0.7733134000009159,0.79342220001854
"telemetry.row('FIX-STARTS-FULL', 'P-02', 'full:P-02', 'grid[11]').wall_clock_seconds",E,declared telemetry column (R-3),0.5911299999934272,0.6141558000817895
"telemetry.row('FIX-STARTS-FULL', 'P-02', 'full:P-02', 'grid[120]').wall_clock_seconds",E,declared telemetry column (R-3),0.5274497999998857,0.5547926999861374
"telemetry.row('FIX-STARTS-FULL', 'P-02', 'full:P-02', 'grid[121]').wall_clock_seconds",E,declared telemetry column (R-3),0.8242342000012286,0.6589769999263808
"telemetry.row('FIX-STARTS-FULL', 'P-02', 'full:P-02', 'grid[122]').wall_clock_seconds",E,declared telemetry column (R-3),0.9070603000000119,0.9025531000224873
"telemetry.row('FIX-STARTS-FULL', 'P-02', 'full:P-02', 'grid[123]').wall_clock_seconds",E,declared telemetry column (R-3),0.6186598999993294,0.8517093999544159
"telemetry.row('FIX-STARTS-FULL', 'P-02', 'full:P-02', 'grid[124]').wall_clock_seconds",E,declared telemetry column (R-3),0.642096000003221,0.7455626000883058
"telemetry.row('FIX-STARTS-FULL', 'P-02', 'full:P-02', 'grid[125]').wall_clock_seconds",E,declared telemetry column (R-3),0.753660199996375,0.8102490999735892
"telemetry.row('FIX-STARTS-FULL', 'P-02', 'full:P-02', 'grid[126]').wall_clock_seconds",E,declared telemetry column (R-3),0.7779730999973253,0.7654477000469342
"telemetry.row('FIX-STARTS-FULL', 'P-02', 'full:P-02', 'grid[127]').wall_clock_seconds",E,declared telemetry column (R-3),0.787024700002803,0.8642867999151349
"telemetry.row('FIX-STARTS-FULL', 'P-02', 'full:P-02', 'grid[128]').wall_clock_seconds",E,declared telemetry column (R-3),1.458352299996477,1.709063799935393
"telemetry.row('FIX-STARTS-FULL', 'P-02', 'full:P-02', 'grid[129]').wall_clock_seconds",E,declared telemetry column (R-3),0.6626493000003393,0.7721602000528947
"telemetry.row('FIX-STARTS-FULL', 'P-02', 'full:P-02', 'grid[12]').wall_clock_seconds",E,declared telemetry column (R-3),0.8697572999953991,0.8359512999886647
"telemetry.row('FIX-STARTS-FULL', 'P-02', 'full:P-02', 'grid[130]').wall_clock_seconds",E,declared telemetry column (R-3),0.47325740000087535,0.5683804999571294
"telemetry.row('FIX-STARTS-FULL', 'P-02', 'full:P-02', 'grid[131]').wall_clock_seconds",E,declared telemetry column (R-3),0.7832464000020991,0.8351039999397472
"telemetry.row('FIX-STARTS-FULL', 'P-02', 'full:P-02', 'grid[132]').wall_clock_seconds",E,declared telemetry column (R-3),0.5006539000023622,0.609043600037694
"telemetry.row('FIX-STARTS-FULL', 'P-02', 'full:P-02', 'grid[133]').wall_clock_seconds",E,declared telemetry column (R-3),0.5558203999971738,0.6411041000392288
"telemetry.row('FIX-STARTS-FULL', 'P-02', 'full:P-02', 'grid[134]').wall_clock_seconds",E,declared telemetry column (R-3),0.6210513000041828,0.7155804999638349
"telemetry.row('FIX-STARTS-FULL', 'P-02', 'full:P-02', 'grid[135]').wall_clock_seconds",E,declared telemetry column (R-3),1.6745756000018446,1.9915311000077054
"telemetry.row('FIX-STARTS-FULL', 'P-02', 'full:P-02', 'grid[136]').wall_clock_seconds",E,declared telemetry column (R-3),1.301875299999665,1.43415569991339
"telemetry.row('FIX-STARTS-FULL', 'P-02', 'full:P-02', 'grid[137]').wall_clock_seconds",E,declared telemetry column (R-3),1.7225030999979936,1.9155993000604212
"telemetry.row('FIX-STARTS-FULL', 'P-02', 'full:P-02', 'grid[138]').wall_clock_seconds",E,declared telemetry column (R-3),0.8929631999999401,0.9598911999491975
"telemetry.row('FIX-STARTS-FULL', 'P-02', 'full:P-02', 'grid[139]').wall_clock_seconds",E,declared telemetry column (R-3),0.7208006000000751,0.7912549000466242
"telemetry.row('FIX-STARTS-FULL', 'P-02', 'full:P-02', 'grid[13]').wall_clock_seconds",E,declared telemetry column (R-3),2.3382786000001943,1.9303831999422982
"telemetry.row('FIX-STARTS-FULL', 'P-02', 'full:P-02', 'grid[140]').wall_clock_seconds",E,declared telemetry column (R-3),0.7150168000007397,0.7914927999954671
"telemetry.row('FIX-STARTS-FULL', 'P-02', 'full:P-02', 'grid[141]').wall_clock_seconds",E,declared telemetry column (R-3),0.6808885999998893,0.7302674000384286
"telemetry.row('FIX-STARTS-FULL', 'P-02', 'full:P-02', 'grid[142]').wall_clock_seconds",E,declared telemetry column (R-3),1.3065385000008973,1.5497092000441626
"telemetry.row('FIX-STARTS-FULL', 'P-02', 'full:P-02', 'grid[143]').wall_clock_seconds",E,declared telemetry column (R-3),0.782990300001984,0.9214599999831989
"telemetry.row('FIX-STARTS-FULL', 'P-02', 'full:P-02', 'grid[144]').wall_clock_seconds",E,declared telemetry column (R-3),0.9350634000002174,1.1105456999503076
"telemetry.row('FIX-STARTS-FULL', 'P-02', 'full:P-02', 'grid[145]').wall_clock_seconds",E,declared telemetry column (R-3),1.6949550000063027,2.019103999948129
"telemetry.row('FIX-STARTS-FULL', 'P-02', 'full:P-02', 'grid[146]').wall_clock_seconds",E,declared telemetry column (R-3),1.647151400000439,1.9309963999548927
"telemetry.row('FIX-STARTS-FULL', 'P-02', 'full:P-02', 'grid[147]').wall_clock_seconds",E,declared telemetry column (R-3),0.5332655000020168,0.632845199899748
"telemetry.row('FIX-STARTS-FULL', 'P-02', 'full:P-02', 'grid[148]').wall_clock_seconds",E,declared telemetry column (R-3),0.5052855000030831,0.6025884000118822
"telemetry.row('FIX-STARTS-FULL', 'P-02', 'full:P-02', 'grid[149]').wall_clock_seconds",E,declared telemetry column (R-3),0.41377749999810476,0.48650549992453307
"telemetry.row('FIX-STARTS-FULL', 'P-02', 'full:P-02', 'grid[14]').wall_clock_seconds",E,declared telemetry column (R-3),2.9056067999990773,1.8737837999360636
"telemetry.row('FIX-STARTS-FULL', 'P-02', 'full:P-02', 'grid[150]').wall_clock_seconds",E,declared telemetry column (R-3),0.5180645000000368,0.6139535999391228
"telemetry.row('FIX-STARTS-FULL', 'P-02', 'full:P-02', 'grid[151]').wall_clock_seconds",E,declared telemetry column (R-3),0.5564264999993611,0.6920127999037504
"telemetry.row('FIX-STARTS-FULL', 'P-02', 'full:P-02', 'grid[152]').wall_clock_seconds",E,declared telemetry column (R-3),0.690244099998381,0.841168100014329
"telemetry.row('FIX-STARTS-FULL', 'P-02', 'full:P-02', 'grid[153]').wall_clock_seconds",E,declared telemetry column (R-3),0.6595043999986956,0.8274393000174314
"telemetry.row('FIX-STARTS-FULL', 'P-02', 'full:P-02', 'grid[154]').wall_clock_seconds",E,declared telemetry column (R-3),0.6686104999971576,0.8508075000718236
"telemetry.row('FIX-STARTS-FULL', 'P-02', 'full:P-02', 'grid[155]').wall_clock_seconds",E,declared telemetry column (R-3),0.6174625999992713,0.7500451999949291
"telemetry.row('FIX-STARTS-FULL', 'P-02', 'full:P-02', 'grid[156]').wall_clock_seconds",E,declared telemetry column (R-3),0.7360961999947904,0.6828335999744013
"telemetry.row('FIX-STARTS-FULL', 'P-02', 'full:P-02', 'grid[157]').wall_clock_seconds",E,declared telemetry column (R-3),0.6983007000017096,0.7673052999889478
"telemetry.row('FIX-STARTS-FULL', 'P-02', 'full:P-02', 'grid[158]').wall_clock_seconds",E,declared telemetry column (R-3),0.7829294999974081,0.9316957999253646
"telemetry.row('FIX-STARTS-FULL', 'P-02', 'full:P-02', 'grid[159]').wall_clock_seconds",E,declared telemetry column (R-3),0.45072629999776836,0.509624500060454
"telemetry.row('FIX-STARTS-FULL', 'P-02', 'full:P-02', 'grid[15]').wall_clock_seconds",E,declared telemetry column (R-3),1.1047840000028373,0.9463120000436902
"telemetry.row('FIX-STARTS-FULL', 'P-02', 'full:P-02', 'grid[160]').wall_clock_seconds",E,declared telemetry column (R-3),0.6606534000020474,0.7453310999553651
"telemetry.row('FIX-STARTS-FULL', 'P-02', 'full:P-02', 'grid[161]').wall_clock_seconds",E,declared telemetry column (R-3),0.6312092999942251,0.7586950999684632
"telemetry.row('FIX-STARTS-FULL', 'P-02', 'full:P-02', 'grid[162]').wall_clock_seconds",E,declared telemetry column (R-3),1.0618596999993315,1.247571500018239
"telemetry.row('FIX-STARTS-FULL', 'P-02', 'full:P-02', 'grid[163]').wall_clock_seconds",E,declared telemetry column (R-3),0.8135334000035073,0.9462631000205874
"telemetry.row('FIX-STARTS-FULL', 'P-02', 'full:P-02', 'grid[164]').wall_clock_seconds",E,declared telemetry column (R-3),0.741900799999712,0.8474816000089049
"telemetry.row('FIX-STARTS-FULL', 'P-02', 'full:P-02', 'grid[165]').wall_clock_seconds",E,declared telemetry column (R-3),0.6116543999960413,0.7274563000537455
"telemetry.row('FIX-STARTS-FULL', 'P-02', 'full:P-02', 'grid[166]').wall_clock_seconds",E,declared telemetry column (R-3),0.7786332999967271,0.9215779000660405
"telemetry.row('FIX-STARTS-FULL', 'P-02', 'full:P-02', 'grid[167]').wall_clock_seconds",E,declared telemetry column (R-3),0.6081626000013785,0.7095753999892622
"telemetry.row('FIX-STARTS-FULL', 'P-02', 'full:P-02', 'grid[168]').wall_clock_seconds",E,declared telemetry column (R-3),1.6490079999930458,1.9415081999031827
"telemetry.row('FIX-STARTS-FULL', 'P-02', 'full:P-02', 'grid[169]').wall_clock_seconds",E,declared telemetry column (R-3),0.6047385999991093,0.7357427000533789
"telemetry.row('FIX-STARTS-FULL', 'P-02', 'full:P-02', 'grid[16]').wall_clock_seconds",E,declared telemetry column (R-3),2.215957399996114,1.9520367999793962
"telemetry.row('FIX-STARTS-FULL', 'P-02', 'full:P-02', 'grid[170]').wall_clock_seconds",E,declared telemetry column (R-3),0.7217375999971409,0.7891932000638917
"telemetry.row('FIX-STARTS-FULL', 'P-02', 'full:P-02', 'grid[171]').wall_clock_seconds",E,declared telemetry column (R-3),1.670756599996821,2.1023743000114337
"telemetry.row('FIX-STARTS-FULL', 'P-02', 'full:P-02', 'grid[172]').wall_clock_seconds",E,declared telemetry column (R-3),0.9528312999973423,1.058763200067915
"telemetry.row('FIX-STARTS-FULL', 'P-02', 'full:P-02', 'grid[173]').wall_clock_seconds",E,declared telemetry column (R-3),1.949299100000644,2.005793199990876
"telemetry.row('FIX-STARTS-FULL', 'P-02', 'full:P-02', 'grid[174]').wall_clock_seconds",E,declared telemetry column (R-3),0.7306155000042054,0.859645799966529
"telemetry.row('FIX-STARTS-FULL', 'P-02', 'full:P-02', 'grid[175]').wall_clock_seconds",E,declared telemetry column (R-3),0.6009957999995095,0.6802839000010863
"telemetry.row('FIX-STARTS-FULL', 'P-02', 'full:P-02', 'grid[176]').wall_clock_seconds",E,declared telemetry column (R-3),0.8012993000011193,0.949353100033477
"telemetry.row('FIX-STARTS-FULL', 'P-02', 'full:P-02', 'grid[177]').wall_clock_seconds",E,declared telemetry column (R-3),0.6620955999969738,0.7276122999610379
"telemetry.row('FIX-STARTS-FULL', 'P-02', 'full:P-02', 'grid[178]').wall_clock_seconds",E,declared telemetry column (R-3),0.5660975999999209,0.6443740000249818
"telemetry.row('FIX-STARTS-FULL', 'P-02', 'full:P-02', 'grid[179]').wall_clock_seconds",E,declared telemetry column (R-3),0.7467948999983491,0.8639473000075668
"telemetry.row('FIX-STARTS-FULL', 'P-02', 'full:P-02', 'grid[17]').wall_clock_seconds",E,declared telemetry column (R-3),1.0924388999992516,1.0354509999742731
"telemetry.row('FIX-STARTS-FULL', 'P-02', 'full:P-02', 'grid[180]').wall_clock_seconds",E,declared telemetry column (R-3),0.539560099998198,0.6283789000008255
"telemetry.row('FIX-STARTS-FULL', 'P-02', 'full:P-02', 'grid[181]').wall_clock_seconds",E,declared telemetry column (R-3),0.6500185000040801,0.7505333001026884
"telemetry.row('FIX-STARTS-FULL', 'P-02', 'full:P-02', 'grid[182]').wall_clock_seconds",E,declared telemetry column (R-3),0.6692102000015439,0.7992562000872567
"telemetry.row('FIX-STARTS-FULL', 'P-02', 'full:P-02', 'grid[183]').wall_clock_seconds",E,declared telemetry column (R-3),0.6877617000063765,0.8235762000549585
"telemetry.row('FIX-STARTS-FULL', 'P-02', 'full:P-02', 'grid[184]').wall_clock_seconds",E,declared telemetry column (R-3),0.6555410000000848,0.7838383000344038
"telemetry.row('FIX-STARTS-FULL', 'P-02', 'full:P-02', 'grid[185]').wall_clock_seconds",E,declared telemetry column (R-3),0.6732057999979588,0.800414300058037
"telemetry.row('FIX-STARTS-FULL', 'P-02', 'full:P-02', 'grid[186]').wall_clock_seconds",E,declared telemetry column (R-3),0.7011525000052643,0.8505694000050426
"telemetry.row('FIX-STARTS-FULL', 'P-02', 'full:P-02', 'grid[187]').wall_clock_seconds",E,declared telemetry column (R-3),0.587100199998531,0.7000289999414235
"telemetry.row('FIX-STARTS-FULL', 'P-02', 'full:P-02', 'grid[188]').wall_clock_seconds",E,declared telemetry column (R-3),1.0673452000046382,1.3089876000303775
"telemetry.row('FIX-STARTS-FULL', 'P-02', 'full:P-02', 'grid[189]').wall_clock_seconds",E,declared telemetry column (R-3),0.6805546000032336,0.8142840000800788
"telemetry.row('FIX-STARTS-FULL', 'P-02', 'full:P-02', 'grid[18]').wall_clock_seconds",E,declared telemetry column (R-3),0.9381174000009196,1.1728044000919908
"telemetry.row('FIX-STARTS-FULL', 'P-02', 'full:P-02', 'grid[190]').wall_clock_seconds",E,declared telemetry column (R-3),1.6730969000054756,1.9528632999863476
"telemetry.row('FIX-STARTS-FULL', 'P-02', 'full:P-02', 'grid[191]').wall_clock_seconds",E,declared telemetry column (R-3),0.6894315000026836,0.7965077999979258
"telemetry.row('FIX-STARTS-FULL', 'P-02', 'full:P-02', 'grid[192]').wall_clock_seconds",E,declared telemetry column (R-3),1.0450291999950423,0.9478681999025866
"telemetry.row('FIX-STARTS-FULL', 'P-02', 'full:P-02', 'grid[193]').wall_clock_seconds",E,declared telemetry column (R-3),0.7995848999998998,0.8798226000508294
"telemetry.row('FIX-STARTS-FULL', 'P-02', 'full:P-02', 'grid[194]').wall_clock_seconds",E,declared telemetry column (R-3),0.7520899000010104,0.8118268999969587
"telemetry.row('FIX-STARTS-FULL', 'P-02', 'full:P-02', 'grid[195]').wall_clock_seconds",E,declared telemetry column (R-3),0.8669407000052161,0.8990208000177518
"telemetry.row('FIX-STARTS-FULL', 'P-02', 'full:P-02', 'grid[196]').wall_clock_seconds",E,declared telemetry column (R-3),0.8706645999991451,0.958613199996762
"telemetry.row('FIX-STARTS-FULL', 'P-02', 'full:P-02', 'grid[197]').wall_clock_seconds",E,declared telemetry column (R-3),1.9779693999953452,1.9491857000393793
"telemetry.row('FIX-STARTS-FULL', 'P-02', 'full:P-02', 'grid[198]').wall_clock_seconds",E,declared telemetry column (R-3),1.7741785000034724,2.0363578000105917
"telemetry.row('FIX-STARTS-FULL', 'P-02', 'full:P-02', 'grid[199]').wall_clock_seconds",E,declared telemetry column (R-3),0.8193647000007331,0.8801621000748128
"telemetry.row('FIX-STARTS-FULL', 'P-02', 'full:P-02', 'grid[19]').wall_clock_seconds",E,declared telemetry column (R-3),0.8670103000040399,0.9769901999970898
"telemetry.row('FIX-STARTS-FULL', 'P-02', 'full:P-02', 'grid[1]').wall_clock_seconds",E,declared telemetry column (R-3),1.0796116999990772,0.9892586000496522
"telemetry.row('FIX-STARTS-FULL', 'P-02', 'full:P-02', 'grid[200]').wall_clock_seconds",E,declared telemetry column (R-3),0.873616500000935,0.950511800008826
"telemetry.row('FIX-STARTS-FULL', 'P-02', 'full:P-02', 'grid[201]').wall_clock_seconds",E,declared telemetry column (R-3),0.6923258000024362,0.7152389999246225
"telemetry.row('FIX-STARTS-FULL', 'P-02', 'full:P-02', 'grid[202]').wall_clock_seconds",E,declared telemetry column (R-3),0.6958354000016698,0.9312847000546753
"telemetry.row('FIX-STARTS-FULL', 'P-02', 'full:P-02', 'grid[203]').wall_clock_seconds",E,declared telemetry column (R-3),0.6398035000020172,0.8093642999883741
"telemetry.row('FIX-STARTS-FULL', 'P-02', 'full:P-02', 'grid[204]').wall_clock_seconds",E,declared telemetry column (R-3),1.0867241000014474,1.045445599942468
"telemetry.row('FIX-STARTS-FULL', 'P-02', 'full:P-02', 'grid[205]').wall_clock_seconds",E,declared telemetry column (R-3),0.81012809999811,0.8071760999737307
"telemetry.row('FIX-STARTS-FULL', 'P-02', 'full:P-02', 'grid[206]').wall_clock_seconds",E,declared telemetry column (R-3),0.8537861000004341,0.9074781000381336
"telemetry.row('FIX-STARTS-FULL', 'P-02', 'full:P-02', 'grid[207]').wall_clock_seconds",E,declared telemetry column (R-3),0.71151710000413,0.7602066999534145
"telemetry.row('FIX-STARTS-FULL', 'P-02', 'full:P-02', 'grid[208]').wall_clock_seconds",E,declared telemetry column (R-3),1.7648401999977068,1.9334250000538304
"telemetry.row('FIX-STARTS-FULL', 'P-02', 'full:P-02', 'grid[209]').wall_clock_seconds",E,declared telemetry column (R-3),1.311059200001182,1.449314899975434
"telemetry.row('FIX-STARTS-FULL', 'P-02', 'full:P-02', 'grid[20]').wall_clock_seconds",E,declared telemetry column (R-3),2.608618500002194,2.0845173000125214
"telemetry.row('FIX-STARTS-FULL', 'P-02', 'full:P-02', 'grid[210]').wall_clock_seconds",E,declared telemetry column (R-3),2.0813775999995414,1.9722252999199554
"telemetry.row('FIX-STARTS-FULL', 'P-02', 'full:P-02', 'grid[211]').wall_clock_seconds",E,declared telemetry column (R-3),1.651759200001834,1.9371305000968277
"telemetry.row('FIX-STARTS-FULL', 'P-02', 'full:P-02', 'grid[212]').wall_clock_seconds",E,declared telemetry column (R-3),0.5992943000019295,0.6321201999671757
"telemetry.row('FIX-STARTS-FULL', 'P-02', 'full:P-02', 'grid[213]').wall_clock_seconds",E,declared telemetry column (R-3),0.7879381999955513,0.9285446999128908
"telemetry.row('FIX-STARTS-FULL', 'P-02', 'full:P-02', 'grid[214]').wall_clock_seconds",E,declared telemetry column (R-3),1.8822087000007741,1.9582063000416383
"telemetry.row('FIX-STARTS-FULL', 'P-02', 'full:P-02', 'grid[215]').wall_clock_seconds",E,declared telemetry column (R-3),0.7776221000021906,0.9222897000145167
"telemetry.row('FIX-STARTS-FULL', 'P-02', 'full:P-02', 'grid[216]').wall_clock_seconds",E,declared telemetry column (R-3),0.7002147000021068,0.8338861000956967
"telemetry.row('FIX-STARTS-FULL', 'P-02', 'full:P-02', 'grid[217]').wall_clock_seconds",E,declared telemetry column (R-3),0.7948029000035604,0.9153610999928787
"telemetry.row('FIX-STARTS-FULL', 'P-02', 'full:P-02', 'grid[218]').wall_clock_seconds",E,declared telemetry column (R-3),0.5954769000018132,0.7071907999925315
"telemetry.row('FIX-STARTS-FULL', 'P-02', 'full:P-02', 'grid[219]').wall_clock_seconds",E,declared telemetry column (R-3),0.6290319999970961,0.6851547999540344
"telemetry.row('FIX-STARTS-FULL', 'P-02', 'full:P-02', 'grid[21]').wall_clock_seconds",E,declared telemetry column (R-3),0.74993739999627,0.7683288999833167
"telemetry.row('FIX-STARTS-FULL', 'P-02', 'full:P-02', 'grid[220]').wall_clock_seconds",E,declared telemetry column (R-3),0.6353852999964147,0.7381734000518918
"telemetry.row('FIX-STARTS-FULL', 'P-02', 'full:P-02', 'grid[221]').wall_clock_seconds",E,declared telemetry column (R-3),0.6472579999972368,0.7124028999824077
"telemetry.row('FIX-STARTS-FULL', 'P-02', 'full:P-02', 'grid[222]').wall_clock_seconds",E,declared telemetry column (R-3),1.7289472999982536,1.9577472999226302
"telemetry.row('FIX-STARTS-FULL', 'P-02', 'full:P-02', 'grid[223]').wall_clock_seconds",E,declared telemetry column (R-3),1.9100504999951227,1.9536999999545515
"telemetry.row('FIX-STARTS-FULL', 'P-02', 'full:P-02', 'grid[224]').wall_clock_seconds",E,declared telemetry column (R-3),1.3400449999971897,1.0510901000816375
"telemetry.row('FIX-STARTS-FULL', 'P-02', 'full:P-02', 'grid[225]').wall_clock_seconds",E,declared telemetry column (R-3),1.794546299999638,1.9471400999464095
"telemetry.row('FIX-STARTS-FULL', 'P-02', 'full:P-02', 'grid[226]').wall_clock_seconds",E,declared telemetry column (R-3),0.7303476000015507,0.7984314999775961
"telemetry.row('FIX-STARTS-FULL', 'P-02', 'full:P-02', 'grid[227]').wall_clock_seconds",E,declared telemetry column (R-3),0.6549435999986599,0.7726501000579447
"telemetry.row('FIX-STARTS-FULL', 'P-02', 'full:P-02', 'grid[228]').wall_clock_seconds",E,declared telemetry column (R-3),0.7266563000011956,0.8246000000508502
"telemetry.row('FIX-STARTS-FULL', 'P-02', 'full:P-02', 'grid[229]').wall_clock_seconds",E,declared telemetry column (R-3),0.8759905000042636,0.9543510999064893
"telemetry.row('FIX-STARTS-FULL', 'P-02', 'full:P-02', 'grid[22]').wall_clock_seconds",E,declared telemetry column (R-3),0.7043083000025945,0.6869495999999344
"telemetry.row('FIX-STARTS-FULL', 'P-02', 'full:P-02', 'grid[230]').wall_clock_seconds",E,declared telemetry column (R-3),0.7430945000014617,0.8599479999393225
"telemetry.row('FIX-STARTS-FULL', 'P-02', 'full:P-02', 'grid[231]').wall_clock_seconds",E,declared telemetry column (R-3),0.7649285000006785,0.9081264999695122
"telemetry.row('FIX-STARTS-FULL', 'P-02', 'full:P-02', 'grid[232]').wall_clock_seconds",E,declared telemetry column (R-3),1.7273083999971277,1.8871097000082955
"telemetry.row('FIX-STARTS-FULL', 'P-02', 'full:P-02', 'grid[233]').wall_clock_seconds",E,declared telemetry column (R-3),0.9043310999986716,1.0393950999714434
"telemetry.row('FIX-STARTS-FULL', 'P-02', 'full:P-02', 'grid[234]').wall_clock_seconds",E,declared telemetry column (R-3),1.7473268000030657,2.0299958999967203
"telemetry.row('FIX-STARTS-FULL', 'P-02', 'full:P-02', 'grid[235]').wall_clock_seconds",E,declared telemetry column (R-3),0.545169299999543,0.6287085000658408
"telemetry.row('FIX-STARTS-FULL', 'P-02', 'full:P-02', 'grid[236]').wall_clock_seconds",E,declared telemetry column (R-3),0.7641418999992311,0.8797172999475151
"telemetry.row('FIX-STARTS-FULL', 'P-02', 'full:P-02', 'grid[237]').wall_clock_seconds",E,declared telemetry column (R-3),1.802337000000989,1.9845162999117747
"telemetry.row('FIX-STARTS-FULL', 'P-02', 'full:P-02', 'grid[238]').wall_clock_seconds",E,declared telemetry column (R-3),1.7737344000051962,1.9584488000255078
"telemetry.row('FIX-STARTS-FULL', 'P-02', 'full:P-02', 'grid[239]').wall_clock_seconds",E,declared telemetry column (R-3),0.6670307000022149,0.7573386000003666
"telemetry.row('FIX-STARTS-FULL', 'P-02', 'full:P-02', 'grid[23]').wall_clock_seconds",E,declared telemetry column (R-3),1.750138600000355,1.9402521000010893
"telemetry.row('FIX-STARTS-FULL', 'P-02', 'full:P-02', 'grid[240]').wall_clock_seconds",E,declared telemetry column (R-3),1.6039298000032431,1.921058899955824
"telemetry.row('FIX-STARTS-FULL', 'P-02', 'full:P-02', 'grid[241]').wall_clock_seconds",E,declared telemetry column (R-3),1.8588717000020551,2.235935700009577
"telemetry.row('FIX-STARTS-FULL', 'P-02', 'full:P-02', 'grid[242]').wall_clock_seconds",E,declared telemetry column (R-3),0.7309229999955278,0.7802566000027582
"telemetry.row('FIX-STARTS-FULL', 'P-02', 'full:P-02', 'grid[243]').wall_clock_seconds",E,declared telemetry column (R-3),0.6979980999967665,0.7484811999602243
"telemetry.row('FIX-STARTS-FULL', 'P-02', 'full:P-02', 'grid[244]').wall_clock_seconds",E,declared telemetry column (R-3),0.8508140000049025,0.9243072000099346
"telemetry.row('FIX-STARTS-FULL', 'P-02', 'full:P-02', 'grid[245]').wall_clock_seconds",E,declared telemetry column (R-3),0.611532900002203,0.6904085000278428
"telemetry.row('FIX-STARTS-FULL', 'P-02', 'full:P-02', 'grid[246]').wall_clock_seconds",E,declared telemetry column (R-3),0.6794175000031828,0.7968393999617547
"telemetry.row('FIX-STARTS-FULL', 'P-02', 'full:P-02', 'grid[247]').wall_clock_seconds",E,declared telemetry column (R-3),1.7011318000004394,1.955702199949883
"telemetry.row('FIX-STARTS-FULL', 'P-02', 'full:P-02', 'grid[248]').wall_clock_seconds",E,declared telemetry column (R-3),1.738700299996708,1.9459383999928832
"telemetry.row('FIX-STARTS-FULL', 'P-02', 'full:P-02', 'grid[249]').wall_clock_seconds",E,declared telemetry column (R-3),1.7121022999999695,1.9715123999631032
"telemetry.row('FIX-STARTS-FULL', 'P-02', 'full:P-02', 'grid[24]').wall_clock_seconds",E,declared telemetry column (R-3),0.9687414999934845,0.7843675999902189
"telemetry.row('FIX-STARTS-FULL', 'P-02', 'full:P-02', 'grid[250]').wall_clock_seconds",E,declared telemetry column (R-3),1.2443542000037269,1.4691624999977648
"telemetry.row('FIX-STARTS-FULL', 'P-02', 'full:P-02', 'grid[251]').wall_clock_seconds",E,declared telemetry column (R-3),1.4757724999944912,1.6329240000341088
"telemetry.row('FIX-STARTS-FULL', 'P-02', 'full:P-02', 'grid[252]').wall_clock_seconds",E,declared telemetry column (R-3),1.768344199997955,2.0880615999922156
"telemetry.row('FIX-STARTS-FULL', 'P-02', 'full:P-02', 'grid[253]').wall_clock_seconds",E,declared telemetry column (R-3),1.7716719999953057,2.139446199988015
"telemetry.row('FIX-STARTS-FULL', 'P-02', 'full:P-02', 'grid[254]').wall_clock_seconds",E,declared telemetry column (R-3),1.746174499996414,1.9437807999784127
"telemetry.row('FIX-STARTS-FULL', 'P-02', 'full:P-02', 'grid[255]').wall_clock_seconds",E,declared telemetry column (R-3),1.7940783999947598,1.9578276999527588
"telemetry.row('FIX-STARTS-FULL', 'P-02', 'full:P-02', 'grid[256]').wall_clock_seconds",E,declared telemetry column (R-3),0.8435487000024295,0.8929569999454543
"telemetry.row('FIX-STARTS-FULL', 'P-02', 'full:P-02', 'grid[257]').wall_clock_seconds",E,declared telemetry column (R-3),1.9661111000023084,1.8884045999730006
"telemetry.row('FIX-STARTS-FULL', 'P-02', 'full:P-02', 'grid[258]').wall_clock_seconds",E,declared telemetry column (R-3),1.4916224000044167,1.6384170999517664
"telemetry.row('FIX-STARTS-FULL', 'P-02', 'full:P-02', 'grid[259]').wall_clock_seconds",E,declared telemetry column (R-3),0.9348738999979105,0.9704138999804854
"telemetry.row('FIX-STARTS-FULL', 'P-02', 'full:P-02', 'grid[25]').wall_clock_seconds",E,declared telemetry column (R-3),0.7292099000042072,0.7727830000221729
"telemetry.row('FIX-STARTS-FULL', 'P-02', 'full:P-02', 'grid[260]').wall_clock_seconds",E,declared telemetry column (R-3),0.9862695000047097,1.038365799933672
"telemetry.row('FIX-STARTS-FULL', 'P-02', 'full:P-02', 'grid[26]').wall_clock_seconds",E,declared telemetry column (R-3),0.48756500000308733,0.5693979000207037
"telemetry.row('FIX-STARTS-FULL', 'P-02', 'full:P-02', 'grid[27]').wall_clock_seconds",E,declared telemetry column (R-3),1.1774577999967732,1.2834982000058517
"telemetry.row('FIX-STARTS-FULL', 'P-02', 'full:P-02', 'grid[28]').wall_clock_seconds",E,declared telemetry column (R-3),0.7824340000006487,0.8699758999282494
"telemetry.row('FIX-STARTS-FULL', 'P-02', 'full:P-02', 'grid[29]').wall_clock_seconds",E,declared telemetry column (R-3),0.7560410000005504,0.8061344999587163
"telemetry.row('FIX-STARTS-FULL', 'P-02', 'full:P-02', 'grid[2]').wall_clock_seconds",E,declared telemetry column (R-3),0.9874224000013783,1.072118500014767
"telemetry.row('FIX-STARTS-FULL', 'P-02', 'full:P-02', 'grid[30]').wall_clock_seconds",E,declared telemetry column (R-3),0.8739056000049459,0.8755400000372902
"telemetry.row('FIX-STARTS-FULL', 'P-02', 'full:P-02', 'grid[31]').wall_clock_seconds",E,declared telemetry column (R-3),1.1238722999987658,0.749188799993135
"telemetry.row('FIX-STARTS-FULL', 'P-02', 'full:P-02', 'grid[32]').wall_clock_seconds",E,declared telemetry column (R-3),1.2572064999985741,0.8640817999839783
"telemetry.row('FIX-STARTS-FULL', 'P-02', 'full:P-02', 'grid[33]').wall_clock_seconds",E,declared telemetry column (R-3),1.2915715999988606,0.8007128000026569
"telemetry.row('FIX-STARTS-FULL', 'P-02', 'full:P-02', 'grid[34]').wall_clock_seconds",E,declared telemetry column (R-3),0.5925636000029044,0.4987200000323355
"telemetry.row('FIX-STARTS-FULL', 'P-02', 'full:P-02', 'grid[35]').wall_clock_seconds",E,declared telemetry column (R-3),1.1105421999964165,1.0363080999813974
"telemetry.row('FIX-STARTS-FULL', 'P-02', 'full:P-02', 'grid[36]').wall_clock_seconds",E,declared telemetry column (R-3),0.7071887999991304,0.837043600040488
"telemetry.row('FIX-STARTS-FULL', 'P-02', 'full:P-02', 'grid[37]').wall_clock_seconds",E,declared telemetry column (R-3),0.6873875000019325,0.8052479999605566
"telemetry.row('FIX-STARTS-FULL', 'P-02', 'full:P-02', 'grid[38]').wall_clock_seconds",E,declared telemetry column (R-3),1.6994410999977845,1.9192746999906376
"telemetry.row('FIX-STARTS-FULL', 'P-02', 'full:P-02', 'grid[39]').wall_clock_seconds",E,declared telemetry column (R-3),3.159046100001433,1.9523376999422908
"telemetry.row('FIX-STARTS-FULL', 'P-02', 'full:P-02', 'grid[3]').wall_clock_seconds",E,declared telemetry column (R-3),0.6843843000024208,0.7728978999657556
"telemetry.row('FIX-STARTS-FULL', 'P-02', 'full:P-02', 'grid[40]').wall_clock_seconds",E,declared telemetry column (R-3),1.046334000006027,0.6837553000077605
"telemetry.row('FIX-STARTS-FULL', 'P-02', 'full:P-02', 'grid[41]').wall_clock_seconds",E,declared telemetry column (R-3),1.3106477000037557,0.8863682000664994
"telemetry.row('FIX-STARTS-FULL', 'P-02', 'full:P-02', 'grid[42]').wall_clock_seconds",E,declared telemetry column (R-3),2.690720799997507,1.8875144999474287
"telemetry.row('FIX-STARTS-FULL', 'P-02', 'full:P-02', 'grid[43]').wall_clock_seconds",E,declared telemetry column (R-3),0.6538170999992872,0.5683187999529764
"telemetry.row('FIX-STARTS-FULL', 'P-02', 'full:P-02', 'grid[44]').wall_clock_seconds",E,declared telemetry column (R-3),0.4589352999973926,0.4309883000096306
"telemetry.row('FIX-STARTS-FULL', 'P-02', 'full:P-02', 'grid[45]').wall_clock_seconds",E,declared telemetry column (R-3),0.6922030000059749,0.7642919999780133
"telemetry.row('FIX-STARTS-FULL', 'P-02', 'full:P-02', 'grid[46]').wall_clock_seconds",E,declared telemetry column (R-3),1.6438114999982645,1.9302907000528648
"telemetry.row('FIX-STARTS-FULL', 'P-02', 'full:P-02', 'grid[47]').wall_clock_seconds",E,declared telemetry column (R-3),1.6388995000015711,1.9525419999845326
"telemetry.row('FIX-STARTS-FULL', 'P-02', 'full:P-02', 'grid[48]').wall_clock_seconds",E,declared telemetry column (R-3),0.7946585000026971,0.9249015999957919
"telemetry.row('FIX-STARTS-FULL', 'P-02', 'full:P-02', 'grid[49]').wall_clock_seconds",E,declared telemetry column (R-3),1.1769697999989148,1.1934949000133201
"telemetry.row('FIX-STARTS-FULL', 'P-02', 'full:P-02', 'grid[4]').wall_clock_seconds",E,declared telemetry column (R-3),1.1214582000029623,0.9262688999297097
"telemetry.row('FIX-STARTS-FULL', 'P-02', 'full:P-02', 'grid[50]').wall_clock_seconds",E,declared telemetry column (R-3),1.1801561000029324,1.077455100021325
"telemetry.row('FIX-STARTS-FULL', 'P-02', 'full:P-02', 'grid[51]').wall_clock_seconds",E,declared telemetry column (R-3),0.6793039999975008,0.763569499948062
"telemetry.row('FIX-STARTS-FULL', 'P-02', 'full:P-02', 'grid[52]').wall_clock_seconds",E,declared telemetry column (R-3),1.2293613000001642,1.2790872000623494
"telemetry.row('FIX-STARTS-FULL', 'P-02', 'full:P-02', 'grid[53]').wall_clock_seconds",E,declared telemetry column (R-3),1.7904085999980452,1.8914057000074536
"telemetry.row('FIX-STARTS-FULL', 'P-02', 'full:P-02', 'grid[54]').wall_clock_seconds",E,declared telemetry column (R-3),2.3425872000007075,1.9384349999018013
"telemetry.row('FIX-STARTS-FULL', 'P-02', 'full:P-02', 'grid[55]').wall_clock_seconds",E,declared telemetry column (R-3),1.0839567999937572,0.8401092999847606
"telemetry.row('FIX-STARTS-FULL', 'P-02', 'full:P-02', 'grid[56]').wall_clock_seconds",E,declared telemetry column (R-3),0.8958064000034938,0.7783179000252858
"telemetry.row('FIX-STARTS-FULL', 'P-02', 'full:P-02', 'grid[57]').wall_clock_seconds",E,declared telemetry column (R-3),1.4143137999999453,1.1309783000033349
"telemetry.row('FIX-STARTS-FULL', 'P-02', 'full:P-02', 'grid[58]').wall_clock_seconds",E,declared telemetry column (R-3),1.3324218000052497,1.1523080000188202
"telemetry.row('FIX-STARTS-FULL', 'P-02', 'full:P-02', 'grid[59]').wall_clock_seconds",E,declared telemetry column (R-3),1.0483119000055012,0.8795190999517217
"telemetry.row('FIX-STARTS-FULL', 'P-02', 'full:P-02', 'grid[5]').wall_clock_seconds",E,declared telemetry column (R-3),1.8645699999979115,2.0407051999354735
"telemetry.row('FIX-STARTS-FULL', 'P-02', 'full:P-02', 'grid[60]').wall_clock_seconds",E,declared telemetry column (R-3),1.0629589000018314,0.7768192000221461
"telemetry.row('FIX-STARTS-FULL', 'P-02', 'full:P-02', 'grid[61]').wall_clock_seconds",E,declared telemetry column (R-3),1.5165046000038274,0.8786753000458702
"telemetry.row('FIX-STARTS-FULL', 'P-02', 'full:P-02', 'grid[62]').wall_clock_seconds",E,declared telemetry column (R-3),1.958287300003576,1.4878099999623373
"telemetry.row('FIX-STARTS-FULL', 'P-02', 'full:P-02', 'grid[63]').wall_clock_seconds",E,declared telemetry column (R-3),2.157423700002255,1.4078958999598399
"telemetry.row('FIX-STARTS-FULL', 'P-02', 'full:P-02', 'grid[64]').wall_clock_seconds",E,declared telemetry column (R-3),0.9756806000004872,0.982174800010398
"telemetry.row('FIX-STARTS-FULL', 'P-02', 'full:P-02', 'grid[65]').wall_clock_seconds",E,declared telemetry column (R-3),0.881339300001855,0.9199068000307307
"telemetry.row('FIX-STARTS-FULL', 'P-02', 'full:P-02', 'grid[66]').wall_clock_seconds",E,declared telemetry column (R-3),1.8746498999971664,1.9404728000517935
"telemetry.row('FIX-STARTS-FULL', 'P-02', 'full:P-02', 'grid[67]').wall_clock_seconds",E,declared telemetry column (R-3),0.7417125000065425,0.8207494999514893
"telemetry.row('FIX-STARTS-FULL', 'P-02', 'full:P-02', 'grid[68]').wall_clock_seconds",E,declared telemetry column (R-3),0.5717885999983991,0.6270234000403434
"telemetry.row('FIX-STARTS-FULL', 'P-02', 'full:P-02', 'grid[69]').wall_clock_seconds",E,declared telemetry column (R-3),0.6910093999977107,0.7042876000050455
"telemetry.row('FIX-STARTS-FULL', 'P-02', 'full:P-02', 'grid[6]').wall_clock_seconds",E,declared telemetry column (R-3),1.681463499997335,2.109790400019847
"telemetry.row('FIX-STARTS-FULL', 'P-02', 'full:P-02', 'grid[70]').wall_clock_seconds",E,declared telemetry column (R-3),1.050592499996128,0.8672202000161633
"telemetry.row('FIX-STARTS-FULL', 'P-02', 'full:P-02', 'grid[71]').wall_clock_seconds",E,declared telemetry column (R-3),0.7042001000008895,0.6904911999590695
"telemetry.row('FIX-STARTS-FULL', 'P-02', 'full:P-02', 'grid[72]').wall_clock_seconds",E,declared telemetry column (R-3),0.8862733000059961,0.7929281000979245
"telemetry.row('FIX-STARTS-FULL', 'P-02', 'full:P-02', 'grid[73]').wall_clock_seconds",E,declared telemetry column (R-3),1.1121723999967799,0.7837119000032544
"telemetry.row('FIX-STARTS-FULL', 'P-02', 'full:P-02', 'grid[74]').wall_clock_seconds",E,declared telemetry column (R-3),1.3883150999972713,0.7459934999933466
"telemetry.row('FIX-STARTS-FULL', 'P-02', 'full:P-02', 'grid[75]').wall_clock_seconds",E,declared telemetry column (R-3),0.8672917000003508,0.8376256000483409
"telemetry.row('FIX-STARTS-FULL', 'P-02', 'full:P-02', 'grid[76]').wall_clock_seconds",E,declared telemetry column (R-3),0.7103543000048376,0.8309238000074401
"telemetry.row('FIX-STARTS-FULL', 'P-02', 'full:P-02', 'grid[77]').wall_clock_seconds",E,declared telemetry column (R-3),0.6039375000036671,0.7113673000130802
"telemetry.row('FIX-STARTS-FULL', 'P-02', 'full:P-02', 'grid[78]').wall_clock_seconds",E,declared telemetry column (R-3),0.8509972999963793,0.8410654000472277
"telemetry.row('FIX-STARTS-FULL', 'P-02', 'full:P-02', 'grid[79]').wall_clock_seconds",E,declared telemetry column (R-3),0.5386079999952926,0.6609469999093562
"telemetry.row('FIX-STARTS-FULL', 'P-02', 'full:P-02', 'grid[7]').wall_clock_seconds",E,declared telemetry column (R-3),0.6816652999987127,0.807954499963671
"telemetry.row('FIX-STARTS-FULL', 'P-02', 'full:P-02', 'grid[80]').wall_clock_seconds",E,declared telemetry column (R-3),0.7438750999936019,0.8963723001070321
"telemetry.row('FIX-STARTS-FULL', 'P-02', 'full:P-02', 'grid[81]').wall_clock_seconds",E,declared telemetry column (R-3),1.7131122999999207,1.968538000015542
"telemetry.row('FIX-STARTS-FULL', 'P-02', 'full:P-02', 'grid[82]').wall_clock_seconds",E,declared telemetry column (R-3),0.5032539999956498,0.589860999956727
"telemetry.row('FIX-STARTS-FULL', 'P-02', 'full:P-02', 'grid[83]').wall_clock_seconds",E,declared telemetry column (R-3),0.7979533999969135,0.9638388999737799
"telemetry.row('FIX-STARTS-FULL', 'P-02', 'full:P-02', 'grid[84]').wall_clock_seconds",E,declared telemetry column (R-3),0.7989659000013489,0.9363082000054419
"telemetry.row('FIX-STARTS-FULL', 'P-02', 'full:P-02', 'grid[85]').wall_clock_seconds",E,declared telemetry column (R-3),1.647895400004927,1.922882299986668
"telemetry.row('FIX-STARTS-FULL', 'P-02', 'full:P-02', 'grid[86]').wall_clock_seconds",E,declared telemetry column (R-3),1.700640500006557,1.935157399973832
"telemetry.row('FIX-STARTS-FULL', 'P-02', 'full:P-02', 'grid[87]').wall_clock_seconds",E,declared telemetry column (R-3),1.675318800000241,1.9299911999842152
"telemetry.row('FIX-STARTS-FULL', 'P-02', 'full:P-02', 'grid[88]').wall_clock_seconds",E,declared telemetry column (R-3),1.9043758999978309,1.9574720000382513
"telemetry.row('FIX-STARTS-FULL', 'P-02', 'full:P-02', 'grid[89]').wall_clock_seconds",E,declared telemetry column (R-3),0.7166646999976365,0.8611694000428542
"telemetry.row('FIX-STARTS-FULL', 'P-02', 'full:P-02', 'grid[8]').wall_clock_seconds",E,declared telemetry column (R-3),0.7691310000009253,0.9246532999677584
"telemetry.row('FIX-STARTS-FULL', 'P-02', 'full:P-02', 'grid[90]').wall_clock_seconds",E,declared telemetry column (R-3),0.540405899999314,0.6255472999764606
"telemetry.row('FIX-STARTS-FULL', 'P-02', 'full:P-02', 'grid[91]').wall_clock_seconds",E,declared telemetry column (R-3),0.5883729999986826,0.7173489999258891
"telemetry.row('FIX-STARTS-FULL', 'P-02', 'full:P-02', 'grid[92]').wall_clock_seconds",E,declared telemetry column (R-3),1.6414458000072045,2.003223100095056
"telemetry.row('FIX-STARTS-FULL', 'P-02', 'full:P-02', 'grid[93]').wall_clock_seconds",E,declared telemetry column (R-3),0.47638610000285553,0.5509644999401644
"telemetry.row('FIX-STARTS-FULL', 'P-02', 'full:P-02', 'grid[94]').wall_clock_seconds",E,declared telemetry column (R-3),0.5389622000002419,0.6172390999272466
"telemetry.row('FIX-STARTS-FULL', 'P-02', 'full:P-02', 'grid[95]').wall_clock_seconds",E,declared telemetry column (R-3),0.8481087999971351,1.0359553000889719
"telemetry.row('FIX-STARTS-FULL', 'P-02', 'full:P-02', 'grid[96]').wall_clock_seconds",E,declared telemetry column (R-3),0.4990728000047966,0.6231297999620438
"telemetry.row('FIX-STARTS-FULL', 'P-02', 'full:P-02', 'grid[97]').wall_clock_seconds",E,declared telemetry column (R-3),0.5653335999959381,0.6864923000102863
"telemetry.row('FIX-STARTS-FULL', 'P-02', 'full:P-02', 'grid[98]').wall_clock_seconds",E,declared telemetry column (R-3),0.5900899000043864,0.7278729000827298
"telemetry.row('FIX-STARTS-FULL', 'P-02', 'full:P-02', 'grid[99]').wall_clock_seconds",E,declared telemetry column (R-3),1.615348699997412,1.9386561999563128
"telemetry.row('FIX-STARTS-FULL', 'P-02', 'full:P-02', 'grid[9]').wall_clock_seconds",E,declared telemetry column (R-3),1.9026250000024447,1.8712731000268832
"telemetry.row('SCEN-A', 'P-01', 'run1:F0:fold0', 'feature').wall_clock_seconds",E,declared telemetry column (R-3),0.33692729999893345,0.37217740004416555
"telemetry.row('SCEN-A', 'P-01', 'run1:F0:fold0', 'grid[0]').wall_clock_seconds",E,declared telemetry column (R-3),0.5213978000028874,0.5881923999404535
"telemetry.row('SCEN-A', 'P-01', 'run1:F0:fold0', 'grid[365]').wall_clock_seconds",E,declared telemetry column (R-3),0.04869079999480164,0.05192180001176894
"telemetry.row('SCEN-A', 'P-01', 'run1:F0:fold0', 'grid[730]').wall_clock_seconds",E,declared telemetry column (R-3),0.06794820000504842,0.07532970001921058
"telemetry.row('SCEN-A', 'P-01', 'run1:F0:fold1', 'feature').wall_clock_seconds",E,declared telemetry column (R-3),0.45467680000001565,0.4907011999748647
"telemetry.row('SCEN-A', 'P-01', 'run1:F0:fold1', 'grid[0]').wall_clock_seconds",E,declared telemetry column (R-3),0.5300530999957118,0.6263964000390843
"telemetry.row('SCEN-A', 'P-01', 'run1:F0:fold1', 'grid[365]').wall_clock_seconds",E,declared telemetry column (R-3),0.3650271000005887,0.4335665999678895
"telemetry.row('SCEN-A', 'P-01', 'run1:F0:fold1', 'grid[730]').wall_clock_seconds",E,declared telemetry column (R-3),0.18514529999811202,0.21237379999365658
"telemetry.row('SCEN-A', 'P-01', 'run1:F0:fold2', 'feature').wall_clock_seconds",E,declared telemetry column (R-3),0.39929209999536397,0.4685985000105575
"telemetry.row('SCEN-A', 'P-01', 'run1:F0:fold2', 'grid[0]').wall_clock_seconds",E,declared telemetry column (R-3),0.5409679000003962,0.630155099905096
"telemetry.row('SCEN-A', 'P-01', 'run1:F0:fold2', 'grid[365]').wall_clock_seconds",E,declared telemetry column (R-3),0.7141831999979331,0.8134508000221103
"telemetry.row('SCEN-A', 'P-01', 'run1:F0:fold2', 'grid[730]').wall_clock_seconds",E,declared telemetry column (R-3),0.15489839999645483,0.1844230000860989
"telemetry.row('SCEN-A', 'P-01', 'run1:F0:fold3', 'feature').wall_clock_seconds",E,declared telemetry column (R-3),0.36478470000292873,0.4300883000250906
"telemetry.row('SCEN-A', 'P-01', 'run1:F0:fold3', 'grid[0]').wall_clock_seconds",E,declared telemetry column (R-3),0.32854170000064187,0.3936107000336051
"telemetry.row('SCEN-A', 'P-01', 'run1:F0:fold3', 'grid[365]').wall_clock_seconds",E,declared telemetry column (R-3),0.5545920000004116,0.6299393000081182
"telemetry.row('SCEN-A', 'P-01', 'run1:F0:fold3', 'grid[730]').wall_clock_seconds",E,declared telemetry column (R-3),0.1878604000012274,0.22160529997199774
"telemetry.row('SCEN-A', 'P-01', 'run1:F0:fold4', 'feature').wall_clock_seconds",E,declared telemetry column (R-3),0.37882250000257045,0.4587992000160739
"telemetry.row('SCEN-A', 'P-01', 'run1:F0:fold4', 'grid[0]').wall_clock_seconds",E,declared telemetry column (R-3),0.5827016999974148,0.6615253000054508
"telemetry.row('SCEN-A', 'P-01', 'run1:F0:fold4', 'grid[365]').wall_clock_seconds",E,declared telemetry column (R-3),0.5227454999985639,0.6065429999725893
"telemetry.row('SCEN-A', 'P-01', 'run1:F0:fold4', 'grid[730]').wall_clock_seconds",E,declared telemetry column (R-3),0.061468100000638515,0.07663899997714907
"telemetry.row('SCEN-A', 'P-01', 'run1:F0:full', 'feature').wall_clock_seconds",E,declared telemetry column (R-3),0.28147180000087246,0.30383220000658184
"telemetry.row('SCEN-A', 'P-01', 'run1:F0:full', 'grid[0]').wall_clock_seconds",E,declared telemetry column (R-3),0.6246770000070683,0.5661370001034811
"telemetry.row('SCEN-A', 'P-01', 'run1:F0:full', 'grid[365]').wall_clock_seconds",E,declared telemetry column (R-3),0.42188209999585524,0.46967360004782677
"telemetry.row('SCEN-A', 'P-01', 'run1:F0:full', 'grid[730]').wall_clock_seconds",E,declared telemetry column (R-3),0.15683480000006966,0.18365559994708747
"telemetry.row('SCEN-A', 'P-01', 'run1:F0:probeL', 'feature').wall_clock_seconds",E,declared telemetry column (R-3),0.466902599997411,0.5542342000408098
"telemetry.row('SCEN-A', 'P-01', 'run1:F0:probeL', 'grid[0]').wall_clock_seconds",E,declared telemetry column (R-3),0.1270663000032073,0.15245949989184737
"telemetry.row('SCEN-A', 'P-01', 'run1:F0:probeL', 'grid[365]').wall_clock_seconds",E,declared telemetry column (R-3),0.6709826000005705,0.7672244999557734
"telemetry.row('SCEN-A', 'P-01', 'run1:F0:probeL', 'grid[730]').wall_clock_seconds",E,declared telemetry column (R-3),0.26340880000498146,0.29049749998375773
"telemetry.row('SCEN-A', 'P-01', 'run1:F0:probeR', 'feature').wall_clock_seconds",E,declared telemetry column (R-3),0.219764599998598,0.2234904000069946
"telemetry.row('SCEN-A', 'P-01', 'run1:F0:probeR', 'grid[0]').wall_clock_seconds",E,declared telemetry column (R-3),0.5916760999971302,0.6638231000397354
"telemetry.row('SCEN-A', 'P-01', 'run1:F0:probeR', 'grid[365]').wall_clock_seconds",E,declared telemetry column (R-3),0.7278122999996413,0.8548001000890508
"telemetry.row('SCEN-A', 'P-01', 'run1:F0:probeR', 'grid[730]').wall_clock_seconds",E,declared telemetry column (R-3),0.12294139999721665,0.14191469992510974
"telemetry.row('SCEN-A', 'P-01', 'run1:M0:fold0', 'feature').wall_clock_seconds",E,declared telemetry column (R-3),0.368778600000951,0.43170389998704195
"telemetry.row('SCEN-A', 'P-01', 'run1:M0:fold0', 'grid[0]').wall_clock_seconds",E,declared telemetry column (R-3),0.672560600003635,0.5679403999820352
"telemetry.row('SCEN-A', 'P-01', 'run1:M0:fold0', 'grid[365]').wall_clock_seconds",E,declared telemetry column (R-3),0.67397229999915,0.7429934000829235
"telemetry.row('SCEN-A', 'P-01', 'run1:M0:fold0', 'grid[730]').wall_clock_seconds",E,declared telemetry column (R-3),0.5704379999951925,0.639466300024651
"telemetry.row('SCEN-A', 'P-01', 'run1:M0:fold1', 'feature').wall_clock_seconds",E,declared telemetry column (R-3),0.5675200999976369,0.6178860000800341
"telemetry.row('SCEN-A', 'P-01', 'run1:M0:fold1', 'grid[0]').wall_clock_seconds",E,declared telemetry column (R-3),0.5371688000013819,0.6257383999181911
"telemetry.row('SCEN-A', 'P-01', 'run1:M0:fold1', 'grid[365]').wall_clock_seconds",E,declared telemetry column (R-3),0.7160901000024751,0.8117532000178471
"telemetry.row('SCEN-A', 'P-01', 'run1:M0:fold1', 'grid[730]').wall_clock_seconds",E,declared telemetry column (R-3),0.07150030000047991,0.07714489998761564
"telemetry.row('SCEN-A', 'P-01', 'run1:M0:fold2', 'feature').wall_clock_seconds",E,declared telemetry column (R-3),0.20462009999755537,0.23262450005859137
"telemetry.row('SCEN-A', 'P-01', 'run1:M0:fold2', 'grid[0]').wall_clock_seconds",E,declared telemetry column (R-3),0.43053150000196183,0.47468780004419386
"telemetry.row('SCEN-A', 'P-01', 'run1:M0:fold2', 'grid[365]').wall_clock_seconds",E,declared telemetry column (R-3),0.6523450999957277,0.7069602999836206
"telemetry.row('SCEN-A', 'P-01', 'run1:M0:fold2', 'grid[730]').wall_clock_seconds",E,declared telemetry column (R-3),0.27964329999667825,0.30810999998357147
"telemetry.row('SCEN-A', 'P-01', 'run1:M0:fold3', 'feature').wall_clock_seconds",E,declared telemetry column (R-3),0.307432699999481,0.3143118000589311
"telemetry.row('SCEN-A', 'P-01', 'run1:M0:fold3', 'grid[0]').wall_clock_seconds",E,declared telemetry column (R-3),0.4692307000004803,0.510779400006868
"telemetry.row('SCEN-A', 'P-01', 'run1:M0:fold3', 'grid[365]').wall_clock_seconds",E,declared telemetry column (R-3),0.5695054000025266,0.6280264999950305
"telemetry.row('SCEN-A', 'P-01', 'run1:M0:fold3', 'grid[730]').wall_clock_seconds",E,declared telemetry column (R-3),0.05786909999733325,0.042067699949257076
"telemetry.row('SCEN-A', 'P-01', 'run1:M0:fold4', 'feature').wall_clock_seconds",E,declared telemetry column (R-3),0.39521429999877,0.4569006999954581
"telemetry.row('SCEN-A', 'P-01', 'run1:M0:fold4', 'grid[0]').wall_clock_seconds",E,declared telemetry column (R-3),0.7424543000015547,0.8152388000162318
"telemetry.row('SCEN-A', 'P-01', 'run1:M0:fold4', 'grid[365]').wall_clock_seconds",E,declared telemetry column (R-3),0.7207563999982085,0.7918168000178412
"telemetry.row('SCEN-A', 'P-01', 'run1:M0:fold4', 'grid[730]').wall_clock_seconds",E,declared telemetry column (R-3),0.26227970000036294,0.2854787999531254
"telemetry.row('SCEN-A', 'P-01', 'run1:M0:full', 'feature').wall_clock_seconds",E,declared telemetry column (R-3),0.36201640000217594,0.3128529000096023
"telemetry.row('SCEN-A', 'P-01', 'run1:M0:full', 'grid[0]').wall_clock_seconds",E,declared telemetry column (R-3),0.3304781999977422,0.33729080006014556
"telemetry.row('SCEN-A', 'P-01', 'run1:M0:full', 'grid[365]').wall_clock_seconds",E,declared telemetry column (R-3),0.7304234999974142,0.7958037999924272
"telemetry.row('SCEN-A', 'P-01', 'run1:M0:full', 'grid[730]').wall_clock_seconds",E,declared telemetry column (R-3),0.27806889999919804,0.26796680002007633
"telemetry.row('SCEN-A', 'P-01', 'run1:M0:probeL', 'feature').wall_clock_seconds",E,declared telemetry column (R-3),0.3262527999977465,0.34152480005286634
"telemetry.row('SCEN-A', 'P-01', 'run1:M0:probeL', 'grid[0]').wall_clock_seconds",E,declared telemetry column (R-3),0.545242899999721,0.6178558999672532
"telemetry.row('SCEN-A', 'P-01', 'run1:M0:probeL', 'grid[365]').wall_clock_seconds",E,declared telemetry column (R-3),0.6874176999990596,0.7166190999560058
"telemetry.row('SCEN-A', 'P-01', 'run1:M0:probeL', 'grid[730]').wall_clock_seconds",E,declared telemetry column (R-3),0.15470620000269264,0.2884868999244645
"telemetry.row('SCEN-A', 'P-01', 'run1:M0:probeR', 'feature').wall_clock_seconds",E,declared telemetry column (R-3),0.5617914000031305,0.5536646000109613
"telemetry.row('SCEN-A', 'P-01', 'run1:M0:probeR', 'grid[0]').wall_clock_seconds",E,declared telemetry column (R-3),0.4348027000014554,0.4602801000000909
"telemetry.row('SCEN-A', 'P-01', 'run1:M0:probeR', 'grid[365]').wall_clock_seconds",E,declared telemetry column (R-3),0.7447893999997177,0.7458763999165967
"telemetry.row('SCEN-A', 'P-01', 'run1:M0:probeR', 'grid[730]').wall_clock_seconds",E,declared telemetry column (R-3),0.06549030000314815,0.0774871000321582
"telemetry.row('SCEN-A', 'P-01', 'run2:F0:fold0', 'feature').wall_clock_seconds",E,declared telemetry column (R-3),0.2770109999983106,0.38843990000896156
"telemetry.row('SCEN-A', 'P-01', 'run2:F0:fold0', 'grid[0]').wall_clock_seconds",E,declared telemetry column (R-3),0.4690733999959775,0.6106311999028549
"telemetry.row('SCEN-A', 'P-01', 'run2:F0:fold0', 'grid[365]').wall_clock_seconds",E,declared telemetry column (R-3),0.038296699996863026,0.05682100006379187
"telemetry.row('SCEN-A', 'P-01', 'run2:F0:fold0', 'grid[730]').wall_clock_seconds",E,declared telemetry column (R-3),0.05377230000158306,0.07192760007455945
"telemetry.row('SCEN-A', 'P-01', 'run2:F0:fold1', 'feature').wall_clock_seconds",E,declared telemetry column (R-3),0.36483510000107344,0.5137847999576479
"telemetry.row('SCEN-A', 'P-01', 'run2:F0:fold1', 'grid[0]').wall_clock_seconds",E,declared telemetry column (R-3),0.46619359999749577,0.6794429000001401
"telemetry.row('SCEN-A', 'P-01', 'run2:F0:fold1', 'grid[365]').wall_clock_seconds",E,declared telemetry column (R-3),0.3110837999993237,0.4404190999921411
"telemetry.row('SCEN-A', 'P-01', 'run2:F0:fold1', 'grid[730]').wall_clock_seconds",E,declared telemetry column (R-3),0.15879640000639483,0.21509169996716082
"telemetry.row('SCEN-A', 'P-01', 'run2:F0:fold2', 'feature').wall_clock_seconds",E,declared telemetry column (R-3),0.44668079999974,0.5114013000857085
"telemetry.row('SCEN-A', 'P-01', 'run2:F0:fold2', 'grid[0]').wall_clock_seconds",E,declared telemetry column (R-3),0.49842160000116564,0.6501475000986829
"telemetry.row('SCEN-A', 'P-01', 'run2:F0:fold2', 'grid[365]').wall_clock_seconds",E,declared telemetry column (R-3),0.6093352000025334,0.8556526000611484
"telemetry.row('SCEN-A', 'P-01', 'run2:F0:fold2', 'grid[730]').wall_clock_seconds",E,declared telemetry column (R-3),0.14255489999777637,0.19535360008012503
"telemetry.row('SCEN-A', 'P-01', 'run2:F0:fold3', 'feature').wall_clock_seconds",E,declared telemetry column (R-3),0.3625887999951374,0.4207874999847263
"telemetry.row('SCEN-A', 'P-01', 'run2:F0:fold3', 'grid[0]').wall_clock_seconds",E,declared telemetry column (R-3),0.41590890000225045,0.40697599994018674
"telemetry.row('SCEN-A', 'P-01', 'run2:F0:fold3', 'grid[365]').wall_clock_seconds",E,declared telemetry column (R-3),0.5176159000038751,0.6969744999660179
"telemetry.row('SCEN-A', 'P-01', 'run2:F0:fold3', 'grid[730]').wall_clock_seconds",E,declared telemetry column (R-3),0.20443299999897135,0.3082196000032127
"telemetry.row('SCEN-A', 'P-01', 'run2:F0:fold4', 'feature').wall_clock_seconds",E,declared telemetry column (R-3),0.36214349999499973,0.48479260003659874
"telemetry.row('SCEN-A', 'P-01', 'run2:F0:fold4', 'grid[0]').wall_clock_seconds",E,declared telemetry column (R-3),0.541402000002563,0.685113099985756
"telemetry.row('SCEN-A', 'P-01', 'run2:F0:fold4', 'grid[365]').wall_clock_seconds",E,declared telemetry column (R-3),0.4933123999944655,0.6377022999804467
"telemetry.row('SCEN-A', 'P-01', 'run2:F0:fold4', 'grid[730]').wall_clock_seconds",E,declared telemetry column (R-3),0.053977300005499274,0.0703543999698013
"telemetry.row('SCEN-A', 'P-01', 'run2:F0:full', 'feature').wall_clock_seconds",E,declared telemetry column (R-3),0.25612659999751486,0.3123806999064982
"telemetry.row('SCEN-A', 'P-01', 'run2:F0:full', 'grid[0]').wall_clock_seconds",E,declared telemetry column (R-3),0.4707224000012502,0.580613199970685
"telemetry.row('SCEN-A', 'P-01', 'run2:F0:full', 'grid[365]').wall_clock_seconds",E,declared telemetry column (R-3),0.3606618999983766,0.4814907999243587
"telemetry.row('SCEN-A', 'P-01', 'run2:F0:full', 'grid[730]').wall_clock_seconds",E,declared telemetry column (R-3),0.14068659999611555,0.1861407000105828
"telemetry.row('SCEN-A', 'P-01', 'run2:F0:probeL', 'feature').wall_clock_seconds",E,declared telemetry column (R-3),0.41739919999963604,0.5422097999835387
"telemetry.row('SCEN-A', 'P-01', 'run2:F0:probeL', 'grid[0]').wall_clock_seconds",E,declared telemetry column (R-3),0.1146599999992759,0.17060419998597354
"telemetry.row('SCEN-A', 'P-01', 'run2:F0:probeL', 'grid[365]').wall_clock_seconds",E,declared telemetry column (R-3),0.5970508999962476,0.7565279999980703
"telemetry.row('SCEN-A', 'P-01', 'run2:F0:probeL', 'grid[730]').wall_clock_seconds",E,declared telemetry column (R-3),0.22812270000576973,0.30585800006520003
"telemetry.row('SCEN-A', 'P-01', 'run2:F0:probeR', 'feature').wall_clock_seconds",E,declared telemetry column (R-3),0.16815820000192616,0.23948300001211464
"telemetry.row('SCEN-A', 'P-01', 'run2:F0:probeR', 'grid[0]').wall_clock_seconds",E,declared telemetry column (R-3),0.5018304999975953,0.6923499000258744
"telemetry.row('SCEN-A', 'P-01', 'run2:F0:probeR', 'grid[365]').wall_clock_seconds",E,declared telemetry column (R-3),0.6024770000003628,0.8591161000076681
"telemetry.row('SCEN-A', 'P-01', 'run2:F0:probeR', 'grid[730]').wall_clock_seconds",E,declared telemetry column (R-3),0.09711900000547757,0.14869820000603795
"telemetry.row('SCEN-A', 'P-01', 'run2:M0:fold0', 'feature').wall_clock_seconds",E,declared telemetry column (R-3),0.30924669999512844,0.4161886000074446
"telemetry.row('SCEN-A', 'P-01', 'run2:M0:fold0', 'grid[0]').wall_clock_seconds",E,declared telemetry column (R-3),0.40589899999758927,0.5533066999632865
"telemetry.row('SCEN-A', 'P-01', 'run2:M0:fold0', 'grid[365]').wall_clock_seconds",E,declared telemetry column (R-3),0.5840157999991789,0.7644303000997752
"telemetry.row('SCEN-A', 'P-01', 'run2:M0:fold0', 'grid[730]').wall_clock_seconds",E,declared telemetry column (R-3),0.49407549999887124,0.6507048000348732
"telemetry.row('SCEN-A', 'P-01', 'run2:M0:fold1', 'feature').wall_clock_seconds",E,declared telemetry column (R-3),0.46820979999756673,0.656912500038743
"telemetry.row('SCEN-A', 'P-01', 'run2:M0:fold1', 'grid[0]').wall_clock_seconds",E,declared telemetry column (R-3),0.4815734000003431,0.6759047000668943
"telemetry.row('SCEN-A', 'P-01', 'run2:M0:fold1', 'grid[365]').wall_clock_seconds",E,declared telemetry column (R-3),0.6134029000022565,1.0616612999001518
"telemetry.row('SCEN-A', 'P-01', 'run2:M0:fold1', 'grid[730]').wall_clock_seconds",E,declared telemetry column (R-3),0.06029870000202209,0.10875170002691448
"telemetry.row('SCEN-A', 'P-01', 'run2:M0:fold2', 'feature').wall_clock_seconds",E,declared telemetry column (R-3),0.16303039999911562,0.23223880003206432
"telemetry.row('SCEN-A', 'P-01', 'run2:M0:fold2', 'grid[0]').wall_clock_seconds",E,declared telemetry column (R-3),0.3633810000028461,0.4751537999836728
"telemetry.row('SCEN-A', 'P-01', 'run2:M0:fold2', 'grid[365]').wall_clock_seconds",E,declared telemetry column (R-3),0.5138473000042723,0.7073499000398442
"telemetry.row('SCEN-A', 'P-01', 'run2:M0:fold2', 'grid[730]').wall_clock_seconds",E,declared telemetry column (R-3),0.2438529999999446,0.3074064999818802
"telemetry.row('SCEN-A', 'P-01', 'run2:M0:fold3', 'feature').wall_clock_seconds",E,declared telemetry column (R-3),0.2306936999957543,0.2997902000788599
"telemetry.row('SCEN-A', 'P-01', 'run2:M0:fold3', 'grid[0]').wall_clock_seconds",E,declared telemetry column (R-3),0.37645709999924293,0.5084804999642074
"telemetry.row('SCEN-A', 'P-01', 'run2:M0:fold3', 'grid[365]').wall_clock_seconds",E,declared telemetry column (R-3),0.45318419999966864,0.6284113000147045
"telemetry.row('SCEN-A', 'P-01', 'run2:M0:fold3', 'grid[730]').wall_clock_seconds",E,declared telemetry column (R-3),0.031149000002187677,0.04852860001847148
"telemetry.row('SCEN-A', 'P-01', 'run2:M0:fold4', 'feature').wall_clock_seconds",E,declared telemetry column (R-3),0.4902148000037414,0.44022049999330193
"telemetry.row('SCEN-A', 'P-01', 'run2:M0:fold4', 'grid[0]').wall_clock_seconds",E,declared telemetry column (R-3),0.5770908999984385,0.8126110000303015
"telemetry.row('SCEN-A', 'P-01', 'run2:M0:fold4', 'grid[365]').wall_clock_seconds",E,declared telemetry column (R-3),0.5907575000019278,0.8064736999804154
"telemetry.row('SCEN-A', 'P-01', 'run2:M0:fold4', 'grid[730]').wall_clock_seconds",E,declared telemetry column (R-3),0.2624084000053699,0.2934439000673592
"telemetry.row('SCEN-A', 'P-01', 'run2:M0:full', 'feature').wall_clock_seconds",E,declared telemetry column (R-3),0.2726621000037994,0.31892710004467517
"telemetry.row('SCEN-A', 'P-01', 'run2:M0:full', 'grid[0]').wall_clock_seconds",E,declared telemetry column (R-3),0.2473078000039095,0.33384120010305196
"telemetry.row('SCEN-A', 'P-01', 'run2:M0:full', 'grid[365]').wall_clock_seconds",E,declared telemetry column (R-3),0.5832471999965492,0.7903919999953359
"telemetry.row('SCEN-A', 'P-01', 'run2:M0:full', 'grid[730]').wall_clock_seconds",E,declared telemetry column (R-3),0.21479079999699024,0.27053119998890907
"telemetry.row('SCEN-A', 'P-01', 'run2:M0:probeL', 'feature').wall_clock_seconds",E,declared telemetry column (R-3),0.25465909999911673,0.3560588000109419
"telemetry.row('SCEN-A', 'P-01', 'run2:M0:probeL', 'grid[0]').wall_clock_seconds",E,declared telemetry column (R-3),0.4971917000002577,0.6115686999401078
"telemetry.row('SCEN-A', 'P-01', 'run2:M0:probeL', 'grid[365]').wall_clock_seconds",E,declared telemetry column (R-3),0.5890881000013906,0.6683321000309661
"telemetry.row('SCEN-A', 'P-01', 'run2:M0:probeL', 'grid[730]').wall_clock_seconds",E,declared telemetry column (R-3),0.1370840000017779,0.17611010000109673
"telemetry.row('SCEN-A', 'P-01', 'run2:M0:probeR', 'feature').wall_clock_seconds",E,declared telemetry column (R-3),0.4218535999971209,0.5557248999830335
"telemetry.row('SCEN-A', 'P-01', 'run2:M0:probeR', 'grid[0]').wall_clock_seconds",E,declared telemetry column (R-3),0.3653321000019787,0.4546308000572026
"telemetry.row('SCEN-A', 'P-01', 'run2:M0:probeR', 'grid[365]').wall_clock_seconds",E,declared telemetry column (R-3),0.553976800001692,0.7385404000524431
"telemetry.row('SCEN-A', 'P-01', 'run2:M0:probeR', 'grid[730]').wall_clock_seconds",E,declared telemetry column (R-3),0.056438499996147584,0.07373050006572157
"telemetry.row('SCEN-A', 'P-02', 'run1:F0:fold0', 'feature').wall_clock_seconds",E,declared telemetry column (R-3),0.5873452999949222,0.6783435000106692
"telemetry.row('SCEN-A', 'P-02', 'run1:F0:fold0', 'grid[0]').wall_clock_seconds",E,declared telemetry column (R-3),0.8068136000001687,0.9155589999863878
"telemetry.row('SCEN-A', 'P-02', 'run1:F0:fold0', 'grid[130]').wall_clock_seconds",E,declared telemetry column (R-3),0.38902860000234796,0.4241704000160098
"telemetry.row('SCEN-A', 'P-02', 'run1:F0:fold0', 'grid[260]').wall_clock_seconds",E,declared telemetry column (R-3),0.8089733000015258,0.8077123000985011
"telemetry.row('SCEN-A', 'P-02', 'run1:F0:fold1', 'feature').wall_clock_seconds",E,declared telemetry column (R-3),0.6048880000016652,0.7303137000417337
"telemetry.row('SCEN-A', 'P-02', 'run1:F0:fold1', 'grid[0]').wall_clock_seconds",E,declared telemetry column (R-3),1.7838039999987814,1.727556600002572
"telemetry.row('SCEN-A', 'P-02', 'run1:F0:fold1', 'grid[130]').wall_clock_seconds",E,declared telemetry column (R-3),0.5862302999958047,0.6294538000365719
"telemetry.row('SCEN-A', 'P-02', 'run1:F0:fold1', 'grid[260]').wall_clock_seconds",E,declared telemetry column (R-3),0.749001700001827,0.872913199942559
"telemetry.row('SCEN-A', 'P-02', 'run1:F0:fold2', 'feature').wall_clock_seconds",E,declared telemetry column (R-3),0.5491638000021339,0.6164364999858662
"telemetry.row('SCEN-A', 'P-02', 'run1:F0:fold2', 'grid[0]').wall_clock_seconds",E,declared telemetry column (R-3),0.7903934999994817,0.9318891000002623
"telemetry.row('SCEN-A', 'P-02', 'run1:F0:fold2', 'grid[130]').wall_clock_seconds",E,declared telemetry column (R-3),0.5873375999944983,0.6850986999925226
"telemetry.row('SCEN-A', 'P-02', 'run1:F0:fold2', 'grid[260]').wall_clock_seconds",E,declared telemetry column (R-3),0.6232921999981045,0.7340712000150234
"telemetry.row('SCEN-A', 'P-02', 'run1:F0:fold3', 'feature').wall_clock_seconds",E,declared telemetry column (R-3),0.5021674000017811,0.6014018999412656
"telemetry.row('SCEN-A', 'P-02', 'run1:F0:fold3', 'grid[0]').wall_clock_seconds",E,declared telemetry column (R-3),1.0315151999966474,1.2950630000559613
"telemetry.row('SCEN-A', 'P-02', 'run1:F0:fold3', 'grid[130]').wall_clock_seconds",E,declared telemetry column (R-3),0.4744049000000814,0.6372423999710009
"telemetry.row('SCEN-A', 'P-02', 'run1:F0:fold3', 'grid[260]').wall_clock_seconds",E,declared telemetry column (R-3),0.7514990999989095,1.0605862000957131
"telemetry.row('SCEN-A', 'P-02', 'run1:F0:fold4', 'feature').wall_clock_seconds",E,declared telemetry column (R-3),0.6321108000047388,0.7240973000880331
"telemetry.row('SCEN-A', 'P-02', 'run1:F0:fold4', 'grid[0]').wall_clock_seconds",E,declared telemetry column (R-3),0.651444300005096,0.7663813000544906
"telemetry.row('SCEN-A', 'P-02', 'run1:F0:fold4', 'grid[130]').wall_clock_seconds",E,declared telemetry column (R-3),0.5113463999950909,0.6174755000974983
"telemetry.row('SCEN-A', 'P-02', 'run1:F0:fold4', 'grid[260]').wall_clock_seconds",E,declared telemetry column (R-3),0.684719100005168,0.7926679000956938
"telemetry.row('SCEN-A', 'P-02', 'run1:F0:full', 'feature').wall_clock_seconds",E,declared telemetry column (R-3),0.684478000002855,0.7317793000256643
"telemetry.row('SCEN-A', 'P-02', 'run1:F0:full', 'grid[0]').wall_clock_seconds",E,declared telemetry column (R-3),1.7477762999988045,2.083881099941209
"telemetry.row('SCEN-A', 'P-02', 'run1:F0:full', 'grid[130]').wall_clock_seconds",E,declared telemetry column (R-3),0.4753841999990982,0.5372508999425918
"telemetry.row('SCEN-A', 'P-02', 'run1:F0:full', 'grid[260]').wall_clock_seconds",E,declared telemetry column (R-3),0.9534768000012264,0.9068658999167383
"telemetry.row('SCEN-A', 'P-02', 'run1:F0:probeL', 'feature').wall_clock_seconds",E,declared telemetry column (R-3),0.45935240000108024,0.5426992999855429
"telemetry.row('SCEN-A', 'P-02', 'run1:F0:probeL', 'grid[0]').wall_clock_seconds",E,declared telemetry column (R-3),1.8876057000015862,2.0214486999902874
"telemetry.row('SCEN-A', 'P-02', 'run1:F0:probeL', 'grid[130]').wall_clock_seconds",E,declared telemetry column (R-3),0.4278016999960528,0.5095090999966487
"telemetry.row('SCEN-A', 'P-02', 'run1:F0:probeL', 'grid[260]').wall_clock_seconds",E,declared telemetry column (R-3),0.6532417999987956,0.7780226999893785
"telemetry.row('SCEN-A', 'P-02', 'run1:F0:probeR', 'feature').wall_clock_seconds",E,declared telemetry column (R-3),0.5805122000019765,0.6853623000206426
"telemetry.row('SCEN-A', 'P-02', 'run1:F0:probeR', 'grid[0]').wall_clock_seconds",E,declared telemetry column (R-3),1.2879698000033386,1.5286007999675348
"telemetry.row('SCEN-A', 'P-02', 'run1:F0:probeR', 'grid[130]').wall_clock_seconds",E,declared telemetry column (R-3),0.5251255999974092,0.6182414001086727
"telemetry.row('SCEN-A', 'P-02', 'run1:F0:probeR', 'grid[260]').wall_clock_seconds",E,declared telemetry column (R-3),0.837554400000954,0.9990316000767052
"telemetry.row('SCEN-A', 'P-02', 'run1:M0:fold0', 'feature').wall_clock_seconds",E,declared telemetry column (R-3),0.44539029999577906,0.4804024000186473
"telemetry.row('SCEN-A', 'P-02', 'run1:M0:fold0', 'grid[0]').wall_clock_seconds",E,declared telemetry column (R-3),0.7450500999984797,0.8342977999709547
"telemetry.row('SCEN-A', 'P-02', 'run1:M0:fold0', 'grid[130]').wall_clock_seconds",E,declared telemetry column (R-3),0.5300010999999358,0.5956871999660507
"telemetry.row('SCEN-A', 'P-02', 'run1:M0:fold0', 'grid[260]').wall_clock_seconds",E,declared telemetry column (R-3),1.7282242000001133,1.9092186000198126
"telemetry.row('SCEN-A', 'P-02', 'run1:M0:fold1', 'feature').wall_clock_seconds",E,declared telemetry column (R-3),0.5486597000053735,0.4917213999433443
"telemetry.row('SCEN-A', 'P-02', 'run1:M0:fold1', 'grid[0]').wall_clock_seconds",E,declared telemetry column (R-3),0.720334500001627,0.7785432999953628
"telemetry.row('SCEN-A', 'P-02', 'run1:M0:fold1', 'grid[130]').wall_clock_seconds",E,declared telemetry column (R-3),0.4521526000025915,0.48254359990824014
"telemetry.row('SCEN-A', 'P-02', 'run1:M0:fold1', 'grid[260]').wall_clock_seconds",E,declared telemetry column (R-3),0.5849885999996332,0.665922399959527
"telemetry.row('SCEN-A', 'P-02', 'run1:M0:fold2', 'feature').wall_clock_seconds",E,declared telemetry column (R-3),0.5751447000002372,0.6100182000081986
"telemetry.row('SCEN-A', 'P-02', 'run1:M0:fold2', 'grid[0]').wall_clock_seconds",E,declared telemetry column (R-3),2.0047635000009905,1.9924777999985963
"telemetry.row('SCEN-A', 'P-02', 'run1:M0:fold2', 'grid[130]').wall_clock_seconds",E,declared telemetry column (R-3),0.5885023999944679,0.6466307999799028
"telemetry.row('SCEN-A', 'P-02', 'run1:M0:fold2', 'grid[260]').wall_clock_seconds",E,declared telemetry column (R-3),0.9825955999986036,0.9823910999111831
"telemetry.row('SCEN-A', 'P-02', 'run1:M0:fold3', 'feature').wall_clock_seconds",E,declared telemetry column (R-3),0.5184086000008392,0.6339061000617221
"telemetry.row('SCEN-A', 'P-02', 'run1:M0:fold3', 'grid[0]').wall_clock_seconds",E,declared telemetry column (R-3),1.7033816999974078,1.9360490000108257
"telemetry.row('SCEN-A', 'P-02', 'run1:M0:fold3', 'grid[130]').wall_clock_seconds",E,declared telemetry column (R-3),0.49170130000129575,0.5753746998962015
"telemetry.row('SCEN-A', 'P-02', 'run1:M0:fold3', 'grid[260]').wall_clock_seconds",E,declared telemetry column (R-3),0.6920213999983389,0.8133002000395209
"telemetry.row('SCEN-A', 'P-02', 'run1:M0:fold4', 'feature').wall_clock_seconds",E,declared telemetry column (R-3),0.5257923999961349,0.6010999999707565
"telemetry.row('SCEN-A', 'P-02', 'run1:M0:fold4', 'grid[0]').wall_clock_seconds",E,declared telemetry column (R-3),1.667540000002191,1.9127802000148222
"telemetry.row('SCEN-A', 'P-02', 'run1:M0:fold4', 'grid[130]').wall_clock_seconds",E,declared telemetry column (R-3),0.4527005999989342,0.5221674999920651
"telemetry.row('SCEN-A', 'P-02', 'run1:M0:fold4', 'grid[260]').wall_clock_seconds",E,declared telemetry column (R-3),0.6270298999952502,0.7333390000276268
"telemetry.row('SCEN-A', 'P-02', 'run1:M0:full', 'feature').wall_clock_seconds",E,declared telemetry column (R-3),0.5132849000001443,0.5909122999291867
"telemetry.row('SCEN-A', 'P-02', 'run1:M0:full', 'grid[0]').wall_clock_seconds",E,declared telemetry column (R-3),1.839061099999526,1.9141603000462055
"telemetry.row('SCEN-A', 'P-02', 'run1:M0:full', 'grid[130]').wall_clock_seconds",E,declared telemetry column (R-3),0.4376408999960404,0.47504230006597936
"telemetry.row('SCEN-A', 'P-02', 'run1:M0:full', 'grid[260]').wall_clock_seconds",E,declared telemetry column (R-3),0.6921244999975897,0.7619665999663994
"telemetry.row('SCEN-A', 'P-02', 'run1:M0:probeL', 'feature').wall_clock_seconds",E,declared telemetry column (R-3),0.4122886000041035,0.4724687000270933
"telemetry.row('SCEN-A', 'P-02', 'run1:M0:probeL', 'grid[0]').wall_clock_seconds",E,declared telemetry column (R-3),0.7486314999987371,0.8728215000592172
"telemetry.row('SCEN-A', 'P-02', 'run1:M0:probeL', 'grid[130]').wall_clock_seconds",E,declared telemetry column (R-3),0.44663130000117235,0.528747999924235
"telemetry.row('SCEN-A', 'P-02', 'run1:M0:probeL', 'grid[260]').wall_clock_seconds",E,declared telemetry column (R-3),0.7379332999989856,0.8169791999971494
"telemetry.row('SCEN-A', 'P-02', 'run1:M0:probeR', 'feature').wall_clock_seconds",E,declared telemetry column (R-3),0.40893079999659676,0.5355082999449223
"telemetry.row('SCEN-A', 'P-02', 'run1:M0:probeR', 'grid[0]').wall_clock_seconds",E,declared telemetry column (R-3),2.0124856999973417,1.9059405999723822
"telemetry.row('SCEN-A', 'P-02', 'run1:M0:probeR', 'grid[130]').wall_clock_seconds",E,declared telemetry column (R-3),0.46455049999349285,0.5146559999557212
"telemetry.row('SCEN-A', 'P-02', 'run1:M0:probeR', 'grid[260]').wall_clock_seconds",E,declared telemetry column (R-3),0.7777243000018643,0.8628686000593007
"telemetry.row('SCEN-A', 'P-02', 'run2:F0:fold0', 'feature').wall_clock_seconds",E,declared telemetry column (R-3),0.536954399998649,0.7066447000252083
"telemetry.row('SCEN-A', 'P-02', 'run2:F0:fold0', 'grid[0]').wall_clock_seconds",E,declared telemetry column (R-3),0.6662877999988268,0.9385709000052884
"telemetry.row('SCEN-A', 'P-02', 'run2:F0:fold0', 'grid[130]').wall_clock_seconds",E,declared telemetry column (R-3),0.32789979999506613,0.41571480000857264
"telemetry.row('SCEN-A', 'P-02', 'run2:F0:fold0', 'grid[260]').wall_clock_seconds",E,declared telemetry column (R-3),0.6362976000018534,0.8372293999418616
"telemetry.row('SCEN-A', 'P-02', 'run2:F0:fold1', 'feature').wall_clock_seconds",E,declared telemetry column (R-3),0.527831100000185,0.7239202000200748
"telemetry.row('SCEN-A', 'P-02', 'run2:F0:fold1', 'grid[0]').wall_clock_seconds",E,declared telemetry column (R-3),1.2790976999967825,1.7823086000280455
"telemetry.row('SCEN-A', 'P-02', 'run2:F0:fold1', 'grid[130]').wall_clock_seconds",E,declared telemetry column (R-3),0.4590757999976631,0.8380686999298632
"telemetry.row('SCEN-A', 'P-02', 'run2:F0:fold1', 'grid[260]').wall_clock_seconds",E,declared telemetry column (R-3),0.6923840000017663,0.8609113999409601
"telemetry.row('SCEN-A', 'P-02', 'run2:F0:fold2', 'feature').wall_clock_seconds",E,declared telemetry column (R-3),0.44621509999706177,0.6445934999501333
"telemetry.row('SCEN-A', 'P-02', 'run2:F0:fold2', 'grid[0]').wall_clock_seconds",E,declared telemetry column (R-3),0.6900987000044552,0.9870157999685034
"telemetry.row('SCEN-A', 'P-02', 'run2:F0:fold2', 'grid[130]').wall_clock_seconds",E,declared telemetry column (R-3),0.6882217000020319,0.7510641000699252
"telemetry.row('SCEN-A', 'P-02', 'run2:F0:fold2', 'grid[260]').wall_clock_seconds",E,declared telemetry column (R-3),0.5688239999944926,0.7825122999493033
"telemetry.row('SCEN-A', 'P-02', 'run2:F0:fold3', 'feature').wall_clock_seconds",E,declared telemetry column (R-3),0.4633923000001232,0.6215425999835134
"telemetry.row('SCEN-A', 'P-02', 'run2:F0:fold3', 'grid[0]').wall_clock_seconds",E,declared telemetry column (R-3),0.8992571999988286,1.2291117999702692
"telemetry.row('SCEN-A', 'P-02', 'run2:F0:fold3', 'grid[130]').wall_clock_seconds",E,declared telemetry column (R-3),0.4297299999961979,0.6031521999975666
"telemetry.row('SCEN-A', 'P-02', 'run2:F0:fold3', 'grid[260]').wall_clock_seconds",E,declared telemetry column (R-3),0.7052915999956895,0.9435329999541864
"telemetry.row('SCEN-A', 'P-02', 'run2:F0:fold4', 'feature').wall_clock_seconds",E,declared telemetry column (R-3),0.5281717000034405,0.7158173999050632
"telemetry.row('SCEN-A', 'P-02', 'run2:F0:fold4', 'grid[0]').wall_clock_seconds",E,declared telemetry column (R-3),0.590246700005082,0.8167836999054998
"telemetry.row('SCEN-A', 'P-02', 'run2:F0:fold4', 'grid[130]').wall_clock_seconds",E,declared telemetry column (R-3),0.4723660000017844,0.6396692000562325
"telemetry.row('SCEN-A', 'P-02', 'run2:F0:fold4', 'grid[260]').wall_clock_seconds",E,declared telemetry column (R-3),0.5900818000009167,0.8268971999641508
"telemetry.row('SCEN-A', 'P-02', 'run2:F0:full', 'feature').wall_clock_seconds",E,declared telemetry column (R-3),0.5180504999952973,0.7497226999839768
"telemetry.row('SCEN-A', 'P-02', 'run2:F0:full', 'grid[0]').wall_clock_seconds",E,declared telemetry column (R-3),1.4814053000009153,1.986864500096999
"telemetry.row('SCEN-A', 'P-02', 'run2:F0:full', 'grid[130]').wall_clock_seconds",E,declared telemetry column (R-3),0.398816100001568,0.565893099992536
"telemetry.row('SCEN-A', 'P-02', 'run2:F0:full', 'grid[260]').wall_clock_seconds",E,declared telemetry column (R-3),0.6702112999992096,0.958597099990584
"telemetry.row('SCEN-A', 'P-02', 'run2:F0:probeL', 'feature').wall_clock_seconds",E,declared telemetry column (R-3),0.42594730000564596,0.6109622999792919
"telemetry.row('SCEN-A', 'P-02', 'run2:F0:probeL', 'grid[0]').wall_clock_seconds",E,declared telemetry column (R-3),1.4856870000003255,2.03305550001096
"telemetry.row('SCEN-A', 'P-02', 'run2:F0:probeL', 'grid[130]').wall_clock_seconds",E,declared telemetry column (R-3),0.38801100000273436,0.5203430000692606
"telemetry.row('SCEN-A', 'P-02', 'run2:F0:probeL', 'grid[260]').wall_clock_seconds",E,declared telemetry column (R-3),0.577014299997245,0.8565198999131098
"telemetry.row('SCEN-A', 'P-02', 'run2:F0:probeR', 'feature').wall_clock_seconds",E,declared telemetry column (R-3),0.5013086999970255,0.7016565999947488
"telemetry.row('SCEN-A', 'P-02', 'run2:F0:probeR', 'grid[0]').wall_clock_seconds",E,declared telemetry column (R-3),1.1241417999990517,1.7388287999201566
"telemetry.row('SCEN-A', 'P-02', 'run2:F0:probeR', 'grid[130]').wall_clock_seconds",E,declared telemetry column (R-3),0.457758600001398,0.6162316000554711
"telemetry.row('SCEN-A', 'P-02', 'run2:F0:probeR', 'grid[260]').wall_clock_seconds",E,declared telemetry column (R-3),0.7509676999980002,0.9904966999311
"telemetry.row('SCEN-A', 'P-02', 'run2:M0:fold0', 'feature').wall_clock_seconds",E,declared telemetry column (R-3),0.37163259999942966,0.4808066999539733
"telemetry.row('SCEN-A', 'P-02', 'run2:M0:fold0', 'grid[0]').wall_clock_seconds",E,declared telemetry column (R-3),0.6121977000002516,0.8810830999864265
"telemetry.row('SCEN-A', 'P-02', 'run2:M0:fold0', 'grid[130]').wall_clock_seconds",E,declared telemetry column (R-3),0.4591163000004599,0.6313389999559149
"telemetry.row('SCEN-A', 'P-02', 'run2:M0:fold0', 'grid[260]').wall_clock_seconds",E,declared telemetry column (R-3),1.4065936000042711,2.051700699958019
"telemetry.row('SCEN-A', 'P-02', 'run2:M0:fold1', 'feature').wall_clock_seconds",E,declared telemetry column (R-3),0.3580909000011161,0.48737360001541674
"telemetry.row('SCEN-A', 'P-02', 'run2:M0:fold1', 'grid[0]').wall_clock_seconds",E,declared telemetry column (R-3),0.5483576000042376,0.796057999948971
"telemetry.row('SCEN-A', 'P-02', 'run2:M0:fold1', 'grid[130]').wall_clock_seconds",E,declared telemetry column (R-3),0.35098260000086157,0.48727039992809296
"telemetry.row('SCEN-A', 'P-02', 'run2:M0:fold1', 'grid[260]').wall_clock_seconds",E,declared telemetry column (R-3),0.513961399999971,0.6538138999603689
"telemetry.row('SCEN-A', 'P-02', 'run2:M0:fold2', 'feature').wall_clock_seconds",E,declared telemetry column (R-3),0.46204969999962486,0.5637856000103056
"telemetry.row('SCEN-A', 'P-02', 'run2:M0:fold2', 'grid[0]').wall_clock_seconds",E,declared telemetry column (R-3),1.5306255000032252,1.962927799904719
"telemetry.row('SCEN-A', 'P-02', 'run2:M0:fold2', 'grid[130]').wall_clock_seconds",E,declared telemetry column (R-3),0.40390860000479734,0.539230199996382
"telemetry.row('SCEN-A', 'P-02', 'run2:M0:fold2', 'grid[260]').wall_clock_seconds",E,declared telemetry column (R-3),0.5811381000021356,0.749126199982129
"telemetry.row('SCEN-A', 'P-02', 'run2:M0:fold3', 'feature').wall_clock_seconds",E,declared telemetry column (R-3),0.45177289999992354,0.6136372999753803
"telemetry.row('SCEN-A', 'P-02', 'run2:M0:fold3', 'grid[0]').wall_clock_seconds",E,declared telemetry column (R-3),1.5506543000010424,1.911769500002265
"telemetry.row('SCEN-A', 'P-02', 'run2:M0:fold3', 'grid[130]').wall_clock_seconds",E,declared telemetry column (R-3),0.5305903999978909,0.5729200999485329
"telemetry.row('SCEN-A', 'P-02', 'run2:M0:fold3', 'grid[260]').wall_clock_seconds",E,declared telemetry column (R-3),0.6154514999943785,0.8175951999146491
"telemetry.row('SCEN-A', 'P-02', 'run2:M0:fold4', 'feature').wall_clock_seconds",E,declared telemetry column (R-3),0.4897839999975986,0.6734954999992624
"telemetry.row('SCEN-A', 'P-02', 'run2:M0:fold4', 'grid[0]').wall_clock_seconds",E,declared telemetry column (R-3),1.4008306999967317,1.927443900029175
"telemetry.row('SCEN-A', 'P-02', 'run2:M0:fold4', 'grid[130]').wall_clock_seconds",E,declared telemetry column (R-3),0.3894903999971575,0.5589940999634564
"telemetry.row('SCEN-A', 'P-02', 'run2:M0:fold4', 'grid[260]').wall_clock_seconds",E,declared telemetry column (R-3),0.5316984000019147,0.7416167000774294
"telemetry.row('SCEN-A', 'P-02', 'run2:M0:full', 'feature').wall_clock_seconds",E,declared telemetry column (R-3),0.42635470000095665,0.5724769999505952
"telemetry.row('SCEN-A', 'P-02', 'run2:M0:full', 'grid[0]').wall_clock_seconds",E,declared telemetry column (R-3),1.4225991999992402,1.8967326000565663
"telemetry.row('SCEN-A', 'P-02', 'run2:M0:full', 'grid[130]').wall_clock_seconds",E,declared telemetry column (R-3),0.37159580000297865,0.4802879999624565
"telemetry.row('SCEN-A', 'P-02', 'run2:M0:full', 'grid[260]').wall_clock_seconds",E,declared telemetry column (R-3),0.5620759000012185,0.7833586999913678
"telemetry.row('SCEN-A', 'P-02', 'run2:M0:probeL', 'feature').wall_clock_seconds",E,declared telemetry column (R-3),0.34852870000031544,0.49747810000553727
"telemetry.row('SCEN-A', 'P-02', 'run2:M0:probeL', 'grid[0]').wall_clock_seconds",E,declared telemetry column (R-3),0.6498150000043097,0.8637540000490844
"telemetry.row('SCEN-A', 'P-02', 'run2:M0:probeL', 'grid[130]').wall_clock_seconds",E,declared telemetry column (R-3),0.38790639999933774,0.5057587999617681
"telemetry.row('SCEN-A', 'P-02', 'run2:M0:probeL', 'grid[260]').wall_clock_seconds",E,declared telemetry column (R-3),0.617250299997977,0.8490461999317631
"telemetry.row('SCEN-A', 'P-02', 'run2:M0:probeR', 'feature').wall_clock_seconds",E,declared telemetry column (R-3),0.3783391999968444,0.4831293999450281
"telemetry.row('SCEN-A', 'P-02', 'run2:M0:probeR', 'grid[0]').wall_clock_seconds",E,declared telemetry column (R-3),1.3813029000011738,1.9171536000212654
"telemetry.row('SCEN-A', 'P-02', 'run2:M0:probeR', 'grid[130]').wall_clock_seconds",E,declared telemetry column (R-3),0.3901798000006238,0.5260664999950677
"telemetry.row('SCEN-A', 'P-02', 'run2:M0:probeR', 'grid[260]').wall_clock_seconds",E,declared telemetry column (R-3),0.6352813999983482,0.8626959000248462
"telemetry.row('SCEN-B', 'P-01', 'run1:F0:fold0', 'feature').wall_clock_seconds",E,declared telemetry column (R-3),0.4742326000050525,0.49148550000973046
"telemetry.row('SCEN-B', 'P-01', 'run1:F0:fold0', 'grid[0]').wall_clock_seconds",E,declared telemetry column (R-3),0.6439982999945641,0.5242700999369845
"telemetry.row('SCEN-B', 'P-01', 'run1:F0:fold0', 'grid[365]').wall_clock_seconds",E,declared telemetry column (R-3),0.5632409999961965,0.8077999000670388
"telemetry.row('SCEN-B', 'P-01', 'run1:F0:fold0', 'grid[730]').wall_clock_seconds",E,declared telemetry column (R-3),0.19811179999669548,0.205243100062944
"telemetry.row('SCEN-B', 'P-01', 'run1:F0:fold1', 'feature').wall_clock_seconds",E,declared telemetry column (R-3),0.4410063000032096,0.3737294999882579
"telemetry.row('SCEN-B', 'P-01', 'run1:F0:fold1', 'grid[0]').wall_clock_seconds",E,declared telemetry column (R-3),0.45654719999583904,0.5796557000139728
"telemetry.row('SCEN-B', 'P-01', 'run1:F0:fold1', 'grid[365]').wall_clock_seconds",E,declared telemetry column (R-3),0.9106927000029827,0.6314877000404522
"telemetry.row('SCEN-B', 'P-01', 'run1:F0:fold1', 'grid[730]').wall_clock_seconds",E,declared telemetry column (R-3),0.18816919999517268,0.266387699986808
"telemetry.row('SCEN-B', 'P-01', 'run1:F0:fold3', 'feature').wall_clock_seconds",E,declared telemetry column (R-3),0.36355129999719793,0.4020240999525413
"telemetry.row('SCEN-B', 'P-01', 'run1:F0:fold3', 'grid[0]').wall_clock_seconds",E,declared telemetry column (R-3),0.4657230999946478,0.5230647000716999
"telemetry.row('SCEN-B', 'P-01', 'run1:F0:fold3', 'grid[365]').wall_clock_seconds",E,declared telemetry column (R-3),0.9190788999985671,0.7475056000985205
"telemetry.row('SCEN-B', 'P-01', 'run1:F0:fold3', 'grid[730]').wall_clock_seconds",E,declared telemetry column (R-3),0.3544206000005943,0.20117949997074902
"telemetry.row('SCEN-B', 'P-01', 'run1:F0:fold4', 'feature').wall_clock_seconds",E,declared telemetry column (R-3),0.421672700002091,0.5518090000841767
"telemetry.row('SCEN-B', 'P-01', 'run1:F0:fold4', 'grid[0]').wall_clock_seconds",E,declared telemetry column (R-3),0.41386100000090664,0.5136237000115216
"telemetry.row('SCEN-B', 'P-01', 'run1:F0:fold4', 'grid[365]').wall_clock_seconds",E,declared telemetry column (R-3),0.5378482999949483,0.6777900999877602
"telemetry.row('SCEN-B', 'P-01', 'run1:F0:fold4', 'grid[730]').wall_clock_seconds",E,declared telemetry column (R-3),0.24003119999542832,0.3046755000250414
"telemetry.row('SCEN-B', 'P-01', 'run1:F0:full', 'feature').wall_clock_seconds",E,declared telemetry column (R-3),0.2899411000034888,0.38332729996182024
"telemetry.row('SCEN-B', 'P-01', 'run1:F0:full', 'grid[0]').wall_clock_seconds",E,declared telemetry column (R-3),0.5286779000016395,0.626862799981609
"telemetry.row('SCEN-B', 'P-01', 'run1:F0:full', 'grid[365]').wall_clock_seconds",E,declared telemetry column (R-3),0.9517399000033038,1.19622630008962
"telemetry.row('SCEN-B', 'P-01', 'run1:F0:full', 'grid[730]').wall_clock_seconds",E,declared telemetry column (R-3),0.22267830000055255,0.2891838999930769
"telemetry.row('SCEN-B', 'P-01', 'run1:F0:probeL', 'feature').wall_clock_seconds",E,declared telemetry column (R-3),0.37102320000121836,0.514776400057599
"telemetry.row('SCEN-B', 'P-01', 'run1:F0:probeL', 'grid[0]').wall_clock_seconds",E,declared telemetry column (R-3),0.09208470000157831,0.10528809996321797
"telemetry.row('SCEN-B', 'P-01', 'run1:F0:probeL', 'grid[365]').wall_clock_seconds",E,declared telemetry column (R-3),0.4446659999957774,0.6131879999302328
"telemetry.row('SCEN-B', 'P-01', 'run1:F0:probeL', 'grid[730]').wall_clock_seconds",E,declared telemetry column (R-3),0.12590980000095442,0.16955230000894517
"telemetry.row('SCEN-B', 'P-01', 'run1:F0:probeR', 'feature').wall_clock_seconds",E,declared telemetry column (R-3),0.3083039999983157,0.3934330999618396
"telemetry.row('SCEN-B', 'P-01', 'run1:F0:probeR', 'grid[0]').wall_clock_seconds",E,declared telemetry column (R-3),0.40790840000408934,0.5510346000082791
"telemetry.row('SCEN-B', 'P-01', 'run1:F0:probeR', 'grid[365]').wall_clock_seconds",E,declared telemetry column (R-3),0.5756704999948852,0.7516821000026539
"telemetry.row('SCEN-B', 'P-01', 'run1:F0:probeR', 'grid[730]').wall_clock_seconds",E,declared telemetry column (R-3),0.17934319999767467,0.21723259997088462
"telemetry.row('SCEN-B', 'P-01', 'run1:M0:fold0', 'feature').wall_clock_seconds",E,declared telemetry column (R-3),0.3124833000038052,0.35176469990983605
"telemetry.row('SCEN-B', 'P-01', 'run1:M0:fold0', 'grid[0]').wall_clock_seconds",E,declared telemetry column (R-3),0.30225549999886425,0.3724556000670418
"telemetry.row('SCEN-B', 'P-01', 'run1:M0:fold0', 'grid[365]').wall_clock_seconds",E,declared telemetry column (R-3),0.7085794000013266,0.8663871999597177
"telemetry.row('SCEN-B', 'P-01', 'run1:M0:fold0', 'grid[730]').wall_clock_seconds",E,declared telemetry column (R-3),0.16595779999624938,0.20578210009261966
"telemetry.row('SCEN-B', 'P-01', 'run1:M0:fold1', 'feature').wall_clock_seconds",E,declared telemetry column (R-3),0.2217906999940169,0.2993478999705985
"telemetry.row('SCEN-B', 'P-01', 'run1:M0:fold1', 'grid[0]').wall_clock_seconds",E,declared telemetry column (R-3),0.4028695000015432,0.49174700002186
"telemetry.row('SCEN-B', 'P-01', 'run1:M0:fold1', 'grid[365]').wall_clock_seconds",E,declared telemetry column (R-3),0.7748740999959409,0.929359900066629
"telemetry.row('SCEN-B', 'P-01', 'run1:M0:fold1', 'grid[730]').wall_clock_seconds",E,declared telemetry column (R-3),0.1735728999992716,0.2121110000880435
"telemetry.row('SCEN-B', 'P-01', 'run1:M0:fold2', 'feature').wall_clock_seconds",E,declared telemetry column (R-3),0.3556181000021752,0.46111809997819364
"telemetry.row('SCEN-B', 'P-01', 'run1:M0:fold2', 'grid[0]').wall_clock_seconds",E,declared telemetry column (R-3),0.4756070000003092,0.5664063999429345
"telemetry.row('SCEN-B', 'P-01', 'run1:M0:fold2', 'grid[365]').wall_clock_seconds",E,declared telemetry column (R-3),1.2709087999974145,1.5493689000140876
"telemetry.row('SCEN-B', 'P-01', 'run1:M0:fold2', 'grid[730]').wall_clock_seconds",E,declared telemetry column (R-3),0.7694550000014715,1.01192069996614
"telemetry.row('SCEN-B', 'P-01', 'run1:M0:fold3', 'feature').wall_clock_seconds",E,declared telemetry column (R-3),0.3583366999955615,0.49131599999964237
"telemetry.row('SCEN-B', 'P-01', 'run1:M0:fold3', 'grid[0]').wall_clock_seconds",E,declared telemetry column (R-3),0.4556580999997095,0.5743532000342384
"telemetry.row('SCEN-B', 'P-01', 'run1:M0:fold3', 'grid[365]').wall_clock_seconds",E,declared telemetry column (R-3),0.49820460000046296,0.7251598000293598
"telemetry.row('SCEN-B', 'P-01', 'run1:M0:fold3', 'grid[730]').wall_clock_seconds",E,declared telemetry column (R-3),0.29826589999720454,0.26296320010442287
"telemetry.row('SCEN-B', 'P-01', 'run1:M0:fold4', 'feature').wall_clock_seconds",E,declared telemetry column (R-3),0.3195295999976224,0.3653552000178024
"telemetry.row('SCEN-B', 'P-01', 'run1:M0:fold4', 'grid[0]').wall_clock_seconds",E,declared telemetry column (R-3),0.43018599999777507,0.5285543999634683
"telemetry.row('SCEN-B', 'P-01', 'run1:M0:fold4', 'grid[365]').wall_clock_seconds",E,declared telemetry column (R-3),0.7938716999997268,0.9033544999547303
"telemetry.row('SCEN-B', 'P-01', 'run1:M0:fold4', 'grid[730]').wall_clock_seconds",E,declared telemetry column (R-3),0.09247999999934109,0.11796599999070168
"telemetry.row('SCEN-B', 'P-01', 'run1:M0:full', 'feature').wall_clock_seconds",E,declared telemetry column (R-3),0.37972740000259364,0.38816530001349747
"telemetry.row('SCEN-B', 'P-01', 'run1:M0:full', 'grid[0]').wall_clock_seconds",E,declared telemetry column (R-3),0.5634240999934264,0.7109917999478057
"telemetry.row('SCEN-B', 'P-01', 'run1:M0:full', 'grid[365]').wall_clock_seconds",E,declared telemetry column (R-3),0.19727890000649495,0.26267820002976805
"telemetry.row('SCEN-B', 'P-01', 'run1:M0:full', 'grid[730]').wall_clock_seconds",E,declared telemetry column (R-3),0.19557540000096196,0.2290816999739036
"telemetry.row('SCEN-B', 'P-01', 'run1:M0:probeL', 'feature').wall_clock_seconds",E,declared telemetry column (R-3),0.24186030000419123,0.2948714999947697
"telemetry.row('SCEN-B', 'P-01', 'run1:M0:probeL', 'grid[0]').wall_clock_seconds",E,declared telemetry column (R-3),0.6203521999996156,0.7381099000340328
"telemetry.row('SCEN-B', 'P-01', 'run1:M0:probeL', 'grid[365]').wall_clock_seconds",E,declared telemetry column (R-3),1.2606163999953424,1.63231120002456
"telemetry.row('SCEN-B', 'P-01', 'run1:M0:probeL', 'grid[730]').wall_clock_seconds",E,declared telemetry column (R-3),0.15320719999726862,0.19859879999421537
"telemetry.row('SCEN-B', 'P-01', 'run1:M0:probeR', 'feature').wall_clock_seconds",E,declared telemetry column (R-3),0.4303085999999894,0.4109732999932021
"telemetry.row('SCEN-B', 'P-01', 'run1:M0:probeR', 'grid[0]').wall_clock_seconds",E,declared telemetry column (R-3),0.5290815999978804,0.6775555999483913
"telemetry.row('SCEN-B', 'P-01', 'run1:M0:probeR', 'grid[365]').wall_clock_seconds",E,declared telemetry column (R-3),0.685653700005787,0.8427212000824511
"telemetry.row('SCEN-B', 'P-01', 'run1:M0:probeR', 'grid[730]').wall_clock_seconds",E,declared telemetry column (R-3),0.15642030000162777,0.17042059998493642
"telemetry.row('SCEN-B', 'P-01', 'run2:F0:fold0', 'feature').wall_clock_seconds",E,declared telemetry column (R-3),0.37654749999637716,0.5084724000189453
"telemetry.row('SCEN-B', 'P-01', 'run2:F0:fold0', 'grid[0]').wall_clock_seconds",E,declared telemetry column (R-3),0.38214240000525024,0.5252717999974266
"telemetry.row('SCEN-B', 'P-01', 'run2:F0:fold0', 'grid[365]').wall_clock_seconds",E,declared telemetry column (R-3),0.4512994000033359,0.6081662999931723
"telemetry.row('SCEN-B', 'P-01', 'run2:F0:fold0', 'grid[730]').wall_clock_seconds",E,declared telemetry column (R-3),0.14994450000085635,0.21090589999221265
"telemetry.row('SCEN-B', 'P-01', 'run2:F0:fold1', 'feature').wall_clock_seconds",E,declared telemetry column (R-3),0.3088720999949146,0.3742488999851048
"telemetry.row('SCEN-B', 'P-01', 'run2:F0:fold1', 'grid[0]').wall_clock_seconds",E,declared telemetry column (R-3),0.45601470000110567,0.5733514999737963
"telemetry.row('SCEN-B', 'P-01', 'run2:F0:fold1', 'grid[365]').wall_clock_seconds",E,declared telemetry column (R-3),0.5888283999956911,0.6407704999437556
"telemetry.row('SCEN-B', 'P-01', 'run2:F0:fold1', 'grid[730]').wall_clock_seconds",E,declared telemetry column (R-3),0.21944510000321316,0.22389700007624924
"telemetry.row('SCEN-B', 'P-01', 'run2:F0:fold3', 'feature').wall_clock_seconds",E,declared telemetry column (R-3),0.30650850000529317,0.4056938000721857
"telemetry.row('SCEN-B', 'P-01', 'run2:F0:fold3', 'grid[0]').wall_clock_seconds",E,declared telemetry column (R-3),0.4296156999989762,0.5336231000255793
"telemetry.row('SCEN-B', 'P-01', 'run2:F0:fold3', 'grid[365]').wall_clock_seconds",E,declared telemetry column (R-3),0.6182490999999573,0.7254282999783754
"telemetry.row('SCEN-B', 'P-01', 'run2:F0:fold3', 'grid[730]').wall_clock_seconds",E,declared telemetry column (R-3),0.1650701000035042,0.2115349000087008
"telemetry.row('SCEN-B', 'P-01', 'run2:F0:fold4', 'feature').wall_clock_seconds",E,declared telemetry column (R-3),0.42064099999697646,0.552020600065589
"telemetry.row('SCEN-B', 'P-01', 'run2:F0:fold4', 'grid[0]').wall_clock_seconds",E,declared telemetry column (R-3),0.3781797999981791,0.5142381999175996
"telemetry.row('SCEN-B', 'P-01', 'run2:F0:fold4', 'grid[365]').wall_clock_seconds",E,declared telemetry column (R-3),0.5293213000040851,0.6836266999598593
"telemetry.row('SCEN-B', 'P-01', 'run2:F0:fold4', 'grid[730]').wall_clock_seconds",E,declared telemetry column (R-3),0.22485779999988154,0.311363400076516
"telemetry.row('SCEN-B', 'P-01', 'run2:F0:full', 'feature').wall_clock_seconds",E,declared telemetry column (R-3),0.26742080000258284,0.3796000999864191
"telemetry.row('SCEN-B', 'P-01', 'run2:F0:full', 'grid[0]').wall_clock_seconds",E,declared telemetry column (R-3),0.45801750000100583,0.6391536999726668
"telemetry.row('SCEN-B', 'P-01', 'run2:F0:full', 'grid[365]').wall_clock_seconds",E,declared telemetry column (R-3),0.8910233999995398,1.1758302000816911
"telemetry.row('SCEN-B', 'P-01', 'run2:F0:full', 'grid[730]').wall_clock_seconds",E,declared telemetry column (R-3),0.22124389999953564,0.2928044000873342
"telemetry.row('SCEN-B', 'P-01', 'run2:F0:probeL', 'feature').wall_clock_seconds",E,declared telemetry column (R-3),0.3783707000038703,0.5158593999221921
"telemetry.row('SCEN-B', 'P-01', 'run2:F0:probeL', 'grid[0]').wall_clock_seconds",E,declared telemetry column (R-3),0.07723670000268612,0.10517770005390048
"telemetry.row('SCEN-B', 'P-01', 'run2:F0:probeL', 'grid[365]').wall_clock_seconds",E,declared telemetry column (R-3),0.42977370000153314,0.592927600024268
"telemetry.row('SCEN-B', 'P-01', 'run2:F0:probeL', 'grid[730]').wall_clock_seconds",E,declared telemetry column (R-3),0.12597529999766266,0.1697157999733463
"telemetry.row('SCEN-B', 'P-01', 'run2:F0:probeR', 'feature').wall_clock_seconds",E,declared telemetry column (R-3),0.27920260000246344,0.3742953999899328
"telemetry.row('SCEN-B', 'P-01', 'run2:F0:probeR', 'grid[0]').wall_clock_seconds",E,declared telemetry column (R-3),0.42260950000490993,0.608601100044325
"telemetry.row('SCEN-B', 'P-01', 'run2:F0:probeR', 'grid[365]').wall_clock_seconds",E,declared telemetry column (R-3),0.6239969000016572,0.8902138998964801
"telemetry.row('SCEN-B', 'P-01', 'run2:F0:probeR', 'grid[730]').wall_clock_seconds",E,declared telemetry column (R-3),0.16589139999996405,0.26241309999022633
"telemetry.row('SCEN-B', 'P-01', 'run2:M0:fold0', 'feature').wall_clock_seconds",E,declared telemetry column (R-3),0.3004616999969585,0.3833700999384746
"telemetry.row('SCEN-B', 'P-01', 'run2:M0:fold0', 'grid[0]').wall_clock_seconds",E,declared telemetry column (R-3),0.36701309999625664,0.37753559998236597
"telemetry.row('SCEN-B', 'P-01', 'run2:M0:fold0', 'grid[365]').wall_clock_seconds",E,declared telemetry column (R-3),0.7679048999998486,0.8708194000646472
"telemetry.row('SCEN-B', 'P-01', 'run2:M0:fold0', 'grid[730]').wall_clock_seconds",E,declared telemetry column (R-3),0.1884353000059491,0.21378039999399334
"telemetry.row('SCEN-B', 'P-01', 'run2:M0:fold1', 'feature').wall_clock_seconds",E,declared telemetry column (R-3),0.218263200004003,0.293157699983567
"telemetry.row('SCEN-B', 'P-01', 'run2:M0:fold1', 'grid[0]').wall_clock_seconds",E,declared telemetry column (R-3),0.3756148000029498,0.5384392000269145
"telemetry.row('SCEN-B', 'P-01', 'run2:M0:fold1', 'grid[365]').wall_clock_seconds",E,declared telemetry column (R-3),0.6987372000003234,1.0851227999664843
"telemetry.row('SCEN-B', 'P-01', 'run2:M0:fold1', 'grid[730]').wall_clock_seconds",E,declared telemetry column (R-3),0.18689869999798248,0.21924350003246218
"telemetry.row('SCEN-B', 'P-01', 'run2:M0:fold2', 'feature').wall_clock_seconds",E,declared telemetry column (R-3),0.3458567999987281,0.4916383000090718
"telemetry.row('SCEN-B', 'P-01', 'run2:M0:fold2', 'grid[0]').wall_clock_seconds",E,declared telemetry column (R-3),0.43615480000153184,0.5989597999723628
"telemetry.row('SCEN-B', 'P-01', 'run2:M0:fold2', 'grid[365]').wall_clock_seconds",E,declared telemetry column (R-3),1.1559957999998005,1.6348623000085354
"telemetry.row('SCEN-B', 'P-01', 'run2:M0:fold2', 'grid[730]').wall_clock_seconds",E,declared telemetry column (R-3),0.736969700003101,1.032605400076136
"telemetry.row('SCEN-B', 'P-01', 'run2:M0:fold3', 'feature').wall_clock_seconds",E,declared telemetry column (R-3),0.282485199997609,0.3828870999859646
"telemetry.row('SCEN-B', 'P-01', 'run2:M0:fold3', 'grid[0]').wall_clock_seconds",E,declared telemetry column (R-3),0.4364789000028395,0.6071042000548914
"telemetry.row('SCEN-B', 'P-01', 'run2:M0:fold3', 'grid[365]').wall_clock_seconds",E,declared telemetry column (R-3),0.5224579000059748,0.7070164000615478
"telemetry.row('SCEN-B', 'P-01', 'run2:M0:fold3', 'grid[730]').wall_clock_seconds",E,declared telemetry column (R-3),0.1882578000004287,0.27100720000453293
"telemetry.row('SCEN-B', 'P-01', 'run2:M0:fold4', 'feature').wall_clock_seconds",E,declared telemetry column (R-3),0.3184700999991037,0.39394340000580996
"telemetry.row('SCEN-B', 'P-01', 'run2:M0:fold4', 'grid[0]').wall_clock_seconds",E,declared telemetry column (R-3),0.4202487000002293,0.5333011000184342
"telemetry.row('SCEN-B', 'P-01', 'run2:M0:fold4', 'grid[365]').wall_clock_seconds",E,declared telemetry column (R-3),0.6916204000008292,0.9590364000760019
"telemetry.row('SCEN-B', 'P-01', 'run2:M0:fold4', 'grid[730]').wall_clock_seconds",E,declared telemetry column (R-3),0.08375749999686377,0.11291000002529472
"telemetry.row('SCEN-B', 'P-01', 'run2:M0:full', 'feature').wall_clock_seconds",E,declared telemetry column (R-3),0.35642119999829447,0.4045839000027627
"telemetry.row('SCEN-B', 'P-01', 'run2:M0:full', 'grid[0]').wall_clock_seconds",E,declared telemetry column (R-3),0.5528728999997838,0.7370447999564931
"telemetry.row('SCEN-B', 'P-01', 'run2:M0:full', 'grid[365]').wall_clock_seconds",E,declared telemetry column (R-3),0.3017771999948309,0.26731939997989684
"telemetry.row('SCEN-B', 'P-01', 'run2:M0:full', 'grid[730]').wall_clock_seconds",E,declared telemetry column (R-3),0.2563676000063424,0.23607910005375743
"telemetry.row('SCEN-B', 'P-01', 'run2:M0:probeL', 'feature').wall_clock_seconds",E,declared telemetry column (R-3),0.21772369999962393,0.3071847000392154
"telemetry.row('SCEN-B', 'P-01', 'run2:M0:probeL', 'grid[0]').wall_clock_seconds",E,declared telemetry column (R-3),0.5473147000011522,0.7589366999454796
"telemetry.row('SCEN-B', 'P-01', 'run2:M0:probeL', 'grid[365]').wall_clock_seconds",E,declared telemetry column (R-3),1.273753100002068,1.7559723999584094
"telemetry.row('SCEN-B', 'P-01', 'run2:M0:probeL', 'grid[730]').wall_clock_seconds",E,declared telemetry column (R-3),0.14870890000020154,0.1985177000751719
"telemetry.row('SCEN-B', 'P-01', 'run2:M0:probeR', 'feature').wall_clock_seconds",E,declared telemetry column (R-3),0.33416399999987334,0.4325530999340117
"telemetry.row('SCEN-B', 'P-01', 'run2:M0:probeR', 'grid[0]').wall_clock_seconds",E,declared telemetry column (R-3),0.5332407000023522,0.7005825000815094
"telemetry.row('SCEN-B', 'P-01', 'run2:M0:probeR', 'grid[365]').wall_clock_seconds",E,declared telemetry column (R-3),0.6914726000031806,0.8619312000228092
"telemetry.row('SCEN-B', 'P-01', 'run2:M0:probeR', 'grid[730]').wall_clock_seconds",E,declared telemetry column (R-3),0.12746920000063255,0.17090789997018874
"telemetry.row('SCEN-B', 'P-02', 'run1:F0:fold0', 'grid[0]').wall_clock_seconds",E,declared telemetry column (R-3),1.208857399993576,1.6938684999477118
"telemetry.row('SCEN-B', 'P-02', 'run1:F0:fold0', 'grid[130]').wall_clock_seconds",E,declared telemetry column (R-3),0.4501264999998966,0.6264850000152364
"telemetry.row('SCEN-B', 'P-02', 'run1:F0:fold0', 'grid[260]').wall_clock_seconds",E,declared telemetry column (R-3),1.877336000005016,2.085579099948518
"telemetry.row('SCEN-B', 'P-02', 'run1:F0:fold1', 'feature').wall_clock_seconds",E,declared telemetry column (R-3),0.4285957999964012,0.5705637000501156
"telemetry.row('SCEN-B', 'P-02', 'run1:F0:fold1', 'grid[0]').wall_clock_seconds",E,declared telemetry column (R-3),1.171061799999734,1.470316700055264
"telemetry.row('SCEN-B', 'P-02', 'run1:F0:fold1', 'grid[130]').wall_clock_seconds",E,declared telemetry column (R-3),0.3972527000005357,0.5089201999362558
"telemetry.row('SCEN-B', 'P-02', 'run1:F0:fold1', 'grid[260]').wall_clock_seconds",E,declared telemetry column (R-3),1.528858500001661,1.930581200052984
"telemetry.row('SCEN-B', 'P-02', 'run1:F0:fold2', 'feature').wall_clock_seconds",E,declared telemetry column (R-3),0.5946021000054316,0.7541915999026969
"telemetry.row('SCEN-B', 'P-02', 'run1:F0:fold2', 'grid[0]').wall_clock_seconds",E,declared telemetry column (R-3),0.5931740000014543,0.8111629999475554
"telemetry.row('SCEN-B', 'P-02', 'run1:F0:fold2', 'grid[130]').wall_clock_seconds",E,declared telemetry column (R-3),0.574562200003129,0.7494021999882534
"telemetry.row('SCEN-B', 'P-02', 'run1:F0:fold2', 'grid[260]').wall_clock_seconds",E,declared telemetry column (R-3),0.6172010000009323,0.835822599940002
"telemetry.row('SCEN-B', 'P-02', 'run1:F0:fold3', 'feature').wall_clock_seconds",E,declared telemetry column (R-3),0.49742509999487083,0.6898181999567896
"telemetry.row('SCEN-B', 'P-02', 'run1:F0:fold3', 'grid[0]').wall_clock_seconds",E,declared telemetry column (R-3),0.6474114000011468,0.8920518999220803
"telemetry.row('SCEN-B', 'P-02', 'run1:F0:fold3', 'grid[130]').wall_clock_seconds",E,declared telemetry column (R-3),0.5262387999973726,0.7289947000099346
"telemetry.row('SCEN-B', 'P-02', 'run1:F0:fold3', 'grid[260]').wall_clock_seconds",E,declared telemetry column (R-3),0.6128949999983888,0.8070453000254929
"telemetry.row('SCEN-B', 'P-02', 'run1:F0:fold4', 'feature').wall_clock_seconds",E,declared telemetry column (R-3),0.5545942000026116,0.7690820000134408
"telemetry.row('SCEN-B', 'P-02', 'run1:F0:fold4', 'grid[0]').wall_clock_seconds",E,declared telemetry column (R-3),1.4499940999958199,1.938257300062105
"telemetry.row('SCEN-B', 'P-02', 'run1:F0:fold4', 'grid[130]').wall_clock_seconds",E,declared telemetry column (R-3),0.4350224000008893,0.6439505000598729
"telemetry.row('SCEN-B', 'P-02', 'run1:F0:fold4', 'grid[260]').wall_clock_seconds",E,declared telemetry column (R-3),1.5227852999960305,2.0551882999716327
"telemetry.row('SCEN-B', 'P-02', 'run1:F0:full', 'feature').wall_clock_seconds",E,declared telemetry column (R-3),0.5101571999985026,0.7089357000077143
"telemetry.row('SCEN-B', 'P-02', 'run1:F0:full', 'grid[0]').wall_clock_seconds",E,declared telemetry column (R-3),0.6128320999996504,0.845098500023596
"telemetry.row('SCEN-B', 'P-02', 'run1:F0:full', 'grid[130]').wall_clock_seconds",E,declared telemetry column (R-3),0.3780622999984189,0.5114401000319049
"telemetry.row('SCEN-B', 'P-02', 'run1:F0:full', 'grid[260]').wall_clock_seconds",E,declared telemetry column (R-3),0.7589600999999675,1.0108945000683889
"telemetry.row('SCEN-B', 'P-02', 'run1:F0:probeL', 'feature').wall_clock_seconds",E,declared telemetry column (R-3),0.39873680000164313,0.5333977999398485
"telemetry.row('SCEN-B', 'P-02', 'run1:F0:probeL', 'grid[0]').wall_clock_seconds",E,declared telemetry column (R-3),1.1502565999981016,1.4939627000130713
"telemetry.row('SCEN-B', 'P-02', 'run1:F0:probeL', 'grid[130]').wall_clock_seconds",E,declared telemetry column (R-3),0.5596799999984796,0.6422621000092477
"telemetry.row('SCEN-B', 'P-02', 'run1:F0:probeL', 'grid[260]').wall_clock_seconds",E,declared telemetry column (R-3),1.7854039000012563,1.948726600036025
"telemetry.row('SCEN-B', 'P-02', 'run1:F0:probeR', 'feature').wall_clock_seconds",E,declared telemetry column (R-3),0.492679599999974,0.6437487999210134
"telemetry.row('SCEN-B', 'P-02', 'run1:F0:probeR', 'grid[0]').wall_clock_seconds",E,declared telemetry column (R-3),0.5797865999993519,0.7417550999671221
"telemetry.row('SCEN-B', 'P-02', 'run1:F0:probeR', 'grid[130]').wall_clock_seconds",E,declared telemetry column (R-3),0.4588350999983959,0.5900725000537932
"telemetry.row('SCEN-B', 'P-02', 'run1:F0:probeR', 'grid[260]').wall_clock_seconds",E,declared telemetry column (R-3),1.445487700002559,1.9469302999787033
"telemetry.row('SCEN-B', 'P-02', 'run1:M0:fold0', 'feature').wall_clock_seconds",E,declared telemetry column (R-3),0.4989298000000417,0.6612002999754623
"telemetry.row('SCEN-B', 'P-02', 'run1:M0:fold0', 'grid[0]').wall_clock_seconds",E,declared telemetry column (R-3),1.6012801000033505,2.0767113000620157
"telemetry.row('SCEN-B', 'P-02', 'run1:M0:fold0', 'grid[130]').wall_clock_seconds",E,declared telemetry column (R-3),0.50543949999701,0.6746450000209734
"telemetry.row('SCEN-B', 'P-02', 'run1:M0:fold0', 'grid[260]').wall_clock_seconds",E,declared telemetry column (R-3),1.9837900999991689,2.1931421000044793
"telemetry.row('SCEN-B', 'P-02', 'run1:M0:fold1', 'feature').wall_clock_seconds",E,declared telemetry column (R-3),0.520870799999102,0.6022430000593886
"telemetry.row('SCEN-B', 'P-02', 'run1:M0:fold1', 'grid[0]').wall_clock_seconds",E,declared telemetry column (R-3),0.7160149999981513,0.7708596000447869
"telemetry.row('SCEN-B', 'P-02', 'run1:M0:fold1', 'grid[130]').wall_clock_seconds",E,declared telemetry column (R-3),0.48057430000335444,0.5675461000064388
"telemetry.row('SCEN-B', 'P-02', 'run1:M0:fold1', 'grid[260]').wall_clock_seconds",E,declared telemetry column (R-3),0.6931890999985626,0.8504956000251696
"telemetry.row('SCEN-B', 'P-02', 'run1:M0:fold2', 'feature').wall_clock_seconds",E,declared telemetry column (R-3),0.43297980000352254,0.5492015000199899
"telemetry.row('SCEN-B', 'P-02', 'run1:M0:fold2', 'grid[0]').wall_clock_seconds",E,declared telemetry column (R-3),1.522855500006699,1.8469125999836251
"telemetry.row('SCEN-B', 'P-02', 'run1:M0:fold2', 'grid[130]').wall_clock_seconds",E,declared telemetry column (R-3),0.48626710000098683,0.6298169998917729
"telemetry.row('SCEN-B', 'P-02', 'run1:M0:fold2', 'grid[260]').wall_clock_seconds",E,declared telemetry column (R-3),1.5664577999996254,2.083785800030455
"telemetry.row('SCEN-B', 'P-02', 'run1:M0:fold3', 'feature').wall_clock_seconds",E,declared telemetry column (R-3),0.6390009999959148,0.6772453000303358
"telemetry.row('SCEN-B', 'P-02', 'run1:M0:fold3', 'grid[0]').wall_clock_seconds",E,declared telemetry column (R-3),0.7358639000012772,0.9193292999407277
"telemetry.row('SCEN-B', 'P-02', 'run1:M0:fold3', 'grid[130]').wall_clock_seconds",E,declared telemetry column (R-3),0.5923043000002508,0.6987169000785798
"telemetry.row('SCEN-B', 'P-02', 'run1:M0:fold3', 'grid[260]').wall_clock_seconds",E,declared telemetry column (R-3),0.9886497999978019,0.9027717999415472
"telemetry.row('SCEN-B', 'P-02', 'run1:M0:fold4', 'feature').wall_clock_seconds",E,declared telemetry column (R-3),0.49692510000022594,0.7223385999677703
"telemetry.row('SCEN-B', 'P-02', 'run1:M0:fold4', 'grid[0]').wall_clock_seconds",E,declared telemetry column (R-3),0.9582423000028939,1.0857021999545395
"telemetry.row('SCEN-B', 'P-02', 'run1:M0:fold4', 'grid[130]').wall_clock_seconds",E,declared telemetry column (R-3),0.4574834000013652,0.5947396999690682
"telemetry.row('SCEN-B', 'P-02', 'run1:M0:fold4', 'grid[260]').wall_clock_seconds",E,declared telemetry column (R-3),0.6598623999962001,0.7886241000378504
"telemetry.row('SCEN-B', 'P-02', 'run1:M0:full', 'feature').wall_clock_seconds",E,declared telemetry column (R-3),0.5018669999990379,0.6434213999891654
"telemetry.row('SCEN-B', 'P-02', 'run1:M0:full', 'grid[0]').wall_clock_seconds",E,declared telemetry column (R-3),1.0007665000011912,1.1673654000042006
"telemetry.row('SCEN-B', 'P-02', 'run1:M0:full', 'grid[130]').wall_clock_seconds",E,declared telemetry column (R-3),0.6310378999987734,0.6335527000483125
"telemetry.row('SCEN-B', 'P-02', 'run1:M0:full', 'grid[260]').wall_clock_seconds",E,declared telemetry column (R-3),0.9603931999954511,1.2198828000109643
"telemetry.row('SCEN-B', 'P-02', 'run1:M0:probeR', 'feature').wall_clock_seconds",E,declared telemetry column (R-3),0.46070229999895673,0.5705708999885246
"telemetry.row('SCEN-B', 'P-02', 'run1:M0:probeR', 'grid[0]').wall_clock_seconds",E,declared telemetry column (R-3),1.596215999998094,2.3017008000751957
"telemetry.row('SCEN-B', 'P-02', 'run1:M0:probeR', 'grid[130]').wall_clock_seconds",E,declared telemetry column (R-3),0.4509178000007523,0.6127011999487877
"telemetry.row('SCEN-B', 'P-02', 'run1:M0:probeR', 'grid[260]').wall_clock_seconds",E,declared telemetry column (R-3),1.5242046999992453,1.9785441000713035
"telemetry.row('SCEN-B', 'P-02', 'run2:F0:fold0', 'grid[0]').wall_clock_seconds",E,declared telemetry column (R-3),1.1293842000013683,1.5671666000271216
"telemetry.row('SCEN-B', 'P-02', 'run2:F0:fold0', 'grid[130]').wall_clock_seconds",E,declared telemetry column (R-3),0.4304610000035609,0.5800907000666484
"telemetry.row('SCEN-B', 'P-02', 'run2:F0:fold0', 'grid[260]').wall_clock_seconds",E,declared telemetry column (R-3),1.6345363999935216,2.069107799907215
"telemetry.row('SCEN-B', 'P-02', 'run2:F0:fold1', 'feature').wall_clock_seconds",E,declared telemetry column (R-3),0.5616829999999027,0.5697653000243008
"telemetry.row('SCEN-B', 'P-02', 'run2:F0:fold1', 'grid[0]').wall_clock_seconds",E,declared telemetry column (R-3),1.0653882000042358,1.5552631999598816
"telemetry.row('SCEN-B', 'P-02', 'run2:F0:fold1', 'grid[130]').wall_clock_seconds",E,declared telemetry column (R-3),0.37908990000141785,0.5507354000583291
"telemetry.row('SCEN-B', 'P-02', 'run2:F0:fold1', 'grid[260]').wall_clock_seconds",E,declared telemetry column (R-3),1.4978150999959325,2.0587666999781504
"telemetry.row('SCEN-B', 'P-02', 'run2:F0:fold2', 'feature').wall_clock_seconds",E,declared telemetry column (R-3),0.5416407000011532,0.8824746999889612
"telemetry.row('SCEN-B', 'P-02', 'run2:F0:fold2', 'grid[0]').wall_clock_seconds",E,declared telemetry column (R-3),0.6552219999939553,0.8019303000764921
"telemetry.row('SCEN-B', 'P-02', 'run2:F0:fold2', 'grid[130]').wall_clock_seconds",E,declared telemetry column (R-3),0.5588665999966906,0.7368850000202656
"telemetry.row('SCEN-B', 'P-02', 'run2:F0:fold2', 'grid[260]').wall_clock_seconds",E,declared telemetry column (R-3),0.6108880000028876,0.9286759999813512
"telemetry.row('SCEN-B', 'P-02', 'run2:F0:fold3', 'feature').wall_clock_seconds",E,declared telemetry column (R-3),0.5218099999983679,0.6947770999977365
"telemetry.row('SCEN-B', 'P-02', 'run2:F0:fold3', 'grid[0]').wall_clock_seconds",E,declared telemetry column (R-3),0.6556429000047501,0.9252309000585228
"telemetry.row('SCEN-B', 'P-02', 'run2:F0:fold3', 'grid[130]').wall_clock_seconds",E,declared telemetry column (R-3),0.5279351999997743,0.717107699951157
"telemetry.row('SCEN-B', 'P-02', 'run2:F0:fold3', 'grid[260]').wall_clock_seconds",E,declared telemetry column (R-3),0.5969354000044405,0.8042804000433534
"telemetry.row('SCEN-B', 'P-02', 'run2:F0:fold4', 'feature').wall_clock_seconds",E,declared telemetry column (R-3),0.5685519000035129,0.7571970000863075
"telemetry.row('SCEN-B', 'P-02', 'run2:F0:fold4', 'grid[0]').wall_clock_seconds",E,declared telemetry column (R-3),1.4442923000024166,1.9573050000471994
"telemetry.row('SCEN-B', 'P-02', 'run2:F0:fold4', 'grid[130]').wall_clock_seconds",E,declared telemetry column (R-3),0.45390600000246195,0.598795700003393
"telemetry.row('SCEN-B', 'P-02', 'run2:F0:fold4', 'grid[260]').wall_clock_seconds",E,declared telemetry column (R-3),1.420726399999694,1.9265927999513224
"telemetry.row('SCEN-B', 'P-02', 'run2:F0:full', 'feature').wall_clock_seconds",E,declared telemetry column (R-3),0.5041817000019364,0.6966645000502467
"telemetry.row('SCEN-B', 'P-02', 'run2:F0:full', 'grid[0]').wall_clock_seconds",E,declared telemetry column (R-3),0.6395770000017365,0.851538100047037
"telemetry.row('SCEN-B', 'P-02', 'run2:F0:full', 'grid[130]').wall_clock_seconds",E,declared telemetry column (R-3),0.3966048000002047,0.5119021999416873
"telemetry.row('SCEN-B', 'P-02', 'run2:F0:full', 'grid[260]').wall_clock_seconds",E,declared telemetry column (R-3),0.7559508999984246,1.0067291000159457
"telemetry.row('SCEN-B', 'P-02', 'run2:F0:probeL', 'feature').wall_clock_seconds",E,declared telemetry column (R-3),0.3859169999996084,0.5420246000867337
"telemetry.row('SCEN-B', 'P-02', 'run2:F0:probeL', 'grid[0]').wall_clock_seconds",E,declared telemetry column (R-3),1.1369770000019344,1.5448468999238685
"telemetry.row('SCEN-B', 'P-02', 'run2:F0:probeL', 'grid[130]').wall_clock_seconds",E,declared telemetry column (R-3),0.5028349999993225,0.6473884000442922
"telemetry.row('SCEN-B', 'P-02', 'run2:F0:probeL', 'grid[260]').wall_clock_seconds",E,declared telemetry column (R-3),1.5526963000011165,1.959866899996996
"telemetry.row('SCEN-B', 'P-02', 'run2:F0:probeR', 'feature').wall_clock_seconds",E,declared telemetry column (R-3),0.5514511000001221,0.6343624999281019
"telemetry.row('SCEN-B', 'P-02', 'run2:F0:probeR', 'grid[0]').wall_clock_seconds",E,declared telemetry column (R-3),0.5936604999951669,0.7455871000420302
"telemetry.row('SCEN-B', 'P-02', 'run2:F0:probeR', 'grid[130]').wall_clock_seconds",E,declared telemetry column (R-3),0.4213415000049281,0.6233217000262812
"telemetry.row('SCEN-B', 'P-02', 'run2:F0:probeR', 'grid[260]').wall_clock_seconds",E,declared telemetry column (R-3),1.5067605000003823,2.091132099973038
"telemetry.row('SCEN-B', 'P-02', 'run2:M0:fold0', 'feature').wall_clock_seconds",E,declared telemetry column (R-3),0.41848400000162655,0.5706825000233948
"telemetry.row('SCEN-B', 'P-02', 'run2:M0:fold0', 'grid[0]').wall_clock_seconds",E,declared telemetry column (R-3),1.5379226000004564,2.0682925999863073
"telemetry.row('SCEN-B', 'P-02', 'run2:M0:fold0', 'grid[130]').wall_clock_seconds",E,declared telemetry column (R-3),0.4900973000039812,0.6665612000506371
"telemetry.row('SCEN-B', 'P-02', 'run2:M0:fold0', 'grid[260]').wall_clock_seconds",E,declared telemetry column (R-3),1.6065988999980618,2.1228524999460205
"telemetry.row('SCEN-B', 'P-02', 'run2:M0:fold1', 'feature').wall_clock_seconds",E,declared telemetry column (R-3),0.43777289999707136,0.5900390000315383
"telemetry.row('SCEN-B', 'P-02', 'run2:M0:fold1', 'grid[0]').wall_clock_seconds",E,declared telemetry column (R-3),0.5785755999968387,0.7737770000239834
"telemetry.row('SCEN-B', 'P-02', 'run2:M0:fold1', 'grid[130]').wall_clock_seconds",E,declared telemetry column (R-3),0.4245186000043759,0.5767054000170901
"telemetry.row('SCEN-B', 'P-02', 'run2:M0:fold1', 'grid[260]').wall_clock_seconds",E,declared telemetry column (R-3),0.6216792999985046,0.8383634999627247
"telemetry.row('SCEN-B', 'P-02', 'run2:M0:fold2', 'feature').wall_clock_seconds",E,declared telemetry column (R-3),0.39444450000155484,0.5971031000372022
"telemetry.row('SCEN-B', 'P-02', 'run2:M0:fold2', 'grid[0]').wall_clock_seconds",E,declared telemetry column (R-3),1.3684938999940641,1.8641624000156298
"telemetry.row('SCEN-B', 'P-02', 'run2:M0:fold2', 'grid[130]').wall_clock_seconds",E,declared telemetry column (R-3),0.47707859999354696,0.6757827000692487
"telemetry.row('SCEN-B', 'P-02', 'run2:M0:fold2', 'grid[260]').wall_clock_seconds",E,declared telemetry column (R-3),1.4043510999981663,2.0209530000574887
"telemetry.row('SCEN-B', 'P-02', 'run2:M0:fold3', 'feature').wall_clock_seconds",E,declared telemetry column (R-3),0.5102120000010473,0.6801167000085115
"telemetry.row('SCEN-B', 'P-02', 'run2:M0:fold3', 'grid[0]').wall_clock_seconds",E,declared telemetry column (R-3),0.6409611999988556,0.8811569000827149
"telemetry.row('SCEN-B', 'P-02', 'run2:M0:fold3', 'grid[130]').wall_clock_seconds",E,declared telemetry column (R-3),0.4976260999974329,0.6864663999294862
"telemetry.row('SCEN-B', 'P-02', 'run2:M0:fold3', 'grid[260]').wall_clock_seconds",E,declared telemetry column (R-3),0.6302442999949562,0.8714298999402672
"telemetry.row('SCEN-B', 'P-02', 'run2:M0:fold4', 'feature').wall_clock_seconds",E,declared telemetry column (R-3),0.4950962000002619,0.65389930002857
"telemetry.row('SCEN-B', 'P-02', 'run2:M0:fold4', 'grid[0]').wall_clock_seconds",E,declared telemetry column (R-3),0.8303841000015382,1.0827363000717014
"telemetry.row('SCEN-B', 'P-02', 'run2:M0:fold4', 'grid[130]').wall_clock_seconds",E,declared telemetry column (R-3),0.5602179999987129,0.5861173999728635
"telemetry.row('SCEN-B', 'P-02', 'run2:M0:fold4', 'grid[260]').wall_clock_seconds",E,declared telemetry column (R-3),0.7185300999990432,0.7673748000524938
"telemetry.row('SCEN-B', 'P-02', 'run2:M0:full', 'feature').wall_clock_seconds",E,declared telemetry column (R-3),0.4754421000034199,0.6457096000667661
"telemetry.row('SCEN-B', 'P-02', 'run2:M0:full', 'grid[0]').wall_clock_seconds",E,declared telemetry column (R-3),0.9758199999996577,1.2487008000025526
"telemetry.row('SCEN-B', 'P-02', 'run2:M0:full', 'grid[130]').wall_clock_seconds",E,declared telemetry column (R-3),0.559421600002679,1.828862200025469
"telemetry.row('SCEN-B', 'P-02', 'run2:M0:full', 'grid[260]').wall_clock_seconds",E,declared telemetry column (R-3),1.046295400003146,1.290768999955617
"telemetry.row('SCEN-B', 'P-02', 'run2:M0:probeR', 'feature').wall_clock_seconds",E,declared telemetry column (R-3),0.4187711999984458,0.5628483999753371
"telemetry.row('SCEN-B', 'P-02', 'run2:M0:probeR', 'grid[0]').wall_clock_seconds",E,declared telemetry column (R-3),1.4666453000027104,1.9826177000068128
"telemetry.row('SCEN-B', 'P-02', 'run2:M0:probeR', 'grid[130]').wall_clock_seconds",E,declared telemetry column (R-3),0.4641860999981873,0.6129755000583827
"telemetry.row('SCEN-B', 'P-02', 'run2:M0:probeR', 'grid[260]').wall_clock_seconds",E,declared telemetry column (R-3),1.5369673000022885,1.9537598999449983
