fixture,fitter,mask_id,fixture_id,family,start_id,optimizer_path,status,message,success,nit,nfev,njev,wall_clock_seconds
SCEN-A,P-01,F0:full,SCEN-A,P-01,feature,primary,2,`xtol` termination condition is satisfied.,True,118,530,106,0.2738965000025928
SCEN-A,P-01,F0:full,SCEN-A,P-01,grid0,primary,2,`xtol` termination condition is satisfied.,True,194,980,196,0.5173318000161089
SCEN-A,P-01,F0:full,SCEN-A,P-01,grid365,primary,2,`xtol` termination condition is satisfied.,True,180,700,140,0.39388369995867833
SCEN-A,P-01,F0:full,SCEN-A,P-01,grid730,primary,2,`xtol` termination condition is satisfied.,True,82,325,65,0.15536799997789785
SCEN-A,P-01,F0:fold0,SCEN-A,P-01,feature,primary,2,`xtol` termination condition is satisfied.,True,135,735,147,0.3135071000433527
SCEN-A,P-01,F0:fold0,SCEN-A,P-01,grid0,primary,2,`xtol` termination condition is satisfied.,True,191,1310,262,0.4937276999698952
SCEN-A,P-01,F0:fold0,SCEN-A,P-01,grid365,primary,1,`gtol` termination condition is satisfied.,True,23,60,12,0.04354399995645508
SCEN-A,P-01,F0:fold0,SCEN-A,P-01,grid730,primary,1,`gtol` termination condition is satisfied.,True,31,90,18,0.0620836999733001
SCEN-A,P-01,F0:fold1,SCEN-A,P-01,feature,primary,2,`xtol` termination condition is satisfied.,True,154,1055,211,0.4192820999887772
SCEN-A,P-01,F0:fold1,SCEN-A,P-01,grid0,primary,2,`xtol` termination condition is satisfied.,True,192,1385,277,0.5293717000167817
SCEN-A,P-01,F0:fold1,SCEN-A,P-01,grid365,primary,2,`xtol` termination condition is satisfied.,True,167,800,160,0.3691327999695204
SCEN-A,P-01,F0:fold1,SCEN-A,P-01,grid730,primary,2,`xtol` termination condition is satisfied.,True,107,310,62,0.18201769998995587
SCEN-A,P-01,F0:fold2,SCEN-A,P-01,feature,primary,2,`xtol` termination condition is satisfied.,True,155,955,191,0.39952889998676255
SCEN-A,P-01,F0:fold2,SCEN-A,P-01,grid0,primary,2,`xtol` termination condition is satisfied.,True,202,1385,277,0.7259483999805525
SCEN-A,P-01,F0:fold2,SCEN-A,P-01,grid365,primary,2,`xtol` termination condition is satisfied.,True,275,1420,284,0.9296402999898419
SCEN-A,P-01,F0:fold2,SCEN-A,P-01,grid730,primary,2,`xtol` termination condition is satisfied.,True,104,220,44,0.17218499997397885
SCEN-A,P-01,F0:fold3,SCEN-A,P-01,feature,primary,2,`xtol` termination condition is satisfied.,True,153,860,172,0.37727940001059324
SCEN-A,P-01,F0:fold3,SCEN-A,P-01,grid0,primary,2,`xtol` termination condition is satisfied.,True,165,575,115,0.353307000012137
SCEN-A,P-01,F0:fold3,SCEN-A,P-01,grid365,primary,2,`xtol` termination condition is satisfied.,True,200,1215,243,0.5327816000208259
SCEN-A,P-01,F0:fold3,SCEN-A,P-01,grid730,primary,2,`xtol` termination condition is satisfied.,True,93,420,84,0.18111140001565218
SCEN-A,P-01,F0:fold4,SCEN-A,P-01,feature,primary,2,`xtol` termination condition is satisfied.,True,182,840,168,0.37569140002597123
SCEN-A,P-01,F0:fold4,SCEN-A,P-01,grid0,primary,2,`xtol` termination condition is satisfied.,True,210,1325,265,0.5566839000093751
SCEN-A,P-01,F0:fold4,SCEN-A,P-01,grid365,primary,2,`xtol` termination condition is satisfied.,True,196,1325,265,0.5193229999858886
SCEN-A,P-01,F0:fold4,SCEN-A,P-01,grid730,primary,1,`gtol` termination condition is satisfied.,True,30,90,18,0.06209379999199882
SCEN-A,P-01,F0:probeL,SCEN-A,P-01,feature,primary,2,`xtol` termination condition is satisfied.,True,187,1215,243,0.45459000003756955
SCEN-A,P-01,F0:probeL,SCEN-A,P-01,grid0,primary,1,`gtol` termination condition is satisfied.,True,55,220,44,0.1278086999664083
SCEN-A,P-01,F0:probeL,SCEN-A,P-01,grid365,primary,2,`xtol` termination condition is satisfied.,True,235,2075,415,0.644980699988082
SCEN-A,P-01,F0:probeL,SCEN-A,P-01,grid730,primary,2,`xtol` termination condition is satisfied.,True,108,720,144,0.2573314000037499
SCEN-A,P-01,F0:probeR,SCEN-A,P-01,feature,primary,2,`xtol` termination condition is satisfied.,True,125,250,50,0.22078779997536913
SCEN-A,P-01,F0:probeR,SCEN-A,P-01,grid0,primary,2,`xtol` termination condition is satisfied.,True,213,1325,265,0.7905720000271685
SCEN-A,P-01,F0:probeR,SCEN-A,P-01,grid365,primary,2,`xtol` termination condition is satisfied.,True,257,1870,374,0.8569548000232317
SCEN-A,P-01,F0:probeR,SCEN-A,P-01,grid730,primary,2,`xtol` termination condition is satisfied.,True,91,110,22,0.12585889996262267
SCEN-A,P-02,F0:full,SCEN-A,P-02,feature,primary,2,`xtol` termination condition is satisfied.,True,176,1430,286,0.6246566999470815
SCEN-A,P-02,F0:full,SCEN-A,P-02,grid0,primary,0,The maximum number of function evaluations is exceeded.,False,500,2555,511,1.633397200028412
SCEN-A,P-02,F0:full,SCEN-A,P-02,grid130,primary,2,`xtol` termination condition is satisfied.,True,139,990,198,0.4606426000245847
SCEN-A,P-02,F0:full,SCEN-A,P-02,grid260,primary,2,`xtol` termination condition is satisfied.,True,227,1595,319,0.8072350000147708
SCEN-A,P-02,F0:fold0,SCEN-A,P-02,feature,primary,2,`xtol` termination condition is satisfied.,True,160,1270,254,0.7091379999765195
SCEN-A,P-02,F0:fold0,SCEN-A,P-02,grid0,primary,2,`xtol` termination condition is satisfied.,True,221,1600,320,0.9392125000013039
SCEN-A,P-02,F0:fold0,SCEN-A,P-02,grid130,primary,2,`xtol` termination condition is satisfied.,True,106,725,145,0.38950069999555126
SCEN-A,P-02,F0:fold0,SCEN-A,P-02,grid260,primary,2,`xtol` termination condition is satisfied.,True,196,1430,286,0.6957848999882117
SCEN-A,P-02,F0:fold1,SCEN-A,P-02,feature,primary,2,`xtol` termination condition is satisfied.,True,175,1300,260,0.6510520000010729
SCEN-A,P-02,F0:fold1,SCEN-A,P-02,grid0,primary,2,`xtol` termination condition is satisfied.,True,395,3635,727,1.438577399996575
SCEN-A,P-02,F0:fold1,SCEN-A,P-02,grid130,primary,2,`xtol` termination condition is satisfied.,True,153,1190,238,0.53146160003962
SCEN-A,P-02,F0:fold1,SCEN-A,P-02,grid260,primary,2,`xtol` termination condition is satisfied.,True,203,1405,281,0.718052499985788
SCEN-A,P-02,F0:fold2,SCEN-A,P-02,feature,primary,2,`xtol` termination condition is satisfied.,True,147,1130,226,0.5116025999886915
SCEN-A,P-02,F0:fold2,SCEN-A,P-02,grid0,primary,2,`xtol` termination condition is satisfied.,True,219,1695,339,0.7698501000413671
SCEN-A,P-02,F0:fold2,SCEN-A,P-02,grid130,primary,2,`xtol` termination condition is satisfied.,True,168,1325,265,0.5860619000159204
SCEN-A,P-02,F0:fold2,SCEN-A,P-02,grid260,primary,2,`xtol` termination condition is satisfied.,True,174,1270,254,0.6145125000039116
SCEN-A,P-02,F0:fold3,SCEN-A,P-02,feature,primary,2,`xtol` termination condition is satisfied.,True,146,1080,216,0.49694300000555813
SCEN-A,P-02,F0:fold3,SCEN-A,P-02,grid0,primary,2,`xtol` termination condition is satisfied.,True,286,2385,477,1.0160803000326268
SCEN-A,P-02,F0:fold3,SCEN-A,P-02,grid130,primary,2,`xtol` termination condition is satisfied.,True,146,995,199,0.504434600006789
SCEN-A,P-02,F0:fold3,SCEN-A,P-02,grid260,primary,2,`xtol` termination condition is satisfied.,True,211,1560,312,0.7419889000011608
SCEN-A,P-02,F0:fold4,SCEN-A,P-02,feature,primary,2,`xtol` termination condition is satisfied.,True,171,1245,249,0.5825235999654979
SCEN-A,P-02,F0:fold4,SCEN-A,P-02,grid0,primary,2,`xtol` termination condition is satisfied.,True,187,1385,277,0.652447700034827
SCEN-A,P-02,F0:fold4,SCEN-A,P-02,grid130,primary,2,`xtol` termination condition is satisfied.,True,156,1145,229,0.5128575999988243
SCEN-A,P-02,F0:fold4,SCEN-A,P-02,grid260,primary,2,`xtol` termination condition is satisfied.,True,197,1430,286,0.6801433999789879
SCEN-A,P-02,F0:probeL,SCEN-A,P-02,feature,primary,2,`xtol` termination condition is satisfied.,True,130,995,199,0.45163540000794455
SCEN-A,P-02,F0:probeL,SCEN-A,P-02,grid0,primary,0,The maximum number of function evaluations is exceeded.,False,500,2565,513,1.6609888999955729
SCEN-A,P-02,F0:probeL,SCEN-A,P-02,grid130,primary,2,`xtol` termination condition is satisfied.,True,124,900,180,0.4236459999810904
SCEN-A,P-02,F0:probeL,SCEN-A,P-02,grid260,primary,2,`xtol` termination condition is satisfied.,True,191,1360,272,0.6565916000399739
SCEN-A,P-02,F0:probeR,SCEN-A,P-02,feature,primary,2,`xtol` termination condition is satisfied.,True,163,1330,266,0.5698675999883562
SCEN-A,P-02,F0:probeR,SCEN-A,P-02,grid0,primary,2,`xtol` termination condition is satisfied.,True,366,2745,549,1.2745788000174798
SCEN-A,P-02,F0:probeR,SCEN-A,P-02,grid130,primary,2,`xtol` termination condition is satisfied.,True,152,1175,235,0.5111067999969237
SCEN-A,P-02,F0:probeR,SCEN-A,P-02,grid260,primary,2,`xtol` termination condition is satisfied.,True,237,1805,361,0.842113499995321
SCEN-A,SPL,F0:full,,,mode0,POLISH,True,RSS=106.12885484033612,True,-1,-1,-1,0.0
SCEN-A,SPL,F0:full,,,mode1,POLISH,True,RSS=106.12885484033603,True,-1,-1,-1,0.0
SCEN-A,SPL,F0:full,,,mode2,POLISH,True,RSS=106.12885484033603,True,-1,-1,-1,0.0
SCEN-A,SPL,F0:full,,,mode3,POLISH,True,RSS=106.12885484033603,True,-1,-1,-1,0.0
SCEN-A,SPL,F0:full,,,mode4,POLISH,True,RSS=106.12885484033603,True,-1,-1,-1,0.0
SCEN-A,SPL,F0:full,,,mode5,POLISH,True,RSS=106.12885484033603,True,-1,-1,-1,0.0
SCEN-A,SPL,F0:full,,,mode6,POLISH,True,RSS=106.12885484033603,True,-1,-1,-1,0.0
SCEN-A,SPL,F0:full,,,mode7,POLISH,True,RSS=106.12885484033603,True,-1,-1,-1,0.0
SCEN-A,SPL,F0:full,,,mode8,POLISH,True,RSS=106.12885484033603,True,-1,-1,-1,0.0
SCEN-A,SPL,F0:full,,,mode9,POLISH,True,RSS=106.12885484033603,True,-1,-1,-1,0.0
SCEN-A,SPL,F0:full,,,mode10,POLISH,True,RSS=106.12885484033603,True,-1,-1,-1,0.0
SCEN-A,SPL,F0:full,,,mode11,POLISH,True,RSS=106.12885484033603,True,-1,-1,-1,0.0
SCEN-A,SPL,F0:full,,,mode12,POLISH,True,RSS=106.12885484033603,True,-1,-1,-1,0.0
SCEN-A,SPL,F0:full,,,mode13,POLISH,True,RSS=106.12885484033636,True,-1,-1,-1,0.0
SCEN-A,SPL,F0:full,,,mode14,POLISH_EXPANDED,True,RSS=106.12885484033687,True,-1,-1,-1,0.0
SCEN-A,SPL,F0:full,,,mode15,POLISH_EXPANDED,True,RSS=106.12885484033644,True,-1,-1,-1,0.0
SCEN-A,SPL,F0:full,,,mode16,POLISH,True,RSS=106.12885484033603,True,-1,-1,-1,0.0
SCEN-A,SPL,F0:full,,,mode17,POLISH,True,RSS=106.12885484033619,True,-1,-1,-1,0.0
SCEN-A,SPL,F0:full,,,mode18,POLISH,True,RSS=106.1251549416585,True,-1,-1,-1,0.0
SCEN-A,SPL,F0:full,,,mode19,POLISH,True,RSS=104.48851581779385,True,-1,-1,-1,0.0
SCEN-A,SPL,F0:full,,,mode20,POLISH,True,RSS=101.32696706785399,True,-1,-1,-1,0.0
SCEN-A,SPL,F0:full,,,mode21,POLISH_EXPANDED,True,RSS=97.93841591756419,True,-1,-1,-1,0.0
SCEN-A,SPL,F0:full,,,mode22,POLISH,True,RSS=94.85969981927677,True,-1,-1,-1,0.0
SCEN-A,SPL,F0:full,,,mode23,POLISH,True,RSS=92.25339756498781,True,-1,-1,-1,0.0
SCEN-A,SPL,F0:full,,,mode24,POLISH,True,RSS=90.12802556118861,True,-1,-1,-1,0.0
SCEN-A,SPL,F0:full,,,mode25,POLISH,True,RSS=88.453179935315,True,-1,-1,-1,0.0
SCEN-A,SPL,F0:full,,,mode26,POLISH,True,RSS=87.19301980909303,True,-1,-1,-1,0.0
SCEN-A,SPL,F0:full,,,mode27,POLISH,True,RSS=86.32901665171771,True,-1,-1,-1,0.0
SCEN-A,SPL,F0:full,,,mode28,FALLBACK,True,RSS=85.87201236145147,True,-1,-1,-1,0.0
SCEN-A,SPL,F0:full,,,mode29,POLISH_EXPANDED,True,RSS=85.79036720783778,True,-1,-1,-1,0.0
SCEN-A,SPL,F0:full,,,mode30,POLISH_EXPANDED,True,RSS=85.79036720783778,True,-1,-1,-1,0.0
SCEN-A,SPL,F0:full,,,mode31,POLISH_EXPANDED,True,RSS=85.79036720783778,True,-1,-1,-1,0.0
SCEN-A,SPL,F0:full,,,mode32,POLISH_EXPANDED,True,RSS=85.79036720783778,True,-1,-1,-1,0.0
SCEN-A,SPL,F0:full,,,mode33,POLISH_EXPANDED,True,RSS=85.7863827398404,True,-1,-1,-1,0.0
SCEN-A,SPL,F0:full,,,mode34,POLISH_EXPANDED,True,RSS=85.72812113548206,True,-1,-1,-1,0.0
SCEN-A,SPL,F0:full,,,mode35,POLISH_EXPANDED,True,RSS=85.44758743501235,True,-1,-1,-1,0.0
SCEN-A,SPL,F0:full,,,mode36,POLISH,True,RSS=84.63860705830744,True,-1,-1,-1,0.0
SCEN-A,SPL,F0:full,,,mode37,POLISH,True,RSS=82.72261587434942,True,-1,-1,-1,0.0
SCEN-A,SPL,F0:full,,,mode38,POLISH_EXPANDED,True,RSS=79.42462984721844,True,-1,-1,-1,0.0
SCEN-A,SPL,F0:full,,,mode39,POLISH_EXPANDED,True,RSS=75.31687034197799,True,-1,-1,-1,0.0
SCEN-A,SPL,F0:full,,,mode40,POLISH,True,RSS=71.5709945283051,True,-1,-1,-1,0.0
SCEN-A,SPL,F0:full,,,mode41,POLISH,True,RSS=68.46258257755902,True,-1,-1,-1,0.0
SCEN-A,SPL,F0:full,,,mode42,POLISH_EXPANDED,True,RSS=65.85404499611953,True,-1,-1,-1,0.0
SCEN-A,SPL,F0:full,,,mode43,POLISH,True,RSS=63.65880036165557,True,-1,-1,-1,0.0
SCEN-A,SPL,F0:full,,,mode44,POLISH_EXPANDED,True,RSS=61.799957148549424,True,-1,-1,-1,0.0
SCEN-A,SPL,F0:full,,,mode45,POLISH,True,RSS=60.20703511658799,True,-1,-1,-1,0.0
SCEN-A,SPL,F0:full,,,mode46,POLISH_EXPANDED,True,RSS=58.8406018602129,True,-1,-1,-1,0.0
SCEN-A,SPL,F0:full,,,mode47,POLISH,True,RSS=57.65428486772335,True,-1,-1,-1,0.0
SCEN-A,SPL,F0:full,,,mode48,POLISH,True,RSS=56.621272422361,True,-1,-1,-1,0.0
SCEN-A,SPL,F0:full,,,mode49,POLISH_EXPANDED,True,RSS=55.687843183699144,True,-1,-1,-1,0.0
SCEN-A,SPL,F0:full,,,mode50,POLISH_EXPANDED,True,RSS=54.71079923065456,True,-1,-1,-1,0.0
SCEN-A,SPL,F0:full,,,mode51,POLISH_EXPANDED,True,RSS=53.60582090126563,True,-1,-1,-1,0.0
SCEN-A,SPL,F0:full,,,mode52,POLISH,True,RSS=52.26189437005647,True,-1,-1,-1,0.0
SCEN-A,SPL,F0:full,,,mode53,POLISH_EXPANDED,True,RSS=50.51267459142889,True,-1,-1,-1,0.0
SCEN-A,SPL,F0:full,,,mode54,POLISH,True,RSS=48.107474980315686,True,-1,-1,-1,0.0
SCEN-A,SPL,F0:full,,,mode55,FALLBACK,True,RSS=44.5379861545972,True,-1,-1,-1,0.0
SCEN-A,SPL,F0:full,,,mode56,POLISH_EXPANDED,True,RSS=39.38153725655881,True,-1,-1,-1,0.0
SCEN-A,SPL,F0:full,,,mode57,POLISH_EXPANDED,True,RSS=32.6177892957083,True,-1,-1,-1,0.0
SCEN-A,SPL,F0:full,,,mode58,POLISH,True,RSS=25.186561748613478,True,-1,-1,-1,0.0
SCEN-A,SPL,F0:full,,,mode59,POLISH,True,RSS=19.17216389599564,True,-1,-1,-1,0.0
SCEN-A,SPL,F0:full,,,mode60,POLISH,True,RSS=15.626104672661016,True,-1,-1,-1,0.0
SCEN-A,SPL,F0:full,,,mode61,POLISH,True,RSS=14.238180547942946,True,-1,-1,-1,0.0
SCEN-A,SPL,F0:full,,,mode62,POLISH,True,RSS=14.119524989340327,True,-1,-1,-1,0.0
SCEN-A,SPL,F0:full,,,mode63,POLISH,True,RSS=14.310882843735284,True,-1,-1,-1,0.0
SCEN-A,SPL,F0:full,,,mode64,POLISH_EXPANDED,True,RSS=15.27835589757605,True,-1,-1,-1,0.0
SCEN-A,SPL,F0:full,,,mode65,POLISH,True,RSS=16.707435589075136,True,-1,-1,-1,0.0
SCEN-A,SPL,F0:full,,,mode66,POLISH_EXPANDED,True,RSS=18.368110104820957,True,-1,-1,-1,0.0
SCEN-A,SPL,F0:full,,,mode67,POLISH_EXPANDED,True,RSS=20.14297125850607,True,-1,-1,-1,0.0
SCEN-A,SPL,F0:full,,,mode68,POLISH,True,RSS=21.976142154763735,True,-1,-1,-1,0.0
SCEN-A,SPL,F0:full,,,mode69,POLISH,True,RSS=23.841834730276815,True,-1,-1,-1,0.0
SCEN-A,SPL,F0:full,,,mode70,POLISH,True,RSS=25.735159558952684,True,-1,-1,-1,0.0
SCEN-A,SPL,F0:full,,,mode71,POLISH,True,RSS=27.658968923389132,True,-1,-1,-1,0.0
SCEN-A,SPL,F0:full,,,mode72,POLISH,True,RSS=29.584730385091003,True,-1,-1,-1,0.0
SCEN-A,SPL,F0:full,,,mode73,POLISH_EXPANDED,True,RSS=31.5280997056669,True,-1,-1,-1,0.0
SCEN-A,SPL,F0:full,,,mode74,POLISH_EXPANDED,True,RSS=33.537719328601675,True,-1,-1,-1,0.0
SCEN-A,SPL,F0:full,,,mode75,POLISH_EXPANDED,True,RSS=35.66862965169034,True,-1,-1,-1,0.0
SCEN-A,SPL,F0:full,,,mode76,POLISH_EXPANDED,True,RSS=37.970132860421344,True,-1,-1,-1,0.0
SCEN-A,SPL,F0:full,,,mode77,POLISH,True,RSS=40.50272598125913,True,-1,-1,-1,0.0
SCEN-A,SPL,F0:full,,,mode78,POLISH,True,RSS=43.33825554240972,True,-1,-1,-1,0.0
SCEN-A,SPL,F0:full,,,mode79,POLISH,True,RSS=46.56708576744102,True,-1,-1,-1,0.0
SCEN-A,SPL,F0:full,,,mode80,POLISH,True,RSS=50.31358901435312,True,-1,-1,-1,0.0
SCEN-A,SPL,F0:full,,,mode81,POLISH,True,RSS=54.74687875653798,True,-1,-1,-1,0.0
SCEN-A,SPL,F0:full,,,mode82,POLISH,True,RSS=60.02757900348127,True,-1,-1,-1,0.0
SCEN-A,SPL,F0:full,,,mode83,POLISH,True,RSS=66.18275939073749,True,-1,-1,-1,0.0
SCEN-A,SPL,F0:full,,,mode84,POLISH_EXPANDED,True,RSS=72.69766867611929,True,-1,-1,-1,0.0
SCEN-A,SPL,F0:full,,,mode85,POLISH_EXPANDED,True,RSS=78.71974021145002,True,-1,-1,-1,0.0
SCEN-A,SPL,F0:full,,,mode86,POLISH_EXPANDED,True,RSS=82.5441856453279,True,-1,-1,-1,0.0
SCEN-A,SPL,F0:full,,,mode87,POLISH,True,RSS=82.95535583011042,True,-1,-1,-1,0.0
SCEN-A,SPL,F0:full,,,mode88,POLISH,True,RSS=82.95405022506908,True,-1,-1,-1,0.0
SCEN-A,SPL,F0:full,,,mode89,POLISH,True,RSS=82.98366789756511,True,-1,-1,-1,0.0
SCEN-A,SPL,F0:full,,,mode90,POLISH,True,RSS=83.09982475095717,True,-1,-1,-1,0.0
SCEN-A,SPL,F0:full,,,mode91,POLISH,True,RSS=83.30824121245108,True,-1,-1,-1,0.0
SCEN-A,SPL,F0:full,,,mode92,POLISH,True,RSS=83.61397418660397,True,-1,-1,-1,0.0
SCEN-A,SPL,F0:full,,,mode93,POLISH,True,RSS=84.02332733553266,True,-1,-1,-1,0.0
SCEN-A,SPL,F0:full,,,mode94,POLISH_EXPANDED,True,RSS=84.5470644450732,True,-1,-1,-1,0.0
SCEN-A,SPL,F0:full,,,mode95,POLISH,True,RSS=85.20510110344392,True,-1,-1,-1,0.0
SCEN-A,SPL,F0:full,,,mode96,POLISH,True,RSS=86.0046864343738,True,-1,-1,-1,0.0
SCEN-A,SPL,F0:full,,,mode97,POLISH,True,RSS=86.96265156766347,True,-1,-1,-1,0.0
SCEN-A,SPL,F0:full,,,mode98,POLISH,True,RSS=88.11327737117246,True,-1,-1,-1,0.0
SCEN-A,SPL,F0:full,,,mode99,POLISH_EXPANDED,True,RSS=89.49708008630563,True,-1,-1,-1,0.0
SCEN-A,SPL,F0:full,,,mode100,POLISH,True,RSS=91.12884991017452,True,-1,-1,-1,0.0
SCEN-A,SPL,F0:full,,,mode101,POLISH,True,RSS=93.08580362274638,True,-1,-1,-1,0.0
SCEN-A,SPL,F0:full,,,mode102,POLISH_EXPANDED,True,RSS=95.41455420207714,True,-1,-1,-1,0.0
SCEN-A,SPL,F0:full,,,mode103,POLISH_EXPANDED,True,RSS=98.1686671395729,True,-1,-1,-1,0.0
SCEN-A,SPL,F0:full,,,mode104,POLISH,True,RSS=101.46406496750447,True,-1,-1,-1,0.0
SCEN-A,SPL,F0:full,,,mode105,POLISH,True,RSS=105.1786964399179,True,-1,-1,-1,0.0
SCEN-A,SPL,F0:full,,,mode106,POLISH_EXPANDED,True,RSS=108.35933537939735,True,-1,-1,-1,0.0
SCEN-A,SPL,F0:full,,,mode107,POLISH_EXPANDED,True,RSS=110.38786158513628,True,-1,-1,-1,0.0
SCEN-A,SPL,F0:full,,,mode108,POLISH_EXPANDED,True,RSS=111.26002727625585,True,-1,-1,-1,0.0
SCEN-A,SPL,F0:full,,,mode109,POLISH_EXPANDED,True,RSS=111.54473180481939,True,-1,-1,-1,0.0
SCEN-A,SPL,F0:full,,,mode110,POLISH_EXPANDED,True,RSS=111.63410389618106,True,-1,-1,-1,0.0
SCEN-A,SPL,F0:full,,,mode111,POLISH,True,RSS=111.66089935436182,True,-1,-1,-1,0.0
SCEN-A,SPL,F0:full,,,mode112,POLISH,True,RSS=111.66848580101833,True,-1,-1,-1,0.0
SCEN-A,SPL,F0:full,,,mode113,ACCEPTANCE_UNVERIFIABLE,EXC:RuntimeError,RSS=inf,False,-1,-1,-1,0.0
SCEN-A,SPL,F0:full,,,mode114,POLISH,True,RSS=111.66945456454084,True,-1,-1,-1,0.0
SCEN-A,SPL,F0:full,,,mode115,POLISH,True,RSS=111.6694545645407,True,-1,-1,-1,0.0
SCEN-A,SPL,F0:full,,,mode116,POLISH,True,RSS=111.66945456454084,True,-1,-1,-1,0.0
SCEN-A,SPL,F0:full,,,mode117,POLISH,True,RSS=111.73858796825566,True,-1,-1,-1,0.0
SCEN-A,SPL,F0:full,,,mode118,POLISH,True,RSS=112.13012429577158,True,-1,-1,-1,0.0
SCEN-A,SPL,F0:full,,,mode119,POLISH,True,RSS=112.88015868564608,True,-1,-1,-1,0.0
SCEN-A,SPL,F0:full,,,mode120,POLISH,True,RSS=113.98591647875588,True,-1,-1,-1,0.0
SCEN-A,SPL,F0:full,,,mode121,POLISH,True,RSS=115.46819611362531,True,-1,-1,-1,0.0
SCEN-A,SPL,F0:full,,,mode122,POLISH,True,RSS=117.35526054978882,True,-1,-1,-1,0.0
SCEN-A,SPL,F0:full,,,mode123,POLISH_EXPANDED,True,RSS=119.67255124646596,True,-1,-1,-1,0.0
SCEN-A,SPL,F0:full,,,mode124,POLISH_EXPANDED,True,RSS=122.39061975744139,True,-1,-1,-1,0.0
SCEN-A,SPL,F0:full,,,mode125,POLISH,True,RSS=125.30179856799352,True,-1,-1,-1,0.0
SCEN-A,SPL,F0:full,,,mode126,POLISH_EXPANDED,True,RSS=127.75502773084794,True,-1,-1,-1,0.0
SCEN-A,SPL,F0:full,,,mode127,POLISH_EXPANDED,True,RSS=128.43705828332136,True,-1,-1,-1,0.0
SCEN-A,SPL,F0:full,,,mode128,POLISH,True,RSS=128.43705828332097,True,-1,-1,-1,0.0
SCEN-A,SPL,F0:full,,,mode129,POLISH_EXPANDED,True,RSS=128.43705828332148,True,-1,-1,-1,0.0
SCEN-A,SPL,F0:full,,,mode130,POLISH_EXPANDED,True,RSS=128.43705828332148,True,-1,-1,-1,0.0
SCEN-A,SPL,F0:full,,,mode131,POLISH_EXPANDED,True,RSS=128.43705828332148,True,-1,-1,-1,0.0
SCEN-A,SPL,F0:full,,,mode132,POLISH,True,RSS=128.43705828332148,True,-1,-1,-1,0.0
SCEN-A,SPL,F0:full,,,mode133,POLISH,True,RSS=128.43705828332148,True,-1,-1,-1,0.0
SCEN-A,SPL,F0:full,,,mode134,POLISH,True,RSS=128.43705828332148,True,-1,-1,-1,0.0
SCEN-A,SPL,F0:full,,,mode135,POLISH_EXPANDED,True,RSS=128.43705828332148,True,-1,-1,-1,0.0
SCEN-A,SPL,F0:full,,,mode136,POLISH_EXPANDED,True,RSS=128.43705828332148,True,-1,-1,-1,0.0
SCEN-A,SPL,F0:full,,,mode137,POLISH_EXPANDED,True,RSS=128.43705828332148,True,-1,-1,-1,0.0
SCEN-A,SPL,F0:full,,,mode138,POLISH,True,RSS=128.43705828332136,True,-1,-1,-1,0.0
SCEN-A,SPL,F0:full,,,mode139,POLISH,True,RSS=128.43705828332148,True,-1,-1,-1,0.0
SCEN-A,SPL,F0:full,,,mode140,POLISH_EXPANDED,True,RSS=128.43705828332148,True,-1,-1,-1,0.0
SCEN-A,SPL,F0:full,,,mode141,POLISH_EXPANDED,True,RSS=128.43705828332148,True,-1,-1,-1,0.0
SCEN-A,SPL,F0:full,,,mode142,POLISH_EXPANDED,True,RSS=128.43705828332148,True,-1,-1,-1,0.0
SCEN-A,SPL,F0:full,,,mode143,POLISH,True,RSS=128.43705828332148,True,-1,-1,-1,0.0
SCEN-A,SPL,F0:full,,,mode144,POLISH_EXPANDED,True,RSS=128.43705828332148,True,-1,-1,-1,0.0
SCEN-A,SPL,F0:full,,,mode145,POLISH,True,RSS=128.43705828332176,True,-1,-1,-1,0.0
SCEN-A,SPL,F0:fold0,,,mode0,FALLBACK,True,RSS=54.92502237406587,True,-1,-1,-1,0.0
SCEN-A,SPL,F0:fold0,,,mode1,POLISH_EXPANDED,True,RSS=54.9250223740781,True,-1,-1,-1,0.0
SCEN-A,SPL,F0:fold0,,,mode2,POLISH_EXPANDED,True,RSS=54.9250223740781,True,-1,-1,-1,0.0
SCEN-A,SPL,F0:fold0,,,mode3,POLISH_EXPANDED,True,RSS=54.9250223740781,True,-1,-1,-1,0.0
SCEN-A,SPL,F0:fold0,,,mode4,POLISH_EXPANDED,True,RSS=54.9250223740781,True,-1,-1,-1,0.0
SCEN-A,SPL,F0:fold0,,,mode5,POLISH_EXPANDED,True,RSS=54.9250223740781,True,-1,-1,-1,0.0
SCEN-A,SPL,F0:fold0,,,mode6,POLISH,True,RSS=54.925022374073755,True,-1,-1,-1,0.0
SCEN-A,SPL,F0:fold0,,,mode7,POLISH,True,RSS=54.92502237407972,True,-1,-1,-1,0.0
SCEN-A,SPL,F0:fold0,,,mode8,POLISH_EXPANDED,True,RSS=54.9250223740781,True,-1,-1,-1,0.0
SCEN-A,SPL,F0:fold0,,,mode9,POLISH_EXPANDED,True,RSS=54.92502237407818,True,-1,-1,-1,0.0
SCEN-A,SPL,F0:fold0,,,mode10,POLISH_EXPANDED,True,RSS=54.9250223740781,True,-1,-1,-1,0.0
SCEN-A,SPL,F0:fold0,,,mode11,POLISH,True,RSS=54.925022374078246,True,-1,-1,-1,0.0
SCEN-A,SPL,F0:fold0,,,mode12,POLISH_EXPANDED,True,RSS=54.92502237407837,True,-1,-1,-1,0.0
SCEN-A,SPL,F0:fold0,,,mode13,POLISH_EXPANDED,True,RSS=54.925022374077614,True,-1,-1,-1,0.0
SCEN-A,SPL,F0:fold0,,,mode14,POLISH,True,RSS=54.925022374077926,True,-1,-1,-1,0.0
SCEN-A,SPL,F0:fold0,,,mode15,POLISH_EXPANDED,True,RSS=54.925022374078004,True,-1,-1,-1,0.0
SCEN-A,SPL,F0:fold0,,,mode16,POLISH_EXPANDED,True,RSS=54.92502237407841,True,-1,-1,-1,0.0
SCEN-A,SPL,F0:fold0,,,mode17,POLISH_EXPANDED,True,RSS=54.92502237407828,True,-1,-1,-1,0.0
SCEN-A,SPL,F0:fold0,,,mode18,POLISH,True,RSS=54.92502237407844,True,-1,-1,-1,0.0
SCEN-A,SPL,F0:fold0,,,mode19,POLISH,True,RSS=54.92502237407807,True,-1,-1,-1,0.0
SCEN-A,SPL,F0:fold0,,,mode20,POLISH,True,RSS=54.92502237407869,True,-1,-1,-1,0.0
SCEN-A,SPL,F0:fold0,,,mode21,POLISH_EXPANDED,True,RSS=54.92502237407815,True,-1,-1,-1,0.0
SCEN-A,SPL,F0:fold0,,,mode22,POLISH_EXPANDED,True,RSS=54.92502237407812,True,-1,-1,-1,0.0
SCEN-A,SPL,F0:fold0,,,mode23,POLISH_EXPANDED,True,RSS=54.92502237407818,True,-1,-1,-1,0.0
SCEN-A,SPL,F0:fold0,,,mode24,POLISH_EXPANDED,True,RSS=54.925022374078196,True,-1,-1,-1,0.0
SCEN-A,SPL,F0:fold0,,,mode25,POLISH,True,RSS=54.92502237407797,True,-1,-1,-1,0.0
SCEN-A,SPL,F0:fold0,,,mode26,POLISH_EXPANDED,True,RSS=54.92502237407805,True,-1,-1,-1,0.0
SCEN-A,SPL,F0:fold0,,,mode27,POLISH,True,RSS=54.925022374078225,True,-1,-1,-1,0.0
SCEN-A,SPL,F0:fold0,,,mode28,POLISH,True,RSS=54.925022374078246,True,-1,-1,-1,0.0
SCEN-A,SPL,F0:fold0,,,mode29,POLISH,True,RSS=54.92502237407869,True,-1,-1,-1,0.0
SCEN-A,SPL,F0:fold0,,,mode30,POLISH,True,RSS=54.92502237407869,True,-1,-1,-1,0.0
SCEN-A,SPL,F0:fold0,,,mode31,POLISH,True,RSS=54.92502237407869,True,-1,-1,-1,0.0
SCEN-A,SPL,F0:fold0,,,mode32,POLISH,True,RSS=54.92502237407869,True,-1,-1,-1,0.0
SCEN-A,SPL,F0:fold0,,,mode33,POLISH,True,RSS=54.92502237407869,True,-1,-1,-1,0.0
SCEN-A,SPL,F0:fold0,,,mode34,POLISH,True,RSS=54.92502237407869,True,-1,-1,-1,0.0
SCEN-A,SPL,F0:fold0,,,mode35,POLISH,True,RSS=54.92502237407869,True,-1,-1,-1,0.0
SCEN-A,SPL,F0:fold0,,,mode36,POLISH,True,RSS=54.92502237407869,True,-1,-1,-1,0.0
SCEN-A,SPL,F0:fold0,,,mode37,POLISH,True,RSS=54.92502237407869,True,-1,-1,-1,0.0
SCEN-A,SPL,F0:fold0,,,mode38,POLISH,True,RSS=54.92502237407869,True,-1,-1,-1,0.0
SCEN-A,SPL,F0:fold0,,,mode39,POLISH,True,RSS=54.92502237407869,True,-1,-1,-1,0.0
SCEN-A,SPL,F0:fold0,,,mode40,POLISH,True,RSS=54.92502237407869,True,-1,-1,-1,0.0
SCEN-A,SPL,F0:fold0,,,mode41,POLISH,True,RSS=54.92502237407869,True,-1,-1,-1,0.0
SCEN-A,SPL,F0:fold0,,,mode42,POLISH,True,RSS=54.898056387566946,True,-1,-1,-1,0.0
SCEN-A,SPL,F0:fold0,,,mode43,POLISH,True,RSS=54.60813800621159,True,-1,-1,-1,0.0
SCEN-A,SPL,F0:fold0,,,mode44,FALLBACK,True,RSS=52.87741623961965,True,-1,-1,-1,0.0
SCEN-A,SPL,F0:fold0,,,mode45,FALLBACK,True,RSS=48.91113197207705,True,-1,-1,-1,0.0
SCEN-A,SPL,F0:fold0,,,mode46,FALLBACK,True,RSS=44.35820856225658,True,-1,-1,-1,0.0
SCEN-A,SPL,F0:fold0,,,mode47,FALLBACK,True,RSS=40.143790272094385,True,-1,-1,-1,0.0
SCEN-A,SPL,F0:fold0,,,mode48,FALLBACK,True,RSS=36.49280006477727,True,-1,-1,-1,0.0
SCEN-A,SPL,F0:fold0,,,mode49,FALLBACK,True,RSS=33.42601444303937,True,-1,-1,-1,0.0
SCEN-A,SPL,F0:fold0,,,mode50,FALLBACK,True,RSS=30.86163063747973,True,-1,-1,-1,0.0
SCEN-A,SPL,F0:fold0,,,mode51,FALLBACK,True,RSS=28.6967644914132,True,-1,-1,-1,0.0
SCEN-A,SPL,F0:fold0,,,mode52,FALLBACK,True,RSS=26.83444035709454,True,-1,-1,-1,0.0
SCEN-A,SPL,F0:fold0,,,mode53,FALLBACK,True,RSS=25.188504260295193,True,-1,-1,-1,0.0
SCEN-A,SPL,F0:fold0,,,mode54,FALLBACK,True,RSS=23.679933137814288,True,-1,-1,-1,0.0
SCEN-A,SPL,F0:fold0,,,mode55,FALLBACK,True,RSS=22.228831441901644,True,-1,-1,-1,0.0
SCEN-A,SPL,F0:fold0,,,mode56,FALLBACK,True,RSS=20.742609332852297,True,-1,-1,-1,0.0
SCEN-A,SPL,F0:fold0,,,mode57,FALLBACK,True,RSS=19.097976808343574,True,-1,-1,-1,0.0
SCEN-A,SPL,F0:fold0,,,mode58,FALLBACK,True,RSS=17.110913799207047,True,-1,-1,-1,0.0
SCEN-A,SPL,F0:fold0,,,mode59,FALLBACK,True,RSS=14.696138791909904,True,-1,-1,-1,0.0
SCEN-A,SPL,F0:fold0,,,mode60,FALLBACK,True,RSS=12.192182692531143,True,-1,-1,-1,0.0
SCEN-A,SPL,F0:fold0,,,mode61,FALLBACK,True,RSS=10.234065908940913,True,-1,-1,-1,0.0
SCEN-A,SPL,F0:fold0,,,mode62,FALLBACK,True,RSS=9.443022859752503,True,-1,-1,-1,0.0
SCEN-A,SPL,F0:fold0,,,mode63,FALLBACK,True,RSS=9.442620419301042,True,-1,-1,-1,0.0
SCEN-A,SPL,F0:fold0,,,mode64,FALLBACK,True,RSS=10.201015848775674,True,-1,-1,-1,0.0
SCEN-A,SPL,F0:fold0,,,mode65,FALLBACK,True,RSS=12.078563382565315,True,-1,-1,-1,0.0
SCEN-A,SPL,F0:fold0,,,mode66,FALLBACK,True,RSS=14.444243181057475,True,-1,-1,-1,0.0
SCEN-A,SPL,F0:fold0,,,mode67,FALLBACK,True,RSS=16.954730469374596,True,-1,-1,-1,0.0
SCEN-A,SPL,F0:fold0,,,mode68,FALLBACK,True,RSS=19.439264707850842,True,-1,-1,-1,0.0
SCEN-A,SPL,F0:fold0,,,mode69,FALLBACK,True,RSS=21.703995334132646,True,-1,-1,-1,0.0
SCEN-A,SPL,F0:fold0,,,mode70,FALLBACK,True,RSS=23.713223333203455,True,-1,-1,-1,0.0
SCEN-A,SPL,F0:fold0,,,mode71,FALLBACK,True,RSS=25.511975253538964,True,-1,-1,-1,0.0
SCEN-A,SPL,F0:fold0,,,mode72,FALLBACK,True,RSS=27.157979944396228,True,-1,-1,-1,0.0
SCEN-A,SPL,F0:fold0,,,mode73,FALLBACK,True,RSS=28.70822213653512,True,-1,-1,-1,0.0
SCEN-A,SPL,F0:fold0,,,mode74,FALLBACK,True,RSS=30.21536545212287,True,-1,-1,-1,0.0
SCEN-A,SPL,F0:fold0,,,mode75,FALLBACK,True,RSS=31.72838722183499,True,-1,-1,-1,0.0
SCEN-A,SPL,F0:fold0,,,mode76,FALLBACK,True,RSS=33.294887263818055,True,-1,-1,-1,0.0
SCEN-A,SPL,F0:fold0,,,mode77,FALLBACK,True,RSS=34.96414666910673,True,-1,-1,-1,0.0
SCEN-A,SPL,F0:fold0,,,mode78,FALLBACK,True,RSS=36.79046211250453,True,-1,-1,-1,0.0
SCEN-A,SPL,F0:fold0,,,mode79,FALLBACK,True,RSS=38.83428305979445,True,-1,-1,-1,0.0
SCEN-A,SPL,F0:fold0,,,mode80,FALLBACK,True,RSS=41.192177360453485,True,-1,-1,-1,0.0
SCEN-A,SPL,F0:fold0,,,mode81,FALLBACK,True,RSS=44.18493458213769,True,-1,-1,-1,0.0
SCEN-A,SPL,F0:fold0,,,mode82,FALLBACK,True,RSS=48.16229204074324,True,-1,-1,-1,0.0
SCEN-A,SPL,F0:fold0,,,mode83,FALLBACK,True,RSS=53.44064886222919,True,-1,-1,-1,0.0
SCEN-A,SPL,F0:fold0,,,mode84,FALLBACK,True,RSS=59.8656588949475,True,-1,-1,-1,0.0
SCEN-A,SPL,F0:fold0,,,mode85,FALLBACK,True,RSS=66.53307132069008,True,-1,-1,-1,0.0
SCEN-A,SPL,F0:fold0,,,mode86,FALLBACK,True,RSS=71.72248446805901,True,-1,-1,-1,0.0
SCEN-A,SPL,F0:fold0,,,mode87,FALLBACK,True,RSS=73.85426832081963,True,-1,-1,-1,0.0
SCEN-A,SPL,F0:fold0,,,mode88,FALLBACK,True,RSS=73.92177328070476,True,-1,-1,-1,0.0
SCEN-A,SPL,F0:fold0,,,mode89,FALLBACK,True,RSS=74.12657583620891,True,-1,-1,-1,0.0
SCEN-A,SPL,F0:fold0,,,mode90,FALLBACK,True,RSS=74.50036603209415,True,-1,-1,-1,0.0
SCEN-A,SPL,F0:fold0,,,mode91,FALLBACK,True,RSS=75.01851342190153,True,-1,-1,-1,0.0
SCEN-A,SPL,F0:fold0,,,mode92,FALLBACK,True,RSS=75.66763061977548,True,-1,-1,-1,0.0
SCEN-A,SPL,F0:fold0,,,mode93,FALLBACK,True,RSS=76.4439570767826,True,-1,-1,-1,0.0
SCEN-A,SPL,F0:fold0,,,mode94,FALLBACK,True,RSS=77.35092049807207,True,-1,-1,-1,0.0
SCEN-A,SPL,F0:fold0,,,mode95,FALLBACK,True,RSS=78.3975327777328,True,-1,-1,-1,0.0
SCEN-A,SPL,F0:fold0,,,mode96,FALLBACK,True,RSS=79.59494260237739,True,-1,-1,-1,0.0
SCEN-A,SPL,F0:fold0,,,mode97,FALLBACK,True,RSS=80.96553956434684,True,-1,-1,-1,0.0
SCEN-A,SPL,F0:fold0,,,mode98,FALLBACK,True,RSS=82.53410928604694,True,-1,-1,-1,0.0
SCEN-A,SPL,F0:fold0,,,mode99,FALLBACK,True,RSS=84.33172044855002,True,-1,-1,-1,0.0
SCEN-A,SPL,F0:fold0,,,mode100,FALLBACK,True,RSS=86.39660675949382,True,-1,-1,-1,0.0
SCEN-A,SPL,F0:fold0,,,mode101,FALLBACK,True,RSS=88.77496518392391,True,-1,-1,-1,0.0
SCEN-A,SPL,F0:fold0,,,mode102,FALLBACK,True,RSS=91.52116510700164,True,-1,-1,-1,0.0
SCEN-A,SPL,F0:fold0,,,mode103,FALLBACK,True,RSS=94.69624367442673,True,-1,-1,-1,0.0
SCEN-A,SPL,F0:fold0,,,mode104,FALLBACK,True,RSS=98.36224550624385,True,-1,-1,-1,0.0
SCEN-A,SPL,F0:fold0,,,mode105,FALLBACK,True,RSS=102.05752297400717,True,-1,-1,-1,0.0
SCEN-A,SPL,F0:fold0,,,mode106,FALLBACK,True,RSS=104.65080704534783,True,-1,-1,-1,0.0
SCEN-A,SPL,F0:fold0,,,mode107,FALLBACK,True,RSS=105.17891455976304,True,-1,-1,-1,0.0
SCEN-A,SPL,F0:fold0,,,mode108,FALLBACK,True,RSS=105.1789145593192,True,-1,-1,-1,0.0
SCEN-A,SPL,F0:fold0,,,mode109,FALLBACK,True,RSS=105.17891455981572,True,-1,-1,-1,0.0
SCEN-A,SPL,F0:fold0,,,mode110,FALLBACK,True,RSS=105.17891455987177,True,-1,-1,-1,0.0
SCEN-A,SPL,F0:fold0,,,mode111,FALLBACK,True,RSS=inf,False,-1,-1,-1,0.0
SCEN-A,SPL,F0:fold0,,,mode112,FALLBACK,True,RSS=inf,False,-1,-1,-1,0.0
SCEN-A,SPL,F0:fold0,,,mode113,FALLBACK,True,RSS=105.17891455969395,True,-1,-1,-1,0.0
SCEN-A,SPL,F0:fold0,,,mode114,FALLBACK,True,RSS=105.1789145594961,True,-1,-1,-1,0.0
SCEN-A,SPL,F0:fold0,,,mode115,FALLBACK,True,RSS=inf,False,-1,-1,-1,0.0
SCEN-A,SPL,F0:fold0,,,mode116,FALLBACK,True,RSS=inf,False,-1,-1,-1,0.0
SCEN-A,SPL,F0:fold0,,,mode117,FALLBACK,True,RSS=105.25762748237582,True,-1,-1,-1,0.0
SCEN-A,SPL,F0:fold0,,,mode118,FALLBACK,True,RSS=105.70315974305336,True,-1,-1,-1,0.0
SCEN-A,SPL,F0:fold0,,,mode119,FALLBACK,True,RSS=106.55452500770554,True,-1,-1,-1,0.0
SCEN-A,SPL,F0:fold0,,,mode120,FALLBACK,True,RSS=107.80445716728471,True,-1,-1,-1,0.0
SCEN-A,SPL,F0:fold0,,,mode121,FALLBACK,True,RSS=109.47287228040882,True,-1,-1,-1,0.0
SCEN-A,SPL,F0:fold0,,,mode122,FALLBACK,True,RSS=111.59272213006071,True,-1,-1,-1,0.0
SCEN-A,SPL,F0:fold0,,,mode123,FALLBACK,True,RSS=114.18770224507499,True,-1,-1,-1,0.0
SCEN-A,SPL,F0:fold0,,,mode124,FALLBACK,True,RSS=117.20870683220814,True,-1,-1,-1,0.0
SCEN-A,SPL,F0:fold0,,,mode125,FALLBACK,True,RSS=120.42416831554578,True,-1,-1,-1,0.0
SCEN-A,SPL,F0:fold0,,,mode126,FALLBACK,True,RSS=123.12808679828015,True,-1,-1,-1,0.0
SCEN-A,SPL,F0:fold0,,,mode127,FALLBACK,True,RSS=inf,False,-1,-1,-1,0.0
SCEN-A,SPL,F0:fold0,,,mode128,FALLBACK,True,RSS=123.89982915739297,True,-1,-1,-1,0.0
SCEN-A,SPL,F0:fold0,,,mode129,FALLBACK,True,RSS=123.89982915735494,True,-1,-1,-1,0.0
SCEN-A,SPL,F0:fold0,,,mode130,FALLBACK,True,RSS=inf,False,-1,-1,-1,0.0
SCEN-A,SPL,F0:fold0,,,mode131,FALLBACK,True,RSS=123.89982915905539,True,-1,-1,-1,0.0
SCEN-A,SPL,F0:fold0,,,mode132,FALLBACK,True,RSS=123.89982915735183,True,-1,-1,-1,0.0
SCEN-A,SPL,F0:fold0,,,mode133,FALLBACK,True,RSS=123.89982915739095,True,-1,-1,-1,0.0
SCEN-A,SPL,F0:fold0,,,mode134,FALLBACK,True,RSS=123.89982915739022,True,-1,-1,-1,0.0
SCEN-A,SPL,F0:fold0,,,mode135,FALLBACK,True,RSS=123.89982915738936,True,-1,-1,-1,0.0
SCEN-A,SPL,F0:fold0,,,mode136,FALLBACK,True,RSS=123.89982915739077,True,-1,-1,-1,0.0
SCEN-A,SPL,F0:fold0,,,mode137,FALLBACK,True,RSS=123.89982915739287,True,-1,-1,-1,0.0
SCEN-A,SPL,F0:fold0,,,mode138,FALLBACK,True,RSS=123.899829157389,True,-1,-1,-1,0.0
SCEN-A,SPL,F0:fold0,,,mode139,FALLBACK,True,RSS=123.89982916238026,True,-1,-1,-1,0.0
SCEN-A,SPL,F0:fold0,,,mode140,FALLBACK,True,RSS=inf,False,-1,-1,-1,0.0
SCEN-A,SPL,F0:fold0,,,mode141,FALLBACK,True,RSS=123.89982915739925,True,-1,-1,-1,0.0
SCEN-A,SPL,F0:fold0,,,mode142,FALLBACK,True,RSS=123.89982915738378,True,-1,-1,-1,0.0
SCEN-A,SPL,F0:fold0,,,mode143,FALLBACK,True,RSS=123.89982915887052,True,-1,-1,-1,0.0
SCEN-A,SPL,F0:fold0,,,mode144,FALLBACK,True,RSS=123.89982915740113,True,-1,-1,-1,0.0
SCEN-A,SPL,F0:fold0,,,mode145,FALLBACK,True,RSS=123.89982915738535,True,-1,-1,-1,0.0
SCEN-A,SPL,F0:fold1,,,mode0,POLISH,True,RSS=86.43813382008405,True,-1,-1,-1,0.0
SCEN-A,SPL,F0:fold1,,,mode1,POLISH,True,RSS=86.43813382008405,True,-1,-1,-1,0.0
SCEN-A,SPL,F0:fold1,,,mode2,POLISH,True,RSS=86.43813382008405,True,-1,-1,-1,0.0
SCEN-A,SPL,F0:fold1,,,mode3,POLISH,True,RSS=86.43813382008405,True,-1,-1,-1,0.0
SCEN-A,SPL,F0:fold1,,,mode4,POLISH,True,RSS=86.43813382008405,True,-1,-1,-1,0.0
SCEN-A,SPL,F0:fold1,,,mode5,POLISH,True,RSS=86.43813382008405,True,-1,-1,-1,0.0
SCEN-A,SPL,F0:fold1,,,mode6,POLISH,True,RSS=86.43813382008405,True,-1,-1,-1,0.0
SCEN-A,SPL,F0:fold1,,,mode7,POLISH,True,RSS=86.43813382008405,True,-1,-1,-1,0.0
SCEN-A,SPL,F0:fold1,,,mode8,POLISH,True,RSS=86.43813382008405,True,-1,-1,-1,0.0
SCEN-A,SPL,F0:fold1,,,mode9,POLISH,True,RSS=86.43813382008405,True,-1,-1,-1,0.0
SCEN-A,SPL,F0:fold1,,,mode10,POLISH,True,RSS=86.43813382008405,True,-1,-1,-1,0.0
SCEN-A,SPL,F0:fold1,,,mode11,POLISH,True,RSS=86.43813382008405,True,-1,-1,-1,0.0
SCEN-A,SPL,F0:fold1,,,mode12,POLISH,True,RSS=86.43813382008405,True,-1,-1,-1,0.0
SCEN-A,SPL,F0:fold1,,,mode13,POLISH,True,RSS=86.43813382008405,True,-1,-1,-1,0.0
SCEN-A,SPL,F0:fold1,,,mode14,POLISH,True,RSS=86.43813382008405,True,-1,-1,-1,0.0
SCEN-A,SPL,F0:fold1,,,mode15,POLISH,True,RSS=86.43813382008405,True,-1,-1,-1,0.0
SCEN-A,SPL,F0:fold1,,,mode16,POLISH,True,RSS=86.4381338200841,True,-1,-1,-1,0.0
SCEN-A,SPL,F0:fold1,,,mode17,POLISH,True,RSS=86.43813382008419,True,-1,-1,-1,0.0
SCEN-A,SPL,F0:fold1,,,mode18,POLISH,True,RSS=86.27284029630187,True,-1,-1,-1,0.0
SCEN-A,SPL,F0:fold1,,,mode19,POLISH,True,RSS=83.93524895140463,True,-1,-1,-1,0.0
SCEN-A,SPL,F0:fold1,,,mode20,POLISH,True,RSS=80.3683631591234,True,-1,-1,-1,0.0
SCEN-A,SPL,F0:fold1,,,mode21,POLISH,True,RSS=76.73687541801095,True,-1,-1,-1,0.0
SCEN-A,SPL,F0:fold1,,,mode22,POLISH,True,RSS=73.5046718721116,True,-1,-1,-1,0.0
SCEN-A,SPL,F0:fold1,,,mode23,POLISH_EXPANDED,True,RSS=70.79453593222682,True,-1,-1,-1,0.0
SCEN-A,SPL,F0:fold1,,,mode24,POLISH_EXPANDED,True,RSS=68.59904149657821,True,-1,-1,-1,0.0
SCEN-A,SPL,F0:fold1,,,mode25,POLISH_EXPANDED,True,RSS=66.87441708241037,True,-1,-1,-1,0.0
SCEN-A,SPL,F0:fold1,,,mode26,POLISH_EXPANDED,True,RSS=65.57957094083064,True,-1,-1,-1,0.0
SCEN-A,SPL,F0:fold1,,,mode27,POLISH_EXPANDED,True,RSS=64.69306516070793,True,-1,-1,-1,0.0
SCEN-A,SPL,F0:fold1,,,mode28,FALLBACK,True,RSS=64.22450450275316,True,-1,-1,-1,0.0
SCEN-A,SPL,F0:fold1,,,mode29,POLISH_EXPANDED,True,RSS=64.14089611654055,True,-1,-1,-1,0.0
SCEN-A,SPL,F0:fold1,,,mode30,POLISH_EXPANDED,True,RSS=64.14089611654055,True,-1,-1,-1,0.0
SCEN-A,SPL,F0:fold1,,,mode31,POLISH_EXPANDED,True,RSS=64.14089611654055,True,-1,-1,-1,0.0
SCEN-A,SPL,F0:fold1,,,mode32,POLISH,True,RSS=64.13423081371629,True,-1,-1,-1,0.0
SCEN-A,SPL,F0:fold1,,,mode33,POLISH_EXPANDED,True,RSS=64.03032233034497,True,-1,-1,-1,0.0
SCEN-A,SPL,F0:fold1,,,mode34,POLISH,True,RSS=63.58873990730693,True,-1,-1,-1,0.0
SCEN-A,SPL,F0:fold1,,,mode35,POLISH_EXPANDED,True,RSS=62.085272117078816,True,-1,-1,-1,0.0
SCEN-A,SPL,F0:fold1,,,mode36,POLISH,True,RSS=57.88009895676778,True,-1,-1,-1,0.0
SCEN-A,SPL,F0:fold1,,,mode37,POLISH_EXPANDED,True,RSS=52.12169822472661,True,-1,-1,-1,0.0
SCEN-A,SPL,F0:fold1,,,mode38,POLISH_EXPANDED,True,RSS=47.80800754820201,True,-1,-1,-1,0.0
SCEN-A,SPL,F0:fold1,,,mode39,POLISH_EXPANDED,True,RSS=44.596747387553975,True,-1,-1,-1,0.0
SCEN-A,SPL,F0:fold1,,,mode40,POLISH_EXPANDED,True,RSS=42.03333005891042,True,-1,-1,-1,0.0
SCEN-A,SPL,F0:fold1,,,mode41,POLISH,True,RSS=39.76849543572679,True,-1,-1,-1,0.0
SCEN-A,SPL,F0:fold1,,,mode42,POLISH_EXPANDED,True,RSS=37.75201900874283,True,-1,-1,-1,0.0
SCEN-A,SPL,F0:fold1,,,mode43,POLISH_EXPANDED,True,RSS=35.93949365460764,True,-1,-1,-1,0.0
SCEN-A,SPL,F0:fold1,,,mode44,POLISH_EXPANDED,True,RSS=34.28969333414409,True,-1,-1,-1,0.0
SCEN-A,SPL,F0:fold1,,,mode45,POLISH_EXPANDED,True,RSS=32.76520104203064,True,-1,-1,-1,0.0
SCEN-A,SPL,F0:fold1,,,mode46,POLISH_EXPANDED,True,RSS=31.33186305113061,True,-1,-1,-1,0.0
SCEN-A,SPL,F0:fold1,,,mode47,POLISH_EXPANDED,True,RSS=29.95775553875302,True,-1,-1,-1,0.0
SCEN-A,SPL,F0:fold1,,,mode48,POLISH,True,RSS=28.611948806152487,True,-1,-1,-1,0.0
SCEN-A,SPL,F0:fold1,,,mode49,POLISH,True,RSS=27.263170032120325,True,-1,-1,-1,0.0
SCEN-A,SPL,F0:fold1,,,mode50,POLISH,True,RSS=25.87876853765747,True,-1,-1,-1,0.0
SCEN-A,SPL,F0:fold1,,,mode51,POLISH,True,RSS=24.4237670275245,True,-1,-1,-1,0.0
SCEN-A,SPL,F0:fold1,,,mode52,POLISH,True,RSS=22.860804650808667,True,-1,-1,-1,0.0
SCEN-A,SPL,F0:fold1,,,mode53,POLISH,True,RSS=21.15015382874337,True,-1,-1,-1,0.0
SCEN-A,SPL,F0:fold1,,,mode54,POLISH,True,RSS=19.22902925781732,True,-1,-1,-1,0.0
SCEN-A,SPL,F0:fold1,,,mode55,POLISH,True,RSS=17.08635422413115,True,-1,-1,-1,0.0
SCEN-A,SPL,F0:fold1,,,mode56,FALLBACK,True,RSS=14.797541205412395,True,-1,-1,-1,0.0
SCEN-A,SPL,F0:fold1,,,mode57,POLISH_EXPANDED,True,RSS=12.565966420920406,True,-1,-1,-1,0.0
SCEN-A,SPL,F0:fold1,,,mode58,POLISH,True,RSS=10.763705902411475,True,-1,-1,-1,0.0
SCEN-A,SPL,F0:fold1,,,mode59,POLISH,True,RSS=9.783529583841899,True,-1,-1,-1,0.0
SCEN-A,SPL,F0:fold1,,,mode60,POLISH,True,RSS=9.551086492735568,True,-1,-1,-1,0.0
SCEN-A,SPL,F0:fold1,,,mode61,POLISH,True,RSS=9.552142715892533,True,-1,-1,-1,0.0
SCEN-A,SPL,F0:fold1,,,mode62,POLISH,True,RSS=9.996995305657352,True,-1,-1,-1,0.0
SCEN-A,SPL,F0:fold1,,,mode63,POLISH,True,RSS=11.15811292568301,True,-1,-1,-1,0.0
SCEN-A,SPL,F0:fold1,,,mode64,POLISH_EXPANDED,True,RSS=12.64042640789157,True,-1,-1,-1,0.0
SCEN-A,SPL,F0:fold1,,,mode65,POLISH,True,RSS=14.228364228816273,True,-1,-1,-1,0.0
SCEN-A,SPL,F0:fold1,,,mode66,POLISH_EXPANDED,True,RSS=15.822222608468131,True,-1,-1,-1,0.0
SCEN-A,SPL,F0:fold1,,,mode67,POLISH_EXPANDED,True,RSS=17.382558966210382,True,-1,-1,-1,0.0
SCEN-A,SPL,F0:fold1,,,mode68,POLISH_EXPANDED,True,RSS=18.900345868764024,True,-1,-1,-1,0.0
SCEN-A,SPL,F0:fold1,,,mode69,POLISH,True,RSS=20.381338447485668,True,-1,-1,-1,0.0
SCEN-A,SPL,F0:fold1,,,mode70,POLISH,True,RSS=21.83810463420274,True,-1,-1,-1,0.0
SCEN-A,SPL,F0:fold1,,,mode71,POLISH,True,RSS=23.287588720966546,True,-1,-1,-1,0.0
SCEN-A,SPL,F0:fold1,,,mode72,POLISH,True,RSS=24.73546184611528,True,-1,-1,-1,0.0
SCEN-A,SPL,F0:fold1,,,mode73,POLISH,True,RSS=26.16979854318842,True,-1,-1,-1,0.0
SCEN-A,SPL,F0:fold1,,,mode74,POLISH_EXPANDED,True,RSS=27.61944722092736,True,-1,-1,-1,0.0
SCEN-A,SPL,F0:fold1,,,mode75,POLISH_EXPANDED,True,RSS=29.13699006470726,True,-1,-1,-1,0.0
SCEN-A,SPL,F0:fold1,,,mode76,POLISH,True,RSS=30.76350735653397,True,-1,-1,-1,0.0
SCEN-A,SPL,F0:fold1,,,mode77,POLISH_EXPANDED,True,RSS=32.54104104196453,True,-1,-1,-1,0.0
SCEN-A,SPL,F0:fold1,,,mode78,POLISH,True,RSS=34.52152048817649,True,-1,-1,-1,0.0
SCEN-A,SPL,F0:fold1,,,mode79,POLISH,True,RSS=36.76755844737976,True,-1,-1,-1,0.0
SCEN-A,SPL,F0:fold1,,,mode80,POLISH,True,RSS=39.360150906291935,True,-1,-1,-1,0.0
SCEN-A,SPL,F0:fold1,,,mode81,POLISH,True,RSS=42.41085945183322,True,-1,-1,-1,0.0
SCEN-A,SPL,F0:fold1,,,mode82,POLISH,True,RSS=46.07832203722519,True,-1,-1,-1,0.0
SCEN-A,SPL,F0:fold1,,,mode83,POLISH,True,RSS=50.527493939376306,True,-1,-1,-1,0.0
SCEN-A,SPL,F0:fold1,,,mode84,POLISH,True,RSS=55.84223625555569,True,-1,-1,-1,0.0
SCEN-A,SPL,F0:fold1,,,mode85,POLISH,True,RSS=61.55867896904871,True,-1,-1,-1,0.0
SCEN-A,SPL,F0:fold1,,,mode86,POLISH_EXPANDED,True,RSS=66.81243665905745,True,-1,-1,-1,0.0
SCEN-A,SPL,F0:fold1,,,mode87,POLISH_EXPANDED,True,RSS=69.72221664905265,True,-1,-1,-1,0.0
SCEN-A,SPL,F0:fold1,,,mode88,POLISH_EXPANDED,True,RSS=69.81288702231677,True,-1,-1,-1,0.0
SCEN-A,SPL,F0:fold1,,,mode89,POLISH,True,RSS=69.90054737792539,True,-1,-1,-1,0.0
SCEN-A,SPL,F0:fold1,,,mode90,POLISH,True,RSS=70.07934899656246,True,-1,-1,-1,0.0
SCEN-A,SPL,F0:fold1,,,mode91,POLISH,True,RSS=70.34402977938518,True,-1,-1,-1,0.0
SCEN-A,SPL,F0:fold1,,,mode92,POLISH_EXPANDED,True,RSS=70.69524556083213,True,-1,-1,-1,0.0
SCEN-A,SPL,F0:fold1,,,mode93,POLISH,True,RSS=71.13446012780658,True,-1,-1,-1,0.0
SCEN-A,SPL,F0:fold1,,,mode94,POLISH_EXPANDED,True,RSS=71.66386381424506,True,-1,-1,-1,0.0
SCEN-A,SPL,F0:fold1,,,mode95,POLISH,True,RSS=72.30234408002738,True,-1,-1,-1,0.0
SCEN-A,SPL,F0:fold1,,,mode96,POLISH,True,RSS=73.04843127012234,True,-1,-1,-1,0.0
SCEN-A,SPL,F0:fold1,,,mode97,POLISH,True,RSS=73.93027639993997,True,-1,-1,-1,0.0
SCEN-A,SPL,F0:fold1,,,mode98,POLISH,True,RSS=74.9507679752268,True,-1,-1,-1,0.0
SCEN-A,SPL,F0:fold1,,,mode99,POLISH,True,RSS=76.15467636906666,True,-1,-1,-1,0.0
SCEN-A,SPL,F0:fold1,,,mode100,POLISH_EXPANDED,True,RSS=77.54214707277538,True,-1,-1,-1,0.0
SCEN-A,SPL,F0:fold1,,,mode101,POLISH,True,RSS=79.17609829782026,True,-1,-1,-1,0.0
SCEN-A,SPL,F0:fold1,,,mode102,POLISH,True,RSS=81.08019527958102,True,-1,-1,-1,0.0
SCEN-A,SPL,F0:fold1,,,mode103,POLISH_EXPANDED,True,RSS=83.28886087582214,True,-1,-1,-1,0.0
SCEN-A,SPL,F0:fold1,,,mode104,POLISH_EXPANDED,True,RSS=85.88115550878885,True,-1,-1,-1,0.0
SCEN-A,SPL,F0:fold1,,,mode105,POLISH,True,RSS=88.83993162475383,True,-1,-1,-1,0.0
SCEN-A,SPL,F0:fold1,,,mode106,POLISH_EXPANDED,True,RSS=91.56135018048397,True,-1,-1,-1,0.0
SCEN-A,SPL,F0:fold1,,,mode107,POLISH,True,RSS=93.43144319637538,True,-1,-1,-1,0.0
SCEN-A,SPL,F0:fold1,,,mode108,POLISH_EXPANDED,True,RSS=94.22168190088779,True,-1,-1,-1,0.0
SCEN-A,SPL,F0:fold1,,,mode109,FALLBACK,True,RSS=94.3629323822791,True,-1,-1,-1,0.0
SCEN-A,SPL,F0:fold1,,,mode110,POLISH_EXPANDED,True,RSS=94.3629412012656,True,-1,-1,-1,0.0
SCEN-A,SPL,F0:fold1,,,mode111,POLISH_EXPANDED,True,RSS=94.36294120126591,True,-1,-1,-1,0.0
SCEN-A,SPL,F0:fold1,,,mode112,POLISH_EXPANDED,True,RSS=94.36294120126591,True,-1,-1,-1,0.0
SCEN-A,SPL,F0:fold1,,,mode113,POLISH_EXPANDED,True,RSS=94.36294120126591,True,-1,-1,-1,0.0
SCEN-A,SPL,F0:fold1,,,mode114,POLISH,True,RSS=94.36294120126557,True,-1,-1,-1,0.0
SCEN-A,SPL,F0:fold1,,,mode115,POLISH_EXPANDED,True,RSS=94.36294120126591,True,-1,-1,-1,0.0
SCEN-A,SPL,F0:fold1,,,mode116,POLISH_EXPANDED,True,RSS=94.36294120126591,True,-1,-1,-1,0.0
SCEN-A,SPL,F0:fold1,,,mode117,POLISH,True,RSS=94.4224449837293,True,-1,-1,-1,0.0
SCEN-A,SPL,F0:fold1,,,mode118,POLISH_EXPANDED,True,RSS=94.75901432392656,True,-1,-1,-1,0.0
SCEN-A,SPL,F0:fold1,,,mode119,POLISH,True,RSS=95.40069718920697,True,-1,-1,-1,0.0
SCEN-A,SPL,F0:fold1,,,mode120,POLISH,True,RSS=96.34133709342278,True,-1,-1,-1,0.0
SCEN-A,SPL,F0:fold1,,,mode121,POLISH,True,RSS=97.59366275978014,True,-1,-1,-1,0.0
SCEN-A,SPL,F0:fold1,,,mode122,POLISH_EXPANDED,True,RSS=99.1801066402943,True,-1,-1,-1,0.0
SCEN-A,SPL,F0:fold1,,,mode123,POLISH_EXPANDED,True,RSS=101.11004588634113,True,-1,-1,-1,0.0
SCEN-A,SPL,F0:fold1,,,mode124,POLISH_EXPANDED,True,RSS=103.35114565970427,True,-1,-1,-1,0.0
SCEN-A,SPL,F0:fold1,,,mode125,POLISH_EXPANDED,True,RSS=105.74140466755621,True,-1,-1,-1,0.0
SCEN-A,SPL,F0:fold1,,,mode126,POLISH_EXPANDED,True,RSS=107.78590892562652,True,-1,-1,-1,0.0
SCEN-A,SPL,F0:fold1,,,mode127,POLISH_EXPANDED,True,RSS=108.4362626391888,True,-1,-1,-1,0.0
SCEN-A,SPL,F0:fold1,,,mode128,POLISH_EXPANDED,True,RSS=108.43626263918878,True,-1,-1,-1,0.0
SCEN-A,SPL,F0:fold1,,,mode129,POLISH_EXPANDED,True,RSS=108.43626263918878,True,-1,-1,-1,0.0
SCEN-A,SPL,F0:fold1,,,mode130,POLISH_EXPANDED,True,RSS=108.43626263918878,True,-1,-1,-1,0.0
SCEN-A,SPL,F0:fold1,,,mode131,POLISH_EXPANDED,True,RSS=108.43626263918878,True,-1,-1,-1,0.0
SCEN-A,SPL,F0:fold1,,,mode132,POLISH_EXPANDED,True,RSS=108.43626263918878,True,-1,-1,-1,0.0
SCEN-A,SPL,F0:fold1,,,mode133,POLISH,True,RSS=108.43626263918878,True,-1,-1,-1,0.0
SCEN-A,SPL,F0:fold1,,,mode134,POLISH_EXPANDED,True,RSS=108.43626263918878,True,-1,-1,-1,0.0
SCEN-A,SPL,F0:fold1,,,mode135,POLISH_EXPANDED,True,RSS=108.43626263918878,True,-1,-1,-1,0.0
SCEN-A,SPL,F0:fold1,,,mode136,POLISH,True,RSS=108.43626263918878,True,-1,-1,-1,0.0
SCEN-A,SPL,F0:fold1,,,mode137,POLISH_EXPANDED,True,RSS=108.43626263918878,True,-1,-1,-1,0.0
SCEN-A,SPL,F0:fold1,,,mode138,POLISH_EXPANDED,True,RSS=108.43626263918878,True,-1,-1,-1,0.0
SCEN-A,SPL,F0:fold1,,,mode139,POLISH,True,RSS=108.43626263918885,True,-1,-1,-1,0.0
SCEN-A,SPL,F0:fold1,,,mode140,POLISH_EXPANDED,True,RSS=108.43626263918878,True,-1,-1,-1,0.0
SCEN-A,SPL,F0:fold1,,,mode141,POLISH,True,RSS=108.43626263918878,True,-1,-1,-1,0.0
SCEN-A,SPL,F0:fold1,,,mode142,POLISH,True,RSS=108.43626263918878,True,-1,-1,-1,0.0
SCEN-A,SPL,F0:fold1,,,mode143,POLISH_EXPANDED,True,RSS=108.43626263918878,True,-1,-1,-1,0.0
SCEN-A,SPL,F0:fold1,,,mode144,POLISH,True,RSS=108.43626263918878,True,-1,-1,-1,0.0
SCEN-A,SPL,F0:fold1,,,mode145,POLISH_EXPANDED,True,RSS=108.43626263918878,True,-1,-1,-1,0.0
SCEN-A,SPL,F0:fold2,,,mode0,POLISH_EXPANDED,True,RSS=43.22439342000002,True,-1,-1,-1,0.0
SCEN-A,SPL,F0:fold2,,,mode1,FALLBACK,True,RSS=43.22439341998789,True,-1,-1,-1,0.0
SCEN-A,SPL,F0:fold2,,,mode2,FALLBACK,True,RSS=43.224393419946814,True,-1,-1,-1,0.0
SCEN-A,SPL,F0:fold2,,,mode3,POLISH_EXPANDED,True,RSS=43.22439342000002,True,-1,-1,-1,0.0
SCEN-A,SPL,F0:fold2,,,mode4,POLISH_EXPANDED,True,RSS=43.22439342000002,True,-1,-1,-1,0.0
SCEN-A,SPL,F0:fold2,,,mode5,FALLBACK,True,RSS=43.22439342007776,True,-1,-1,-1,0.0
SCEN-A,SPL,F0:fold2,,,mode6,POLISH_EXPANDED,True,RSS=43.22439342000002,True,-1,-1,-1,0.0
SCEN-A,SPL,F0:fold2,,,mode7,POLISH,True,RSS=43.22439342000002,True,-1,-1,-1,0.0
SCEN-A,SPL,F0:fold2,,,mode8,POLISH_EXPANDED,True,RSS=43.22439342000002,True,-1,-1,-1,0.0
SCEN-A,SPL,F0:fold2,,,mode9,FALLBACK,True,RSS=43.22439341992318,True,-1,-1,-1,0.0
SCEN-A,SPL,F0:fold2,,,mode10,POLISH_EXPANDED,True,RSS=43.22439342000002,True,-1,-1,-1,0.0
SCEN-A,SPL,F0:fold2,,,mode11,POLISH_EXPANDED,True,RSS=43.22439342000002,True,-1,-1,-1,0.0
SCEN-A,SPL,F0:fold2,,,mode12,POLISH_EXPANDED,True,RSS=43.22439342000002,True,-1,-1,-1,0.0
SCEN-A,SPL,F0:fold2,,,mode13,POLISH_EXPANDED,True,RSS=43.22439342000002,True,-1,-1,-1,0.0
SCEN-A,SPL,F0:fold2,,,mode14,POLISH,True,RSS=43.22439342000002,True,-1,-1,-1,0.0
SCEN-A,SPL,F0:fold2,,,mode15,POLISH_EXPANDED,True,RSS=43.22439342000002,True,-1,-1,-1,0.0
SCEN-A,SPL,F0:fold2,,,mode16,FALLBACK,True,RSS=43.22439341995351,True,-1,-1,-1,0.0
SCEN-A,SPL,F0:fold2,,,mode17,POLISH_EXPANDED,True,RSS=43.22439341999989,True,-1,-1,-1,0.0
SCEN-A,SPL,F0:fold2,,,mode18,POLISH,True,RSS=42.918302477343076,True,-1,-1,-1,0.0
SCEN-A,SPL,F0:fold2,,,mode19,POLISH,True,RSS=42.04367833208366,True,-1,-1,-1,0.0
SCEN-A,SPL,F0:fold2,,,mode20,POLISH_EXPANDED,True,RSS=40.99035205310182,True,-1,-1,-1,0.0
SCEN-A,SPL,F0:fold2,,,mode21,POLISH,True,RSS=39.98116909746961,True,-1,-1,-1,0.0
SCEN-A,SPL,F0:fold2,,,mode22,POLISH_EXPANDED,True,RSS=39.09967211954103,True,-1,-1,-1,0.0
SCEN-A,SPL,F0:fold2,,,mode23,POLISH,True,RSS=38.36473282552359,True,-1,-1,-1,0.0
SCEN-A,SPL,F0:fold2,,,mode24,POLISH,True,RSS=37.76784499124474,True,-1,-1,-1,0.0
SCEN-A,SPL,F0:fold2,,,mode25,POLISH,True,RSS=37.29531919325979,True,-1,-1,-1,0.0
SCEN-A,SPL,F0:fold2,,,mode26,POLISH,True,RSS=36.936440574932995,True,-1,-1,-1,0.0
SCEN-A,SPL,F0:fold2,,,mode27,POLISH,True,RSS=36.68653456347283,True,-1,-1,-1,0.0
SCEN-A,SPL,F0:fold2,,,mode28,POLISH,True,RSS=36.5518086802827,True,-1,-1,-1,0.0
SCEN-A,SPL,F0:fold2,,,mode29,POLISH,True,RSS=36.527226718593546,True,-1,-1,-1,0.0
SCEN-A,SPL,F0:fold2,,,mode30,POLISH,True,RSS=36.5272267185935,True,-1,-1,-1,0.0
SCEN-A,SPL,F0:fold2,,,mode31,POLISH,True,RSS=36.5272267185935,True,-1,-1,-1,0.0
SCEN-A,SPL,F0:fold2,,,mode32,POLISH,True,RSS=36.5272267185935,True,-1,-1,-1,0.0
SCEN-A,SPL,F0:fold2,,,mode33,POLISH,True,RSS=36.52677124073955,True,-1,-1,-1,0.0
SCEN-A,SPL,F0:fold2,,,mode34,POLISH,True,RSS=36.43433721542511,True,-1,-1,-1,0.0
SCEN-A,SPL,F0:fold2,,,mode35,POLISH,True,RSS=35.824536176590094,True,-1,-1,-1,0.0
SCEN-A,SPL,F0:fold2,,,mode36,POLISH,True,RSS=34.5279885439478,True,-1,-1,-1,0.0
SCEN-A,SPL,F0:fold2,,,mode37,POLISH,True,RSS=32.94553071988662,True,-1,-1,-1,0.0
SCEN-A,SPL,F0:fold2,,,mode38,POLISH,True,RSS=31.58904341593206,True,-1,-1,-1,0.0
SCEN-A,SPL,F0:fold2,,,mode39,POLISH,True,RSS=30.468939139980673,True,-1,-1,-1,0.0
SCEN-A,SPL,F0:fold2,,,mode40,POLISH_EXPANDED,True,RSS=29.54019580874683,True,-1,-1,-1,0.0
SCEN-A,SPL,F0:fold2,,,mode41,POLISH_EXPANDED,True,RSS=28.756885143253708,True,-1,-1,-1,0.0
SCEN-A,SPL,F0:fold2,,,mode42,POLISH,True,RSS=28.062077097438625,True,-1,-1,-1,0.0
SCEN-A,SPL,F0:fold2,,,mode43,POLISH,True,RSS=27.434064506412508,True,-1,-1,-1,0.0
SCEN-A,SPL,F0:fold2,,,mode44,POLISH,True,RSS=26.854370954559496,True,-1,-1,-1,0.0
SCEN-A,SPL,F0:fold2,,,mode45,POLISH,True,RSS=26.3055547284516,True,-1,-1,-1,0.0
SCEN-A,SPL,F0:fold2,,,mode46,POLISH,True,RSS=25.772856899642285,True,-1,-1,-1,0.0
SCEN-A,SPL,F0:fold2,,,mode47,POLISH,True,RSS=25.240470554178287,True,-1,-1,-1,0.0
SCEN-A,SPL,F0:fold2,,,mode48,POLISH_EXPANDED,True,RSS=24.69032660344883,True,-1,-1,-1,0.0
SCEN-A,SPL,F0:fold2,,,mode49,POLISH_EXPANDED,True,RSS=24.101764357158338,True,-1,-1,-1,0.0
SCEN-A,SPL,F0:fold2,,,mode50,POLISH_EXPANDED,True,RSS=23.453704561865067,True,-1,-1,-1,0.0
SCEN-A,SPL,F0:fold2,,,mode51,POLISH_EXPANDED,True,RSS=22.71389347582825,True,-1,-1,-1,0.0
SCEN-A,SPL,F0:fold2,,,mode52,POLISH_EXPANDED,True,RSS=21.839223586884017,True,-1,-1,-1,0.0
SCEN-A,SPL,F0:fold2,,,mode53,POLISH_EXPANDED,True,RSS=20.77407714231196,True,-1,-1,-1,0.0
SCEN-A,SPL,F0:fold2,,,mode54,POLISH_EXPANDED,True,RSS=19.45139414013885,True,-1,-1,-1,0.0
SCEN-A,SPL,F0:fold2,,,mode55,POLISH,True,RSS=17.81079647856584,True,-1,-1,-1,0.0
SCEN-A,SPL,F0:fold2,,,mode56,POLISH,True,RSS=15.85111696878009,True,-1,-1,-1,0.0
SCEN-A,SPL,F0:fold2,,,mode57,POLISH,True,RSS=13.5916927030865,True,-1,-1,-1,0.0
SCEN-A,SPL,F0:fold2,,,mode58,POLISH,True,RSS=11.382590732840915,True,-1,-1,-1,0.0
SCEN-A,SPL,F0:fold2,,,mode59,POLISH_EXPANDED,True,RSS=9.811076230995683,True,-1,-1,-1,0.0
SCEN-A,SPL,F0:fold2,,,mode60,POLISH,True,RSS=9.19879028211622,True,-1,-1,-1,0.0
SCEN-A,SPL,F0:fold2,,,mode61,POLISH,True,RSS=9.17201645738142,True,-1,-1,-1,0.0
SCEN-A,SPL,F0:fold2,,,mode62,POLISH,True,RSS=9.289247919246705,True,-1,-1,-1,0.0
SCEN-A,SPL,F0:fold2,,,mode63,POLISH,True,RSS=9.845591232134748,True,-1,-1,-1,0.0
SCEN-A,SPL,F0:fold2,,,mode64,POLISH,True,RSS=10.765239694113749,True,-1,-1,-1,0.0
SCEN-A,SPL,F0:fold2,,,mode65,POLISH,True,RSS=11.862349073659658,True,-1,-1,-1,0.0
SCEN-A,SPL,F0:fold2,,,mode66,POLISH,True,RSS=13.029520010030902,True,-1,-1,-1,0.0
SCEN-A,SPL,F0:fold2,,,mode67,POLISH,True,RSS=14.212841845552944,True,-1,-1,-1,0.0
SCEN-A,SPL,F0:fold2,,,mode68,POLISH,True,RSS=15.374984236847903,True,-1,-1,-1,0.0
SCEN-A,SPL,F0:fold2,,,mode69,POLISH,True,RSS=16.45242552562441,True,-1,-1,-1,0.0
SCEN-A,SPL,F0:fold2,,,mode70,POLISH,True,RSS=17.447834807066936,True,-1,-1,-1,0.0
SCEN-A,SPL,F0:fold2,,,mode71,POLISH_EXPANDED,True,RSS=18.399383686948696,True,-1,-1,-1,0.0
SCEN-A,SPL,F0:fold2,,,mode72,POLISH,True,RSS=19.32870330968319,True,-1,-1,-1,0.0
SCEN-A,SPL,F0:fold2,,,mode73,POLISH,True,RSS=20.25189858066389,True,-1,-1,-1,0.0
SCEN-A,SPL,F0:fold2,,,mode74,POLISH_EXPANDED,True,RSS=21.18556673559539,True,-1,-1,-1,0.0
SCEN-A,SPL,F0:fold2,,,mode75,POLISH_EXPANDED,True,RSS=22.14696315005813,True,-1,-1,-1,0.0
SCEN-A,SPL,F0:fold2,,,mode76,POLISH,True,RSS=23.154374081827406,True,-1,-1,-1,0.0
SCEN-A,SPL,F0:fold2,,,mode77,POLISH,True,RSS=24.226345686186797,True,-1,-1,-1,0.0
SCEN-A,SPL,F0:fold2,,,mode78,POLISH,True,RSS=25.383722025687828,True,-1,-1,-1,0.0
SCEN-A,SPL,F0:fold2,,,mode79,POLISH_EXPANDED,True,RSS=26.65039980739435,True,-1,-1,-1,0.0
SCEN-A,SPL,F0:fold2,,,mode80,POLISH,True,RSS=28.05661494078445,True,-1,-1,-1,0.0
SCEN-A,SPL,F0:fold2,,,mode81,POLISH,True,RSS=29.618255838537223,True,-1,-1,-1,0.0
SCEN-A,SPL,F0:fold2,,,mode82,POLISH,True,RSS=31.24929809268748,True,-1,-1,-1,0.0
SCEN-A,SPL,F0:fold2,,,mode83,POLISH_EXPANDED,True,RSS=32.80375019012477,True,-1,-1,-1,0.0
SCEN-A,SPL,F0:fold2,,,mode84,POLISH_EXPANDED,True,RSS=34.26233559179262,True,-1,-1,-1,0.0
SCEN-A,SPL,F0:fold2,,,mode85,POLISH_EXPANDED,True,RSS=35.135447118138615,True,-1,-1,-1,0.0
SCEN-A,SPL,F0:fold2,,,mode86,POLISH_EXPANDED,True,RSS=35.33639533550603,True,-1,-1,-1,0.0
SCEN-A,SPL,F0:fold2,,,mode87,POLISH,True,RSS=35.33806246103466,True,-1,-1,-1,0.0
SCEN-A,SPL,F0:fold2,,,mode88,POLISH,True,RSS=35.34786950132522,True,-1,-1,-1,0.0
SCEN-A,SPL,F0:fold2,,,mode89,POLISH,True,RSS=35.40183065865712,True,-1,-1,-1,0.0
SCEN-A,SPL,F0:fold2,,,mode90,POLISH,True,RSS=35.50050840302601,True,-1,-1,-1,0.0
SCEN-A,SPL,F0:fold2,,,mode91,POLISH,True,RSS=35.63827382626259,True,-1,-1,-1,0.0
SCEN-A,SPL,F0:fold2,,,mode92,POLISH_EXPANDED,True,RSS=35.81234298328122,True,-1,-1,-1,0.0
SCEN-A,SPL,F0:fold2,,,mode93,POLISH_EXPANDED,True,RSS=36.023029885177806,True,-1,-1,-1,0.0
SCEN-A,SPL,F0:fold2,,,mode94,POLISH_EXPANDED,True,RSS=36.272086974600036,True,-1,-1,-1,0.0
SCEN-A,SPL,F0:fold2,,,mode95,POLISH_EXPANDED,True,RSS=36.56277672725154,True,-1,-1,-1,0.0
SCEN-A,SPL,F0:fold2,,,mode96,POLISH_EXPANDED,True,RSS=36.899863552123385,True,-1,-1,-1,0.0
SCEN-A,SPL,F0:fold2,,,mode97,POLISH_EXPANDED,True,RSS=37.28972127924263,True,-1,-1,-1,0.0
SCEN-A,SPL,F0:fold2,,,mode98,POLISH_EXPANDED,True,RSS=37.740542127465,True,-1,-1,-1,0.0
SCEN-A,SPL,F0:fold2,,,mode99,POLISH_EXPANDED,True,RSS=38.262626407862356,True,-1,-1,-1,0.0
SCEN-A,SPL,F0:fold2,,,mode100,POLISH_EXPANDED,True,RSS=38.86872066978713,True,-1,-1,-1,0.0
SCEN-A,SPL,F0:fold2,,,mode101,POLISH,True,RSS=39.57433119035176,True,-1,-1,-1,0.0
SCEN-A,SPL,F0:fold2,,,mode102,POLISH,True,RSS=40.39781374836961,True,-1,-1,-1,0.0
SCEN-A,SPL,F0:fold2,,,mode103,POLISH_EXPANDED,True,RSS=41.3547672559761,True,-1,-1,-1,0.0
SCEN-A,SPL,F0:fold2,,,mode104,FALLBACK,True,RSS=42.46834305606686,True,-1,-1,-1,0.0
SCEN-A,SPL,F0:fold2,,,mode105,POLISH_EXPANDED,True,RSS=43.63861777276013,True,-1,-1,-1,0.0
SCEN-A,SPL,F0:fold2,,,mode106,POLISH_EXPANDED,True,RSS=44.54201738347367,True,-1,-1,-1,0.0
SCEN-A,SPL,F0:fold2,,,mode107,POLISH,True,RSS=44.85944795453011,True,-1,-1,-1,0.0
SCEN-A,SPL,F0:fold2,,,mode108,POLISH_EXPANDED,True,RSS=44.85944795453011,True,-1,-1,-1,0.0
SCEN-A,SPL,F0:fold2,,,mode109,POLISH_EXPANDED,True,RSS=44.85944795453011,True,-1,-1,-1,0.0
SCEN-A,SPL,F0:fold2,,,mode110,POLISH_EXPANDED,True,RSS=44.85944795453011,True,-1,-1,-1,0.0
SCEN-A,SPL,F0:fold2,,,mode111,POLISH_EXPANDED,True,RSS=44.85944795453011,True,-1,-1,-1,0.0
SCEN-A,SPL,F0:fold2,,,mode112,POLISH_EXPANDED,True,RSS=44.85944795453011,True,-1,-1,-1,0.0
SCEN-A,SPL,F0:fold2,,,mode113,POLISH_EXPANDED,True,RSS=44.85944795453011,True,-1,-1,-1,0.0
SCEN-A,SPL,F0:fold2,,,mode114,POLISH_EXPANDED,True,RSS=44.85944795453011,True,-1,-1,-1,0.0
SCEN-A,SPL,F0:fold2,,,mode115,POLISH_EXPANDED,True,RSS=44.85944795453011,True,-1,-1,-1,0.0
SCEN-A,SPL,F0:fold2,,,mode116,POLISH_EXPANDED,True,RSS=44.85944795453011,True,-1,-1,-1,0.0
SCEN-A,SPL,F0:fold2,,,mode117,POLISH,True,RSS=44.88315706757039,True,-1,-1,-1,0.0
SCEN-A,SPL,F0:fold2,,,mode118,POLISH,True,RSS=45.01734386123708,True,-1,-1,-1,0.0
SCEN-A,SPL,F0:fold2,,,mode119,POLISH,True,RSS=45.274050478319026,True,-1,-1,-1,0.0
SCEN-A,SPL,F0:fold2,,,mode120,POLISH,True,RSS=45.65096983950115,True,-1,-1,-1,0.0
SCEN-A,SPL,F0:fold2,,,mode121,POLISH,True,RSS=46.15383853566442,True,-1,-1,-1,0.0
SCEN-A,SPL,F0:fold2,,,mode122,POLISH_EXPANDED,True,RSS=46.794615559411234,True,-1,-1,-1,0.0
SCEN-A,SPL,F0:fold2,,,mode123,POLISH,True,RSS=47.58161736086995,True,-1,-1,-1,0.0
SCEN-A,SPL,F0:fold2,,,mode124,POLISH,True,RSS=48.50783614961972,True,-1,-1,-1,0.0
SCEN-A,SPL,F0:fold2,,,mode125,POLISH,True,RSS=49.516258691852016,True,-1,-1,-1,0.0
SCEN-A,SPL,F0:fold2,,,mode126,POLISH_EXPANDED,True,RSS=50.42038410867373,True,-1,-1,-1,0.0
SCEN-A,SPL,F0:fold2,,,mode127,POLISH,True,RSS=50.798633493206474,True,-1,-1,-1,0.0
SCEN-A,SPL,F0:fold2,,,mode128,POLISH_EXPANDED,True,RSS=50.79863349320674,True,-1,-1,-1,0.0
SCEN-A,SPL,F0:fold2,,,mode129,POLISH_EXPANDED,True,RSS=50.79863349320674,True,-1,-1,-1,0.0
SCEN-A,SPL,F0:fold2,,,mode130,POLISH_EXPANDED,True,RSS=50.79863349320674,True,-1,-1,-1,0.0
SCEN-A,SPL,F0:fold2,,,mode131,POLISH_EXPANDED,True,RSS=50.79863349320674,True,-1,-1,-1,0.0
SCEN-A,SPL,F0:fold2,,,mode132,POLISH_EXPANDED,True,RSS=50.79863349320674,True,-1,-1,-1,0.0
SCEN-A,SPL,F0:fold2,,,mode133,POLISH_EXPANDED,True,RSS=50.79863349320674,True,-1,-1,-1,0.0
SCEN-A,SPL,F0:fold2,,,mode134,POLISH,True,RSS=50.79863349320674,True,-1,-1,-1,0.0
SCEN-A,SPL,F0:fold2,,,mode135,POLISH_EXPANDED,True,RSS=50.79863349320674,True,-1,-1,-1,0.0
SCEN-A,SPL,F0:fold2,,,mode136,POLISH_EXPANDED,True,RSS=50.79863349320674,True,-1,-1,-1,0.0
SCEN-A,SPL,F0:fold2,,,mode137,POLISH,True,RSS=50.79863349320674,True,-1,-1,-1,0.0
SCEN-A,SPL,F0:fold2,,,mode138,POLISH_EXPANDED,True,RSS=50.79863349320674,True,-1,-1,-1,0.0
SCEN-A,SPL,F0:fold2,,,mode139,FALLBACK,True,RSS=50.798633493202985,True,-1,-1,-1,0.0
SCEN-A,SPL,F0:fold2,,,mode140,POLISH,True,RSS=50.79863349320674,True,-1,-1,-1,0.0
SCEN-A,SPL,F0:fold2,,,mode141,POLISH_EXPANDED,True,RSS=50.79863349320674,True,-1,-1,-1,0.0
SCEN-A,SPL,F0:fold2,,,mode142,POLISH_EXPANDED,True,RSS=50.79863349320674,True,-1,-1,-1,0.0
SCEN-A,SPL,F0:fold2,,,mode143,POLISH_EXPANDED,True,RSS=50.79863349320674,True,-1,-1,-1,0.0
SCEN-A,SPL,F0:fold2,,,mode144,POLISH,True,RSS=50.79863349320674,True,-1,-1,-1,0.0
SCEN-A,SPL,F0:fold2,,,mode145,POLISH_EXPANDED,True,RSS=50.79863349320674,True,-1,-1,-1,0.0
SCEN-A,SPL,F0:fold3,,,mode0,POLISH_EXPANDED,True,RSS=101.85440305050962,True,-1,-1,-1,0.0
SCEN-A,SPL,F0:fold3,,,mode1,POLISH,True,RSS=101.85440305050962,True,-1,-1,-1,0.0
SCEN-A,SPL,F0:fold3,,,mode2,POLISH,True,RSS=101.85440305050962,True,-1,-1,-1,0.0
SCEN-A,SPL,F0:fold3,,,mode3,POLISH,True,RSS=101.85440305050962,True,-1,-1,-1,0.0
SCEN-A,SPL,F0:fold3,,,mode4,POLISH,True,RSS=101.85440305050962,True,-1,-1,-1,0.0
SCEN-A,SPL,F0:fold3,,,mode5,POLISH,True,RSS=101.85440305050962,True,-1,-1,-1,0.0
SCEN-A,SPL,F0:fold3,,,mode6,POLISH,True,RSS=101.85440305050962,True,-1,-1,-1,0.0
SCEN-A,SPL,F0:fold3,,,mode7,POLISH,True,RSS=101.85440305050962,True,-1,-1,-1,0.0
SCEN-A,SPL,F0:fold3,,,mode8,POLISH,True,RSS=101.85440305050962,True,-1,-1,-1,0.0
SCEN-A,SPL,F0:fold3,,,mode9,POLISH,True,RSS=101.85440305050962,True,-1,-1,-1,0.0
SCEN-A,SPL,F0:fold3,,,mode10,POLISH,True,RSS=101.85440305050962,True,-1,-1,-1,0.0
SCEN-A,SPL,F0:fold3,,,mode11,POLISH,True,RSS=101.85440305050962,True,-1,-1,-1,0.0
SCEN-A,SPL,F0:fold3,,,mode12,POLISH,True,RSS=101.85440305050962,True,-1,-1,-1,0.0
SCEN-A,SPL,F0:fold3,,,mode13,POLISH_EXPANDED,True,RSS=101.85440305050962,True,-1,-1,-1,0.0
SCEN-A,SPL,F0:fold3,,,mode14,POLISH,True,RSS=101.85440305050962,True,-1,-1,-1,0.0
SCEN-A,SPL,F0:fold3,,,mode15,POLISH_EXPANDED,True,RSS=101.85440305050962,True,-1,-1,-1,0.0
SCEN-A,SPL,F0:fold3,,,mode16,POLISH_EXPANDED,True,RSS=101.85440305050962,True,-1,-1,-1,0.0
SCEN-A,SPL,F0:fold3,,,mode17,POLISH_EXPANDED,True,RSS=101.85440305050993,True,-1,-1,-1,0.0
SCEN-A,SPL,F0:fold3,,,mode18,FALLBACK,True,RSS=101.85425667348335,True,-1,-1,-1,0.0
SCEN-A,SPL,F0:fold3,,,mode19,POLISH,True,RSS=100.28536336295781,True,-1,-1,-1,0.0
SCEN-A,SPL,F0:fold3,,,mode20,POLISH,True,RSS=97.10311791937127,True,-1,-1,-1,0.0
SCEN-A,SPL,F0:fold3,,,mode21,POLISH,True,RSS=93.6485989015146,True,-1,-1,-1,0.0
SCEN-A,SPL,F0:fold3,,,mode22,POLISH,True,RSS=90.4869730545067,True,-1,-1,-1,0.0
SCEN-A,SPL,F0:fold3,,,mode23,POLISH,True,RSS=87.79092046406329,True,-1,-1,-1,0.0
SCEN-A,SPL,F0:fold3,,,mode24,POLISH,True,RSS=85.5805964286492,True,-1,-1,-1,0.0
SCEN-A,SPL,F0:fold3,,,mode25,POLISH,True,RSS=83.8281642565259,True,-1,-1,-1,0.0
SCEN-A,SPL,F0:fold3,,,mode26,POLISH_EXPANDED,True,RSS=82.5015713167436,True,-1,-1,-1,0.0
SCEN-A,SPL,F0:fold3,,,mode27,POLISH_EXPANDED,True,RSS=81.59099164939914,True,-1,-1,-1,0.0
SCEN-A,SPL,F0:fold3,,,mode28,POLISH,True,RSS=81.10977182709173,True,-1,-1,-1,0.0
SCEN-A,SPL,F0:fold3,,,mode29,POLISH,True,RSS=81.02389639914567,True,-1,-1,-1,0.0
SCEN-A,SPL,F0:fold3,,,mode30,POLISH,True,RSS=81.02389639914567,True,-1,-1,-1,0.0
SCEN-A,SPL,F0:fold3,,,mode31,POLISH,True,RSS=81.02389639914567,True,-1,-1,-1,0.0
SCEN-A,SPL,F0:fold3,,,mode32,POLISH,True,RSS=81.02389639914567,True,-1,-1,-1,0.0
SCEN-A,SPL,F0:fold3,,,mode33,POLISH,True,RSS=81.01357419917134,True,-1,-1,-1,0.0
SCEN-A,SPL,F0:fold3,,,mode34,POLISH,True,RSS=80.91322508368125,True,-1,-1,-1,0.0
SCEN-A,SPL,F0:fold3,,,mode35,POLISH,True,RSS=80.60416562485476,True,-1,-1,-1,0.0
SCEN-A,SPL,F0:fold3,,,mode36,POLISH,True,RSS=79.76962086856162,True,-1,-1,-1,0.0
SCEN-A,SPL,F0:fold3,,,mode37,POLISH,True,RSS=77.73890278415158,True,-1,-1,-1,0.0
SCEN-A,SPL,F0:fold3,,,mode38,POLISH,True,RSS=74.17725663594639,True,-1,-1,-1,0.0
SCEN-A,SPL,F0:fold3,,,mode39,POLISH,True,RSS=69.6858641602104,True,-1,-1,-1,0.0
SCEN-A,SPL,F0:fold3,,,mode40,POLISH,True,RSS=65.5970275200065,True,-1,-1,-1,0.0
SCEN-A,SPL,F0:fold3,,,mode41,POLISH,True,RSS=62.17185996772844,True,-1,-1,-1,0.0
SCEN-A,SPL,F0:fold3,,,mode42,POLISH,True,RSS=59.3062722079484,True,-1,-1,-1,0.0
SCEN-A,SPL,F0:fold3,,,mode43,POLISH,True,RSS=56.89870463495446,True,-1,-1,-1,0.0
SCEN-A,SPL,F0:fold3,,,mode44,POLISH,True,RSS=54.861716996166074,True,-1,-1,-1,0.0
SCEN-A,SPL,F0:fold3,,,mode45,POLISH,True,RSS=53.135959046332026,True,-1,-1,-1,0.0
SCEN-A,SPL,F0:fold3,,,mode46,POLISH,True,RSS=51.656384086139745,True,-1,-1,-1,0.0
SCEN-A,SPL,F0:fold3,,,mode47,POLISH,True,RSS=50.395207744498514,True,-1,-1,-1,0.0
SCEN-A,SPL,F0:fold3,,,mode48,POLISH,True,RSS=49.3022272432478,True,-1,-1,-1,0.0
SCEN-A,SPL,F0:fold3,,,mode49,FALLBACK,True,RSS=48.36454939115445,True,-1,-1,-1,0.0
SCEN-A,SPL,F0:fold3,,,mode50,POLISH,True,RSS=47.5503091759897,True,-1,-1,-1,0.0
SCEN-A,SPL,F0:fold3,,,mode51,POLISH,True,RSS=46.845867395340306,True,-1,-1,-1,0.0
SCEN-A,SPL,F0:fold3,,,mode52,POLISH,True,RSS=46.23727757665341,True,-1,-1,-1,0.0
SCEN-A,SPL,F0:fold3,,,mode53,POLISH,True,RSS=45.61584839070528,True,-1,-1,-1,0.0
SCEN-A,SPL,F0:fold3,,,mode54,POLISH_EXPANDED,True,RSS=44.151260354647974,True,-1,-1,-1,0.0
SCEN-A,SPL,F0:fold3,,,mode55,POLISH_EXPANDED,True,RSS=41.15216695029669,True,-1,-1,-1,0.0
SCEN-A,SPL,F0:fold3,,,mode56,POLISH_EXPANDED,True,RSS=36.10857585349553,True,-1,-1,-1,0.0
SCEN-A,SPL,F0:fold3,,,mode57,POLISH,True,RSS=29.185506389165337,True,-1,-1,-1,0.0
SCEN-A,SPL,F0:fold3,,,mode58,POLISH_EXPANDED,True,RSS=21.845273469176366,True,-1,-1,-1,0.0
SCEN-A,SPL,F0:fold3,,,mode59,POLISH_EXPANDED,True,RSS=16.118932460615696,True,-1,-1,-1,0.0
SCEN-A,SPL,F0:fold3,,,mode60,POLISH_EXPANDED,True,RSS=12.576687312699875,True,-1,-1,-1,0.0
SCEN-A,SPL,F0:fold3,,,mode61,POLISH,True,RSS=10.710854185621088,True,-1,-1,-1,0.0
SCEN-A,SPL,F0:fold3,,,mode62,POLISH,True,RSS=9.848375195600036,True,-1,-1,-1,0.0
SCEN-A,SPL,F0:fold3,,,mode63,POLISH,True,RSS=9.570484268828473,True,-1,-1,-1,0.0
SCEN-A,SPL,F0:fold3,,,mode64,POLISH,True,RSS=9.562467094316084,True,-1,-1,-1,0.0
SCEN-A,SPL,F0:fold3,,,mode65,POLISH,True,RSS=9.645831775913877,True,-1,-1,-1,0.0
SCEN-A,SPL,F0:fold3,,,mode66,POLISH,True,RSS=9.942721784029693,True,-1,-1,-1,0.0
SCEN-A,SPL,F0:fold3,,,mode67,POLISH,True,RSS=10.386705884642804,True,-1,-1,-1,0.0
SCEN-A,SPL,F0:fold3,,,mode68,POLISH,True,RSS=10.931663832164967,True,-1,-1,-1,0.0
SCEN-A,SPL,F0:fold3,,,mode69,POLISH,True,RSS=11.550948389009974,True,-1,-1,-1,0.0
SCEN-A,SPL,F0:fold3,,,mode70,POLISH,True,RSS=12.233873479978799,True,-1,-1,-1,0.0
SCEN-A,SPL,F0:fold3,,,mode71,POLISH,True,RSS=12.972102086510267,True,-1,-1,-1,0.0
SCEN-A,SPL,F0:fold3,,,mode72,POLISH,True,RSS=13.765100749837098,True,-1,-1,-1,0.0
SCEN-A,SPL,F0:fold3,,,mode73,POLISH,True,RSS=14.60599229604588,True,-1,-1,-1,0.0
SCEN-A,SPL,F0:fold3,,,mode74,POLISH,True,RSS=15.493105086214223,True,-1,-1,-1,0.0
SCEN-A,SPL,F0:fold3,,,mode75,FALLBACK,True,RSS=16.434224090367156,True,-1,-1,-1,0.0
SCEN-A,SPL,F0:fold3,,,mode76,POLISH,True,RSS=17.443496527513865,True,-1,-1,-1,0.0
SCEN-A,SPL,F0:fold3,,,mode77,POLISH,True,RSS=18.548774144946407,True,-1,-1,-1,0.0
SCEN-A,SPL,F0:fold3,,,mode78,POLISH,True,RSS=19.779036131334934,True,-1,-1,-1,0.0
SCEN-A,SPL,F0:fold3,,,mode79,POLISH,True,RSS=21.16175389814493,True,-1,-1,-1,0.0
SCEN-A,SPL,F0:fold3,,,mode80,POLISH_EXPANDED,True,RSS=22.720419013993087,True,-1,-1,-1,0.0
SCEN-A,SPL,F0:fold3,,,mode81,POLISH_EXPANDED,True,RSS=24.473958055608833,True,-1,-1,-1,0.0
SCEN-A,SPL,F0:fold3,,,mode82,POLISH_EXPANDED,True,RSS=26.423393566069475,True,-1,-1,-1,0.0
SCEN-A,SPL,F0:fold3,,,mode83,FALLBACK,True,RSS=28.529166285802223,True,-1,-1,-1,0.0
SCEN-A,SPL,F0:fold3,,,mode84,POLISH_EXPANDED,True,RSS=30.67393126608363,True,-1,-1,-1,0.0
SCEN-A,SPL,F0:fold3,,,mode85,POLISH_EXPANDED,True,RSS=32.615297961320614,True,-1,-1,-1,0.0
SCEN-A,SPL,F0:fold3,,,mode86,POLISH_EXPANDED,True,RSS=33.95912388506939,True,-1,-1,-1,0.0
SCEN-A,SPL,F0:fold3,,,mode87,POLISH_EXPANDED,True,RSS=34.28702444227983,True,-1,-1,-1,0.0
SCEN-A,SPL,F0:fold3,,,mode88,POLISH_EXPANDED,True,RSS=34.27735180828961,True,-1,-1,-1,0.0
SCEN-A,SPL,F0:fold3,,,mode89,POLISH_EXPANDED,True,RSS=34.28716091318876,True,-1,-1,-1,0.0
SCEN-A,SPL,F0:fold3,,,mode90,POLISH_EXPANDED,True,RSS=34.32616860286204,True,-1,-1,-1,0.0
SCEN-A,SPL,F0:fold3,,,mode91,POLISH_EXPANDED,True,RSS=34.41447513263965,True,-1,-1,-1,0.0
SCEN-A,SPL,F0:fold3,,,mode92,POLISH_EXPANDED,True,RSS=34.54524196258428,True,-1,-1,-1,0.0
SCEN-A,SPL,F0:fold3,,,mode93,POLISH,True,RSS=34.72709120631891,True,-1,-1,-1,0.0
SCEN-A,SPL,F0:fold3,,,mode94,POLISH_EXPANDED,True,RSS=34.97910306492676,True,-1,-1,-1,0.0
SCEN-A,SPL,F0:fold3,,,mode95,POLISH_EXPANDED,True,RSS=35.29459994768586,True,-1,-1,-1,0.0
SCEN-A,SPL,F0:fold3,,,mode96,POLISH,True,RSS=35.69007668606892,True,-1,-1,-1,0.0
SCEN-A,SPL,F0:fold3,,,mode97,POLISH_EXPANDED,True,RSS=36.19319667538173,True,-1,-1,-1,0.0
SCEN-A,SPL,F0:fold3,,,mode98,POLISH_EXPANDED,True,RSS=36.80669218143645,True,-1,-1,-1,0.0
SCEN-A,SPL,F0:fold3,,,mode99,POLISH,True,RSS=37.56398545729321,True,-1,-1,-1,0.0
SCEN-A,SPL,F0:fold3,,,mode100,POLISH_EXPANDED,True,RSS=38.5139257034208,True,-1,-1,-1,0.0
SCEN-A,SPL,F0:fold3,,,mode101,POLISH,True,RSS=39.686177508758874,True,-1,-1,-1,0.0
SCEN-A,SPL,F0:fold3,,,mode102,POLISH_EXPANDED,True,RSS=41.14822735842376,True,-1,-1,-1,0.0
SCEN-A,SPL,F0:fold3,,,mode103,POLISH,True,RSS=43.026423848690854,True,-1,-1,-1,0.0
SCEN-A,SPL,F0:fold3,,,mode104,POLISH,True,RSS=45.43077760083781,True,-1,-1,-1,0.0
SCEN-A,SPL,F0:fold3,,,mode105,POLISH,True,RSS=48.56085425292463,True,-1,-1,-1,0.0
SCEN-A,SPL,F0:fold3,,,mode106,POLISH,True,RSS=52.710225642786334,True,-1,-1,-1,0.0
SCEN-A,SPL,F0:fold3,,,mode107,POLISH,True,RSS=58.332835405708416,True,-1,-1,-1,0.0
SCEN-A,SPL,F0:fold3,,,mode108,POLISH_EXPANDED,True,RSS=66.0170121732513,True,-1,-1,-1,0.0
SCEN-A,SPL,F0:fold3,,,mode109,POLISH,True,RSS=74.76876098418843,True,-1,-1,-1,0.0
SCEN-A,SPL,F0:fold3,,,mode110,POLISH_EXPANDED,True,RSS=79.55626114679865,True,-1,-1,-1,0.0
SCEN-A,SPL,F0:fold3,,,mode111,POLISH_EXPANDED,True,RSS=81.4392409165942,True,-1,-1,-1,0.0
SCEN-A,SPL,F0:fold3,,,mode112,POLISH,True,RSS=82.24828091663825,True,-1,-1,-1,0.0
SCEN-A,SPL,F0:fold3,,,mode113,POLISH_EXPANDED,True,RSS=82.63271285052875,True,-1,-1,-1,0.0
SCEN-A,SPL,F0:fold3,,,mode114,POLISH_EXPANDED,True,RSS=82.84581256986539,True,-1,-1,-1,0.0
SCEN-A,SPL,F0:fold3,,,mode115,POLISH_EXPANDED,True,RSS=82.96033349816936,True,-1,-1,-1,0.0
SCEN-A,SPL,F0:fold3,,,mode116,POLISH_EXPANDED,True,RSS=83.02054846319015,True,-1,-1,-1,0.0
SCEN-A,SPL,F0:fold3,,,mode117,POLISH_EXPANDED,True,RSS=83.16840271626724,True,-1,-1,-1,0.0
SCEN-A,SPL,F0:fold3,,,mode118,POLISH_EXPANDED,True,RSS=83.81314982964145,True,-1,-1,-1,0.0
SCEN-A,SPL,F0:fold3,,,mode119,POLISH,True,RSS=85.03772007392051,True,-1,-1,-1,0.0
SCEN-A,SPL,F0:fold3,,,mode120,POLISH_EXPANDED,True,RSS=86.82368895965013,True,-1,-1,-1,0.0
SCEN-A,SPL,F0:fold3,,,mode121,POLISH_EXPANDED,True,RSS=89.18847503418922,True,-1,-1,-1,0.0
SCEN-A,SPL,F0:fold3,,,mode122,POLISH_EXPANDED,True,RSS=92.17027703763713,True,-1,-1,-1,0.0
SCEN-A,SPL,F0:fold3,,,mode123,POLISH,True,RSS=95.79356348800351,True,-1,-1,-1,0.0
SCEN-A,SPL,F0:fold3,,,mode124,POLISH_EXPANDED,True,RSS=100.00023959578422,True,-1,-1,-1,0.0
SCEN-A,SPL,F0:fold3,,,mode125,POLISH,True,RSS=104.5260489853305,True,-1,-1,-1,0.0
SCEN-A,SPL,F0:fold3,,,mode126,POLISH,True,RSS=108.60939460678473,True,-1,-1,-1,0.0
SCEN-A,SPL,F0:fold3,,,mode127,POLISH,True,RSS=110.48772876858295,True,-1,-1,-1,0.0
SCEN-A,SPL,F0:fold3,,,mode128,FALLBACK,True,RSS=110.4877287685708,True,-1,-1,-1,0.0
SCEN-A,SPL,F0:fold3,,,mode129,POLISH,True,RSS=110.48772876858216,True,-1,-1,-1,0.0
SCEN-A,SPL,F0:fold3,,,mode130,POLISH,True,RSS=110.48772876858216,True,-1,-1,-1,0.0
SCEN-A,SPL,F0:fold3,,,mode131,FALLBACK,True,RSS=110.48772876806765,True,-1,-1,-1,0.0
SCEN-A,SPL,F0:fold3,,,mode132,POLISH,True,RSS=110.48772876858216,True,-1,-1,-1,0.0
SCEN-A,SPL,F0:fold3,,,mode133,POLISH,True,RSS=110.48772876858216,True,-1,-1,-1,0.0
SCEN-A,SPL,F0:fold3,,,mode134,POLISH,True,RSS=110.48772876858216,True,-1,-1,-1,0.0
SCEN-A,SPL,F0:fold3,,,mode135,POLISH,True,RSS=110.48772876858216,True,-1,-1,-1,0.0
SCEN-A,SPL,F0:fold3,,,mode136,POLISH,True,RSS=110.48772876858268,True,-1,-1,-1,0.0
SCEN-A,SPL,F0:fold3,,,mode137,POLISH,True,RSS=110.48772876858216,True,-1,-1,-1,0.0
SCEN-A,SPL,F0:fold3,,,mode138,FALLBACK,True,RSS=inf,False,-1,-1,-1,0.0
SCEN-A,SPL,F0:fold3,,,mode139,POLISH,True,RSS=110.48772876858216,True,-1,-1,-1,0.0
SCEN-A,SPL,F0:fold3,,,mode140,FALLBACK,True,RSS=inf,False,-1,-1,-1,0.0
SCEN-A,SPL,F0:fold3,,,mode141,POLISH,True,RSS=110.48772876858216,True,-1,-1,-1,0.0
SCEN-A,SPL,F0:fold3,,,mode142,POLISH,True,RSS=110.48772876858216,True,-1,-1,-1,0.0
SCEN-A,SPL,F0:fold3,,,mode143,FALLBACK,True,RSS=inf,False,-1,-1,-1,0.0
SCEN-A,SPL,F0:fold3,,,mode144,POLISH,True,RSS=110.48772876858216,True,-1,-1,-1,0.0
SCEN-A,SPL,F0:fold3,,,mode145,POLISH,True,RSS=110.48772876844438,True,-1,-1,-1,0.0
SCEN-A,SPL,F0:fold4,,,mode0,FALLBACK,True,RSS=104.53876417648456,True,-1,-1,-1,0.0
SCEN-A,SPL,F0:fold4,,,mode1,FALLBACK,True,RSS=104.53876417649359,True,-1,-1,-1,0.0
SCEN-A,SPL,F0:fold4,,,mode2,FALLBACK,True,RSS=104.53876417648324,True,-1,-1,-1,0.0
SCEN-A,SPL,F0:fold4,,,mode3,FALLBACK,True,RSS=104.53876417648323,True,-1,-1,-1,0.0
SCEN-A,SPL,F0:fold4,,,mode4,FALLBACK,True,RSS=104.53876417582165,True,-1,-1,-1,0.0
SCEN-A,SPL,F0:fold4,,,mode5,FALLBACK,True,RSS=104.53876417648598,True,-1,-1,-1,0.0
SCEN-A,SPL,F0:fold4,,,mode6,FALLBACK,True,RSS=104.53876417648641,True,-1,-1,-1,0.0
SCEN-A,SPL,F0:fold4,,,mode7,FALLBACK,True,RSS=104.53876417649127,True,-1,-1,-1,0.0
SCEN-A,SPL,F0:fold4,,,mode8,FALLBACK,True,RSS=104.53876417648819,True,-1,-1,-1,0.0
SCEN-A,SPL,F0:fold4,,,mode9,FALLBACK,True,RSS=104.53876417646406,True,-1,-1,-1,0.0
SCEN-A,SPL,F0:fold4,,,mode10,FALLBACK,True,RSS=104.53876417647616,True,-1,-1,-1,0.0
SCEN-A,SPL,F0:fold4,,,mode11,FALLBACK,True,RSS=104.5387641765047,True,-1,-1,-1,0.0
SCEN-A,SPL,F0:fold4,,,mode12,FALLBACK,True,RSS=104.53876417648667,True,-1,-1,-1,0.0
SCEN-A,SPL,F0:fold4,,,mode13,FALLBACK,True,RSS=104.53876417648058,True,-1,-1,-1,0.0
SCEN-A,SPL,F0:fold4,,,mode14,FALLBACK,True,RSS=104.53876417648918,True,-1,-1,-1,0.0
SCEN-A,SPL,F0:fold4,,,mode15,FALLBACK,True,RSS=104.53876417649845,True,-1,-1,-1,0.0
SCEN-A,SPL,F0:fold4,,,mode16,FALLBACK,True,RSS=104.53876417648151,True,-1,-1,-1,0.0
SCEN-A,SPL,F0:fold4,,,mode17,FALLBACK,True,RSS=104.53876417646588,True,-1,-1,-1,0.0
SCEN-A,SPL,F0:fold4,,,mode18,FALLBACK,True,RSS=104.53729624374672,True,-1,-1,-1,0.0
SCEN-A,SPL,F0:fold4,,,mode19,FALLBACK,True,RSS=102.92378333270428,True,-1,-1,-1,0.0
SCEN-A,SPL,F0:fold4,,,mode20,FALLBACK,True,RSS=99.74340613548598,True,-1,-1,-1,0.0
SCEN-A,SPL,F0:fold4,,,mode21,FALLBACK,True,RSS=96.3079311246232,True,-1,-1,-1,0.0
SCEN-A,SPL,F0:fold4,,,mode22,FALLBACK,True,RSS=93.1662429835001,True,-1,-1,-1,0.0
SCEN-A,SPL,F0:fold4,,,mode23,FALLBACK,True,RSS=90.49537448951975,True,-1,-1,-1,0.0
SCEN-A,SPL,F0:fold4,,,mode24,FALLBACK,True,RSS=88.31139231705885,True,-1,-1,-1,0.0
SCEN-A,SPL,F0:fold4,,,mode25,FALLBACK,True,RSS=86.58406887876852,True,-1,-1,-1,0.0
SCEN-A,SPL,F0:fold4,,,mode26,FALLBACK,True,RSS=85.28060335014523,True,-1,-1,-1,0.0
SCEN-A,SPL,F0:fold4,,,mode27,FALLBACK,True,RSS=84.38393840737756,True,-1,-1,-1,0.0
SCEN-A,SPL,F0:fold4,,,mode28,FALLBACK,True,RSS=83.91028615594409,True,-1,-1,-1,0.0
SCEN-A,SPL,F0:fold4,,,mode29,FALLBACK,True,RSS=83.82574263371966,True,-1,-1,-1,0.0
SCEN-A,SPL,F0:fold4,,,mode30,FALLBACK,True,RSS=83.82574263388608,True,-1,-1,-1,0.0
SCEN-A,SPL,F0:fold4,,,mode31,FALLBACK,True,RSS=83.82574263352075,True,-1,-1,-1,0.0
SCEN-A,SPL,F0:fold4,,,mode32,FALLBACK,True,RSS=inf,False,-1,-1,-1,0.0
SCEN-A,SPL,F0:fold4,,,mode33,FALLBACK,True,RSS=83.81417539260953,True,-1,-1,-1,0.0
SCEN-A,SPL,F0:fold4,,,mode34,FALLBACK,True,RSS=83.7114125688473,True,-1,-1,-1,0.0
SCEN-A,SPL,F0:fold4,,,mode35,FALLBACK,True,RSS=83.29143923401969,True,-1,-1,-1,0.0
SCEN-A,SPL,F0:fold4,,,mode36,FALLBACK,True,RSS=82.19841981412718,True,-1,-1,-1,0.0
SCEN-A,SPL,F0:fold4,,,mode37,FALLBACK,True,RSS=79.86193702060777,True,-1,-1,-1,0.0
SCEN-A,SPL,F0:fold4,,,mode38,FALLBACK,True,RSS=76.17912702775543,True,-1,-1,-1,0.0
SCEN-A,SPL,F0:fold4,,,mode39,FALLBACK,True,RSS=71.82410456463383,True,-1,-1,-1,0.0
SCEN-A,SPL,F0:fold4,,,mode40,FALLBACK,True,RSS=68.00532104349898,True,-1,-1,-1,0.0
SCEN-A,SPL,F0:fold4,,,mode41,FALLBACK,True,RSS=64.83710117824319,True,-1,-1,-1,0.0
SCEN-A,SPL,F0:fold4,,,mode42,FALLBACK,True,RSS=62.1842800440563,True,-1,-1,-1,0.0
SCEN-A,SPL,F0:fold4,,,mode43,FALLBACK,True,RSS=59.95465700530214,True,-1,-1,-1,0.0
SCEN-A,SPL,F0:fold4,,,mode44,FALLBACK,True,RSS=58.07301808702296,True,-1,-1,-1,0.0
SCEN-A,SPL,F0:fold4,,,mode45,FALLBACK,True,RSS=56.463456687591716,True,-1,-1,-1,0.0
SCEN-A,SPL,F0:fold4,,,mode46,FALLBACK,True,RSS=55.091201211870036,True,-1,-1,-1,0.0
SCEN-A,SPL,F0:fold4,,,mode47,FALLBACK,True,RSS=53.90038946170586,True,-1,-1,-1,0.0
SCEN-A,SPL,F0:fold4,,,mode48,FALLBACK,True,RSS=52.87470637047603,True,-1,-1,-1,0.0
SCEN-A,SPL,F0:fold4,,,mode49,FALLBACK,True,RSS=51.976648666646625,True,-1,-1,-1,0.0
SCEN-A,SPL,F0:fold4,,,mode50,FALLBACK,True,RSS=51.19566167263942,True,-1,-1,-1,0.0
SCEN-A,SPL,F0:fold4,,,mode51,FALLBACK,True,RSS=50.50985343183118,True,-1,-1,-1,0.0
SCEN-A,SPL,F0:fold4,,,mode52,FALLBACK,True,RSS=49.75177817424672,True,-1,-1,-1,0.0
SCEN-A,SPL,F0:fold4,,,mode53,FALLBACK,True,RSS=48.515900045101304,True,-1,-1,-1,0.0
SCEN-A,SPL,F0:fold4,,,mode54,FALLBACK,True,RSS=46.457059179621154,True,-1,-1,-1,0.0
SCEN-A,SPL,F0:fold4,,,mode55,FALLBACK,True,RSS=43.07213535328085,True,-1,-1,-1,0.0
SCEN-A,SPL,F0:fold4,,,mode56,FALLBACK,True,RSS=37.654697000669934,True,-1,-1,-1,0.0
SCEN-A,SPL,F0:fold4,,,mode57,FALLBACK,True,RSS=30.487776286426428,True,-1,-1,-1,0.0
SCEN-A,SPL,F0:fold4,,,mode58,FALLBACK,True,RSS=23.169128071378044,True,-1,-1,-1,0.0
SCEN-A,SPL,F0:fold4,,,mode59,FALLBACK,True,RSS=17.577480381151766,True,-1,-1,-1,0.0
SCEN-A,SPL,F0:fold4,,,mode60,FALLBACK,True,RSS=14.134692723333433,True,-1,-1,-1,0.0
SCEN-A,SPL,F0:fold4,,,mode61,FALLBACK,True,RSS=12.499204003841754,True,-1,-1,-1,0.0
SCEN-A,SPL,F0:fold4,,,mode62,FALLBACK,True,RSS=12.062279786732343,True,-1,-1,-1,0.0
SCEN-A,SPL,F0:fold4,,,mode63,FALLBACK,True,RSS=12.061966082691809,True,-1,-1,-1,0.0
SCEN-A,SPL,F0:fold4,,,mode64,FALLBACK,True,RSS=12.331664964002732,True,-1,-1,-1,0.0
SCEN-A,SPL,F0:fold4,,,mode65,FALLBACK,True,RSS=13.015770376083394,True,-1,-1,-1,0.0
SCEN-A,SPL,F0:fold4,,,mode66,FALLBACK,True,RSS=13.953971522337197,True,-1,-1,-1,0.0
SCEN-A,SPL,F0:fold4,,,mode67,FALLBACK,True,RSS=15.060800246234411,True,-1,-1,-1,0.0
SCEN-A,SPL,F0:fold4,,,mode68,FALLBACK,True,RSS=16.291492204492062,True,-1,-1,-1,0.0
SCEN-A,SPL,F0:fold4,,,mode69,FALLBACK,True,RSS=17.628637921690157,True,-1,-1,-1,0.0
SCEN-A,SPL,F0:fold4,,,mode70,FALLBACK,True,RSS=19.075896938104922,True,-1,-1,-1,0.0
SCEN-A,SPL,F0:fold4,,,mode71,FALLBACK,True,RSS=20.636295041938638,True,-1,-1,-1,0.0
SCEN-A,SPL,F0:fold4,,,mode72,FALLBACK,True,RSS=22.297083772824895,True,-1,-1,-1,0.0
SCEN-A,SPL,F0:fold4,,,mode73,FALLBACK,True,RSS=24.075664143592665,True,-1,-1,-1,0.0
SCEN-A,SPL,F0:fold4,,,mode74,FALLBACK,True,RSS=26.023938089719987,True,-1,-1,-1,0.0
SCEN-A,SPL,F0:fold4,,,mode75,FALLBACK,True,RSS=28.21264105666154,True,-1,-1,-1,0.0
SCEN-A,SPL,F0:fold4,,,mode76,FALLBACK,True,RSS=30.71362374889204,True,-1,-1,-1,0.0
SCEN-A,SPL,F0:fold4,,,mode77,FALLBACK,True,RSS=33.61886228610727,True,-1,-1,-1,0.0
SCEN-A,SPL,F0:fold4,,,mode78,FALLBACK,True,RSS=37.045604971201186,True,-1,-1,-1,0.0
SCEN-A,SPL,F0:fold4,,,mode79,FALLBACK,True,RSS=41.14002665503853,True,-1,-1,-1,0.0
SCEN-A,SPL,F0:fold4,,,mode80,FALLBACK,True,RSS=46.07416151042183,True,-1,-1,-1,0.0
SCEN-A,SPL,F0:fold4,,,mode81,FALLBACK,True,RSS=51.86411539369731,True,-1,-1,-1,0.0
SCEN-A,SPL,F0:fold4,,,mode82,FALLBACK,True,RSS=56.714729107736204,True,-1,-1,-1,0.0
SCEN-A,SPL,F0:fold4,,,mode83,FALLBACK,True,RSS=58.775055743484664,True,-1,-1,-1,0.0
SCEN-A,SPL,F0:fold4,,,mode84,FALLBACK,True,RSS=58.912750001532096,True,-1,-1,-1,0.0
SCEN-A,SPL,F0:fold4,,,mode85,FALLBACK,True,RSS=59.039171435699785,True,-1,-1,-1,0.0
SCEN-A,SPL,F0:fold4,,,mode86,FALLBACK,True,RSS=59.15620770195466,True,-1,-1,-1,0.0
SCEN-A,SPL,F0:fold4,,,mode87,FALLBACK,True,RSS=59.0447431176121,True,-1,-1,-1,0.0
SCEN-A,SPL,F0:fold4,,,mode88,FALLBACK,True,RSS=58.79205293367397,True,-1,-1,-1,0.0
SCEN-A,SPL,F0:fold4,,,mode89,FALLBACK,True,RSS=58.779218425995055,True,-1,-1,-1,0.0
SCEN-A,SPL,F0:fold4,,,mode90,FALLBACK,True,RSS=58.862311956938946,True,-1,-1,-1,0.0
SCEN-A,SPL,F0:fold4,,,mode91,FALLBACK,True,RSS=59.298455290023014,True,-1,-1,-1,0.0
SCEN-A,SPL,F0:fold4,,,mode92,FALLBACK,True,RSS=60.13364296025246,True,-1,-1,-1,0.0
SCEN-A,SPL,F0:fold4,,,mode93,FALLBACK,True,RSS=61.46607880484252,True,-1,-1,-1,0.0
SCEN-A,SPL,F0:fold4,,,mode94,FALLBACK,True,RSS=63.36811947228135,True,-1,-1,-1,0.0
SCEN-A,SPL,F0:fold4,,,mode95,FALLBACK,True,RSS=65.94009669342763,True,-1,-1,-1,0.0
SCEN-A,SPL,F0:fold4,,,mode96,FALLBACK,True,RSS=69.23095897630847,True,-1,-1,-1,0.0
SCEN-A,SPL,F0:fold4,,,mode97,FALLBACK,True,RSS=73.13822964474952,True,-1,-1,-1,0.0
SCEN-A,SPL,F0:fold4,,,mode98,FALLBACK,True,RSS=77.05763940665281,True,-1,-1,-1,0.0
SCEN-A,SPL,F0:fold4,,,mode99,FALLBACK,True,RSS=80.03823150747871,True,-1,-1,-1,0.0
SCEN-A,SPL,F0:fold4,,,mode100,FALLBACK,True,RSS=81.65830727761906,True,-1,-1,-1,0.0
SCEN-A,SPL,F0:fold4,,,mode101,FALLBACK,True,RSS=82.42215794053008,True,-1,-1,-1,0.0
SCEN-A,SPL,F0:fold4,,,mode102,POLISH,True,RSS=82.82259337254087,True,-1,-1,-1,0.0
SCEN-A,SPL,F0:fold4,,,mode103,POLISH,True,RSS=83.0524265316657,True,-1,-1,-1,0.0
SCEN-A,SPL,F0:fold4,,,mode104,POLISH,True,RSS=83.19609493335822,True,-1,-1,-1,0.0
SCEN-A,SPL,F0:fold4,,,mode105,POLISH,True,RSS=83.29951707091232,True,-1,-1,-1,0.0
SCEN-A,SPL,F0:fold4,,,mode106,POLISH,True,RSS=83.36995328311193,True,-1,-1,-1,0.0
SCEN-A,SPL,F0:fold4,,,mode107,POLISH,True,RSS=83.42915668854164,True,-1,-1,-1,0.0
SCEN-A,SPL,F0:fold4,,,mode108,POLISH,True,RSS=83.46548772273405,True,-1,-1,-1,0.0
SCEN-A,SPL,F0:fold4,,,mode109,POLISH,True,RSS=83.49793392028903,True,-1,-1,-1,0.0
SCEN-A,SPL,F0:fold4,,,mode110,POLISH,True,RSS=83.52708200341156,True,-1,-1,-1,0.0
SCEN-A,SPL,F0:fold4,,,mode111,POLISH,True,RSS=83.54954354146273,True,-1,-1,-1,0.0
SCEN-A,SPL,F0:fold4,,,mode112,POLISH,True,RSS=83.5638435507249,True,-1,-1,-1,0.0
SCEN-A,SPL,F0:fold4,,,mode113,POLISH,True,RSS=83.57693285358546,True,-1,-1,-1,0.0
SCEN-A,SPL,F0:fold4,,,mode114,POLISH,True,RSS=83.58895857406189,True,-1,-1,-1,0.0
SCEN-A,SPL,F0:fold4,,,mode115,POLISH,True,RSS=83.60004497800453,True,-1,-1,-1,0.0
SCEN-A,SPL,F0:fold4,,,mode116,POLISH,True,RSS=83.61029773800445,True,-1,-1,-1,0.0
SCEN-A,SPL,F0:fold4,,,mode117,POLISH_EXPANDED,True,RSS=83.61960462781124,True,-1,-1,-1,0.0
SCEN-A,SPL,F0:fold4,,,mode118,POLISH_EXPANDED,True,RSS=83.62740721293832,True,-1,-1,-1,0.0
SCEN-A,SPL,F0:fold4,,,mode119,POLISH_EXPANDED,True,RSS=83.6306546404141,True,-1,-1,-1,0.0
SCEN-A,SPL,F0:fold4,,,mode120,POLISH_EXPANDED,True,RSS=83.63312787413376,True,-1,-1,-1,0.0
SCEN-A,SPL,F0:fold4,,,mode121,POLISH_EXPANDED,True,RSS=83.63524903915095,True,-1,-1,-1,0.0
SCEN-A,SPL,F0:fold4,,,mode122,POLISH_EXPANDED,True,RSS=83.63708831553997,True,-1,-1,-1,0.0
SCEN-A,SPL,F0:fold4,,,mode123,POLISH_EXPANDED,True,RSS=83.63869839317438,True,-1,-1,-1,0.0
SCEN-A,SPL,F0:fold4,,,mode124,POLISH,True,RSS=83.64011960071751,True,-1,-1,-1,0.0
SCEN-A,SPL,F0:fold4,,,mode125,POLISH_EXPANDED,True,RSS=83.64138332973594,True,-1,-1,-1,0.0
SCEN-A,SPL,F0:fold4,,,mode126,POLISH_EXPANDED,True,RSS=83.64251438036176,True,-1,-1,-1,0.0
SCEN-A,SPL,F0:fold4,,,mode127,POLISH_EXPANDED,True,RSS=83.64353260504936,True,-1,-1,-1,0.0
SCEN-A,SPL,F0:fold4,,,mode128,POLISH_EXPANDED,True,RSS=83.64445408378157,True,-1,-1,-1,0.0
SCEN-A,SPL,F0:fold4,,,mode129,POLISH_EXPANDED,True,RSS=83.64529197950692,True,-1,-1,-1,0.0
SCEN-A,SPL,F0:fold4,,,mode130,POLISH_EXPANDED,True,RSS=83.64605717091135,True,-1,-1,-1,0.0
SCEN-A,SPL,F0:fold4,,,mode131,POLISH_EXPANDED,True,RSS=83.64675872731175,True,-1,-1,-1,0.0
SCEN-A,SPL,F0:fold4,,,mode132,POLISH_EXPANDED,True,RSS=83.64740426981092,True,-1,-1,-1,0.0
SCEN-A,SPL,F0:fold4,,,mode133,POLISH_EXPANDED,True,RSS=83.6480002492715,True,-1,-1,-1,0.0
SCEN-A,SPL,F0:fold4,,,mode134,POLISH_EXPANDED,True,RSS=83.6485521626255,True,-1,-1,-1,0.0
SCEN-A,SPL,F0:fold4,,,mode135,POLISH_EXPANDED,True,RSS=83.64906472291577,True,-1,-1,-1,0.0
SCEN-A,SPL,F0:fold4,,,mode136,POLISH_EXPANDED,True,RSS=83.64954199422164,True,-1,-1,-1,0.0
SCEN-A,SPL,F0:fold4,,,mode137,POLISH_EXPANDED,True,RSS=83.64998749963812,True,-1,-1,-1,0.0
SCEN-A,SPL,F0:fold4,,,mode138,POLISH,True,RSS=83.6504043083897,True,-1,-1,-1,0.0
SCEN-A,SPL,F0:fold4,,,mode139,POLISH,True,RSS=83.65079510664843,True,-1,-1,-1,0.0
SCEN-A,SPL,F0:fold4,,,mode140,POLISH,True,RSS=83.651162255465,True,-1,-1,-1,0.0
SCEN-A,SPL,F0:fold4,,,mode141,POLISH,True,RSS=83.65150783853417,True,-1,-1,-1,0.0
SCEN-A,SPL,F0:fold4,,,mode142,FALLBACK,True,RSS=83.65183370065489,True,-1,-1,-1,0.0
SCEN-A,SPL,F0:fold4,,,mode143,FALLBACK,True,RSS=83.65214148609948,True,-1,-1,-1,0.0
SCEN-A,SPL,F0:fold4,,,mode144,FALLBACK,True,RSS=83.65243265570771,True,-1,-1,-1,0.0
SCEN-A,SPL,F0:fold4,,,mode145,FALLBACK,True,RSS=83.61029773688871,True,-1,-1,-1,0.0
SCEN-A,SPL,F0:probeL,,,mode0,POLISH_EXPANDED,True,RSS=79.25115064449272,True,-1,-1,-1,0.0
SCEN-A,SPL,F0:probeL,,,mode1,POLISH_EXPANDED,True,RSS=79.25115064449241,True,-1,-1,-1,0.0
SCEN-A,SPL,F0:probeL,,,mode2,POLISH_EXPANDED,True,RSS=79.25115064449241,True,-1,-1,-1,0.0
SCEN-A,SPL,F0:probeL,,,mode3,POLISH_EXPANDED,True,RSS=79.25115064449241,True,-1,-1,-1,0.0
SCEN-A,SPL,F0:probeL,,,mode4,POLISH_EXPANDED,True,RSS=79.25115064449241,True,-1,-1,-1,0.0
SCEN-A,SPL,F0:probeL,,,mode5,POLISH_EXPANDED,True,RSS=79.25115064449241,True,-1,-1,-1,0.0
SCEN-A,SPL,F0:probeL,,,mode6,POLISH,True,RSS=79.25115064449045,True,-1,-1,-1,0.0
SCEN-A,SPL,F0:probeL,,,mode7,POLISH_EXPANDED,True,RSS=79.25115064449241,True,-1,-1,-1,0.0
SCEN-A,SPL,F0:probeL,,,mode8,POLISH,True,RSS=79.2511506444917,True,-1,-1,-1,0.0
SCEN-A,SPL,F0:probeL,,,mode9,POLISH_EXPANDED,True,RSS=79.25115064449241,True,-1,-1,-1,0.0
SCEN-A,SPL,F0:probeL,,,mode10,POLISH_EXPANDED,True,RSS=79.25115064449241,True,-1,-1,-1,0.0
SCEN-A,SPL,F0:probeL,,,mode11,POLISH,True,RSS=79.25115064449241,True,-1,-1,-1,0.0
SCEN-A,SPL,F0:probeL,,,mode12,POLISH_EXPANDED,True,RSS=79.25115064449241,True,-1,-1,-1,0.0
SCEN-A,SPL,F0:probeL,,,mode13,POLISH_EXPANDED,True,RSS=79.25115064449241,True,-1,-1,-1,0.0
SCEN-A,SPL,F0:probeL,,,mode14,POLISH_EXPANDED,True,RSS=79.25115064449241,True,-1,-1,-1,0.0
SCEN-A,SPL,F0:probeL,,,mode15,POLISH_EXPANDED,True,RSS=79.25115064449241,True,-1,-1,-1,0.0
SCEN-A,SPL,F0:probeL,,,mode16,POLISH_EXPANDED,True,RSS=79.25115064449375,True,-1,-1,-1,0.0
SCEN-A,SPL,F0:probeL,,,mode17,POLISH_EXPANDED,True,RSS=79.25115064449241,True,-1,-1,-1,0.0
SCEN-A,SPL,F0:probeL,,,mode18,POLISH_EXPANDED,True,RSS=79.25115064449241,True,-1,-1,-1,0.0
SCEN-A,SPL,F0:probeL,,,mode19,POLISH_EXPANDED,True,RSS=79.25115064449201,True,-1,-1,-1,0.0
SCEN-A,SPL,F0:probeL,,,mode20,POLISH_EXPANDED,True,RSS=79.25115064448539,True,-1,-1,-1,0.0
SCEN-A,SPL,F0:probeL,,,mode21,POLISH_EXPANDED,True,RSS=79.25115064449011,True,-1,-1,-1,0.0
SCEN-A,SPL,F0:probeL,,,mode22,POLISH_EXPANDED,True,RSS=79.25115064449186,True,-1,-1,-1,0.0
SCEN-A,SPL,F0:probeL,,,mode23,POLISH_EXPANDED,True,RSS=79.25115064449245,True,-1,-1,-1,0.0
SCEN-A,SPL,F0:probeL,,,mode24,POLISH_EXPANDED,True,RSS=79.25115064449184,True,-1,-1,-1,0.0
SCEN-A,SPL,F0:probeL,,,mode25,POLISH,True,RSS=78.61743937643924,True,-1,-1,-1,0.0
SCEN-A,SPL,F0:probeL,,,mode26,POLISH_EXPANDED,True,RSS=74.53724328754227,True,-1,-1,-1,0.0
SCEN-A,SPL,F0:probeL,,,mode27,POLISH,True,RSS=71.1268555748811,True,-1,-1,-1,0.0
SCEN-A,SPL,F0:probeL,,,mode28,POLISH_EXPANDED,True,RSS=69.40996687844698,True,-1,-1,-1,0.0
SCEN-A,SPL,F0:probeL,,,mode29,POLISH,True,RSS=69.11407958804699,True,-1,-1,-1,0.0
SCEN-A,SPL,F0:probeL,,,mode30,POLISH,True,RSS=69.11407958804683,True,-1,-1,-1,0.0
SCEN-A,SPL,F0:probeL,,,mode31,POLISH,True,RSS=69.114079588047,True,-1,-1,-1,0.0
SCEN-A,SPL,F0:probeL,,,mode32,POLISH,True,RSS=69.11407958804709,True,-1,-1,-1,0.0
SCEN-A,SPL,F0:probeL,,,mode33,POLISH_EXPANDED,True,RSS=69.11407958804699,True,-1,-1,-1,0.0
SCEN-A,SPL,F0:probeL,,,mode34,POLISH_EXPANDED,True,RSS=69.11407958804699,True,-1,-1,-1,0.0
SCEN-A,SPL,F0:probeL,,,mode35,POLISH,True,RSS=69.11407958804699,True,-1,-1,-1,0.0
SCEN-A,SPL,F0:probeL,,,mode36,POLISH_EXPANDED,True,RSS=69.11407958804699,True,-1,-1,-1,0.0
SCEN-A,SPL,F0:probeL,,,mode37,POLISH,True,RSS=69.11029051973847,True,-1,-1,-1,0.0
SCEN-A,SPL,F0:probeL,,,mode38,POLISH,True,RSS=69.0599322952798,True,-1,-1,-1,0.0
SCEN-A,SPL,F0:probeL,,,mode39,POLISH,True,RSS=68.80450721732267,True,-1,-1,-1,0.0
SCEN-A,SPL,F0:probeL,,,mode40,POLISH,True,RSS=67.94304180302626,True,-1,-1,-1,0.0
SCEN-A,SPL,F0:probeL,,,mode41,POLISH,True,RSS=65.78195939003986,True,-1,-1,-1,0.0
SCEN-A,SPL,F0:probeL,,,mode42,POLISH,True,RSS=62.50647562614291,True,-1,-1,-1,0.0
SCEN-A,SPL,F0:probeL,,,mode43,POLISH_EXPANDED,True,RSS=59.52424742217431,True,-1,-1,-1,0.0
SCEN-A,SPL,F0:probeL,,,mode44,POLISH_EXPANDED,True,RSS=56.990817807839385,True,-1,-1,-1,0.0
SCEN-A,SPL,F0:probeL,,,mode45,POLISH_EXPANDED,True,RSS=54.850173709963116,True,-1,-1,-1,0.0
SCEN-A,SPL,F0:probeL,,,mode46,POLISH,True,RSS=53.03679306309954,True,-1,-1,-1,0.0
SCEN-A,SPL,F0:probeL,,,mode47,POLISH,True,RSS=51.49488863265366,True,-1,-1,-1,0.0
SCEN-A,SPL,F0:probeL,,,mode48,POLISH_EXPANDED,True,RSS=50.10890141214338,True,-1,-1,-1,0.0
SCEN-A,SPL,F0:probeL,,,mode49,FALLBACK,True,RSS=48.79464854725381,True,-1,-1,-1,0.0
SCEN-A,SPL,F0:probeL,,,mode50,POLISH_EXPANDED,True,RSS=47.51184936955665,True,-1,-1,-1,0.0
SCEN-A,SPL,F0:probeL,,,mode51,POLISH_EXPANDED,True,RSS=46.20985060440562,True,-1,-1,-1,0.0
SCEN-A,SPL,F0:probeL,,,mode52,POLISH_EXPANDED,True,RSS=44.820532205722685,True,-1,-1,-1,0.0
SCEN-A,SPL,F0:probeL,,,mode53,POLISH_EXPANDED,True,RSS=43.246799298024165,True,-1,-1,-1,0.0
SCEN-A,SPL,F0:probeL,,,mode54,FALLBACK,True,RSS=41.34478063357692,True,-1,-1,-1,0.0
SCEN-A,SPL,F0:probeL,,,mode55,POLISH,True,RSS=38.89598458844073,True,-1,-1,-1,0.0
SCEN-A,SPL,F0:probeL,,,mode56,POLISH_EXPANDED,True,RSS=35.451351289814816,True,-1,-1,-1,0.0
SCEN-A,SPL,F0:probeL,,,mode57,POLISH_EXPANDED,True,RSS=30.592254731423353,True,-1,-1,-1,0.0
SCEN-A,SPL,F0:probeL,,,mode58,POLISH_EXPANDED,True,RSS=24.420532798440668,True,-1,-1,-1,0.0
SCEN-A,SPL,F0:probeL,,,mode59,POLISH,True,RSS=18.38308855766695,True,-1,-1,-1,0.0
SCEN-A,SPL,F0:probeL,,,mode60,POLISH,True,RSS=13.879487916254545,True,-1,-1,-1,0.0
SCEN-A,SPL,F0:probeL,,,mode61,POLISH,True,RSS=11.749048185556779,True,-1,-1,-1,0.0
SCEN-A,SPL,F0:probeL,,,mode62,POLISH,True,RSS=11.392537364170567,True,-1,-1,-1,0.0
SCEN-A,SPL,F0:probeL,,,mode63,POLISH,True,RSS=11.483140431083147,True,-1,-1,-1,0.0
SCEN-A,SPL,F0:probeL,,,mode64,POLISH,True,RSS=12.513909296066483,True,-1,-1,-1,0.0
SCEN-A,SPL,F0:probeL,,,mode65,POLISH,True,RSS=14.208653175084239,True,-1,-1,-1,0.0
SCEN-A,SPL,F0:probeL,,,mode66,POLISH,True,RSS=16.199621636167635,True,-1,-1,-1,0.0
SCEN-A,SPL,F0:probeL,,,mode67,POLISH_EXPANDED,True,RSS=18.301742371053052,True,-1,-1,-1,0.0
SCEN-A,SPL,F0:probeL,,,mode68,POLISH_EXPANDED,True,RSS=20.429804316157345,True,-1,-1,-1,0.0
SCEN-A,SPL,F0:probeL,,,mode69,POLISH,True,RSS=22.55082517738316,True,-1,-1,-1,0.0
SCEN-A,SPL,F0:probeL,,,mode70,POLISH_EXPANDED,True,RSS=24.648006867860726,True,-1,-1,-1,0.0
SCEN-A,SPL,F0:probeL,,,mode71,POLISH,True,RSS=26.719610076731957,True,-1,-1,-1,0.0
SCEN-A,SPL,F0:probeL,,,mode72,POLISH,True,RSS=28.742373744470537,True,-1,-1,-1,0.0
SCEN-A,SPL,F0:probeL,,,mode73,POLISH_EXPANDED,True,RSS=30.75507459516882,True,-1,-1,-1,0.0
SCEN-A,SPL,F0:probeL,,,mode74,POLISH,True,RSS=32.80680181747999,True,-1,-1,-1,0.0
SCEN-A,SPL,F0:probeL,,,mode75,POLISH_EXPANDED,True,RSS=34.94571485598364,True,-1,-1,-1,0.0
SCEN-A,SPL,F0:probeL,,,mode76,POLISH_EXPANDED,True,RSS=37.21799983334351,True,-1,-1,-1,0.0
SCEN-A,SPL,F0:probeL,,,mode77,POLISH,True,RSS=39.680776416804356,True,-1,-1,-1,0.0
SCEN-A,SPL,F0:probeL,,,mode78,POLISH,True,RSS=42.401556372003405,True,-1,-1,-1,0.0
SCEN-A,SPL,F0:probeL,,,mode79,POLISH_EXPANDED,True,RSS=45.462889197054075,True,-1,-1,-1,0.0
SCEN-A,SPL,F0:probeL,,,mode80,POLISH_EXPANDED,True,RSS=48.975447526731124,True,-1,-1,-1,0.0
SCEN-A,SPL,F0:probeL,,,mode81,POLISH,True,RSS=53.09384993634334,True,-1,-1,-1,0.0
SCEN-A,SPL,F0:probeL,,,mode82,POLISH,True,RSS=57.9720964433697,True,-1,-1,-1,0.0
SCEN-A,SPL,F0:probeL,,,mode83,POLISH_EXPANDED,True,RSS=63.71421155944582,True,-1,-1,-1,0.0
SCEN-A,SPL,F0:probeL,,,mode84,POLISH_EXPANDED,True,RSS=69.92339338243366,True,-1,-1,-1,0.0
SCEN-A,SPL,F0:probeL,,,mode85,POLISH_EXPANDED,True,RSS=75.92275580336484,True,-1,-1,-1,0.0
SCEN-A,SPL,F0:probeL,,,mode86,POLISH_EXPANDED,True,RSS=80.20818016233802,True,-1,-1,-1,0.0
SCEN-A,SPL,F0:probeL,,,mode87,FALLBACK,True,RSS=81.02693992159145,True,-1,-1,-1,0.0
SCEN-A,SPL,F0:probeL,,,mode88,POLISH_EXPANDED,True,RSS=81.03195091788345,True,-1,-1,-1,0.0
SCEN-A,SPL,F0:probeL,,,mode89,POLISH,True,RSS=81.09793506917035,True,-1,-1,-1,0.0
SCEN-A,SPL,F0:probeL,,,mode90,POLISH,True,RSS=81.26919350521554,True,-1,-1,-1,0.0
SCEN-A,SPL,F0:probeL,,,mode91,POLISH_EXPANDED,True,RSS=81.53952478107085,True,-1,-1,-1,0.0
SCEN-A,SPL,F0:probeL,,,mode92,POLISH,True,RSS=81.91301806338342,True,-1,-1,-1,0.0
SCEN-A,SPL,F0:probeL,,,mode93,POLISH,True,RSS=82.39528784921896,True,-1,-1,-1,0.0
SCEN-A,SPL,F0:probeL,,,mode94,POLISH,True,RSS=82.99331045364525,True,-1,-1,-1,0.0
SCEN-A,SPL,F0:probeL,,,mode95,POLISH_EXPANDED,True,RSS=83.71522552306614,True,-1,-1,-1,0.0
SCEN-A,SPL,F0:probeL,,,mode96,POLISH_EXPANDED,True,RSS=84.58700622324727,True,-1,-1,-1,0.0
SCEN-A,SPL,F0:probeL,,,mode97,POLISH,True,RSS=85.62439481681405,True,-1,-1,-1,0.0
SCEN-A,SPL,F0:probeL,,,mode98,POLISH_EXPANDED,True,RSS=86.84209333888485,True,-1,-1,-1,0.0
SCEN-A,SPL,F0:probeL,,,mode99,POLISH,True,RSS=88.29869385983817,True,-1,-1,-1,0.0
SCEN-A,SPL,F0:probeL,,,mode100,POLISH_EXPANDED,True,RSS=89.99794690591115,True,-1,-1,-1,0.0
SCEN-A,SPL,F0:probeL,,,mode101,POLISH,True,RSS=92.03090420836924,True,-1,-1,-1,0.0
SCEN-A,SPL,F0:probeL,,,mode102,FALLBACK,True,RSS=94.40677504457092,True,-1,-1,-1,0.0
SCEN-A,SPL,F0:probeL,,,mode103,POLISH,True,RSS=97.24708415004424,True,-1,-1,-1,0.0
SCEN-A,SPL,F0:probeL,,,mode104,POLISH_EXPANDED,True,RSS=100.56758303662737,True,-1,-1,-1,0.0
SCEN-A,SPL,F0:probeL,,,mode105,POLISH_EXPANDED,True,RSS=104.27488932005704,True,-1,-1,-1,0.0
SCEN-A,SPL,F0:probeL,,,mode106,POLISH_EXPANDED,True,RSS=107.35568289028156,True,-1,-1,-1,0.0
SCEN-A,SPL,F0:probeL,,,mode107,POLISH_EXPANDED,True,RSS=109.07395250241105,True,-1,-1,-1,0.0
SCEN-A,SPL,F0:probeL,,,mode108,POLISH,True,RSS=109.4312019255761,True,-1,-1,-1,0.0
SCEN-A,SPL,F0:probeL,,,mode109,POLISH_EXPANDED,True,RSS=109.4312019255761,True,-1,-1,-1,0.0
SCEN-A,SPL,F0:probeL,,,mode110,POLISH_EXPANDED,True,RSS=109.4312019255761,True,-1,-1,-1,0.0
SCEN-A,SPL,F0:probeL,,,mode111,POLISH_EXPANDED,True,RSS=109.4312019255761,True,-1,-1,-1,0.0
SCEN-A,SPL,F0:probeL,,,mode112,POLISH_EXPANDED,True,RSS=109.4312019255761,True,-1,-1,-1,0.0
SCEN-A,SPL,F0:probeL,,,mode113,POLISH_EXPANDED,True,RSS=109.4312019255761,True,-1,-1,-1,0.0
SCEN-A,SPL,F0:probeL,,,mode114,POLISH_EXPANDED,True,RSS=109.4312019255761,True,-1,-1,-1,0.0
SCEN-A,SPL,F0:probeL,,,mode115,POLISH_EXPANDED,True,RSS=109.4312019255761,True,-1,-1,-1,0.0
SCEN-A,SPL,F0:probeL,,,mode116,POLISH_EXPANDED,True,RSS=109.4312019255761,True,-1,-1,-1,0.0
SCEN-A,SPL,F0:probeL,,,mode117,POLISH,True,RSS=109.50325870752737,True,-1,-1,-1,0.0
SCEN-A,SPL,F0:probeL,,,mode118,POLISH,True,RSS=109.9112448234241,True,-1,-1,-1,0.0
SCEN-A,SPL,F0:probeL,,,mode119,POLISH,True,RSS=110.6924904939365,True,-1,-1,-1,0.0
SCEN-A,SPL,F0:probeL,,,mode120,POLISH,True,RSS=111.84351483457289,True,-1,-1,-1,0.0
SCEN-A,SPL,F0:probeL,,,mode121,POLISH,True,RSS=113.3800733958264,True,-1,-1,-1,0.0
SCEN-A,SPL,F0:probeL,,,mode122,POLISH,True,RSS=115.33623341271502,True,-1,-1,-1,0.0
SCEN-A,SPL,F0:probeL,,,mode123,POLISH,True,RSS=117.73738429464188,True,-1,-1,-1,0.0
SCEN-A,SPL,F0:probeL,,,mode124,POLISH_EXPANDED,True,RSS=120.55056805475317,True,-1,-1,-1,0.0
SCEN-A,SPL,F0:probeL,,,mode125,POLISH,True,RSS=123.55838557099929,True,-1,-1,-1,0.0
SCEN-A,SPL,F0:probeL,,,mode126,POLISH_EXPANDED,True,RSS=126.08233573713085,True,-1,-1,-1,0.0
SCEN-A,SPL,F0:probeL,,,mode127,FALLBACK,True,RSS=126.79289814964241,True,-1,-1,-1,0.0
SCEN-A,SPL,F0:probeL,,,mode128,FALLBACK,True,RSS=126.79289814652869,True,-1,-1,-1,0.0
SCEN-A,SPL,F0:probeL,,,mode129,FALLBACK,True,RSS=126.79289814651146,True,-1,-1,-1,0.0
SCEN-A,SPL,F0:probeL,,,mode130,POLISH_EXPANDED,True,RSS=126.79289814652307,True,-1,-1,-1,0.0
SCEN-A,SPL,F0:probeL,,,mode131,POLISH_EXPANDED,True,RSS=126.79289814652307,True,-1,-1,-1,0.0
SCEN-A,SPL,F0:probeL,,,mode132,POLISH_EXPANDED,True,RSS=126.79289814652307,True,-1,-1,-1,0.0
SCEN-A,SPL,F0:probeL,,,mode133,POLISH_EXPANDED,True,RSS=126.79289814652307,True,-1,-1,-1,0.0
SCEN-A,SPL,F0:probeL,,,mode134,POLISH_EXPANDED,True,RSS=126.79289814652307,True,-1,-1,-1,0.0
SCEN-A,SPL,F0:probeL,,,mode135,POLISH_EXPANDED,True,RSS=126.79289814652307,True,-1,-1,-1,0.0
SCEN-A,SPL,F0:probeL,,,mode136,POLISH_EXPANDED,True,RSS=126.79289814652307,True,-1,-1,-1,0.0
SCEN-A,SPL,F0:probeL,,,mode137,POLISH_EXPANDED,True,RSS=126.79289814652307,True,-1,-1,-1,0.0
SCEN-A,SPL,F0:probeL,,,mode138,POLISH_EXPANDED,True,RSS=126.79289814652307,True,-1,-1,-1,0.0
SCEN-A,SPL,F0:probeL,,,mode139,POLISH_EXPANDED,True,RSS=126.79289814652307,True,-1,-1,-1,0.0
SCEN-A,SPL,F0:probeL,,,mode140,POLISH_EXPANDED,True,RSS=126.79289814652307,True,-1,-1,-1,0.0
SCEN-A,SPL,F0:probeL,,,mode141,POLISH,True,RSS=126.79289814652307,True,-1,-1,-1,0.0
SCEN-A,SPL,F0:probeL,,,mode142,POLISH_EXPANDED,True,RSS=126.79289814652307,True,-1,-1,-1,0.0
SCEN-A,SPL,F0:probeL,,,mode143,POLISH_EXPANDED,True,RSS=126.79289814652307,True,-1,-1,-1,0.0
SCEN-A,SPL,F0:probeL,,,mode144,POLISH,True,RSS=126.79289814652307,True,-1,-1,-1,0.0
SCEN-A,SPL,F0:probeL,,,mode145,POLISH_EXPANDED,True,RSS=126.79289814652307,True,-1,-1,-1,0.0
SCEN-A,SPL,F0:probeR,,,mode0,POLISH,True,RSS=104.91686668404121,True,-1,-1,-1,0.0
SCEN-A,SPL,F0:probeR,,,mode1,POLISH,True,RSS=104.91686668404121,True,-1,-1,-1,0.0
SCEN-A,SPL,F0:probeR,,,mode2,POLISH,True,RSS=104.91686668404121,True,-1,-1,-1,0.0
SCEN-A,SPL,F0:probeR,,,mode3,POLISH,True,RSS=104.91686668404121,True,-1,-1,-1,0.0
SCEN-A,SPL,F0:probeR,,,mode4,POLISH,True,RSS=104.91686668404121,True,-1,-1,-1,0.0
SCEN-A,SPL,F0:probeR,,,mode5,POLISH,True,RSS=104.91686668404121,True,-1,-1,-1,0.0
SCEN-A,SPL,F0:probeR,,,mode6,POLISH,True,RSS=104.91686668404121,True,-1,-1,-1,0.0
SCEN-A,SPL,F0:probeR,,,mode7,POLISH,True,RSS=104.91686668404121,True,-1,-1,-1,0.0
SCEN-A,SPL,F0:probeR,,,mode8,POLISH,True,RSS=104.91686668404121,True,-1,-1,-1,0.0
SCEN-A,SPL,F0:probeR,,,mode9,POLISH,True,RSS=104.91686668404121,True,-1,-1,-1,0.0
SCEN-A,SPL,F0:probeR,,,mode10,POLISH,True,RSS=104.91686668404121,True,-1,-1,-1,0.0
SCEN-A,SPL,F0:probeR,,,mode11,POLISH_EXPANDED,True,RSS=104.91686668404121,True,-1,-1,-1,0.0
SCEN-A,SPL,F0:probeR,,,mode12,POLISH,True,RSS=104.91686668404121,True,-1,-1,-1,0.0
SCEN-A,SPL,F0:probeR,,,mode13,POLISH,True,RSS=104.91686668404121,True,-1,-1,-1,0.0
SCEN-A,SPL,F0:probeR,,,mode14,POLISH,True,RSS=104.91686668404121,True,-1,-1,-1,0.0
SCEN-A,SPL,F0:probeR,,,mode15,POLISH_EXPANDED,True,RSS=104.91686668404121,True,-1,-1,-1,0.0
SCEN-A,SPL,F0:probeR,,,mode16,POLISH,True,RSS=104.91686668404121,True,-1,-1,-1,0.0
SCEN-A,SPL,F0:probeR,,,mode17,POLISH_EXPANDED,True,RSS=104.91686668404121,True,-1,-1,-1,0.0
SCEN-A,SPL,F0:probeR,,,mode18,POLISH,True,RSS=104.9151153760124,True,-1,-1,-1,0.0
SCEN-A,SPL,F0:probeR,,,mode19,POLISH,True,RSS=103.3002171385694,True,-1,-1,-1,0.0
SCEN-A,SPL,F0:probeR,,,mode20,POLISH,True,RSS=100.12108985221624,True,-1,-1,-1,0.0
SCEN-A,SPL,F0:probeR,,,mode21,POLISH,True,RSS=96.70224348986555,True,-1,-1,-1,0.0
SCEN-A,SPL,F0:probeR,,,mode22,POLISH,True,RSS=93.58455833105658,True,-1,-1,-1,0.0
SCEN-A,SPL,F0:probeR,,,mode23,POLISH,True,RSS=90.9395814175263,True,-1,-1,-1,0.0
SCEN-A,SPL,F0:probeR,,,mode24,POLISH,True,RSS=88.78158330780882,True,-1,-1,-1,0.0
SCEN-A,SPL,F0:probeR,,,mode25,POLISH,True,RSS=87.07805556158367,True,-1,-1,-1,0.0
SCEN-A,SPL,F0:probeR,,,mode26,POLISH,True,RSS=85.79452345597062,True,-1,-1,-1,0.0
SCEN-A,SPL,F0:probeR,,,mode27,POLISH,True,RSS=84.91331699165072,True,-1,-1,-1,0.0
SCEN-A,SPL,F0:probeR,,,mode28,POLISH,True,RSS=84.44717054508698,True,-1,-1,-1,0.0
SCEN-A,SPL,F0:probeR,,,mode29,POLISH,True,RSS=84.36398752160875,True,-1,-1,-1,0.0
SCEN-A,SPL,F0:probeR,,,mode30,POLISH,True,RSS=84.36398752160875,True,-1,-1,-1,0.0
SCEN-A,SPL,F0:probeR,,,mode31,POLISH,True,RSS=84.36398752160875,True,-1,-1,-1,0.0
SCEN-A,SPL,F0:probeR,,,mode32,POLISH,True,RSS=84.36398752160883,True,-1,-1,-1,0.0
SCEN-A,SPL,F0:probeR,,,mode33,POLISH,True,RSS=84.35618893745212,True,-1,-1,-1,0.0
SCEN-A,SPL,F0:probeR,,,mode34,POLISH,True,RSS=84.2761540448174,True,-1,-1,-1,0.0
SCEN-A,SPL,F0:probeR,,,mode35,POLISH,True,RSS=83.92798402824594,True,-1,-1,-1,0.0
SCEN-A,SPL,F0:probeR,,,mode36,POLISH_EXPANDED,True,RSS=82.98511215760632,True,-1,-1,-1,0.0
SCEN-A,SPL,F0:probeR,,,mode37,POLISH,True,RSS=80.87234714502186,True,-1,-1,-1,0.0
SCEN-A,SPL,F0:probeR,,,mode38,POLISH,True,RSS=77.40405390466927,True,-1,-1,-1,0.0
SCEN-A,SPL,F0:probeR,,,mode39,POLISH,True,RSS=73.15671443697987,True,-1,-1,-1,0.0
SCEN-A,SPL,F0:probeR,,,mode40,POLISH_EXPANDED,True,RSS=69.39127650537978,True,-1,-1,-1,0.0
SCEN-A,SPL,F0:probeR,,,mode41,POLISH_EXPANDED,True,RSS=66.23530850412135,True,-1,-1,-1,0.0
SCEN-A,SPL,F0:probeR,,,mode42,POLISH_EXPANDED,True,RSS=63.60656447524773,True,-1,-1,-1,0.0
SCEN-A,SPL,F0:probeR,,,mode43,POLISH_EXPANDED,True,RSS=61.39211098171816,True,-1,-1,-1,0.0
SCEN-A,SPL,F0:probeR,,,mode44,POLISH,True,RSS=59.5142482580695,True,-1,-1,-1,0.0
SCEN-A,SPL,F0:probeR,,,mode45,POLISH_EXPANDED,True,RSS=57.916792875279874,True,-1,-1,-1,0.0
SCEN-A,SPL,F0:probeR,,,mode46,POLISH,True,RSS=56.53840230781239,True,-1,-1,-1,0.0
SCEN-A,SPL,F0:probeR,,,mode47,POLISH,True,RSS=55.35328764378227,True,-1,-1,-1,0.0
SCEN-A,SPL,F0:probeR,,,mode48,POLISH_EXPANDED,True,RSS=54.31885440691556,True,-1,-1,-1,0.0
SCEN-A,SPL,F0:probeR,,,mode49,POLISH_EXPANDED,True,RSS=53.41814090781475,True,-1,-1,-1,0.0
SCEN-A,SPL,F0:probeR,,,mode50,POLISH_EXPANDED,True,RSS=52.62429807715603,True,-1,-1,-1,0.0
SCEN-A,SPL,F0:probeR,,,mode51,POLISH_EXPANDED,True,RSS=51.76818724151279,True,-1,-1,-1,0.0
SCEN-A,SPL,F0:probeR,,,mode52,POLISH_EXPANDED,True,RSS=50.665619799987354,True,-1,-1,-1,0.0
SCEN-A,SPL,F0:probeR,,,mode53,POLISH,True,RSS=49.128896935900045,True,-1,-1,-1,0.0
SCEN-A,SPL,F0:probeR,,,mode54,POLISH_EXPANDED,True,RSS=46.87578080123043,True,-1,-1,-1,0.0
SCEN-A,SPL,F0:probeR,,,mode55,POLISH,True,RSS=43.46469446451542,True,-1,-1,-1,0.0
SCEN-A,SPL,F0:probeR,,,mode56,FALLBACK,True,RSS=38.322762207697174,True,-1,-1,-1,0.0
SCEN-A,SPL,F0:probeR,,,mode57,POLISH_EXPANDED,True,RSS=31.489460934509566,True,-1,-1,-1,0.0
SCEN-A,SPL,F0:probeR,,,mode58,POLISH,True,RSS=24.0568031247615,True,-1,-1,-1,0.0
SCEN-A,SPL,F0:probeR,,,mode59,POLISH_EXPANDED,True,RSS=18.109688634644748,True,-1,-1,-1,0.0
SCEN-A,SPL,F0:probeR,,,mode60,POLISH,True,RSS=14.524852959160686,True,-1,-1,-1,0.0
SCEN-A,SPL,F0:probeR,,,mode61,POLISH,True,RSS=12.965454506537359,True,-1,-1,-1,0.0
SCEN-A,SPL,F0:probeR,,,mode62,POLISH,True,RSS=12.739963395258211,True,-1,-1,-1,0.0
SCEN-A,SPL,F0:probeR,,,mode63,POLISH_EXPANDED,True,RSS=12.799239945701212,True,-1,-1,-1,0.0
SCEN-A,SPL,F0:probeR,,,mode64,POLISH_EXPANDED,True,RSS=13.437774099103946,True,-1,-1,-1,0.0
SCEN-A,SPL,F0:probeR,,,mode65,POLISH,True,RSS=14.516584870860385,True,-1,-1,-1,0.0
SCEN-A,SPL,F0:probeR,,,mode66,POLISH_EXPANDED,True,RSS=15.839390607548932,True,-1,-1,-1,0.0
SCEN-A,SPL,F0:probeR,,,mode67,POLISH_EXPANDED,True,RSS=17.303782049543592,True,-1,-1,-1,0.0
SCEN-A,SPL,F0:probeR,,,mode68,POLISH,True,RSS=18.859219869128797,True,-1,-1,-1,0.0
SCEN-A,SPL,F0:probeR,,,mode69,POLISH,True,RSS=20.481316610910284,True,-1,-1,-1,0.0
SCEN-A,SPL,F0:probeR,,,mode70,POLISH,True,RSS=22.1698704179487,True,-1,-1,-1,0.0
SCEN-A,SPL,F0:probeR,,,mode71,POLISH,True,RSS=23.92658048365017,True,-1,-1,-1,0.0
SCEN-A,SPL,F0:probeR,,,mode72,POLISH,True,RSS=25.729976543419223,True,-1,-1,-1,0.0
SCEN-A,SPL,F0:probeR,,,mode73,POLISH_EXPANDED,True,RSS=27.59543172285868,True,-1,-1,-1,0.0
SCEN-A,SPL,F0:probeR,,,mode74,POLISH,True,RSS=29.570773218250757,True,-1,-1,-1,0.0
SCEN-A,SPL,F0:probeR,,,mode75,POLISH_EXPANDED,True,RSS=31.715152123826048,True,-1,-1,-1,0.0
SCEN-A,SPL,F0:probeR,,,mode76,POLISH,True,RSS=34.08479543182232,True,-1,-1,-1,0.0
SCEN-A,SPL,F0:probeR,,,mode77,POLISH,True,RSS=36.750551606011385,True,-1,-1,-1,0.0
SCEN-A,SPL,F0:probeR,,,mode78,POLISH,True,RSS=39.80272032862055,True,-1,-1,-1,0.0
SCEN-A,SPL,F0:probeR,,,mode79,POLISH,True,RSS=43.35913261669939,True,-1,-1,-1,0.0
SCEN-A,SPL,F0:probeR,,,mode80,POLISH_EXPANDED,True,RSS=47.5786175026596,True,-1,-1,-1,0.0
SCEN-A,SPL,F0:probeR,,,mode81,POLISH,True,RSS=52.658503101884065,True,-1,-1,-1,0.0
SCEN-A,SPL,F0:probeR,,,mode82,POLISH,True,RSS=58.68461127400521,True,-1,-1,-1,0.0
SCEN-A,SPL,F0:probeR,,,mode83,POLISH_EXPANDED,True,RSS=65.06784537988504,True,-1,-1,-1,0.0
SCEN-A,SPL,F0:probeR,,,mode84,POLISH_EXPANDED,True,RSS=70.94391524323468,True,-1,-1,-1,0.0
SCEN-A,SPL,F0:probeR,,,mode85,POLISH_EXPANDED,True,RSS=74.68622726330838,True,-1,-1,-1,0.0
SCEN-A,SPL,F0:probeR,,,mode86,POLISH,True,RSS=75.17508204078773,True,-1,-1,-1,0.0
SCEN-A,SPL,F0:probeR,,,mode87,POLISH,True,RSS=75.17266702068795,True,-1,-1,-1,0.0
SCEN-A,SPL,F0:probeR,,,mode88,POLISH,True,RSS=75.14210588046762,True,-1,-1,-1,0.0
SCEN-A,SPL,F0:probeR,,,mode89,POLISH,True,RSS=75.15338098222477,True,-1,-1,-1,0.0
SCEN-A,SPL,F0:probeR,,,mode90,POLISH_EXPANDED,True,RSS=75.24941254084682,True,-1,-1,-1,0.0
SCEN-A,SPL,F0:probeR,,,mode91,POLISH,True,RSS=75.4786166706903,True,-1,-1,-1,0.0
SCEN-A,SPL,F0:probeR,,,mode92,POLISH_EXPANDED,True,RSS=75.85267397875765,True,-1,-1,-1,0.0
SCEN-A,SPL,F0:probeR,,,mode93,POLISH,True,RSS=76.38522088179552,True,-1,-1,-1,0.0
SCEN-A,SPL,F0:probeR,,,mode94,POLISH,True,RSS=77.09342095819902,True,-1,-1,-1,0.0
SCEN-A,SPL,F0:probeR,,,mode95,POLISH,True,RSS=77.99944238580537,True,-1,-1,-1,0.0
SCEN-A,SPL,F0:probeR,,,mode96,POLISH_EXPANDED,True,RSS=79.1300311829209,True,-1,-1,-1,0.0
SCEN-A,SPL,F0:probeR,,,mode97,POLISH,True,RSS=80.51705737000745,True,-1,-1,-1,0.0
SCEN-A,SPL,F0:probeR,,,mode98,POLISH_EXPANDED,True,RSS=82.19667665003583,True,-1,-1,-1,0.0
SCEN-A,SPL,F0:probeR,,,mode99,POLISH,True,RSS=84.2466307377147,True,-1,-1,-1,0.0
SCEN-A,SPL,F0:probeR,,,mode100,POLISH,True,RSS=86.68933719562052,True,-1,-1,-1,0.0
SCEN-A,SPL,F0:probeR,,,mode101,POLISH,True,RSS=89.55257272802149,True,-1,-1,-1,0.0
SCEN-A,SPL,F0:probeR,,,mode102,POLISH,True,RSS=92.81016307152325,True,-1,-1,-1,0.0
SCEN-A,SPL,F0:probeR,,,mode103,POLISH,True,RSS=95.43971751450857,True,-1,-1,-1,0.0
SCEN-A,SPL,F0:probeR,,,mode104,POLISH,True,RSS=96.87627680080193,True,-1,-1,-1,0.0
SCEN-A,SPL,F0:probeR,,,mode105,POLISH,True,RSS=97.52589755689696,True,-1,-1,-1,0.0
SCEN-A,SPL,F0:probeR,,,mode106,POLISH,True,RSS=97.83161946615981,True,-1,-1,-1,0.0
SCEN-A,SPL,F0:probeR,,,mode107,POLISH,True,RSS=97.99043751626623,True,-1,-1,-1,0.0
SCEN-A,SPL,F0:probeR,,,mode108,POLISH_EXPANDED,True,RSS=98.0847119642335,True,-1,-1,-1,0.0
SCEN-A,SPL,F0:probeR,,,mode109,POLISH_EXPANDED,True,RSS=98.14636087697644,True,-1,-1,-1,0.0
SCEN-A,SPL,F0:probeR,,,mode110,POLISH,True,RSS=98.18216084415572,True,-1,-1,-1,0.0
SCEN-A,SPL,F0:probeR,,,mode111,POLISH_EXPANDED,True,RSS=98.21204540846911,True,-1,-1,-1,0.0
SCEN-A,SPL,F0:probeR,,,mode112,POLISH_EXPANDED,True,RSS=98.22840992091845,True,-1,-1,-1,0.0
SCEN-A,SPL,F0:probeR,,,mode113,POLISH_EXPANDED,True,RSS=98.24311875299425,True,-1,-1,-1,0.0
SCEN-A,SPL,F0:probeR,,,mode114,POLISH_EXPANDED,True,RSS=98.25436858472547,True,-1,-1,-1,0.0
SCEN-A,SPL,F0:probeR,,,mode115,POLISH,True,RSS=98.25981853017417,True,-1,-1,-1,0.0
SCEN-A,SPL,F0:probeR,,,mode116,POLISH_EXPANDED,True,RSS=98.26484062645433,True,-1,-1,-1,0.0
SCEN-A,SPL,F0:probeR,,,mode117,POLISH,True,RSS=98.56567465494463,True,-1,-1,-1,0.0
SCEN-A,SPL,F0:probeR,,,mode118,POLISH,True,RSS=100.2891195965182,True,-1,-1,-1,0.0
SCEN-A,SPL,F0:probeR,,,mode119,POLISH_EXPANDED,True,RSS=103.61193018730305,True,-1,-1,-1,0.0
SCEN-A,SPL,F0:probeR,,,mode120,POLISH,True,RSS=107.1047522606683,True,-1,-1,-1,0.0
SCEN-A,SPL,F0:probeR,,,mode121,POLISH,True,RSS=107.30420105553823,True,-1,-1,-1,0.0
SCEN-A,SPL,F0:probeR,,,mode122,POLISH,True,RSS=107.30427783242705,True,-1,-1,-1,0.0
SCEN-A,SPL,F0:probeR,,,mode123,POLISH,True,RSS=107.30434472247697,True,-1,-1,-1,0.0
SCEN-A,SPL,F0:probeR,,,mode124,FALLBACK,True,RSS=inf,False,-1,-1,-1,0.0
SCEN-A,SPL,F0:probeR,,,mode125,POLISH,True,RSS=107.30439998118132,True,-1,-1,-1,0.0
SCEN-A,SPL,F0:probeR,,,mode126,POLISH,True,RSS=107.30439998118162,True,-1,-1,-1,0.0
SCEN-A,SPL,F0:probeR,,,mode127,POLISH,True,RSS=107.30439998118152,True,-1,-1,-1,0.0
SCEN-A,SPL,F0:probeR,,,mode128,POLISH,True,RSS=107.30439998118152,True,-1,-1,-1,0.0
SCEN-A,SPL,F0:probeR,,,mode129,FALLBACK,True,RSS=107.30439998101015,True,-1,-1,-1,0.0
SCEN-A,SPL,F0:probeR,,,mode130,POLISH,True,RSS=107.30439998118385,True,-1,-1,-1,0.0
SCEN-A,SPL,F0:probeR,,,mode131,POLISH,True,RSS=107.30439998118152,True,-1,-1,-1,0.0
SCEN-A,SPL,F0:probeR,,,mode132,POLISH,True,RSS=107.30439998118018,True,-1,-1,-1,0.0
SCEN-A,SPL,F0:probeR,,,mode133,POLISH,True,RSS=107.30439998118152,True,-1,-1,-1,0.0
SCEN-A,SPL,F0:probeR,,,mode134,POLISH,True,RSS=107.30439998118155,True,-1,-1,-1,0.0
SCEN-A,SPL,F0:probeR,,,mode135,POLISH,True,RSS=107.30439998118123,True,-1,-1,-1,0.0
SCEN-A,SPL,F0:probeR,,,mode136,POLISH,True,RSS=107.30439998118152,True,-1,-1,-1,0.0
SCEN-A,SPL,F0:probeR,,,mode137,POLISH,True,RSS=107.30439998118152,True,-1,-1,-1,0.0
SCEN-A,SPL,F0:probeR,,,mode138,POLISH,True,RSS=107.30439998118152,True,-1,-1,-1,0.0
SCEN-A,SPL,F0:probeR,,,mode139,POLISH,True,RSS=107.30439998118003,True,-1,-1,-1,0.0
SCEN-A,SPL,F0:probeR,,,mode140,POLISH,True,RSS=107.30439998118152,True,-1,-1,-1,0.0
SCEN-A,SPL,F0:probeR,,,mode141,POLISH,True,RSS=107.30439998118152,True,-1,-1,-1,0.0
SCEN-A,SPL,F0:probeR,,,mode142,POLISH,True,RSS=107.30439998118003,True,-1,-1,-1,0.0
SCEN-A,SPL,F0:probeR,,,mode143,POLISH,True,RSS=107.30439998118152,True,-1,-1,-1,0.0
SCEN-A,SPL,F0:probeR,,,mode144,POLISH,True,RSS=107.30439998118138,True,-1,-1,-1,0.0
SCEN-A,SPL,F0:probeR,,,mode145,POLISH,True,RSS=107.30412905975334,True,-1,-1,-1,0.0
SCEN-A,P-01,M0:full,SCEN-A,P-01,feature,primary,2,`xtol` termination condition is satisfied.,True,129,505,101,0.24945800000568852
SCEN-A,P-01,M0:full,SCEN-A,P-01,grid0,primary,2,`xtol` termination condition is satisfied.,True,150,440,88,0.2662430999916978
SCEN-A,P-01,M0:full,SCEN-A,P-01,grid365,primary,2,`xtol` termination condition is satisfied.,True,247,1610,322,0.6365194999962114
SCEN-A,P-01,M0:full,SCEN-A,P-01,grid730,primary,2,`xtol` termination condition is satisfied.,True,129,440,88,0.21524729998782277
SCEN-A,P-01,M0:fold0,SCEN-A,P-01,feature,primary,2,`xtol` termination condition is satisfied.,True,134,900,180,0.3293556999997236
SCEN-A,P-01,M0:fold0,SCEN-A,P-01,grid0,primary,2,`xtol` termination condition is satisfied.,True,189,1095,219,0.45932349999202415
SCEN-A,P-01,M0:fold0,SCEN-A,P-01,grid365,primary,2,`xtol` termination condition is satisfied.,True,234,1420,284,0.6021744000026956
SCEN-A,P-01,M0:fold0,SCEN-A,P-01,grid730,primary,2,`xtol` termination condition is satisfied.,True,200,1810,362,0.5130500000086613
SCEN-A,P-01,M0:fold1,SCEN-A,P-01,feature,primary,2,`xtol` termination condition is satisfied.,True,202,1455,291,0.5009453999809921
SCEN-A,P-01,M0:fold1,SCEN-A,P-01,grid0,primary,2,`xtol` termination condition is satisfied.,True,190,1395,279,0.49899330001790076
SCEN-A,P-01,M0:fold1,SCEN-A,P-01,grid365,primary,2,`xtol` termination condition is satisfied.,True,250,1740,348,0.6526479000458494
SCEN-A,P-01,M0:fold1,SCEN-A,P-01,grid730,primary,1,`gtol` termination condition is satisfied.,True,33,100,20,0.0653246000292711
SCEN-A,P-01,M0:fold2,SCEN-A,P-01,feature,primary,2,`xtol` termination condition is satisfied.,True,107,265,53,0.18137850001221523
SCEN-A,P-01,M0:fold2,SCEN-A,P-01,grid0,primary,2,`xtol` termination condition is satisfied.,True,162,935,187,0.38358580000931397
SCEN-A,P-01,M0:fold2,SCEN-A,P-01,grid365,primary,2,`xtol` termination condition is satisfied.,True,210,1375,275,0.5604036000440829
SCEN-A,P-01,M0:fold2,SCEN-A,P-01,grid730,primary,2,`xtol` termination condition is satisfied.,True,120,695,139,0.2469410000485368
SCEN-A,P-01,M0:fold3,SCEN-A,P-01,feature,primary,2,`xtol` termination condition is satisfied.,True,144,385,77,0.24732919997768477
SCEN-A,P-01,M0:fold3,SCEN-A,P-01,grid0,primary,2,`xtol` termination condition is satisfied.,True,159,1125,225,0.4178562000161037
SCEN-A,P-01,M0:fold3,SCEN-A,P-01,grid365,primary,2,`xtol` termination condition is satisfied.,True,192,1235,247,0.513833099976182
SCEN-A,P-01,M0:fold3,SCEN-A,P-01,grid730,primary,1,`gtol` termination condition is satisfied.,True,22,55,11,0.03244300000369549
SCEN-A,P-01,M0:fold4,SCEN-A,P-01,feature,primary,2,`xtol` termination condition is satisfied.,True,143,950,190,0.3563473999965936
SCEN-A,P-01,M0:fold4,SCEN-A,P-01,grid0,primary,2,`xtol` termination condition is satisfied.,True,258,1575,315,0.641018999973312
SCEN-A,P-01,M0:fold4,SCEN-A,P-01,grid365,primary,2,`xtol` termination condition is satisfied.,True,243,1485,297,0.6401181999826804
SCEN-A,P-01,M0:fold4,SCEN-A,P-01,grid730,primary,2,`xtol` termination condition is satisfied.,True,101,690,138,0.25232249998953193
SCEN-A,P-01,M0:probeL,SCEN-A,P-01,feature,primary,2,`xtol` termination condition is satisfied.,True,138,510,102,0.2712760999565944
SCEN-A,P-01,M0:probeL,SCEN-A,P-01,grid0,primary,2,`xtol` termination condition is satisfied.,True,187,1300,260,0.47932879999279976
SCEN-A,P-01,M0:probeL,SCEN-A,P-01,grid365,primary,2,`xtol` termination condition is satisfied.,True,226,1085,217,0.530251300020609
SCEN-A,P-01,M0:probeL,SCEN-A,P-01,grid730,primary,2,`xtol` termination condition is satisfied.,True,93,230,46,0.1399602000019513
SCEN-A,P-01,M0:probeR,SCEN-A,P-01,feature,primary,2,`xtol` termination condition is satisfied.,True,181,1285,257,0.4500292000011541
SCEN-A,P-01,M0:probeR,SCEN-A,P-01,grid0,primary,2,`xtol` termination condition is satisfied.,True,179,735,147,0.3663755999878049
SCEN-A,P-01,M0:probeR,SCEN-A,P-01,grid365,primary,2,`xtol` termination condition is satisfied.,True,230,1490,298,0.5988969999598339
SCEN-A,P-01,M0:probeR,SCEN-A,P-01,grid730,primary,1,`gtol` termination condition is satisfied.,True,31,90,18,0.062210500007495284
SCEN-A,P-02,M0:full,SCEN-A,P-02,feature,primary,2,`xtol` termination condition is satisfied.,True,141,1075,215,0.4896643999963999
SCEN-A,P-02,M0:full,SCEN-A,P-02,grid0,primary,0,The maximum number of function evaluations is exceeded.,False,500,2540,508,1.5287108000484295
SCEN-A,P-02,M0:full,SCEN-A,P-02,grid130,primary,2,`xtol` termination condition is satisfied.,True,123,860,172,0.3941171999904327
SCEN-A,P-02,M0:full,SCEN-A,P-02,grid260,primary,2,`xtol` termination condition is satisfied.,True,192,1380,276,0.6151605999912135
SCEN-A,P-02,M0:fold0,SCEN-A,P-02,feature,primary,2,`xtol` termination condition is satisfied.,True,129,810,162,0.38504580000881106
SCEN-A,P-02,M0:fold0,SCEN-A,P-02,grid0,primary,2,`xtol` termination condition is satisfied.,True,200,1375,275,0.686138299992308
SCEN-A,P-02,M0:fold0,SCEN-A,P-02,grid130,primary,2,`xtol` termination condition is satisfied.,True,142,1055,211,0.483809299999848
SCEN-A,P-02,M0:fold0,SCEN-A,P-02,grid260,primary,0,The maximum number of function evaluations is exceeded.,False,500,2525,505,1.5221269999747165
SCEN-A,P-02,M0:fold1,SCEN-A,P-02,feature,primary,2,`xtol` termination condition is satisfied.,True,124,845,169,0.38683919998584315
SCEN-A,P-02,M0:fold1,SCEN-A,P-02,grid0,primary,2,`xtol` termination condition is satisfied.,True,187,1295,259,0.630734600010328
SCEN-A,P-02,M0:fold1,SCEN-A,P-02,grid130,primary,2,`xtol` termination condition is satisfied.,True,126,805,161,0.3849258000263944
SCEN-A,P-02,M0:fold1,SCEN-A,P-02,grid260,primary,2,`xtol` termination condition is satisfied.,True,161,1120,224,0.534195100015495
SCEN-A,P-02,M0:fold2,SCEN-A,P-02,feature,primary,2,`xtol` termination condition is satisfied.,True,139,1035,207,0.47247979999519885
SCEN-A,P-02,M0:fold2,SCEN-A,P-02,grid0,primary,0,The maximum number of function evaluations is exceeded.,False,500,2540,508,1.5808209999813698
SCEN-A,P-02,M0:fold2,SCEN-A,P-02,grid130,primary,2,`xtol` termination condition is satisfied.,True,138,925,185,0.4271986000239849
SCEN-A,P-02,M0:fold2,SCEN-A,P-02,grid260,primary,2,`xtol` termination condition is satisfied.,True,181,1310,262,0.5940729000139982
SCEN-A,P-02,M0:fold3,SCEN-A,P-02,feature,primary,2,`xtol` termination condition is satisfied.,True,144,1125,225,0.4938494999660179
SCEN-A,P-02,M0:fold3,SCEN-A,P-02,grid0,primary,0,The maximum number of function evaluations is exceeded.,False,500,2570,514,1.5465898999827914
SCEN-A,P-02,M0:fold3,SCEN-A,P-02,grid130,primary,2,`xtol` termination condition is satisfied.,True,146,1035,207,0.46340010000858456
SCEN-A,P-02,M0:fold3,SCEN-A,P-02,grid260,primary,2,`xtol` termination condition is satisfied.,True,193,1390,278,0.6544303999980912
SCEN-A,P-02,M0:fold4,SCEN-A,P-02,feature,primary,2,`xtol` termination condition is satisfied.,True,154,1175,235,0.5040078000165522
SCEN-A,P-02,M0:fold4,SCEN-A,P-02,grid0,primary,0,The maximum number of function evaluations is exceeded.,False,500,2565,513,1.5586420999607071
SCEN-A,P-02,M0:fold4,SCEN-A,P-02,grid130,primary,2,`xtol` termination condition is satisfied.,True,130,955,191,0.4226240999996662
SCEN-A,P-02,M0:fold4,SCEN-A,P-02,grid260,primary,2,`xtol` termination condition is satisfied.,True,174,1260,252,0.5904271999606863
SCEN-A,P-02,M0:probeL,SCEN-A,P-02,feature,primary,2,`xtol` termination condition is satisfied.,True,114,850,170,0.37878000002820045
SCEN-A,P-02,M0:probeL,SCEN-A,P-02,grid0,primary,2,`xtol` termination condition is satisfied.,True,218,1505,301,0.7030829999712296
SCEN-A,P-02,M0:probeL,SCEN-A,P-02,grid130,primary,2,`xtol` termination condition is satisfied.,True,129,915,183,0.41791329998522997
SCEN-A,P-02,M0:probeL,SCEN-A,P-02,grid260,primary,2,`xtol` termination condition is satisfied.,True,202,1335,267,0.6624163000378758
SCEN-A,P-02,M0:probeR,SCEN-A,P-02,feature,primary,2,`xtol` termination condition is satisfied.,True,120,885,177,0.38624060002621263
SCEN-A,P-02,M0:probeR,SCEN-A,P-02,grid0,primary,0,The maximum number of function evaluations is exceeded.,False,500,2540,508,1.5339332000003196
SCEN-A,P-02,M0:probeR,SCEN-A,P-02,grid130,primary,2,`xtol` termination condition is satisfied.,True,126,960,192,0.4183939000358805
SCEN-A,P-02,M0:probeR,SCEN-A,P-02,grid260,primary,2,`xtol` termination condition is satisfied.,True,214,1365,273,0.7098068000050262
SCEN-A,SPL,M0:full,,,mode0,POLISH,True,RSS=74.46174634144771,True,-1,-1,-1,0.0
SCEN-A,SPL,M0:full,,,mode1,POLISH,True,RSS=74.45615656661394,True,-1,-1,-1,0.0
SCEN-A,SPL,M0:full,,,mode2,POLISH_EXPANDED,True,RSS=74.44355621038062,True,-1,-1,-1,0.0
SCEN-A,SPL,M0:full,,,mode3,POLISH,True,RSS=74.42988856600965,True,-1,-1,-1,0.0
SCEN-A,SPL,M0:full,,,mode4,POLISH,True,RSS=74.4150124732591,True,-1,-1,-1,0.0
SCEN-A,SPL,M0:full,,,mode5,POLISH_EXPANDED,True,RSS=74.3987608117697,True,-1,-1,-1,0.0
SCEN-A,SPL,M0:full,,,mode6,POLISH_EXPANDED,True,RSS=74.38028520648966,True,-1,-1,-1,0.0
SCEN-A,SPL,M0:full,,,mode7,POLISH,True,RSS=74.34727579378473,True,-1,-1,-1,0.0
SCEN-A,SPL,M0:full,,,mode8,POLISH_EXPANDED,True,RSS=74.31053350585412,True,-1,-1,-1,0.0
SCEN-A,SPL,M0:full,,,mode9,POLISH,True,RSS=74.26597780729254,True,-1,-1,-1,0.0
SCEN-A,SPL,M0:full,,,mode10,POLISH,True,RSS=74.1963098010607,True,-1,-1,-1,0.0
SCEN-A,SPL,M0:full,,,mode11,POLISH_EXPANDED,True,RSS=74.10636995734751,True,-1,-1,-1,0.0
SCEN-A,SPL,M0:full,,,mode12,POLISH_EXPANDED,True,RSS=73.97538383738278,True,-1,-1,-1,0.0
SCEN-A,SPL,M0:full,,,mode13,POLISH_EXPANDED,True,RSS=73.76138017781378,True,-1,-1,-1,0.0
SCEN-A,SPL,M0:full,,,mode14,POLISH_EXPANDED,True,RSS=73.38950902044327,True,-1,-1,-1,0.0
SCEN-A,SPL,M0:full,,,mode15,POLISH,True,RSS=72.66936005112102,True,-1,-1,-1,0.0
SCEN-A,SPL,M0:full,,,mode16,POLISH,True,RSS=71.08736287204539,True,-1,-1,-1,0.0
SCEN-A,SPL,M0:full,,,mode17,POLISH,True,RSS=67.86787160017168,True,-1,-1,-1,0.0
SCEN-A,SPL,M0:full,,,mode18,POLISH,True,RSS=63.25884107105461,True,-1,-1,-1,0.0
SCEN-A,SPL,M0:full,,,mode19,POLISH,True,RSS=58.527223765185774,True,-1,-1,-1,0.0
SCEN-A,SPL,M0:full,,,mode20,FALLBACK,True,RSS=54.43051060062876,True,-1,-1,-1,0.0
SCEN-A,SPL,M0:full,,,mode21,POLISH_EXPANDED,True,RSS=51.226524942562286,True,-1,-1,-1,0.0
SCEN-A,SPL,M0:full,,,mode22,POLISH,True,RSS=48.83009023418456,True,-1,-1,-1,0.0
SCEN-A,SPL,M0:full,,,mode23,POLISH,True,RSS=47.100592572604896,True,-1,-1,-1,0.0
SCEN-A,SPL,M0:full,,,mode24,POLISH,True,RSS=45.89505641574718,True,-1,-1,-1,0.0
SCEN-A,SPL,M0:full,,,mode25,POLISH,True,RSS=45.13041436802713,True,-1,-1,-1,0.0
SCEN-A,SPL,M0:full,,,mode26,POLISH,True,RSS=44.725754527779586,True,-1,-1,-1,0.0
SCEN-A,SPL,M0:full,,,mode27,POLISH,True,RSS=44.643598575114225,True,-1,-1,-1,0.0
SCEN-A,SPL,M0:full,,,mode28,POLISH,True,RSS=44.64850674441613,True,-1,-1,-1,0.0
SCEN-A,SPL,M0:full,,,mode29,POLISH,True,RSS=44.858018590226514,True,-1,-1,-1,0.0
SCEN-A,SPL,M0:full,,,mode30,POLISH,True,RSS=44.95641928894661,True,-1,-1,-1,0.0
SCEN-A,SPL,M0:full,,,mode31,POLISH,True,RSS=44.85867001739433,True,-1,-1,-1,0.0
SCEN-A,SPL,M0:full,,,mode32,POLISH,True,RSS=44.75360199464763,True,-1,-1,-1,0.0
SCEN-A,SPL,M0:full,,,mode33,POLISH,True,RSS=44.63975714206211,True,-1,-1,-1,0.0
SCEN-A,SPL,M0:full,,,mode34,POLISH,True,RSS=43.18063377052822,True,-1,-1,-1,0.0
SCEN-A,SPL,M0:full,,,mode35,POLISH_EXPANDED,True,RSS=39.75186812723372,True,-1,-1,-1,0.0
SCEN-A,SPL,M0:full,,,mode36,POLISH,True,RSS=35.4668967414232,True,-1,-1,-1,0.0
SCEN-A,SPL,M0:full,,,mode37,FALLBACK,True,RSS=31.249365740075103,True,-1,-1,-1,0.0
SCEN-A,SPL,M0:full,,,mode38,POLISH_EXPANDED,True,RSS=27.753501005128182,True,-1,-1,-1,0.0
SCEN-A,SPL,M0:full,,,mode39,POLISH_EXPANDED,True,RSS=24.91094734874624,True,-1,-1,-1,0.0
SCEN-A,SPL,M0:full,,,mode40,POLISH_EXPANDED,True,RSS=22.57010132910056,True,-1,-1,-1,0.0
SCEN-A,SPL,M0:full,,,mode41,POLISH,True,RSS=20.61403814588998,True,-1,-1,-1,0.0
SCEN-A,SPL,M0:full,,,mode42,POLISH_EXPANDED,True,RSS=18.953735319830184,True,-1,-1,-1,0.0
SCEN-A,SPL,M0:full,,,mode43,POLISH_EXPANDED,True,RSS=17.52393612628047,True,-1,-1,-1,0.0
SCEN-A,SPL,M0:full,,,mode44,POLISH,True,RSS=16.274872466681995,True,-1,-1,-1,0.0
SCEN-A,SPL,M0:full,,,mode45,POLISH_EXPANDED,True,RSS=15.168866486073064,True,-1,-1,-1,0.0
SCEN-A,SPL,M0:full,,,mode46,POLISH_EXPANDED,True,RSS=14.180043784731012,True,-1,-1,-1,0.0
SCEN-A,SPL,M0:full,,,mode47,POLISH_EXPANDED,True,RSS=13.290819635657835,True,-1,-1,-1,0.0
SCEN-A,SPL,M0:full,,,mode48,POLISH_EXPANDED,True,RSS=12.49288711858675,True,-1,-1,-1,0.0
SCEN-A,SPL,M0:full,,,mode49,POLISH_EXPANDED,True,RSS=11.788961365655629,True,-1,-1,-1,0.0
SCEN-A,SPL,M0:full,,,mode50,POLISH,True,RSS=11.194028054918293,True,-1,-1,-1,0.0
SCEN-A,SPL,M0:full,,,mode51,POLISH_EXPANDED,True,RSS=10.742238442404615,True,-1,-1,-1,0.0
SCEN-A,SPL,M0:full,,,mode52,POLISH_EXPANDED,True,RSS=10.515044089583652,True,-1,-1,-1,0.0
SCEN-A,SPL,M0:full,,,mode53,POLISH,True,RSS=10.506460107192085,True,-1,-1,-1,0.0
SCEN-A,SPL,M0:full,,,mode54,POLISH,True,RSS=10.63373945311032,True,-1,-1,-1,0.0
SCEN-A,SPL,M0:full,,,mode55,POLISH,True,RSS=11.19077845652252,True,-1,-1,-1,0.0
SCEN-A,SPL,M0:full,,,mode56,POLISH,True,RSS=12.377888449243509,True,-1,-1,-1,0.0
SCEN-A,SPL,M0:full,,,mode57,POLISH_EXPANDED,True,RSS=14.562924185783688,True,-1,-1,-1,0.0
SCEN-A,SPL,M0:full,,,mode58,POLISH_EXPANDED,True,RSS=18.269616694330164,True,-1,-1,-1,0.0
SCEN-A,SPL,M0:full,,,mode59,POLISH_EXPANDED,True,RSS=23.725108383238926,True,-1,-1,-1,0.0
SCEN-A,SPL,M0:full,,,mode60,POLISH_EXPANDED,True,RSS=29.983920654510598,True,-1,-1,-1,0.0
SCEN-A,SPL,M0:full,,,mode61,POLISH,True,RSS=35.679833199870146,True,-1,-1,-1,0.0
SCEN-A,SPL,M0:full,,,mode62,POLISH,True,RSS=39.87843140098677,True,-1,-1,-1,0.0
SCEN-A,SPL,M0:full,,,mode63,POLISH_EXPANDED,True,RSS=42.40756493137615,True,-1,-1,-1,0.0
SCEN-A,SPL,M0:full,,,mode64,POLISH,True,RSS=43.61725941149154,True,-1,-1,-1,0.0
SCEN-A,SPL,M0:full,,,mode65,POLISH,True,RSS=44.143402044769324,True,-1,-1,-1,0.0
SCEN-A,SPL,M0:full,,,mode66,POLISH,True,RSS=44.695955835001335,True,-1,-1,-1,0.0
SCEN-A,SPL,M0:full,,,mode67,POLISH_EXPANDED,True,RSS=45.32617267448686,True,-1,-1,-1,0.0
SCEN-A,SPL,M0:full,,,mode68,POLISH,True,RSS=46.0368187755003,True,-1,-1,-1,0.0
SCEN-A,SPL,M0:full,,,mode69,POLISH_EXPANDED,True,RSS=46.85576301895087,True,-1,-1,-1,0.0
SCEN-A,SPL,M0:full,,,mode70,FALLBACK,True,RSS=47.78515971649851,True,-1,-1,-1,0.0
SCEN-A,SPL,M0:full,,,mode71,POLISH_EXPANDED,True,RSS=48.86063758558245,True,-1,-1,-1,0.0
SCEN-A,SPL,M0:full,,,mode72,POLISH,True,RSS=50.09561291187173,True,-1,-1,-1,0.0
SCEN-A,SPL,M0:full,,,mode73,POLISH_EXPANDED,True,RSS=51.53611136657987,True,-1,-1,-1,0.0
SCEN-A,SPL,M0:full,,,mode74,POLISH,True,RSS=53.21265513148963,True,-1,-1,-1,0.0
SCEN-A,SPL,M0:full,,,mode75,POLISH_EXPANDED,True,RSS=55.203564083951306,True,-1,-1,-1,0.0
SCEN-A,SPL,M0:full,,,mode76,FALLBACK,True,RSS=57.559758742087446,True,-1,-1,-1,0.0
SCEN-A,SPL,M0:full,,,mode77,FALLBACK,True,RSS=60.43150919220774,True,-1,-1,-1,0.0
SCEN-A,SPL,M0:full,,,mode78,POLISH_EXPANDED,True,RSS=63.906682168959634,True,-1,-1,-1,0.0
SCEN-A,SPL,M0:full,,,mode79,POLISH_EXPANDED,True,RSS=68.16846020984715,True,-1,-1,-1,0.0
SCEN-A,SPL,M0:full,,,mode80,POLISH,True,RSS=73.42633689575301,True,-1,-1,-1,0.0
SCEN-A,SPL,M0:full,,,mode81,POLISH_EXPANDED,True,RSS=79.62681024842175,True,-1,-1,-1,0.0
SCEN-A,SPL,M0:full,,,mode82,POLISH,True,RSS=86.21797988336944,True,-1,-1,-1,0.0
SCEN-A,SPL,M0:full,,,mode83,POLISH,True,RSS=91.86026683004566,True,-1,-1,-1,0.0
SCEN-A,SPL,M0:full,,,mode84,POLISH,True,RSS=95.36571708697687,True,-1,-1,-1,0.0
SCEN-A,SPL,M0:full,,,mode85,POLISH_EXPANDED,True,RSS=96.7967228344928,True,-1,-1,-1,0.0
SCEN-A,SPL,M0:full,,,mode86,POLISH_EXPANDED,True,RSS=97.2232826555544,True,-1,-1,-1,0.0
SCEN-A,SPL,M0:full,,,mode87,POLISH,True,RSS=97.30417644991827,True,-1,-1,-1,0.0
SCEN-A,SPL,M0:full,,,mode88,FALLBACK,True,RSS=97.34753801432899,True,-1,-1,-1,0.0
SCEN-A,SPL,M0:full,,,mode89,POLISH,True,RSS=97.56486518069234,True,-1,-1,-1,0.0
SCEN-A,SPL,M0:full,,,mode90,FALLBACK,True,RSS=97.96877151388628,True,-1,-1,-1,0.0
SCEN-A,SPL,M0:full,,,mode91,POLISH,True,RSS=98.5393847550701,True,-1,-1,-1,0.0
SCEN-A,SPL,M0:full,,,mode92,POLISH,True,RSS=99.26644011813332,True,-1,-1,-1,0.0
SCEN-A,SPL,M0:full,,,mode93,POLISH_EXPANDED,True,RSS=100.14720956035553,True,-1,-1,-1,0.0
SCEN-A,SPL,M0:full,,,mode94,POLISH_EXPANDED,True,RSS=101.18405999147328,True,-1,-1,-1,0.0
SCEN-A,SPL,M0:full,,,mode95,POLISH_EXPANDED,True,RSS=102.38761579487968,True,-1,-1,-1,0.0
SCEN-A,SPL,M0:full,,,mode96,POLISH_EXPANDED,True,RSS=103.76937569632746,True,-1,-1,-1,0.0
SCEN-A,SPL,M0:full,,,mode97,POLISH,True,RSS=105.34494098899147,True,-1,-1,-1,0.0
SCEN-A,SPL,M0:full,,,mode98,POLISH_EXPANDED,True,RSS=107.14065944928649,True,-1,-1,-1,0.0
SCEN-A,SPL,M0:full,,,mode99,POLISH_EXPANDED,True,RSS=109.18445943227424,True,-1,-1,-1,0.0
SCEN-A,SPL,M0:full,,,mode100,POLISH_EXPANDED,True,RSS=111.50867334211915,True,-1,-1,-1,0.0
SCEN-A,SPL,M0:full,,,mode101,POLISH_EXPANDED,True,RSS=114.14426426566986,True,-1,-1,-1,0.0
SCEN-A,SPL,M0:full,,,mode102,POLISH_EXPANDED,True,RSS=117.12149201091142,True,-1,-1,-1,0.0
SCEN-A,SPL,M0:full,,,mode103,POLISH,True,RSS=120.47271523846776,True,-1,-1,-1,0.0
SCEN-A,SPL,M0:full,,,mode104,POLISH,True,RSS=123.64684471414593,True,-1,-1,-1,0.0
SCEN-A,SPL,M0:full,,,mode105,POLISH,True,RSS=125.41675321850981,True,-1,-1,-1,0.0
SCEN-A,SPL,M0:full,,,mode106,POLISH,True,RSS=125.4842176395231,True,-1,-1,-1,0.0
SCEN-A,SPL,M0:full,,,mode107,POLISH,True,RSS=125.4842176395231,True,-1,-1,-1,0.0
SCEN-A,SPL,M0:full,,,mode108,POLISH,True,RSS=125.4842176395231,True,-1,-1,-1,0.0
SCEN-A,SPL,M0:full,,,mode109,POLISH,True,RSS=125.4842176395231,True,-1,-1,-1,0.0
SCEN-A,SPL,M0:full,,,mode110,POLISH,True,RSS=125.4842176395231,True,-1,-1,-1,0.0
SCEN-A,SPL,M0:full,,,mode111,POLISH,True,RSS=125.48421763952413,True,-1,-1,-1,0.0
SCEN-A,SPL,M0:full,,,mode112,POLISH,True,RSS=125.4842176395231,True,-1,-1,-1,0.0
SCEN-A,SPL,M0:full,,,mode113,POLISH,True,RSS=125.4842176395231,True,-1,-1,-1,0.0
SCEN-A,SPL,M0:full,,,mode114,POLISH,True,RSS=125.4842176395231,True,-1,-1,-1,0.0
SCEN-A,SPL,M0:full,,,mode115,POLISH,True,RSS=125.4842176395231,True,-1,-1,-1,0.0
SCEN-A,SPL,M0:full,,,mode116,POLISH,True,RSS=125.4842176395231,True,-1,-1,-1,0.0
SCEN-A,SPL,M0:full,,,mode117,POLISH,True,RSS=125.55056329363944,True,-1,-1,-1,0.0
SCEN-A,SPL,M0:full,,,mode118,POLISH,True,RSS=125.92563497064913,True,-1,-1,-1,0.0
SCEN-A,SPL,M0:full,,,mode119,POLISH,True,RSS=126.6404557901029,True,-1,-1,-1,0.0
SCEN-A,SPL,M0:full,,,mode120,POLISH,True,RSS=127.68765505992373,True,-1,-1,-1,0.0
SCEN-A,SPL,M0:full,,,mode121,POLISH,True,RSS=129.0772668869058,True,-1,-1,-1,0.0
SCEN-A,SPL,M0:full,,,mode122,POLISH,True,RSS=130.82223739309345,True,-1,-1,-1,0.0
SCEN-A,SPL,M0:full,,,mode123,POLISH,True,RSS=132.92279262990868,True,-1,-1,-1,0.0
SCEN-A,SPL,M0:full,,,mode124,POLISH,True,RSS=135.30023307199053,True,-1,-1,-1,0.0
SCEN-A,SPL,M0:full,,,mode125,POLISH,True,RSS=137.67287359314906,True,-1,-1,-1,0.0
SCEN-A,SPL,M0:full,,,mode126,POLISH,True,RSS=139.2672586100703,True,-1,-1,-1,0.0
SCEN-A,SPL,M0:full,,,mode127,POLISH,True,RSS=139.37581609476933,True,-1,-1,-1,0.0
SCEN-A,SPL,M0:full,,,mode128,POLISH,True,RSS=139.37581609476885,True,-1,-1,-1,0.0
SCEN-A,SPL,M0:full,,,mode129,POLISH,True,RSS=139.37581609476567,True,-1,-1,-1,0.0
SCEN-A,SPL,M0:full,,,mode130,POLISH,True,RSS=139.37581609476922,True,-1,-1,-1,0.0
SCEN-A,SPL,M0:full,,,mode131,POLISH,True,RSS=139.37581609477112,True,-1,-1,-1,0.0
SCEN-A,SPL,M0:full,,,mode132,POLISH,True,RSS=139.37581609476945,True,-1,-1,-1,0.0
SCEN-A,SPL,M0:full,,,mode133,POLISH,True,RSS=139.37581609477078,True,-1,-1,-1,0.0
SCEN-A,SPL,M0:full,,,mode134,POLISH,True,RSS=139.37581609476544,True,-1,-1,-1,0.0
SCEN-A,SPL,M0:full,,,mode135,POLISH,True,RSS=139.37581609477027,True,-1,-1,-1,0.0
SCEN-A,SPL,M0:full,,,mode136,POLISH,True,RSS=139.3758160947664,True,-1,-1,-1,0.0
SCEN-A,SPL,M0:full,,,mode137,POLISH,True,RSS=139.37581609476922,True,-1,-1,-1,0.0
SCEN-A,SPL,M0:full,,,mode138,POLISH,True,RSS=139.3758160947656,True,-1,-1,-1,0.0
SCEN-A,SPL,M0:full,,,mode139,POLISH,True,RSS=139.37581609476626,True,-1,-1,-1,0.0
SCEN-A,SPL,M0:full,,,mode140,POLISH,True,RSS=139.37581609476518,True,-1,-1,-1,0.0
SCEN-A,SPL,M0:full,,,mode141,POLISH,True,RSS=139.3758160947693,True,-1,-1,-1,0.0
SCEN-A,SPL,M0:full,,,mode142,POLISH,True,RSS=139.375816094761,True,-1,-1,-1,0.0
SCEN-A,SPL,M0:full,,,mode143,POLISH,True,RSS=139.3758160947691,True,-1,-1,-1,0.0
SCEN-A,SPL,M0:full,,,mode144,POLISH,True,RSS=139.37581609475345,True,-1,-1,-1,0.0
SCEN-A,SPL,M0:full,,,mode145,POLISH_EXPANDED,True,RSS=139.37581609476956,True,-1,-1,-1,0.0
SCEN-A,SPL,M0:fold0,,,mode0,FALLBACK,True,RSS=14.197946236621965,True,-1,-1,-1,0.0
SCEN-A,SPL,M0:fold0,,,mode1,FALLBACK,True,RSS=14.197946236622105,True,-1,-1,-1,0.0
SCEN-A,SPL,M0:fold0,,,mode2,FALLBACK,True,RSS=14.197946236621696,True,-1,-1,-1,0.0
SCEN-A,SPL,M0:fold0,,,mode3,FALLBACK,True,RSS=14.197946236621364,True,-1,-1,-1,0.0
SCEN-A,SPL,M0:fold0,,,mode4,FALLBACK,True,RSS=14.197946236621807,True,-1,-1,-1,0.0
SCEN-A,SPL,M0:fold0,,,mode5,FALLBACK,True,RSS=14.197946236622048,True,-1,-1,-1,0.0
SCEN-A,SPL,M0:fold0,,,mode6,FALLBACK,True,RSS=14.197946236622393,True,-1,-1,-1,0.0
SCEN-A,SPL,M0:fold0,,,mode7,FALLBACK,True,RSS=14.197946236622537,True,-1,-1,-1,0.0
SCEN-A,SPL,M0:fold0,,,mode8,FALLBACK,True,RSS=14.197946236621812,True,-1,-1,-1,0.0
SCEN-A,SPL,M0:fold0,,,mode9,FALLBACK,True,RSS=14.197946236621497,True,-1,-1,-1,0.0
SCEN-A,SPL,M0:fold0,,,mode10,FALLBACK,True,RSS=14.197946236621172,True,-1,-1,-1,0.0
SCEN-A,SPL,M0:fold0,,,mode11,FALLBACK,True,RSS=14.197946236621553,True,-1,-1,-1,0.0
SCEN-A,SPL,M0:fold0,,,mode12,FALLBACK,True,RSS=14.1979462366209,True,-1,-1,-1,0.0
SCEN-A,SPL,M0:fold0,,,mode13,FALLBACK,True,RSS=14.197946236621524,True,-1,-1,-1,0.0
SCEN-A,SPL,M0:fold0,,,mode14,FALLBACK,True,RSS=14.197946236622482,True,-1,-1,-1,0.0
SCEN-A,SPL,M0:fold0,,,mode15,FALLBACK,True,RSS=14.19794623662301,True,-1,-1,-1,0.0
SCEN-A,SPL,M0:fold0,,,mode16,FALLBACK,True,RSS=14.19794623662241,True,-1,-1,-1,0.0
SCEN-A,SPL,M0:fold0,,,mode17,FALLBACK,True,RSS=14.19794623662135,True,-1,-1,-1,0.0
SCEN-A,SPL,M0:fold0,,,mode18,POLISH,True,RSS=14.1979462366222,True,-1,-1,-1,0.0
SCEN-A,SPL,M0:fold0,,,mode19,FALLBACK,True,RSS=14.19794623662267,True,-1,-1,-1,0.0
SCEN-A,SPL,M0:fold0,,,mode20,FALLBACK,True,RSS=14.19794623662292,True,-1,-1,-1,0.0
SCEN-A,SPL,M0:fold0,,,mode21,FALLBACK,True,RSS=14.197946236622144,True,-1,-1,-1,0.0
SCEN-A,SPL,M0:fold0,,,mode22,FALLBACK,True,RSS=14.197946236622238,True,-1,-1,-1,0.0
SCEN-A,SPL,M0:fold0,,,mode23,FALLBACK,True,RSS=14.197946236622526,True,-1,-1,-1,0.0
SCEN-A,SPL,M0:fold0,,,mode24,FALLBACK,True,RSS=14.197946236622613,True,-1,-1,-1,0.0
SCEN-A,SPL,M0:fold0,,,mode25,FALLBACK,True,RSS=14.197946236621982,True,-1,-1,-1,0.0
SCEN-A,SPL,M0:fold0,,,mode26,FALLBACK,True,RSS=14.197946236622135,True,-1,-1,-1,0.0
SCEN-A,SPL,M0:fold0,,,mode27,FALLBACK,True,RSS=14.197946236622066,True,-1,-1,-1,0.0
SCEN-A,SPL,M0:fold0,,,mode28,FALLBACK,True,RSS=14.197946236622386,True,-1,-1,-1,0.0
SCEN-A,SPL,M0:fold0,,,mode29,FALLBACK,True,RSS=14.197946236622396,True,-1,-1,-1,0.0
SCEN-A,SPL,M0:fold0,,,mode30,FALLBACK,True,RSS=15.810119764243534,True,-1,-1,-1,0.0
SCEN-A,SPL,M0:fold0,,,mode31,FALLBACK,True,RSS=15.710119233672705,True,-1,-1,-1,0.0
SCEN-A,SPL,M0:fold0,,,mode32,FALLBACK,True,RSS=15.603737499103044,True,-1,-1,-1,0.0
SCEN-A,SPL,M0:fold0,,,mode33,FALLBACK,True,RSS=15.490367386051407,True,-1,-1,-1,0.0
SCEN-A,SPL,M0:fold0,,,mode34,FALLBACK,True,RSS=15.369326602705767,True,-1,-1,-1,0.0
SCEN-A,SPL,M0:fold0,,,mode35,FALLBACK,True,RSS=15.239846878474866,True,-1,-1,-1,0.0
SCEN-A,SPL,M0:fold0,,,mode36,FALLBACK,True,RSS=15.101061542580366,True,-1,-1,-1,0.0
SCEN-A,SPL,M0:fold0,,,mode37,FALLBACK,True,RSS=14.951991449159571,True,-1,-1,-1,0.0
SCEN-A,SPL,M0:fold0,,,mode38,FALLBACK,True,RSS=14.791529267928622,True,-1,-1,-1,0.0
SCEN-A,SPL,M0:fold0,,,mode39,FALLBACK,True,RSS=14.618422384660144,True,-1,-1,-1,0.0
SCEN-A,SPL,M0:fold0,,,mode40,FALLBACK,True,RSS=14.431142351384624,True,-1,-1,-1,0.0
SCEN-A,SPL,M0:fold0,,,mode41,FALLBACK,True,RSS=14.228070359319435,True,-1,-1,-1,0.0
SCEN-A,SPL,M0:fold0,,,mode42,POLISH,True,RSS=13.85750276697799,True,-1,-1,-1,0.0
SCEN-A,SPL,M0:fold0,,,mode43,FALLBACK,True,RSS=12.972519065772504,True,-1,-1,-1,0.0
SCEN-A,SPL,M0:fold0,,,mode44,FALLBACK,True,RSS=11.895574229815598,True,-1,-1,-1,0.0
SCEN-A,SPL,M0:fold0,,,mode45,FALLBACK,True,RSS=10.94387344217853,True,-1,-1,-1,0.0
SCEN-A,SPL,M0:fold0,,,mode46,FALLBACK,True,RSS=10.232288005050853,True,-1,-1,-1,0.0
SCEN-A,SPL,M0:fold0,,,mode47,FALLBACK,True,RSS=9.745239075033318,True,-1,-1,-1,0.0
SCEN-A,SPL,M0:fold0,,,mode48,FALLBACK,True,RSS=9.431740130772024,True,-1,-1,-1,0.0
SCEN-A,SPL,M0:fold0,,,mode49,FALLBACK,True,RSS=9.246662940880768,True,-1,-1,-1,0.0
SCEN-A,SPL,M0:fold0,,,mode50,FALLBACK,True,RSS=9.159854645443582,True,-1,-1,-1,0.0
SCEN-A,SPL,M0:fold0,,,mode51,FALLBACK,True,RSS=9.146584035112218,True,-1,-1,-1,0.0
SCEN-A,SPL,M0:fold0,,,mode52,FALLBACK,True,RSS=9.153179253926579,True,-1,-1,-1,0.0
SCEN-A,SPL,M0:fold0,,,mode53,FALLBACK,True,RSS=9.230989007765777,True,-1,-1,-1,0.0
SCEN-A,SPL,M0:fold0,,,mode54,FALLBACK,True,RSS=9.412833657218924,True,-1,-1,-1,0.0
SCEN-A,SPL,M0:fold0,,,mode55,POLISH,True,RSS=9.7305609657122,True,-1,-1,-1,0.0
SCEN-A,SPL,M0:fold0,,,mode56,FALLBACK,True,RSS=10.247181592741569,True,-1,-1,-1,0.0
SCEN-A,SPL,M0:fold0,,,mode57,FALLBACK,True,RSS=11.28246831772607,True,-1,-1,-1,0.0
SCEN-A,SPL,M0:fold0,,,mode58,FALLBACK,True,RSS=13.766144488856032,True,-1,-1,-1,0.0
SCEN-A,SPL,M0:fold0,,,mode59,FALLBACK,True,RSS=18.4452569472099,True,-1,-1,-1,0.0
SCEN-A,SPL,M0:fold0,,,mode60,FALLBACK,True,RSS=24.688204601101816,True,-1,-1,-1,0.0
SCEN-A,SPL,M0:fold0,,,mode61,FALLBACK,True,RSS=30.945285021967152,True,-1,-1,-1,0.0
SCEN-A,SPL,M0:fold0,,,mode62,FALLBACK,True,RSS=35.884337926597716,True,-1,-1,-1,0.0
SCEN-A,SPL,M0:fold0,,,mode63,FALLBACK,True,RSS=39.09170729821708,True,-1,-1,-1,0.0
SCEN-A,SPL,M0:fold0,,,mode64,FALLBACK,True,RSS=40.86677863696019,True,-1,-1,-1,0.0
SCEN-A,SPL,M0:fold0,,,mode65,POLISH,True,RSS=41.72083333495561,True,-1,-1,-1,0.0
SCEN-A,SPL,M0:fold0,,,mode66,POLISH,True,RSS=42.409198605813195,True,-1,-1,-1,0.0
SCEN-A,SPL,M0:fold0,,,mode67,POLISH,True,RSS=43.162145122195156,True,-1,-1,-1,0.0
SCEN-A,SPL,M0:fold0,,,mode68,POLISH,True,RSS=43.998185874881415,True,-1,-1,-1,0.0
SCEN-A,SPL,M0:fold0,,,mode69,POLISH,True,RSS=44.93562595781957,True,-1,-1,-1,0.0
SCEN-A,SPL,M0:fold0,,,mode70,POLISH,True,RSS=45.98911492661904,True,-1,-1,-1,0.0
SCEN-A,SPL,M0:fold0,,,mode71,POLISH,True,RSS=47.18395870846327,True,-1,-1,-1,0.0
SCEN-A,SPL,M0:fold0,,,mode72,POLISH,True,RSS=48.54531340728152,True,-1,-1,-1,0.0
SCEN-A,SPL,M0:fold0,,,mode73,FALLBACK,True,RSS=50.10540114342643,True,-1,-1,-1,0.0
SCEN-A,SPL,M0:fold0,,,mode74,FALLBACK,True,RSS=51.905729872105326,True,-1,-1,-1,0.0
SCEN-A,SPL,M0:fold0,,,mode75,FALLBACK,True,RSS=54.00304187361989,True,-1,-1,-1,0.0
SCEN-A,SPL,M0:fold0,,,mode76,FALLBACK,True,RSS=56.4685918868462,True,-1,-1,-1,0.0
SCEN-A,SPL,M0:fold0,,,mode77,FALLBACK,True,RSS=59.395303650688035,True,-1,-1,-1,0.0
SCEN-A,SPL,M0:fold0,,,mode78,FALLBACK,True,RSS=62.89856050090556,True,-1,-1,-1,0.0
SCEN-A,SPL,M0:fold0,,,mode79,FALLBACK,True,RSS=67.11215964180542,True,-1,-1,-1,0.0
SCEN-A,SPL,M0:fold0,,,mode80,FALLBACK,True,RSS=72.21480669385406,True,-1,-1,-1,0.0
SCEN-A,SPL,M0:fold0,,,mode81,FALLBACK,True,RSS=78.26334966248231,True,-1,-1,-1,0.0
SCEN-A,SPL,M0:fold0,,,mode82,FALLBACK,True,RSS=84.88008747716017,True,-1,-1,-1,0.0
SCEN-A,SPL,M0:fold0,,,mode83,FALLBACK,True,RSS=90.81143976208227,True,-1,-1,-1,0.0
SCEN-A,SPL,M0:fold0,,,mode84,POLISH,True,RSS=94.04531331910293,True,-1,-1,-1,0.0
SCEN-A,SPL,M0:fold0,,,mode85,POLISH,True,RSS=94.1731572203981,True,-1,-1,-1,0.0
SCEN-A,SPL,M0:fold0,,,mode86,POLISH,True,RSS=94.1731572203981,True,-1,-1,-1,0.0
SCEN-A,SPL,M0:fold0,,,mode87,POLISH,True,RSS=94.1731572203981,True,-1,-1,-1,0.0
SCEN-A,SPL,M0:fold0,,,mode88,POLISH,True,RSS=94.21251330126749,True,-1,-1,-1,0.0
SCEN-A,SPL,M0:fold0,,,mode89,POLISH,True,RSS=94.4322826812661,True,-1,-1,-1,0.0
SCEN-A,SPL,M0:fold0,,,mode90,POLISH,True,RSS=94.84071005780696,True,-1,-1,-1,0.0
SCEN-A,SPL,M0:fold0,,,mode91,POLISH,True,RSS=95.41775277668584,True,-1,-1,-1,0.0
SCEN-A,SPL,M0:fold0,,,mode92,POLISH,True,RSS=96.15361563562581,True,-1,-1,-1,0.0
SCEN-A,SPL,M0:fold0,,,mode93,FALLBACK,True,RSS=97.04505518760155,True,-1,-1,-1,0.0
SCEN-A,SPL,M0:fold0,,,mode94,FALLBACK,True,RSS=98.09591505252332,True,-1,-1,-1,0.0
SCEN-A,SPL,M0:fold0,,,mode95,FALLBACK,True,RSS=99.31695804793961,True,-1,-1,-1,0.0
SCEN-A,SPL,M0:fold0,,,mode96,FALLBACK,True,RSS=100.71930049157677,True,-1,-1,-1,0.0
SCEN-A,SPL,M0:fold0,,,mode97,FALLBACK,True,RSS=102.32162974039382,True,-1,-1,-1,0.0
SCEN-A,SPL,M0:fold0,,,mode98,FALLBACK,True,RSS=104.15063223983258,True,-1,-1,-1,0.0
SCEN-A,SPL,M0:fold0,,,mode99,FALLBACK,True,RSS=106.23587126437143,True,-1,-1,-1,0.0
SCEN-A,SPL,M0:fold0,,,mode100,FALLBACK,True,RSS=108.61173551298694,True,-1,-1,-1,0.0
SCEN-A,SPL,M0:fold0,,,mode101,FALLBACK,True,RSS=111.31204653682241,True,-1,-1,-1,0.0
SCEN-A,SPL,M0:fold0,,,mode102,FALLBACK,True,RSS=114.36995561234232,True,-1,-1,-1,0.0
SCEN-A,SPL,M0:fold0,,,mode103,FALLBACK,True,RSS=117.8205808016152,True,-1,-1,-1,0.0
SCEN-A,SPL,M0:fold0,,,mode104,FALLBACK,True,RSS=121.07987656650661,True,-1,-1,-1,0.0
SCEN-A,SPL,M0:fold0,,,mode105,FALLBACK,True,RSS=122.87903937856974,True,-1,-1,-1,0.0
SCEN-A,SPL,M0:fold0,,,mode106,POLISH,True,RSS=122.9409401179998,True,-1,-1,-1,0.0
SCEN-A,SPL,M0:fold0,,,mode107,POLISH,True,RSS=122.9409401179998,True,-1,-1,-1,0.0
SCEN-A,SPL,M0:fold0,,,mode108,POLISH,True,RSS=122.9409401179998,True,-1,-1,-1,0.0
SCEN-A,SPL,M0:fold0,,,mode109,POLISH,True,RSS=122.9409401179998,True,-1,-1,-1,0.0
SCEN-A,SPL,M0:fold0,,,mode110,POLISH,True,RSS=122.9409401179998,True,-1,-1,-1,0.0
SCEN-A,SPL,M0:fold0,,,mode111,POLISH,True,RSS=122.9409401179998,True,-1,-1,-1,0.0
SCEN-A,SPL,M0:fold0,,,mode112,POLISH,True,RSS=122.9409401179998,True,-1,-1,-1,0.0
SCEN-A,SPL,M0:fold0,,,mode113,POLISH,True,RSS=122.9409401179998,True,-1,-1,-1,0.0
SCEN-A,SPL,M0:fold0,,,mode114,POLISH,True,RSS=122.9409401179998,True,-1,-1,-1,0.0
SCEN-A,SPL,M0:fold0,,,mode115,POLISH,True,RSS=122.9409401179998,True,-1,-1,-1,0.0
SCEN-A,SPL,M0:fold0,,,mode116,POLISH,True,RSS=122.9409401179998,True,-1,-1,-1,0.0
SCEN-A,SPL,M0:fold0,,,mode117,POLISH,True,RSS=123.00946427515659,True,-1,-1,-1,0.0
SCEN-A,SPL,M0:fold0,,,mode118,POLISH,True,RSS=123.3970736260288,True,-1,-1,-1,0.0
SCEN-A,SPL,M0:fold0,,,mode119,POLISH,True,RSS=124.13702180212557,True,-1,-1,-1,0.0
SCEN-A,SPL,M0:fold0,,,mode120,POLISH,True,RSS=125.22111474716583,True,-1,-1,-1,0.0
SCEN-A,SPL,M0:fold0,,,mode121,POLISH,True,RSS=126.66042332419627,True,-1,-1,-1,0.0
SCEN-A,SPL,M0:fold0,,,mode122,POLISH,True,RSS=128.4717696304181,True,-1,-1,-1,0.0
SCEN-A,SPL,M0:fold0,,,mode123,POLISH,True,RSS=130.6522268419099,True,-1,-1,-1,0.0
SCEN-A,SPL,M0:fold0,,,mode124,POLISH,True,RSS=133.1196129529445,True,-1,-1,-1,0.0
SCEN-A,SPL,M0:fold0,,,mode125,POLISH,True,RSS=135.57416331512061,True,-1,-1,-1,0.0
SCEN-A,SPL,M0:fold0,,,mode126,POLISH,True,RSS=137.21605413561048,True,-1,-1,-1,0.0
SCEN-A,SPL,M0:fold0,,,mode127,POLISH,True,RSS=137.3265598509305,True,-1,-1,-1,0.0
SCEN-A,SPL,M0:fold0,,,mode128,POLISH,True,RSS=137.3265598509305,True,-1,-1,-1,0.0
SCEN-A,SPL,M0:fold0,,,mode129,POLISH,True,RSS=137.3265598509305,True,-1,-1,-1,0.0
SCEN-A,SPL,M0:fold0,,,mode130,POLISH,True,RSS=137.3265598509305,True,-1,-1,-1,0.0
SCEN-A,SPL,M0:fold0,,,mode131,POLISH,True,RSS=137.3265598509305,True,-1,-1,-1,0.0
SCEN-A,SPL,M0:fold0,,,mode132,POLISH,True,RSS=137.3265598509305,True,-1,-1,-1,0.0
SCEN-A,SPL,M0:fold0,,,mode133,POLISH,True,RSS=137.3265598509305,True,-1,-1,-1,0.0
SCEN-A,SPL,M0:fold0,,,mode134,POLISH,True,RSS=137.3265598509305,True,-1,-1,-1,0.0
SCEN-A,SPL,M0:fold0,,,mode135,POLISH,True,RSS=137.3265598509305,True,-1,-1,-1,0.0
SCEN-A,SPL,M0:fold0,,,mode136,POLISH,True,RSS=137.3265598509305,True,-1,-1,-1,0.0
SCEN-A,SPL,M0:fold0,,,mode137,POLISH,True,RSS=137.3265598509305,True,-1,-1,-1,0.0
SCEN-A,SPL,M0:fold0,,,mode138,POLISH,True,RSS=137.3265598509305,True,-1,-1,-1,0.0
SCEN-A,SPL,M0:fold0,,,mode139,POLISH,True,RSS=137.3265598509305,True,-1,-1,-1,0.0
SCEN-A,SPL,M0:fold0,,,mode140,POLISH,True,RSS=137.3265598509305,True,-1,-1,-1,0.0
SCEN-A,SPL,M0:fold0,,,mode141,POLISH,True,RSS=137.3265598509305,True,-1,-1,-1,0.0
SCEN-A,SPL,M0:fold0,,,mode142,POLISH,True,RSS=137.3265598509305,True,-1,-1,-1,0.0
SCEN-A,SPL,M0:fold0,,,mode143,POLISH,True,RSS=137.3265598509305,True,-1,-1,-1,0.0
SCEN-A,SPL,M0:fold0,,,mode144,POLISH,True,RSS=137.3265598509305,True,-1,-1,-1,0.0
SCEN-A,SPL,M0:fold0,,,mode145,POLISH,True,RSS=137.3265598509305,True,-1,-1,-1,0.0
SCEN-A,SPL,M0:fold1,,,mode0,POLISH,True,RSS=42.16402946830341,True,-1,-1,-1,0.0
SCEN-A,SPL,M0:fold1,,,mode1,POLISH,True,RSS=42.16402946830305,True,-1,-1,-1,0.0
SCEN-A,SPL,M0:fold1,,,mode2,POLISH_EXPANDED,True,RSS=42.16402946830305,True,-1,-1,-1,0.0
SCEN-A,SPL,M0:fold1,,,mode3,POLISH,True,RSS=42.16402946830305,True,-1,-1,-1,0.0
SCEN-A,SPL,M0:fold1,,,mode4,POLISH,True,RSS=42.16402946830324,True,-1,-1,-1,0.0
SCEN-A,SPL,M0:fold1,,,mode5,POLISH,True,RSS=42.16402946830305,True,-1,-1,-1,0.0
SCEN-A,SPL,M0:fold1,,,mode6,POLISH_EXPANDED,True,RSS=42.16402946830305,True,-1,-1,-1,0.0
SCEN-A,SPL,M0:fold1,,,mode7,POLISH_EXPANDED,True,RSS=42.16402946830305,True,-1,-1,-1,0.0
SCEN-A,SPL,M0:fold1,,,mode8,POLISH,True,RSS=42.164029468303035,True,-1,-1,-1,0.0
SCEN-A,SPL,M0:fold1,,,mode9,POLISH,True,RSS=42.16402946830305,True,-1,-1,-1,0.0
SCEN-A,SPL,M0:fold1,,,mode10,POLISH_EXPANDED,True,RSS=42.16402946830305,True,-1,-1,-1,0.0
SCEN-A,SPL,M0:fold1,,,mode11,POLISH_EXPANDED,True,RSS=42.16402946830305,True,-1,-1,-1,0.0
SCEN-A,SPL,M0:fold1,,,mode12,POLISH_EXPANDED,True,RSS=42.16402946830305,True,-1,-1,-1,0.0
SCEN-A,SPL,M0:fold1,,,mode13,POLISH_EXPANDED,True,RSS=42.164029468303426,True,-1,-1,-1,0.0
SCEN-A,SPL,M0:fold1,,,mode14,POLISH,True,RSS=42.16402946830327,True,-1,-1,-1,0.0
SCEN-A,SPL,M0:fold1,,,mode15,POLISH_EXPANDED,True,RSS=42.15965531658904,True,-1,-1,-1,0.0
SCEN-A,SPL,M0:fold1,,,mode16,POLISH_EXPANDED,True,RSS=41.772018688291986,True,-1,-1,-1,0.0
SCEN-A,SPL,M0:fold1,,,mode17,POLISH,True,RSS=40.370031390008805,True,-1,-1,-1,0.0
SCEN-A,SPL,M0:fold1,,,mode18,POLISH,True,RSS=38.215776498904255,True,-1,-1,-1,0.0
SCEN-A,SPL,M0:fold1,,,mode19,POLISH_EXPANDED,True,RSS=35.988137101378676,True,-1,-1,-1,0.0
SCEN-A,SPL,M0:fold1,,,mode20,POLISH_EXPANDED,True,RSS=34.09173578306433,True,-1,-1,-1,0.0
SCEN-A,SPL,M0:fold1,,,mode21,POLISH,True,RSS=32.611234723860484,True,-1,-1,-1,0.0
SCEN-A,SPL,M0:fold1,,,mode22,POLISH,True,RSS=31.503555642757565,True,-1,-1,-1,0.0
SCEN-A,SPL,M0:fold1,,,mode23,POLISH,True,RSS=30.69722236826356,True,-1,-1,-1,0.0
SCEN-A,SPL,M0:fold1,,,mode24,POLISH,True,RSS=30.14707892009157,True,-1,-1,-1,0.0
SCEN-A,SPL,M0:fold1,,,mode25,POLISH,True,RSS=29.794922327042105,True,-1,-1,-1,0.0
SCEN-A,SPL,M0:fold1,,,mode26,POLISH,True,RSS=29.613082188483933,True,-1,-1,-1,0.0
SCEN-A,SPL,M0:fold1,,,mode27,POLISH_EXPANDED,True,RSS=29.572933716541097,True,-1,-1,-1,0.0
SCEN-A,SPL,M0:fold1,,,mode28,POLISH,True,RSS=29.579342623548893,True,-1,-1,-1,0.0
SCEN-A,SPL,M0:fold1,,,mode29,POLISH_EXPANDED,True,RSS=29.676795771091612,True,-1,-1,-1,0.0
SCEN-A,SPL,M0:fold1,,,mode30,POLISH_EXPANDED,True,RSS=29.744410876641776,True,-1,-1,-1,0.0
SCEN-A,SPL,M0:fold1,,,mode31,POLISH,True,RSS=29.711476982410414,True,-1,-1,-1,0.0
SCEN-A,SPL,M0:fold1,,,mode32,POLISH_EXPANDED,True,RSS=29.675641277823054,True,-1,-1,-1,0.0
SCEN-A,SPL,M0:fold1,,,mode33,POLISH_EXPANDED,True,RSS=29.636522369231802,True,-1,-1,-1,0.0
SCEN-A,SPL,M0:fold1,,,mode34,POLISH,True,RSS=29.59367167739229,True,-1,-1,-1,0.0
SCEN-A,SPL,M0:fold1,,,mode35,POLISH,True,RSS=29.116371056098266,True,-1,-1,-1,0.0
SCEN-A,SPL,M0:fold1,,,mode36,POLISH,True,RSS=26.828143729134258,True,-1,-1,-1,0.0
SCEN-A,SPL,M0:fold1,,,mode37,POLISH_EXPANDED,True,RSS=23.876657330481926,True,-1,-1,-1,0.0
SCEN-A,SPL,M0:fold1,,,mode38,POLISH_EXPANDED,True,RSS=21.36007285169582,True,-1,-1,-1,0.0
SCEN-A,SPL,M0:fold1,,,mode39,POLISH,True,RSS=19.269445580042987,True,-1,-1,-1,0.0
SCEN-A,SPL,M0:fold1,,,mode40,POLISH,True,RSS=17.525287681026057,True,-1,-1,-1,0.0
SCEN-A,SPL,M0:fold1,,,mode41,POLISH_EXPANDED,True,RSS=16.055332643013216,True,-1,-1,-1,0.0
SCEN-A,SPL,M0:fold1,,,mode42,POLISH_EXPANDED,True,RSS=14.801842048664819,True,-1,-1,-1,0.0
SCEN-A,SPL,M0:fold1,,,mode43,POLISH_EXPANDED,True,RSS=13.718708303399834,True,-1,-1,-1,0.0
SCEN-A,SPL,M0:fold1,,,mode44,POLISH_EXPANDED,True,RSS=12.769117399355961,True,-1,-1,-1,0.0
SCEN-A,SPL,M0:fold1,,,mode45,POLISH_EXPANDED,True,RSS=11.926020558590588,True,-1,-1,-1,0.0
SCEN-A,SPL,M0:fold1,,,mode46,POLISH_EXPANDED,True,RSS=11.168579467872366,True,-1,-1,-1,0.0
SCEN-A,SPL,M0:fold1,,,mode47,POLISH_EXPANDED,True,RSS=10.482280387685437,True,-1,-1,-1,0.0
SCEN-A,SPL,M0:fold1,,,mode48,POLISH_EXPANDED,True,RSS=9.858180078056723,True,-1,-1,-1,0.0
SCEN-A,SPL,M0:fold1,,,mode49,POLISH_EXPANDED,True,RSS=9.293278392847517,True,-1,-1,-1,0.0
SCEN-A,SPL,M0:fold1,,,mode50,POLISH,True,RSS=8.787708784532667,True,-1,-1,-1,0.0
SCEN-A,SPL,M0:fold1,,,mode51,POLISH,True,RSS=8.355132583568741,True,-1,-1,-1,0.0
SCEN-A,SPL,M0:fold1,,,mode52,POLISH_EXPANDED,True,RSS=8.029250849424747,True,-1,-1,-1,0.0
SCEN-A,SPL,M0:fold1,,,mode53,POLISH,True,RSS=7.852002265584279,True,-1,-1,-1,0.0
SCEN-A,SPL,M0:fold1,,,mode54,POLISH,True,RSS=7.813128141189927,True,-1,-1,-1,0.0
SCEN-A,SPL,M0:fold1,,,mode55,POLISH,True,RSS=7.815939969504841,True,-1,-1,-1,0.0
SCEN-A,SPL,M0:fold1,,,mode56,POLISH_EXPANDED,True,RSS=7.927853132194611,True,-1,-1,-1,0.0
SCEN-A,SPL,M0:fold1,,,mode57,POLISH,True,RSS=8.264381845059347,True,-1,-1,-1,0.0
SCEN-A,SPL,M0:fold1,,,mode58,POLISH,True,RSS=8.952824286095382,True,-1,-1,-1,0.0
SCEN-A,SPL,M0:fold1,,,mode59,POLISH,True,RSS=10.187392677093513,True,-1,-1,-1,0.0
SCEN-A,SPL,M0:fold1,,,mode60,POLISH_EXPANDED,True,RSS=12.591103712602889,True,-1,-1,-1,0.0
SCEN-A,SPL,M0:fold1,,,mode61,POLISH,True,RSS=15.362167558810567,True,-1,-1,-1,0.0
SCEN-A,SPL,M0:fold1,,,mode62,POLISH,True,RSS=17.894715194658623,True,-1,-1,-1,0.0
SCEN-A,SPL,M0:fold1,,,mode63,POLISH,True,RSS=20.06538137243347,True,-1,-1,-1,0.0
SCEN-A,SPL,M0:fold1,,,mode64,POLISH,True,RSS=21.896615503951345,True,-1,-1,-1,0.0
SCEN-A,SPL,M0:fold1,,,mode65,POLISH,True,RSS=23.44663346563776,True,-1,-1,-1,0.0
SCEN-A,SPL,M0:fold1,,,mode66,POLISH,True,RSS=24.783510026324702,True,-1,-1,-1,0.0
SCEN-A,SPL,M0:fold1,,,mode67,POLISH,True,RSS=25.95524656217649,True,-1,-1,-1,0.0
SCEN-A,SPL,M0:fold1,,,mode68,POLISH,True,RSS=26.992736987381782,True,-1,-1,-1,0.0
SCEN-A,SPL,M0:fold1,,,mode69,POLISH,True,RSS=27.837842554917927,True,-1,-1,-1,0.0
SCEN-A,SPL,M0:fold1,,,mode70,POLISH,True,RSS=28.527445568559433,True,-1,-1,-1,0.0
SCEN-A,SPL,M0:fold1,,,mode71,POLISH,True,RSS=29.112327511850275,True,-1,-1,-1,0.0
SCEN-A,SPL,M0:fold1,,,mode72,POLISH,True,RSS=29.648757779799944,True,-1,-1,-1,0.0
SCEN-A,SPL,M0:fold1,,,mode73,POLISH,True,RSS=30.243175068578562,True,-1,-1,-1,0.0
SCEN-A,SPL,M0:fold1,,,mode74,POLISH,True,RSS=30.923963616750182,True,-1,-1,-1,0.0
SCEN-A,SPL,M0:fold1,,,mode75,POLISH,True,RSS=31.710016927677476,True,-1,-1,-1,0.0
SCEN-A,SPL,M0:fold1,,,mode76,POLISH,True,RSS=32.62427769316123,True,-1,-1,-1,0.0
SCEN-A,SPL,M0:fold1,,,mode77,POLISH,True,RSS=33.69836443906624,True,-1,-1,-1,0.0
SCEN-A,SPL,M0:fold1,,,mode78,POLISH,True,RSS=34.97531878698382,True,-1,-1,-1,0.0
SCEN-A,SPL,M0:fold1,,,mode79,POLISH,True,RSS=36.51271734225576,True,-1,-1,-1,0.0
SCEN-A,SPL,M0:fold1,,,mode80,POLISH,True,RSS=38.37871508604674,True,-1,-1,-1,0.0
SCEN-A,SPL,M0:fold1,,,mode81,POLISH,True,RSS=40.68804270131001,True,-1,-1,-1,0.0
SCEN-A,SPL,M0:fold1,,,mode82,POLISH,True,RSS=43.53359757953934,True,-1,-1,-1,0.0
SCEN-A,SPL,M0:fold1,,,mode83,POLISH_EXPANDED,True,RSS=46.816510567475284,True,-1,-1,-1,0.0
SCEN-A,SPL,M0:fold1,,,mode84,POLISH_EXPANDED,True,RSS=50.01760894107712,True,-1,-1,-1,0.0
SCEN-A,SPL,M0:fold1,,,mode85,POLISH_EXPANDED,True,RSS=52.26954963851399,True,-1,-1,-1,0.0
SCEN-A,SPL,M0:fold1,,,mode86,POLISH,True,RSS=53.110346600941185,True,-1,-1,-1,0.0
SCEN-A,SPL,M0:fold1,,,mode87,POLISH,True,RSS=53.18513664242537,True,-1,-1,-1,0.0
SCEN-A,SPL,M0:fold1,,,mode88,FALLBACK,True,RSS=53.20187730189067,True,-1,-1,-1,0.0
SCEN-A,SPL,M0:fold1,,,mode89,POLISH,True,RSS=53.29357668007131,True,-1,-1,-1,0.0
SCEN-A,SPL,M0:fold1,,,mode90,FALLBACK,True,RSS=53.461447323662526,True,-1,-1,-1,0.0
SCEN-A,SPL,M0:fold1,,,mode91,POLISH,True,RSS=53.694464462228964,True,-1,-1,-1,0.0
SCEN-A,SPL,M0:fold1,,,mode92,POLISH,True,RSS=53.98647353873086,True,-1,-1,-1,0.0
SCEN-A,SPL,M0:fold1,,,mode93,POLISH_EXPANDED,True,RSS=54.3345887706722,True,-1,-1,-1,0.0
SCEN-A,SPL,M0:fold1,,,mode94,POLISH_EXPANDED,True,RSS=54.73858814045063,True,-1,-1,-1,0.0
SCEN-A,SPL,M0:fold1,,,mode95,POLISH,True,RSS=55.2010428075254,True,-1,-1,-1,0.0
SCEN-A,SPL,M0:fold1,,,mode96,POLISH,True,RSS=55.72629296661434,True,-1,-1,-1,0.0
SCEN-A,SPL,M0:fold1,,,mode97,POLISH_EXPANDED,True,RSS=56.31789352052502,True,-1,-1,-1,0.0
SCEN-A,SPL,M0:fold1,,,mode98,POLISH,True,RSS=56.98765971027413,True,-1,-1,-1,0.0
SCEN-A,SPL,M0:fold1,,,mode99,POLISH_EXPANDED,True,RSS=57.75442281499026,True,-1,-1,-1,0.0
SCEN-A,SPL,M0:fold1,,,mode100,POLISH,True,RSS=58.63390894265463,True,-1,-1,-1,0.0
SCEN-A,SPL,M0:fold1,,,mode101,POLISH,True,RSS=59.64312042103039,True,-1,-1,-1,0.0
SCEN-A,SPL,M0:fold1,,,mode102,POLISH,True,RSS=60.797131741561664,True,-1,-1,-1,0.0
SCEN-A,SPL,M0:fold1,,,mode103,POLISH,True,RSS=62.112759613015925,True,-1,-1,-1,0.0
SCEN-A,SPL,M0:fold1,,,mode104,POLISH_EXPANDED,True,RSS=63.59867816245048,True,-1,-1,-1,0.0
SCEN-A,SPL,M0:fold1,,,mode105,POLISH,True,RSS=64.90899397760225,True,-1,-1,-1,0.0
SCEN-A,SPL,M0:fold1,,,mode106,POLISH,True,RSS=65.51078321534092,True,-1,-1,-1,0.0
SCEN-A,SPL,M0:fold1,,,mode107,POLISH_EXPANDED,True,RSS=65.51733970230552,True,-1,-1,-1,0.0
SCEN-A,SPL,M0:fold1,,,mode108,POLISH,True,RSS=65.51733970230565,True,-1,-1,-1,0.0
SCEN-A,SPL,M0:fold1,,,mode109,POLISH_EXPANDED,True,RSS=65.51733970230552,True,-1,-1,-1,0.0
SCEN-A,SPL,M0:fold1,,,mode110,POLISH_EXPANDED,True,RSS=65.51733970230552,True,-1,-1,-1,0.0
SCEN-A,SPL,M0:fold1,,,mode111,POLISH,True,RSS=65.51733970230555,True,-1,-1,-1,0.0
SCEN-A,SPL,M0:fold1,,,mode112,POLISH_EXPANDED,True,RSS=65.51733970230552,True,-1,-1,-1,0.0
SCEN-A,SPL,M0:fold1,,,mode113,POLISH_EXPANDED,True,RSS=65.51733970230552,True,-1,-1,-1,0.0
SCEN-A,SPL,M0:fold1,,,mode114,POLISH_EXPANDED,True,RSS=65.51733970230552,True,-1,-1,-1,0.0
SCEN-A,SPL,M0:fold1,,,mode115,POLISH_EXPANDED,True,RSS=65.51733970230552,True,-1,-1,-1,0.0
SCEN-A,SPL,M0:fold1,,,mode116,POLISH_EXPANDED,True,RSS=65.51733970230552,True,-1,-1,-1,0.0
SCEN-A,SPL,M0:fold1,,,mode117,POLISH,True,RSS=65.54518190875997,True,-1,-1,-1,0.0
SCEN-A,SPL,M0:fold1,,,mode118,POLISH,True,RSS=65.70255686323301,True,-1,-1,-1,0.0
SCEN-A,SPL,M0:fold1,,,mode119,POLISH,True,RSS=66.0024366308689,True,-1,-1,-1,0.0
SCEN-A,SPL,M0:fold1,,,mode120,POLISH,True,RSS=66.44046134089446,True,-1,-1,-1,0.0
SCEN-A,SPL,M0:fold1,,,mode121,POLISH,True,RSS=67.01939431387004,True,-1,-1,-1,0.0
SCEN-A,SPL,M0:fold1,,,mode122,POLISH,True,RSS=67.743286660635,True,-1,-1,-1,0.0
SCEN-A,SPL,M0:fold1,,,mode123,POLISH,True,RSS=68.60748915711363,True,-1,-1,-1,0.0
SCEN-A,SPL,M0:fold1,,,mode124,POLISH,True,RSS=69.57414525344667,True,-1,-1,-1,0.0
SCEN-A,SPL,M0:fold1,,,mode125,POLISH,True,RSS=70.51791927468238,True,-1,-1,-1,0.0
SCEN-A,SPL,M0:fold1,,,mode126,POLISH,True,RSS=71.11687089490843,True,-1,-1,-1,0.0
SCEN-A,SPL,M0:fold1,,,mode127,POLISH_EXPANDED,True,RSS=71.14412685376644,True,-1,-1,-1,0.0
SCEN-A,SPL,M0:fold1,,,mode128,POLISH_EXPANDED,True,RSS=71.14412685376666,True,-1,-1,-1,0.0
SCEN-A,SPL,M0:fold1,,,mode129,POLISH_EXPANDED,True,RSS=71.14412685376625,True,-1,-1,-1,0.0
SCEN-A,SPL,M0:fold1,,,mode130,POLISH,True,RSS=71.14412685376666,True,-1,-1,-1,0.0
SCEN-A,SPL,M0:fold1,,,mode131,POLISH_EXPANDED,True,RSS=71.14412685376665,True,-1,-1,-1,0.0
SCEN-A,SPL,M0:fold1,,,mode132,POLISH,True,RSS=71.14412685376665,True,-1,-1,-1,0.0
SCEN-A,SPL,M0:fold1,,,mode133,POLISH,True,RSS=71.14412685376665,True,-1,-1,-1,0.0
SCEN-A,SPL,M0:fold1,,,mode134,POLISH,True,RSS=71.14412685376655,True,-1,-1,-1,0.0
SCEN-A,SPL,M0:fold1,,,mode135,POLISH,True,RSS=71.14412685376665,True,-1,-1,-1,0.0
SCEN-A,SPL,M0:fold1,,,mode136,POLISH,True,RSS=71.14412685376665,True,-1,-1,-1,0.0
SCEN-A,SPL,M0:fold1,,,mode137,POLISH,True,RSS=71.14412685376665,True,-1,-1,-1,0.0
SCEN-A,SPL,M0:fold1,,,mode138,POLISH,True,RSS=71.14412685376665,True,-1,-1,-1,0.0
SCEN-A,SPL,M0:fold1,,,mode139,POLISH,True,RSS=71.14412685376665,True,-1,-1,-1,0.0
SCEN-A,SPL,M0:fold1,,,mode140,POLISH_EXPANDED,True,RSS=71.14412685376665,True,-1,-1,-1,0.0
SCEN-A,SPL,M0:fold1,,,mode141,POLISH,True,RSS=71.14412684544426,True,-1,-1,-1,0.0
SCEN-A,SPL,M0:fold1,,,mode142,POLISH_EXPANDED,True,RSS=71.14412685376665,True,-1,-1,-1,0.0
SCEN-A,SPL,M0:fold1,,,mode143,POLISH,True,RSS=71.14412685376665,True,-1,-1,-1,0.0
SCEN-A,SPL,M0:fold1,,,mode144,POLISH,True,RSS=71.14412685376665,True,-1,-1,-1,0.0
SCEN-A,SPL,M0:fold1,,,mode145,POLISH_EXPANDED,True,RSS=71.14412685376665,True,-1,-1,-1,0.0
SCEN-A,SPL,M0:fold2,,,mode0,POLISH,True,RSS=59.362650350791185,True,-1,-1,-1,0.0
SCEN-A,SPL,M0:fold2,,,mode1,POLISH,True,RSS=59.36149377526579,True,-1,-1,-1,0.0
SCEN-A,SPL,M0:fold2,,,mode2,POLISH,True,RSS=59.360250208498144,True,-1,-1,-1,0.0
SCEN-A,SPL,M0:fold2,,,mode3,POLISH,True,RSS=59.35814784354234,True,-1,-1,-1,0.0
SCEN-A,SPL,M0:fold2,,,mode4,POLISH_EXPANDED,True,RSS=59.34846604944135,True,-1,-1,-1,0.0
SCEN-A,SPL,M0:fold2,,,mode5,POLISH_EXPANDED,True,RSS=59.33793241039132,True,-1,-1,-1,0.0
SCEN-A,SPL,M0:fold2,,,mode6,POLISH_EXPANDED,True,RSS=59.326429432061694,True,-1,-1,-1,0.0
SCEN-A,SPL,M0:fold2,,,mode7,POLISH,True,RSS=59.31381699172156,True,-1,-1,-1,0.0
SCEN-A,SPL,M0:fold2,,,mode8,POLISH,True,RSS=59.28460028201357,True,-1,-1,-1,0.0
SCEN-A,SPL,M0:fold2,,,mode9,POLISH,True,RSS=59.24978318072523,True,-1,-1,-1,0.0
SCEN-A,SPL,M0:fold2,,,mode10,POLISH,True,RSS=59.200070628333265,True,-1,-1,-1,0.0
SCEN-A,SPL,M0:fold2,,,mode11,POLISH,True,RSS=59.125629922520226,True,-1,-1,-1,0.0
SCEN-A,SPL,M0:fold2,,,mode12,POLISH_EXPANDED,True,RSS=59.00677780243985,True,-1,-1,-1,0.0
SCEN-A,SPL,M0:fold2,,,mode13,POLISH,True,RSS=58.81691425734088,True,-1,-1,-1,0.0
SCEN-A,SPL,M0:fold2,,,mode14,POLISH,True,RSS=58.47262746641478,True,-1,-1,-1,0.0
SCEN-A,SPL,M0:fold2,,,mode15,POLISH,True,RSS=57.773650562191406,True,-1,-1,-1,0.0
SCEN-A,SPL,M0:fold2,,,mode16,POLISH,True,RSS=56.2524179034386,True,-1,-1,-1,0.0
SCEN-A,SPL,M0:fold2,,,mode17,POLISH,True,RSS=53.40402550960103,True,-1,-1,-1,0.0
SCEN-A,SPL,M0:fold2,,,mode18,POLISH,True,RSS=49.73410833682812,True,-1,-1,-1,0.0
SCEN-A,SPL,M0:fold2,,,mode19,POLISH,True,RSS=46.09739727322953,True,-1,-1,-1,0.0
SCEN-A,SPL,M0:fold2,,,mode20,POLISH_EXPANDED,True,RSS=42.99382767743497,True,-1,-1,-1,0.0
SCEN-A,SPL,M0:fold2,,,mode21,POLISH,True,RSS=40.52899820528327,True,-1,-1,-1,0.0
SCEN-A,SPL,M0:fold2,,,mode22,POLISH_EXPANDED,True,RSS=38.648203457725366,True,-1,-1,-1,0.0
SCEN-A,SPL,M0:fold2,,,mode23,POLISH_EXPANDED,True,RSS=37.24936005285448,True,-1,-1,-1,0.0
SCEN-A,SPL,M0:fold2,,,mode24,POLISH_EXPANDED,True,RSS=36.23842672182774,True,-1,-1,-1,0.0
SCEN-A,SPL,M0:fold2,,,mode25,POLISH_EXPANDED,True,RSS=35.55033576290084,True,-1,-1,-1,0.0
SCEN-A,SPL,M0:fold2,,,mode26,POLISH_EXPANDED,True,RSS=35.13597044942521,True,-1,-1,-1,0.0
SCEN-A,SPL,M0:fold2,,,mode27,POLISH,True,RSS=34.963030434707164,True,-1,-1,-1,0.0
SCEN-A,SPL,M0:fold2,,,mode28,POLISH,True,RSS=34.94826712513506,True,-1,-1,-1,0.0
SCEN-A,SPL,M0:fold2,,,mode29,POLISH,True,RSS=35.00030216260906,True,-1,-1,-1,0.0
SCEN-A,SPL,M0:fold2,,,mode30,POLISH,True,RSS=35.027058237140714,True,-1,-1,-1,0.0
SCEN-A,SPL,M0:fold2,,,mode31,POLISH,True,RSS=34.97304572696045,True,-1,-1,-1,0.0
SCEN-A,SPL,M0:fold2,,,mode32,POLISH_EXPANDED,True,RSS=34.337863408305516,True,-1,-1,-1,0.0
SCEN-A,SPL,M0:fold2,,,mode33,POLISH_EXPANDED,True,RSS=31.595121260637683,True,-1,-1,-1,0.0
SCEN-A,SPL,M0:fold2,,,mode34,POLISH_EXPANDED,True,RSS=27.835141100841305,True,-1,-1,-1,0.0
SCEN-A,SPL,M0:fold2,,,mode35,POLISH,True,RSS=24.226510363657297,True,-1,-1,-1,0.0
SCEN-A,SPL,M0:fold2,,,mode36,POLISH,True,RSS=21.402681943613914,True,-1,-1,-1,0.0
SCEN-A,SPL,M0:fold2,,,mode37,POLISH_EXPANDED,True,RSS=19.201153496455557,True,-1,-1,-1,0.0
SCEN-A,SPL,M0:fold2,,,mode38,POLISH_EXPANDED,True,RSS=17.455978013473928,True,-1,-1,-1,0.0
SCEN-A,SPL,M0:fold2,,,mode39,FALLBACK,True,RSS=16.047981517170527,True,-1,-1,-1,0.0
SCEN-A,SPL,M0:fold2,,,mode40,POLISH_EXPANDED,True,RSS=14.891234692488489,True,-1,-1,-1,0.0
SCEN-A,SPL,M0:fold2,,,mode41,POLISH_EXPANDED,True,RSS=13.924224154299301,True,-1,-1,-1,0.0
SCEN-A,SPL,M0:fold2,,,mode42,POLISH_EXPANDED,True,RSS=13.10220040799952,True,-1,-1,-1,0.0
SCEN-A,SPL,M0:fold2,,,mode43,POLISH_EXPANDED,True,RSS=12.392488651973611,True,-1,-1,-1,0.0
SCEN-A,SPL,M0:fold2,,,mode44,FALLBACK,True,RSS=11.77108541895037,True,-1,-1,-1,0.0
SCEN-A,SPL,M0:fold2,,,mode45,POLISH_EXPANDED,True,RSS=11.220534528865382,True,-1,-1,-1,0.0
SCEN-A,SPL,M0:fold2,,,mode46,POLISH_EXPANDED,True,RSS=10.72837513600895,True,-1,-1,-1,0.0
SCEN-A,SPL,M0:fold2,,,mode47,POLISH,True,RSS=10.28595994381293,True,-1,-1,-1,0.0
SCEN-A,SPL,M0:fold2,,,mode48,POLISH,True,RSS=9.89012947305643,True,-1,-1,-1,0.0
SCEN-A,SPL,M0:fold2,,,mode49,POLISH,True,RSS=9.543170383903949,True,-1,-1,-1,0.0
SCEN-A,SPL,M0:fold2,,,mode50,POLISH,True,RSS=9.254415056185332,True,-1,-1,-1,0.0
SCEN-A,SPL,M0:fold2,,,mode51,POLISH,True,RSS=9.043416454922738,True,-1,-1,-1,0.0
SCEN-A,SPL,M0:fold2,,,mode52,POLISH,True,RSS=8.945214943012418,True,-1,-1,-1,0.0
SCEN-A,SPL,M0:fold2,,,mode53,POLISH,True,RSS=8.943435971508517,True,-1,-1,-1,0.0
SCEN-A,SPL,M0:fold2,,,mode54,POLISH_EXPANDED,True,RSS=9.01838900125782,True,-1,-1,-1,0.0
SCEN-A,SPL,M0:fold2,,,mode55,POLISH,True,RSS=9.32053912936111,True,-1,-1,-1,0.0
SCEN-A,SPL,M0:fold2,,,mode56,POLISH_EXPANDED,True,RSS=9.940123678097683,True,-1,-1,-1,0.0
SCEN-A,SPL,M0:fold2,,,mode57,POLISH_EXPANDED,True,RSS=11.074554220738587,True,-1,-1,-1,0.0
SCEN-A,SPL,M0:fold2,,,mode58,POLISH,True,RSS=13.019820600442435,True,-1,-1,-1,0.0
SCEN-A,SPL,M0:fold2,,,mode59,POLISH_EXPANDED,True,RSS=16.05422935585817,True,-1,-1,-1,0.0
SCEN-A,SPL,M0:fold2,,,mode60,POLISH,True,RSS=19.914934904127094,True,-1,-1,-1,0.0
SCEN-A,SPL,M0:fold2,,,mode61,POLISH,True,RSS=23.91591758843848,True,-1,-1,-1,0.0
SCEN-A,SPL,M0:fold2,,,mode62,POLISH,True,RSS=27.278284338189156,True,-1,-1,-1,0.0
SCEN-A,SPL,M0:fold2,,,mode63,POLISH,True,RSS=29.541313801666814,True,-1,-1,-1,0.0
SCEN-A,SPL,M0:fold2,,,mode64,FALLBACK,True,RSS=30.717427187849047,True,-1,-1,-1,0.0
SCEN-A,SPL,M0:fold2,,,mode65,POLISH_EXPANDED,True,RSS=31.21428923558706,True,-1,-1,-1,0.0
SCEN-A,SPL,M0:fold2,,,mode66,POLISH,True,RSS=31.61556667654966,True,-1,-1,-1,0.0
SCEN-A,SPL,M0:fold2,,,mode67,POLISH_EXPANDED,True,RSS=32.07302247354275,True,-1,-1,-1,0.0
SCEN-A,SPL,M0:fold2,,,mode68,POLISH_EXPANDED,True,RSS=32.59010220580035,True,-1,-1,-1,0.0
SCEN-A,SPL,M0:fold2,,,mode69,POLISH,True,RSS=33.183059123037765,True,-1,-1,-1,0.0
SCEN-A,SPL,M0:fold2,,,mode70,POLISH,True,RSS=33.86016780356193,True,-1,-1,-1,0.0
SCEN-A,SPL,M0:fold2,,,mode71,POLISH,True,RSS=34.640661587517535,True,-1,-1,-1,0.0
SCEN-A,SPL,M0:fold2,,,mode72,POLISH,True,RSS=35.54536732678836,True,-1,-1,-1,0.0
SCEN-A,SPL,M0:fold2,,,mode73,POLISH,True,RSS=36.60028240764143,True,-1,-1,-1,0.0
SCEN-A,SPL,M0:fold2,,,mode74,POLISH,True,RSS=37.84263334617895,True,-1,-1,-1,0.0
SCEN-A,SPL,M0:fold2,,,mode75,POLISH,True,RSS=39.321118970386,True,-1,-1,-1,0.0
SCEN-A,SPL,M0:fold2,,,mode76,POLISH,True,RSS=41.09472760623924,True,-1,-1,-1,0.0
SCEN-A,SPL,M0:fold2,,,mode77,POLISH_EXPANDED,True,RSS=43.2748098230952,True,-1,-1,-1,0.0
SCEN-A,SPL,M0:fold2,,,mode78,POLISH,True,RSS=45.9640604155056,True,-1,-1,-1,0.0
SCEN-A,SPL,M0:fold2,,,mode79,POLISH_EXPANDED,True,RSS=49.35462442920994,True,-1,-1,-1,0.0
SCEN-A,SPL,M0:fold2,,,mode80,POLISH_EXPANDED,True,RSS=53.68500735052229,True,-1,-1,-1,0.0
SCEN-A,SPL,M0:fold2,,,mode81,POLISH_EXPANDED,True,RSS=59.253988930591674,True,-1,-1,-1,0.0
SCEN-A,SPL,M0:fold2,,,mode82,POLISH,True,RSS=66.09909166876484,True,-1,-1,-1,0.0
SCEN-A,SPL,M0:fold2,,,mode83,POLISH,True,RSS=72.9662496557753,True,-1,-1,-1,0.0
SCEN-A,SPL,M0:fold2,,,mode84,POLISH,True,RSS=77.42018934474372,True,-1,-1,-1,0.0
SCEN-A,SPL,M0:fold2,,,mode85,POLISH_EXPANDED,True,RSS=79.0412266809259,True,-1,-1,-1,0.0
SCEN-A,SPL,M0:fold2,,,mode86,POLISH_EXPANDED,True,RSS=79.47929584691815,True,-1,-1,-1,0.0
SCEN-A,SPL,M0:fold2,,,mode87,POLISH_EXPANDED,True,RSS=79.6062788131085,True,-1,-1,-1,0.0
SCEN-A,SPL,M0:fold2,,,mode88,POLISH_EXPANDED,True,RSS=79.66257782542279,True,-1,-1,-1,0.0
SCEN-A,SPL,M0:fold2,,,mode89,POLISH,True,RSS=79.83258910317006,True,-1,-1,-1,0.0
SCEN-A,SPL,M0:fold2,,,mode90,POLISH,True,RSS=80.14473961041695,True,-1,-1,-1,0.0
SCEN-A,SPL,M0:fold2,,,mode91,POLISH_EXPANDED,True,RSS=80.58592403617467,True,-1,-1,-1,0.0
SCEN-A,SPL,M0:fold2,,,mode92,POLISH,True,RSS=81.1473910226195,True,-1,-1,-1,0.0
SCEN-A,SPL,M0:fold2,,,mode93,POLISH_EXPANDED,True,RSS=81.82614175032234,True,-1,-1,-1,0.0
SCEN-A,SPL,M0:fold2,,,mode94,POLISH,True,RSS=82.62395076037393,True,-1,-1,-1,0.0
SCEN-A,SPL,M0:fold2,,,mode95,POLISH_EXPANDED,True,RSS=83.54245465211119,True,-1,-1,-1,0.0
SCEN-A,SPL,M0:fold2,,,mode96,POLISH_EXPANDED,True,RSS=84.5918051875073,True,-1,-1,-1,0.0
SCEN-A,SPL,M0:fold2,,,mode97,POLISH_EXPANDED,True,RSS=85.78273239282439,True,-1,-1,-1,0.0
SCEN-A,SPL,M0:fold2,,,mode98,POLISH,True,RSS=87.12854703108866,True,-1,-1,-1,0.0
SCEN-A,SPL,M0:fold2,,,mode99,POLISH_EXPANDED,True,RSS=88.64020590863177,True,-1,-1,-1,0.0
SCEN-A,SPL,M0:fold2,,,mode100,POLISH,True,RSS=90.33686921043463,True,-1,-1,-1,0.0
SCEN-A,SPL,M0:fold2,,,mode101,POLISH_EXPANDED,True,RSS=92.24435113954803,True,-1,-1,-1,0.0
SCEN-A,SPL,M0:fold2,,,mode102,POLISH_EXPANDED,True,RSS=94.4041148712302,True,-1,-1,-1,0.0
SCEN-A,SPL,M0:fold2,,,mode103,FALLBACK,True,RSS=96.8338325860527,True,-1,-1,-1,0.0
SCEN-A,SPL,M0:fold2,,,mode104,POLISH_EXPANDED,True,RSS=99.12541195393142,True,-1,-1,-1,0.0
SCEN-A,SPL,M0:fold2,,,mode105,POLISH,True,RSS=100.3470393639394,True,-1,-1,-1,0.0
SCEN-A,SPL,M0:fold2,,,mode106,POLISH_EXPANDED,True,RSS=100.37953254432627,True,-1,-1,-1,0.0
SCEN-A,SPL,M0:fold2,,,mode107,POLISH_EXPANDED,True,RSS=100.37953254432627,True,-1,-1,-1,0.0
SCEN-A,SPL,M0:fold2,,,mode108,POLISH,True,RSS=100.37953254432665,True,-1,-1,-1,0.0
SCEN-A,SPL,M0:fold2,,,mode109,POLISH,True,RSS=100.37953254432671,True,-1,-1,-1,0.0
SCEN-A,SPL,M0:fold2,,,mode110,POLISH,True,RSS=100.37953254432618,True,-1,-1,-1,0.0
SCEN-A,SPL,M0:fold2,,,mode111,POLISH,True,RSS=100.3795325443262,True,-1,-1,-1,0.0
SCEN-A,SPL,M0:fold2,,,mode112,POLISH,True,RSS=100.37953254431997,True,-1,-1,-1,0.0
SCEN-A,SPL,M0:fold2,,,mode113,POLISH,True,RSS=100.37953254432627,True,-1,-1,-1,0.0
SCEN-A,SPL,M0:fold2,,,mode114,POLISH,True,RSS=100.37953254432648,True,-1,-1,-1,0.0
SCEN-A,SPL,M0:fold2,,,mode115,POLISH,True,RSS=100.37953254609215,True,-1,-1,-1,0.0
SCEN-A,SPL,M0:fold2,,,mode116,POLISH_EXPANDED,True,RSS=100.37953254432627,True,-1,-1,-1,0.0
SCEN-A,SPL,M0:fold2,,,mode117,POLISH,True,RSS=100.42606064136996,True,-1,-1,-1,0.0
SCEN-A,SPL,M0:fold2,,,mode118,POLISH,True,RSS=100.689097729492,True,-1,-1,-1,0.0
SCEN-A,SPL,M0:fold2,,,mode119,POLISH,True,RSS=101.19052238991826,True,-1,-1,-1,0.0
SCEN-A,SPL,M0:fold2,,,mode120,POLISH,True,RSS=101.92344785727458,True,-1,-1,-1,0.0
SCEN-A,SPL,M0:fold2,,,mode121,POLISH,True,RSS=102.89333650947181,True,-1,-1,-1,0.0
SCEN-A,SPL,M0:fold2,,,mode122,POLISH,True,RSS=104.10860693549871,True,-1,-1,-1,0.0
SCEN-A,SPL,M0:fold2,,,mode123,POLISH,True,RSS=105.56322580314088,True,-1,-1,-1,0.0
SCEN-A,SPL,M0:fold2,,,mode124,POLISH,True,RSS=107.19702442795058,True,-1,-1,-1,0.0
SCEN-A,SPL,M0:fold2,,,mode125,POLISH,True,RSS=108.80518435570235,True,-1,-1,-1,0.0
SCEN-A,SPL,M0:fold2,,,mode126,POLISH,True,RSS=109.8556421681565,True,-1,-1,-1,0.0
SCEN-A,SPL,M0:fold2,,,mode127,POLISH,True,RSS=109.91635521964534,True,-1,-1,-1,0.0
SCEN-A,SPL,M0:fold2,,,mode128,POLISH,True,RSS=109.91635521964618,True,-1,-1,-1,0.0
SCEN-A,SPL,M0:fold2,,,mode129,POLISH,True,RSS=109.91635521964625,True,-1,-1,-1,0.0
SCEN-A,SPL,M0:fold2,,,mode130,POLISH,True,RSS=109.91635521964626,True,-1,-1,-1,0.0
SCEN-A,SPL,M0:fold2,,,mode131,POLISH,True,RSS=109.91635521964562,True,-1,-1,-1,0.0
SCEN-A,SPL,M0:fold2,,,mode132,POLISH,True,RSS=109.91635521964409,True,-1,-1,-1,0.0
SCEN-A,SPL,M0:fold2,,,mode133,POLISH,True,RSS=109.91635521964868,True,-1,-1,-1,0.0
SCEN-A,SPL,M0:fold2,,,mode134,POLISH,True,RSS=109.91635521964601,True,-1,-1,-1,0.0
SCEN-A,SPL,M0:fold2,,,mode135,POLISH,True,RSS=109.91635521963838,True,-1,-1,-1,0.0
SCEN-A,SPL,M0:fold2,,,mode136,POLISH,True,RSS=109.91635521964635,True,-1,-1,-1,0.0
SCEN-A,SPL,M0:fold2,,,mode137,POLISH,True,RSS=109.91635521964346,True,-1,-1,-1,0.0
SCEN-A,SPL,M0:fold2,,,mode138,POLISH,True,RSS=109.91635521964601,True,-1,-1,-1,0.0
SCEN-A,SPL,M0:fold2,,,mode139,POLISH,True,RSS=109.91635521964601,True,-1,-1,-1,0.0
SCEN-A,SPL,M0:fold2,,,mode140,POLISH,True,RSS=109.91635521964164,True,-1,-1,-1,0.0
SCEN-A,SPL,M0:fold2,,,mode141,POLISH_EXPANDED,True,RSS=109.91635521964642,True,-1,-1,-1,0.0
SCEN-A,SPL,M0:fold2,,,mode142,POLISH_EXPANDED,True,RSS=109.91635521964601,True,-1,-1,-1,0.0
SCEN-A,SPL,M0:fold2,,,mode143,POLISH,True,RSS=109.91635521964601,True,-1,-1,-1,0.0
SCEN-A,SPL,M0:fold2,,,mode144,POLISH,True,RSS=109.91635521964601,True,-1,-1,-1,0.0
SCEN-A,SPL,M0:fold2,,,mode145,POLISH_EXPANDED,True,RSS=109.91635521964601,True,-1,-1,-1,0.0
SCEN-A,SPL,M0:fold3,,,mode0,POLISH_EXPANDED,True,RSS=67.4564260347446,True,-1,-1,-1,0.0
SCEN-A,SPL,M0:fold3,,,mode1,POLISH_EXPANDED,True,RSS=67.4564260347446,True,-1,-1,-1,0.0
SCEN-A,SPL,M0:fold3,,,mode2,POLISH_EXPANDED,True,RSS=67.4564260347446,True,-1,-1,-1,0.0
SCEN-A,SPL,M0:fold3,,,mode3,POLISH_EXPANDED,True,RSS=67.4564260347446,True,-1,-1,-1,0.0
SCEN-A,SPL,M0:fold3,,,mode4,POLISH_EXPANDED,True,RSS=67.45642603474506,True,-1,-1,-1,0.0
SCEN-A,SPL,M0:fold3,,,mode5,POLISH,True,RSS=67.45642603474536,True,-1,-1,-1,0.0
SCEN-A,SPL,M0:fold3,,,mode6,POLISH_EXPANDED,True,RSS=67.45642603474474,True,-1,-1,-1,0.0
SCEN-A,SPL,M0:fold3,,,mode7,POLISH_EXPANDED,True,RSS=67.4564260347455,True,-1,-1,-1,0.0
SCEN-A,SPL,M0:fold3,,,mode8,POLISH_EXPANDED,True,RSS=67.4564260347455,True,-1,-1,-1,0.0
SCEN-A,SPL,M0:fold3,,,mode9,POLISH,True,RSS=67.45642603474472,True,-1,-1,-1,0.0
SCEN-A,SPL,M0:fold3,,,mode10,POLISH_EXPANDED,True,RSS=67.4564260347446,True,-1,-1,-1,0.0
SCEN-A,SPL,M0:fold3,,,mode11,POLISH,True,RSS=67.45642603474487,True,-1,-1,-1,0.0
SCEN-A,SPL,M0:fold3,,,mode12,POLISH,True,RSS=67.45642603474542,True,-1,-1,-1,0.0
SCEN-A,SPL,M0:fold3,,,mode13,POLISH,True,RSS=67.45555335636466,True,-1,-1,-1,0.0
SCEN-A,SPL,M0:fold3,,,mode14,POLISH_EXPANDED,True,RSS=67.43250039065089,True,-1,-1,-1,0.0
SCEN-A,SPL,M0:fold3,,,mode15,POLISH,True,RSS=67.2967268482789,True,-1,-1,-1,0.0
SCEN-A,SPL,M0:fold3,,,mode16,POLISH_EXPANDED,True,RSS=66.58050365478762,True,-1,-1,-1,0.0
SCEN-A,SPL,M0:fold3,,,mode17,POLISH,True,RSS=64.08558874276126,True,-1,-1,-1,0.0
SCEN-A,SPL,M0:fold3,,,mode18,POLISH_EXPANDED,True,RSS=59.749123614868694,True,-1,-1,-1,0.0
SCEN-A,SPL,M0:fold3,,,mode19,POLISH_EXPANDED,True,RSS=55.01131719464837,True,-1,-1,-1,0.0
SCEN-A,SPL,M0:fold3,,,mode20,POLISH,True,RSS=50.83998921048106,True,-1,-1,-1,0.0
SCEN-A,SPL,M0:fold3,,,mode21,POLISH,True,RSS=47.49622890301214,True,-1,-1,-1,0.0
SCEN-A,SPL,M0:fold3,,,mode22,POLISH,True,RSS=44.94021098716766,True,-1,-1,-1,0.0
SCEN-A,SPL,M0:fold3,,,mode23,POLISH,True,RSS=43.03957572263407,True,-1,-1,-1,0.0
SCEN-A,SPL,M0:fold3,,,mode24,POLISH,True,RSS=41.674599384956124,True,-1,-1,-1,0.0
SCEN-A,SPL,M0:fold3,,,mode25,POLISH,True,RSS=40.737535747786715,True,-1,-1,-1,0.0
SCEN-A,SPL,M0:fold3,,,mode26,POLISH,True,RSS=40.161947502374375,True,-1,-1,-1,0.0
SCEN-A,SPL,M0:fold3,,,mode27,FALLBACK,True,RSS=39.897227834063436,True,-1,-1,-1,0.0
SCEN-A,SPL,M0:fold3,,,mode28,POLISH,True,RSS=39.874461995604356,True,-1,-1,-1,0.0
SCEN-A,SPL,M0:fold3,,,mode29,POLISH_EXPANDED,True,RSS=39.92267607674165,True,-1,-1,-1,0.0
SCEN-A,SPL,M0:fold3,,,mode30,POLISH_EXPANDED,True,RSS=39.996279797972804,True,-1,-1,-1,0.0
SCEN-A,SPL,M0:fold3,,,mode31,POLISH,True,RSS=39.95140171171978,True,-1,-1,-1,0.0
SCEN-A,SPL,M0:fold3,,,mode32,POLISH,True,RSS=39.90257971462238,True,-1,-1,-1,0.0
SCEN-A,SPL,M0:fold3,,,mode33,POLISH_EXPANDED,True,RSS=39.48113386085967,True,-1,-1,-1,0.0
SCEN-A,SPL,M0:fold3,,,mode34,POLISH,True,RSS=37.04123655369485,True,-1,-1,-1,0.0
SCEN-A,SPL,M0:fold3,,,mode35,POLISH,True,RSS=33.311239740996214,True,-1,-1,-1,0.0
SCEN-A,SPL,M0:fold3,,,mode36,POLISH,True,RSS=29.30920388337,True,-1,-1,-1,0.0
SCEN-A,SPL,M0:fold3,,,mode37,POLISH,True,RSS=25.82898123963201,True,-1,-1,-1,0.0
SCEN-A,SPL,M0:fold3,,,mode38,POLISH,True,RSS=23.020214308450118,True,-1,-1,-1,0.0
SCEN-A,SPL,M0:fold3,,,mode39,POLISH_EXPANDED,True,RSS=20.72359421634969,True,-1,-1,-1,0.0
SCEN-A,SPL,M0:fold3,,,mode40,POLISH_EXPANDED,True,RSS=18.816733020324644,True,-1,-1,-1,0.0
SCEN-A,SPL,M0:fold3,,,mode41,POLISH_EXPANDED,True,RSS=17.206836185533763,True,-1,-1,-1,0.0
SCEN-A,SPL,M0:fold3,,,mode42,POLISH_EXPANDED,True,RSS=15.824146344116112,True,-1,-1,-1,0.0
SCEN-A,SPL,M0:fold3,,,mode43,POLISH,True,RSS=14.616083100561312,True,-1,-1,-1,0.0
SCEN-A,SPL,M0:fold3,,,mode44,POLISH_EXPANDED,True,RSS=13.542617231203888,True,-1,-1,-1,0.0
SCEN-A,SPL,M0:fold3,,,mode45,POLISH_EXPANDED,True,RSS=12.574367645682367,True,-1,-1,-1,0.0
SCEN-A,SPL,M0:fold3,,,mode46,POLISH_EXPANDED,True,RSS=11.689564552031197,True,-1,-1,-1,0.0
SCEN-A,SPL,M0:fold3,,,mode47,POLISH_EXPANDED,True,RSS=10.873570422077742,True,-1,-1,-1,0.0
SCEN-A,SPL,M0:fold3,,,mode48,POLISH_EXPANDED,True,RSS=10.120149771393717,True,-1,-1,-1,0.0
SCEN-A,SPL,M0:fold3,,,mode49,POLISH_EXPANDED,True,RSS=9.43297409096076,True,-1,-1,-1,0.0
SCEN-A,SPL,M0:fold3,,,mode50,POLISH,True,RSS=8.831118231396509,True,-1,-1,-1,0.0
SCEN-A,SPL,M0:fold3,,,mode51,POLISH,True,RSS=8.378017579885134,True,-1,-1,-1,0.0
SCEN-A,SPL,M0:fold3,,,mode52,POLISH_EXPANDED,True,RSS=8.151561757990827,True,-1,-1,-1,0.0
SCEN-A,SPL,M0:fold3,,,mode53,POLISH,True,RSS=8.142791453022042,True,-1,-1,-1,0.0
SCEN-A,SPL,M0:fold3,,,mode54,POLISH,True,RSS=8.267542635248848,True,-1,-1,-1,0.0
SCEN-A,SPL,M0:fold3,,,mode55,POLISH_EXPANDED,True,RSS=8.817085483663757,True,-1,-1,-1,0.0
SCEN-A,SPL,M0:fold3,,,mode56,POLISH,True,RSS=9.983728207775536,True,-1,-1,-1,0.0
SCEN-A,SPL,M0:fold3,,,mode57,POLISH,True,RSS=12.12475263450962,True,-1,-1,-1,0.0
SCEN-A,SPL,M0:fold3,,,mode58,POLISH,True,RSS=15.40339745574779,True,-1,-1,-1,0.0
SCEN-A,SPL,M0:fold3,,,mode59,POLISH,True,RSS=19.2588073414829,True,-1,-1,-1,0.0
SCEN-A,SPL,M0:fold3,,,mode60,POLISH,True,RSS=22.485623733688698,True,-1,-1,-1,0.0
SCEN-A,SPL,M0:fold3,,,mode61,POLISH_EXPANDED,True,RSS=24.55248073186318,True,-1,-1,-1,0.0
SCEN-A,SPL,M0:fold3,,,mode62,POLISH,True,RSS=25.61409432786114,True,-1,-1,-1,0.0
SCEN-A,SPL,M0:fold3,,,mode63,POLISH,True,RSS=26.08068166456762,True,-1,-1,-1,0.0
SCEN-A,SPL,M0:fold3,,,mode64,POLISH,True,RSS=26.317577029849353,True,-1,-1,-1,0.0
SCEN-A,SPL,M0:fold3,,,mode65,POLISH_EXPANDED,True,RSS=26.55829882343833,True,-1,-1,-1,0.0
SCEN-A,SPL,M0:fold3,,,mode66,POLISH_EXPANDED,True,RSS=26.83016883909457,True,-1,-1,-1,0.0
SCEN-A,SPL,M0:fold3,,,mode67,POLISH,True,RSS=27.138833574998028,True,-1,-1,-1,0.0
SCEN-A,SPL,M0:fold3,,,mode68,POLISH_EXPANDED,True,RSS=27.492670613029865,True,-1,-1,-1,0.0
SCEN-A,SPL,M0:fold3,,,mode69,POLISH_EXPANDED,True,RSS=27.891476278735166,True,-1,-1,-1,0.0
SCEN-A,SPL,M0:fold3,,,mode70,POLISH,True,RSS=28.3551986378394,True,-1,-1,-1,0.0
SCEN-A,SPL,M0:fold3,,,mode71,POLISH_EXPANDED,True,RSS=28.87905865516853,True,-1,-1,-1,0.0
SCEN-A,SPL,M0:fold3,,,mode72,POLISH_EXPANDED,True,RSS=29.485319247894335,True,-1,-1,-1,0.0
SCEN-A,SPL,M0:fold3,,,mode73,POLISH_EXPANDED,True,RSS=30.186278004574262,True,-1,-1,-1,0.0
SCEN-A,SPL,M0:fold3,,,mode74,POLISH_EXPANDED,True,RSS=30.993046209142157,True,-1,-1,-1,0.0
SCEN-A,SPL,M0:fold3,,,mode75,POLISH_EXPANDED,True,RSS=31.935593197046252,True,-1,-1,-1,0.0
SCEN-A,SPL,M0:fold3,,,mode76,POLISH_EXPANDED,True,RSS=33.00918864785597,True,-1,-1,-1,0.0
SCEN-A,SPL,M0:fold3,,,mode77,POLISH_EXPANDED,True,RSS=34.246967075072476,True,-1,-1,-1,0.0
SCEN-A,SPL,M0:fold3,,,mode78,POLISH_EXPANDED,True,RSS=35.65449112526203,True,-1,-1,-1,0.0
SCEN-A,SPL,M0:fold3,,,mode79,POLISH,True,RSS=37.189415858531085,True,-1,-1,-1,0.0
SCEN-A,SPL,M0:fold3,,,mode80,POLISH_EXPANDED,True,RSS=38.80669773897699,True,-1,-1,-1,0.0
SCEN-A,SPL,M0:fold3,,,mode81,POLISH,True,RSS=40.40973452048909,True,-1,-1,-1,0.0
SCEN-A,SPL,M0:fold3,,,mode82,POLISH_EXPANDED,True,RSS=41.884178200199656,True,-1,-1,-1,0.0
SCEN-A,SPL,M0:fold3,,,mode83,POLISH_EXPANDED,True,RSS=43.060007760648396,True,-1,-1,-1,0.0
SCEN-A,SPL,M0:fold3,,,mode84,POLISH_EXPANDED,True,RSS=43.843394049381196,True,-1,-1,-1,0.0
SCEN-A,SPL,M0:fold3,,,mode85,POLISH,True,RSS=44.28545713927776,True,-1,-1,-1,0.0
SCEN-A,SPL,M0:fold3,,,mode86,POLISH,True,RSS=44.46298515697988,True,-1,-1,-1,0.0
SCEN-A,SPL,M0:fold3,,,mode87,POLISH,True,RSS=44.50872022567614,True,-1,-1,-1,0.0
SCEN-A,SPL,M0:fold3,,,mode88,POLISH,True,RSS=44.53157874188172,True,-1,-1,-1,0.0
SCEN-A,SPL,M0:fold3,,,mode89,POLISH,True,RSS=44.63515378867235,True,-1,-1,-1,0.0
SCEN-A,SPL,M0:fold3,,,mode90,POLISH,True,RSS=44.829053315937,True,-1,-1,-1,0.0
SCEN-A,SPL,M0:fold3,,,mode91,POLISH,True,RSS=45.1052608038942,True,-1,-1,-1,0.0
SCEN-A,SPL,M0:fold3,,,mode92,POLISH,True,RSS=45.46190412891155,True,-1,-1,-1,0.0
SCEN-A,SPL,M0:fold3,,,mode93,POLISH,True,RSS=45.900005174463026,True,-1,-1,-1,0.0
SCEN-A,SPL,M0:fold3,,,mode94,POLISH,True,RSS=46.4250162283975,True,-1,-1,-1,0.0
SCEN-A,SPL,M0:fold3,,,mode95,POLISH,True,RSS=47.04683269981721,True,-1,-1,-1,0.0
SCEN-A,SPL,M0:fold3,,,mode96,POLISH,True,RSS=47.77903077245533,True,-1,-1,-1,0.0
SCEN-A,SPL,M0:fold3,,,mode97,POLISH,True,RSS=48.63646429061391,True,-1,-1,-1,0.0
SCEN-A,SPL,M0:fold3,,,mode98,POLISH,True,RSS=49.64588315489575,True,-1,-1,-1,0.0
SCEN-A,SPL,M0:fold3,,,mode99,POLISH,True,RSS=50.84024312851866,True,-1,-1,-1,0.0
SCEN-A,SPL,M0:fold3,,,mode100,POLISH_EXPANDED,True,RSS=52.26349010397365,True,-1,-1,-1,0.0
SCEN-A,SPL,M0:fold3,,,mode101,POLISH,True,RSS=53.97505615071424,True,-1,-1,-1,0.0
SCEN-A,SPL,M0:fold3,,,mode102,POLISH,True,RSS=56.05217309917235,True,-1,-1,-1,0.0
SCEN-A,SPL,M0:fold3,,,mode103,POLISH,True,RSS=58.601313288775366,True,-1,-1,-1,0.0
SCEN-A,SPL,M0:fold3,,,mode104,POLISH,True,RSS=61.78234260788098,True,-1,-1,-1,0.0
SCEN-A,SPL,M0:fold3,,,mode105,POLISH_EXPANDED,True,RSS=65.81112030500792,True,-1,-1,-1,0.0
SCEN-A,SPL,M0:fold3,,,mode106,POLISH,True,RSS=70.98248697647445,True,-1,-1,-1,0.0
SCEN-A,SPL,M0:fold3,,,mode107,POLISH_EXPANDED,True,RSS=77.66705944692687,True,-1,-1,-1,0.0
SCEN-A,SPL,M0:fold3,,,mode108,POLISH,True,RSS=84.43399877102044,True,-1,-1,-1,0.0
SCEN-A,SPL,M0:fold3,,,mode109,POLISH,True,RSS=85.27802765858539,True,-1,-1,-1,0.0
SCEN-A,SPL,M0:fold3,,,mode110,POLISH,True,RSS=85.27802765858539,True,-1,-1,-1,0.0
SCEN-A,SPL,M0:fold3,,,mode111,POLISH,True,RSS=85.27802765858549,True,-1,-1,-1,0.0
SCEN-A,SPL,M0:fold3,,,mode112,POLISH_EXPANDED,True,RSS=85.27802765858539,True,-1,-1,-1,0.0
SCEN-A,SPL,M0:fold3,,,mode113,POLISH,True,RSS=85.27802765858497,True,-1,-1,-1,0.0
SCEN-A,SPL,M0:fold3,,,mode114,POLISH,True,RSS=85.27802765858539,True,-1,-1,-1,0.0
SCEN-A,SPL,M0:fold3,,,mode115,POLISH,True,RSS=85.27802765858539,True,-1,-1,-1,0.0
SCEN-A,SPL,M0:fold3,,,mode116,POLISH,True,RSS=85.27802765858702,True,-1,-1,-1,0.0
SCEN-A,SPL,M0:fold3,,,mode117,POLISH,True,RSS=85.38037347909615,True,-1,-1,-1,0.0
SCEN-A,SPL,M0:fold3,,,mode118,POLISH,True,RSS=85.95861639665118,True,-1,-1,-1,0.0
SCEN-A,SPL,M0:fold3,,,mode119,POLISH,True,RSS=87.06239606569706,True,-1,-1,-1,0.0
SCEN-A,SPL,M0:fold3,,,mode120,POLISH,True,RSS=88.68283971184236,True,-1,-1,-1,0.0
SCEN-A,SPL,M0:fold3,,,mode121,POLISH,True,RSS=90.84997035245765,True,-1,-1,-1,0.0
SCEN-A,SPL,M0:fold3,,,mode122,POLISH,True,RSS=93.60290264667157,True,-1,-1,-1,0.0
SCEN-A,SPL,M0:fold3,,,mode123,POLISH,True,RSS=96.96221907278041,True,-1,-1,-1,0.0
SCEN-A,SPL,M0:fold3,,,mode124,POLISH,True,RSS=100.88272533633075,True,-1,-1,-1,0.0
SCEN-A,SPL,M0:fold3,,,mode125,POLISH,True,RSS=105.06595194079517,True,-1,-1,-1,0.0
SCEN-A,SPL,M0:fold3,,,mode126,POLISH,True,RSS=108.59050811272141,True,-1,-1,-1,0.0
SCEN-A,SPL,M0:fold3,,,mode127,POLISH,True,RSS=109.67492124142723,True,-1,-1,-1,0.0
SCEN-A,SPL,M0:fold3,,,mode128,POLISH,True,RSS=109.67492124142615,True,-1,-1,-1,0.0
SCEN-A,SPL,M0:fold3,,,mode129,POLISH,True,RSS=109.67492124141954,True,-1,-1,-1,0.0
SCEN-A,SPL,M0:fold3,,,mode130,POLISH,True,RSS=109.67492124142841,True,-1,-1,-1,0.0
SCEN-A,SPL,M0:fold3,,,mode131,POLISH,True,RSS=109.67492124142733,True,-1,-1,-1,0.0
SCEN-A,SPL,M0:fold3,,,mode132,POLISH,True,RSS=109.67492124142773,True,-1,-1,-1,0.0
SCEN-A,SPL,M0:fold3,,,mode133,POLISH,True,RSS=109.67492124142572,True,-1,-1,-1,0.0
SCEN-A,SPL,M0:fold3,,,mode134,POLISH,True,RSS=109.67492124142723,True,-1,-1,-1,0.0
SCEN-A,SPL,M0:fold3,,,mode135,POLISH,True,RSS=109.67492124142723,True,-1,-1,-1,0.0
SCEN-A,SPL,M0:fold3,,,mode136,POLISH,True,RSS=109.67492124142674,True,-1,-1,-1,0.0
SCEN-A,SPL,M0:fold3,,,mode137,POLISH,True,RSS=109.67492124142723,True,-1,-1,-1,0.0
SCEN-A,SPL,M0:fold3,,,mode138,POLISH,True,RSS=109.67492124142723,True,-1,-1,-1,0.0
SCEN-A,SPL,M0:fold3,,,mode139,POLISH,True,RSS=109.67492124142723,True,-1,-1,-1,0.0
SCEN-A,SPL,M0:fold3,,,mode140,POLISH,True,RSS=109.67492124142723,True,-1,-1,-1,0.0
SCEN-A,SPL,M0:fold3,,,mode141,POLISH,True,RSS=109.67492124142723,True,-1,-1,-1,0.0
SCEN-A,SPL,M0:fold3,,,mode142,POLISH,True,RSS=109.67492124142723,True,-1,-1,-1,0.0
SCEN-A,SPL,M0:fold3,,,mode143,POLISH,True,RSS=109.67492124142723,True,-1,-1,-1,0.0
SCEN-A,SPL,M0:fold3,,,mode144,POLISH,True,RSS=109.67492124142723,True,-1,-1,-1,0.0
SCEN-A,SPL,M0:fold3,,,mode145,POLISH_EXPANDED,True,RSS=109.67492124142723,True,-1,-1,-1,0.0
SCEN-A,SPL,M0:fold4,,,mode0,FALLBACK,True,RSS=69.3506588550862,True,-1,-1,-1,0.0
SCEN-A,SPL,M0:fold4,,,mode1,FALLBACK,True,RSS=69.34876316871485,True,-1,-1,-1,0.0
SCEN-A,SPL,M0:fold4,,,mode2,FALLBACK,True,RSS=69.34671277209398,True,-1,-1,-1,0.0
SCEN-A,SPL,M0:fold4,,,mode3,FALLBACK,True,RSS=69.34285226719022,True,-1,-1,-1,0.0
SCEN-A,SPL,M0:fold4,,,mode4,FALLBACK,True,RSS=69.33739105052021,True,-1,-1,-1,0.0
SCEN-A,SPL,M0:fold4,,,mode5,FALLBACK,True,RSS=69.33136806326914,True,-1,-1,-1,0.0
SCEN-A,SPL,M0:fold4,,,mode6,FALLBACK,True,RSS=69.32469392560097,True,-1,-1,-1,0.0
SCEN-A,SPL,M0:fold4,,,mode7,FALLBACK,True,RSS=69.31595551109186,True,-1,-1,-1,0.0
SCEN-A,SPL,M0:fold4,,,mode8,FALLBACK,True,RSS=69.3018185246709,True,-1,-1,-1,0.0
SCEN-A,SPL,M0:fold4,,,mode9,FALLBACK,True,RSS=69.28565123843488,True,-1,-1,-1,0.0
SCEN-A,SPL,M0:fold4,,,mode10,FALLBACK,True,RSS=69.26051370976762,True,-1,-1,-1,0.0
SCEN-A,SPL,M0:fold4,,,mode11,FALLBACK,True,RSS=69.22725300772048,True,-1,-1,-1,0.0
SCEN-A,SPL,M0:fold4,,,mode12,FALLBACK,True,RSS=69.17054078668627,True,-1,-1,-1,0.0
SCEN-A,SPL,M0:fold4,,,mode13,FALLBACK,True,RSS=69.07776040428155,True,-1,-1,-1,0.0
SCEN-A,SPL,M0:fold4,,,mode14,FALLBACK,True,RSS=68.89475038996484,True,-1,-1,-1,0.0
SCEN-A,SPL,M0:fold4,,,mode15,FALLBACK,True,RSS=68.47736964224984,True,-1,-1,-1,0.0
SCEN-A,SPL,M0:fold4,,,mode16,FALLBACK,True,RSS=67.30723886032372,True,-1,-1,-1,0.0
SCEN-A,SPL,M0:fold4,,,mode17,FALLBACK,True,RSS=64.42714584137235,True,-1,-1,-1,0.0
SCEN-A,SPL,M0:fold4,,,mode18,FALLBACK,True,RSS=59.98032403437322,True,-1,-1,-1,0.0
SCEN-A,SPL,M0:fold4,,,mode19,FALLBACK,True,RSS=55.23073278777134,True,-1,-1,-1,0.0
SCEN-A,SPL,M0:fold4,,,mode20,FALLBACK,True,RSS=51.10422365268278,True,-1,-1,-1,0.0
SCEN-A,SPL,M0:fold4,,,mode21,FALLBACK,True,RSS=47.829038982881904,True,-1,-1,-1,0.0
SCEN-A,SPL,M0:fold4,,,mode22,FALLBACK,True,RSS=45.354570047902676,True,-1,-1,-1,0.0
SCEN-A,SPL,M0:fold4,,,mode23,FALLBACK,True,RSS=43.53765476074881,True,-1,-1,-1,0.0
SCEN-A,SPL,M0:fold4,,,mode24,FALLBACK,True,RSS=42.24858356822886,True,-1,-1,-1,0.0
SCEN-A,SPL,M0:fold4,,,mode25,FALLBACK,True,RSS=41.4014566189202,True,-1,-1,-1,0.0
SCEN-A,SPL,M0:fold4,,,mode26,FALLBACK,True,RSS=40.91257796411204,True,-1,-1,-1,0.0
SCEN-A,SPL,M0:fold4,,,mode27,FALLBACK,True,RSS=40.74111120199902,True,-1,-1,-1,0.0
SCEN-A,SPL,M0:fold4,,,mode28,FALLBACK,True,RSS=40.73553804175268,True,-1,-1,-1,0.0
SCEN-A,SPL,M0:fold4,,,mode29,FALLBACK,True,RSS=40.845422241012564,True,-1,-1,-1,0.0
SCEN-A,SPL,M0:fold4,,,mode30,FALLBACK,True,RSS=40.940098827641926,True,-1,-1,-1,0.0
SCEN-A,SPL,M0:fold4,,,mode31,FALLBACK,True,RSS=40.87158636693545,True,-1,-1,-1,0.0
SCEN-A,SPL,M0:fold4,,,mode32,FALLBACK,True,RSS=40.79750104582394,True,-1,-1,-1,0.0
SCEN-A,SPL,M0:fold4,,,mode33,FALLBACK,True,RSS=40.62030457995226,True,-1,-1,-1,0.0
SCEN-A,SPL,M0:fold4,,,mode34,FALLBACK,True,RSS=38.648302397240116,True,-1,-1,-1,0.0
SCEN-A,SPL,M0:fold4,,,mode35,FALLBACK,True,RSS=35.03685601488043,True,-1,-1,-1,0.0
SCEN-A,SPL,M0:fold4,,,mode36,FALLBACK,True,RSS=30.87580803960849,True,-1,-1,-1,0.0
SCEN-A,SPL,M0:fold4,,,mode37,FALLBACK,True,RSS=27.010053078196098,True,-1,-1,-1,0.0
SCEN-A,SPL,M0:fold4,,,mode38,FALLBACK,True,RSS=23.867869961354604,True,-1,-1,-1,0.0
SCEN-A,SPL,M0:fold4,,,mode39,FALLBACK,True,RSS=21.30130132763051,True,-1,-1,-1,0.0
SCEN-A,SPL,M0:fold4,,,mode40,FALLBACK,True,RSS=19.174759259565803,True,-1,-1,-1,0.0
SCEN-A,SPL,M0:fold4,,,mode41,FALLBACK,True,RSS=17.384843660135864,True,-1,-1,-1,0.0
SCEN-A,SPL,M0:fold4,,,mode42,FALLBACK,True,RSS=15.853512411307673,True,-1,-1,-1,0.0
SCEN-A,SPL,M0:fold4,,,mode43,FALLBACK,True,RSS=14.5219660207871,True,-1,-1,-1,0.0
SCEN-A,SPL,M0:fold4,,,mode44,FALLBACK,True,RSS=13.345936986090583,True,-1,-1,-1,0.0
SCEN-A,SPL,M0:fold4,,,mode45,FALLBACK,True,RSS=12.292370857036582,True,-1,-1,-1,0.0
SCEN-A,SPL,M0:fold4,,,mode46,FALLBACK,True,RSS=11.337350745216266,True,-1,-1,-1,0.0
SCEN-A,SPL,M0:fold4,,,mode47,FALLBACK,True,RSS=10.465194203837362,True,-1,-1,-1,0.0
SCEN-A,SPL,M0:fold4,,,mode48,FALLBACK,True,RSS=9.668831507271667,True,-1,-1,-1,0.0
SCEN-A,SPL,M0:fold4,,,mode49,FALLBACK,True,RSS=8.951851892901892,True,-1,-1,-1,0.0
SCEN-A,SPL,M0:fold4,,,mode50,FALLBACK,True,RSS=8.332281276491669,True,-1,-1,-1,0.0
SCEN-A,SPL,M0:fold4,,,mode51,FALLBACK,True,RSS=7.847124802098644,True,-1,-1,-1,0.0
SCEN-A,SPL,M0:fold4,,,mode52,FALLBACK,True,RSS=7.582132182589381,True,-1,-1,-1,0.0
SCEN-A,SPL,M0:fold4,,,mode53,FALLBACK,True,RSS=7.5659257049725355,True,-1,-1,-1,0.0
SCEN-A,SPL,M0:fold4,,,mode54,FALLBACK,True,RSS=7.678453034565764,True,-1,-1,-1,0.0
SCEN-A,SPL,M0:fold4,,,mode55,FALLBACK,True,RSS=8.23994376798376,True,-1,-1,-1,0.0
SCEN-A,SPL,M0:fold4,,,mode56,FALLBACK,True,RSS=9.481952122074357,True,-1,-1,-1,0.0
SCEN-A,SPL,M0:fold4,,,mode57,FALLBACK,True,RSS=11.736785454934381,True,-1,-1,-1,0.0
SCEN-A,SPL,M0:fold4,,,mode58,FALLBACK,True,RSS=15.316976690326909,True,-1,-1,-1,0.0
SCEN-A,SPL,M0:fold4,,,mode59,FALLBACK,True,RSS=19.990224113835534,True,-1,-1,-1,0.0
SCEN-A,SPL,M0:fold4,,,mode60,FALLBACK,True,RSS=24.51763706169697,True,-1,-1,-1,0.0
SCEN-A,SPL,M0:fold4,,,mode61,FALLBACK,True,RSS=27.9598124589292,True,-1,-1,-1,0.0
SCEN-A,SPL,M0:fold4,,,mode62,FALLBACK,True,RSS=30.13427375871964,True,-1,-1,-1,0.0
SCEN-A,SPL,M0:fold4,,,mode63,FALLBACK,True,RSS=31.31544976701255,True,-1,-1,-1,0.0
SCEN-A,SPL,M0:fold4,,,mode64,FALLBACK,True,RSS=31.932535693506207,True,-1,-1,-1,0.0
SCEN-A,SPL,M0:fold4,,,mode65,FALLBACK,True,RSS=32.461610381218954,True,-1,-1,-1,0.0
SCEN-A,SPL,M0:fold4,,,mode66,FALLBACK,True,RSS=33.07070085075148,True,-1,-1,-1,0.0
SCEN-A,SPL,M0:fold4,,,mode67,FALLBACK,True,RSS=33.77637876698358,True,-1,-1,-1,0.0
SCEN-A,SPL,M0:fold4,,,mode68,FALLBACK,True,RSS=34.58951407880398,True,-1,-1,-1,0.0
SCEN-A,SPL,M0:fold4,,,mode69,FALLBACK,True,RSS=35.540461375492136,True,-1,-1,-1,0.0
SCEN-A,SPL,M0:fold4,,,mode70,FALLBACK,True,RSS=36.64198433767576,True,-1,-1,-1,0.0
SCEN-A,SPL,M0:fold4,,,mode71,FALLBACK,True,RSS=37.949562425839765,True,-1,-1,-1,0.0
SCEN-A,SPL,M0:fold4,,,mode72,FALLBACK,True,RSS=39.48578747294466,True,-1,-1,-1,0.0
SCEN-A,SPL,M0:fold4,,,mode73,FALLBACK,True,RSS=41.32711007126468,True,-1,-1,-1,0.0
SCEN-A,SPL,M0:fold4,,,mode74,FALLBACK,True,RSS=43.54222080828161,True,-1,-1,-1,0.0
SCEN-A,SPL,M0:fold4,,,mode75,FALLBACK,True,RSS=46.2236319298678,True,-1,-1,-1,0.0
SCEN-A,SPL,M0:fold4,,,mode76,FALLBACK,True,RSS=49.53661733364932,True,-1,-1,-1,0.0
SCEN-A,SPL,M0:fold4,,,mode77,FALLBACK,True,RSS=53.608365895756016,True,-1,-1,-1,0.0
SCEN-A,SPL,M0:fold4,,,mode78,FALLBACK,True,RSS=58.645639999664304,True,-1,-1,-1,0.0
SCEN-A,SPL,M0:fold4,,,mode79,FALLBACK,True,RSS=63.753758869256465,True,-1,-1,-1,0.0
SCEN-A,SPL,M0:fold4,,,mode80,FALLBACK,True,RSS=67.39256343494937,True,-1,-1,-1,0.0
SCEN-A,SPL,M0:fold4,,,mode81,FALLBACK,True,RSS=69.2240891105629,True,-1,-1,-1,0.0
SCEN-A,SPL,M0:fold4,,,mode82,FALLBACK,True,RSS=69.92264983641834,True,-1,-1,-1,0.0
SCEN-A,SPL,M0:fold4,,,mode83,FALLBACK,True,RSS=70.144241079902,True,-1,-1,-1,0.0
SCEN-A,SPL,M0:fold4,,,mode84,FALLBACK,True,RSS=70.19056465111544,True,-1,-1,-1,0.0
SCEN-A,SPL,M0:fold4,,,mode85,FALLBACK,True,RSS=70.19402000896687,True,-1,-1,-1,0.0
SCEN-A,SPL,M0:fold4,,,mode86,FALLBACK,True,RSS=70.19402000892389,True,-1,-1,-1,0.0
SCEN-A,SPL,M0:fold4,,,mode87,FALLBACK,True,RSS=70.19402000909587,True,-1,-1,-1,0.0
SCEN-A,SPL,M0:fold4,,,mode88,FALLBACK,True,RSS=70.299686230408,True,-1,-1,-1,0.0
SCEN-A,SPL,M0:fold4,,,mode89,FALLBACK,True,RSS=70.89253779398842,True,-1,-1,-1,0.0
SCEN-A,SPL,M0:fold4,,,mode90,FALLBACK,True,RSS=72.01857133921774,True,-1,-1,-1,0.0
SCEN-A,SPL,M0:fold4,,,mode91,FALLBACK,True,RSS=73.66580016676069,True,-1,-1,-1,0.0
SCEN-A,SPL,M0:fold4,,,mode92,FALLBACK,True,RSS=75.85828493989753,True,-1,-1,-1,0.0
SCEN-A,SPL,M0:fold4,,,mode93,FALLBACK,True,RSS=78.64610758979151,True,-1,-1,-1,0.0
SCEN-A,SPL,M0:fold4,,,mode94,FALLBACK,True,RSS=82.06902334163149,True,-1,-1,-1,0.0
SCEN-A,SPL,M0:fold4,,,mode95,FALLBACK,True,RSS=86.08598337974496,True,-1,-1,-1,0.0
SCEN-A,SPL,M0:fold4,,,mode96,FALLBACK,True,RSS=90.38015293554616,True,-1,-1,-1,0.0
SCEN-A,SPL,M0:fold4,,,mode97,FALLBACK,True,RSS=94.01789404461162,True,-1,-1,-1,0.0
SCEN-A,SPL,M0:fold4,,,mode98,POLISH,True,RSS=95.06441818835435,True,-1,-1,-1,0.0
SCEN-A,SPL,M0:fold4,,,mode99,POLISH,True,RSS=95.06441818835435,True,-1,-1,-1,0.0
SCEN-A,SPL,M0:fold4,,,mode100,POLISH,True,RSS=95.06441818835435,True,-1,-1,-1,0.0
SCEN-A,SPL,M0:fold4,,,mode101,POLISH,True,RSS=95.06441818835435,True,-1,-1,-1,0.0
SCEN-A,SPL,M0:fold4,,,mode102,POLISH,True,RSS=95.06441818835435,True,-1,-1,-1,0.0
SCEN-A,SPL,M0:fold4,,,mode103,POLISH,True,RSS=95.06441818835435,True,-1,-1,-1,0.0
SCEN-A,SPL,M0:fold4,,,mode104,POLISH,True,RSS=95.06441818835435,True,-1,-1,-1,0.0
SCEN-A,SPL,M0:fold4,,,mode105,POLISH,True,RSS=95.06441818835435,True,-1,-1,-1,0.0
SCEN-A,SPL,M0:fold4,,,mode106,POLISH,True,RSS=95.06441818835435,True,-1,-1,-1,0.0
SCEN-A,SPL,M0:fold4,,,mode107,POLISH,True,RSS=95.06441818835435,True,-1,-1,-1,0.0
SCEN-A,SPL,M0:fold4,,,mode108,POLISH,True,RSS=95.06441818835435,True,-1,-1,-1,0.0
SCEN-A,SPL,M0:fold4,,,mode109,POLISH,True,RSS=95.06441818835435,True,-1,-1,-1,0.0
SCEN-A,SPL,M0:fold4,,,mode110,POLISH,True,RSS=95.06441818835435,True,-1,-1,-1,0.0
SCEN-A,SPL,M0:fold4,,,mode111,POLISH,True,RSS=95.06441818835435,True,-1,-1,-1,0.0
SCEN-A,SPL,M0:fold4,,,mode112,POLISH,True,RSS=95.06441818835435,True,-1,-1,-1,0.0
SCEN-A,SPL,M0:fold4,,,mode113,POLISH,True,RSS=95.06441818835435,True,-1,-1,-1,0.0
SCEN-A,SPL,M0:fold4,,,mode114,POLISH,True,RSS=95.06441818835435,True,-1,-1,-1,0.0
SCEN-A,SPL,M0:fold4,,,mode115,POLISH,True,RSS=95.06441818835435,True,-1,-1,-1,0.0
SCEN-A,SPL,M0:fold4,,,mode116,POLISH,True,RSS=95.06441818835435,True,-1,-1,-1,0.0
SCEN-A,SPL,M0:fold4,,,mode117,POLISH,True,RSS=95.06441818835442,True,-1,-1,-1,0.0
SCEN-A,SPL,M0:fold4,,,mode118,POLISH_EXPANDED,True,RSS=95.06441818835371,True,-1,-1,-1,0.0
SCEN-A,SPL,M0:fold4,,,mode119,POLISH_EXPANDED,True,RSS=95.06441818835414,True,-1,-1,-1,0.0
SCEN-A,SPL,M0:fold4,,,mode120,POLISH,True,RSS=95.06441818835447,True,-1,-1,-1,0.0
SCEN-A,SPL,M0:fold4,,,mode121,POLISH,True,RSS=95.06441818835418,True,-1,-1,-1,0.0
SCEN-A,SPL,M0:fold4,,,mode122,POLISH,True,RSS=95.06441818835441,True,-1,-1,-1,0.0
SCEN-A,SPL,M0:fold4,,,mode123,POLISH_EXPANDED,True,RSS=95.06441818835401,True,-1,-1,-1,0.0
SCEN-A,SPL,M0:fold4,,,mode124,POLISH_EXPANDED,True,RSS=95.06441818835386,True,-1,-1,-1,0.0
SCEN-A,SPL,M0:fold4,,,mode125,POLISH_EXPANDED,True,RSS=95.0644181883543,True,-1,-1,-1,0.0
SCEN-A,SPL,M0:fold4,,,mode126,POLISH_EXPANDED,True,RSS=95.0644181883542,True,-1,-1,-1,0.0
SCEN-A,SPL,M0:fold4,,,mode127,POLISH_EXPANDED,True,RSS=95.06441818835417,True,-1,-1,-1,0.0
SCEN-A,SPL,M0:fold4,,,mode128,POLISH_EXPANDED,True,RSS=95.06441818835451,True,-1,-1,-1,0.0
SCEN-A,SPL,M0:fold4,,,mode129,POLISH,True,RSS=95.06441818835471,True,-1,-1,-1,0.0
SCEN-A,SPL,M0:fold4,,,mode130,POLISH_EXPANDED,True,RSS=95.06441818835411,True,-1,-1,-1,0.0
SCEN-A,SPL,M0:fold4,,,mode131,POLISH_EXPANDED,True,RSS=95.06441818835452,True,-1,-1,-1,0.0
SCEN-A,SPL,M0:fold4,,,mode132,POLISH_EXPANDED,True,RSS=95.06441818835388,True,-1,-1,-1,0.0
SCEN-A,SPL,M0:fold4,,,mode133,POLISH_EXPANDED,True,RSS=95.06441818835405,True,-1,-1,-1,0.0
SCEN-A,SPL,M0:fold4,,,mode134,POLISH_EXPANDED,True,RSS=95.06441818835499,True,-1,-1,-1,0.0
SCEN-A,SPL,M0:fold4,,,mode135,POLISH_EXPANDED,True,RSS=95.06441818835386,True,-1,-1,-1,0.0
SCEN-A,SPL,M0:fold4,,,mode136,POLISH_EXPANDED,True,RSS=95.06441818835347,True,-1,-1,-1,0.0
SCEN-A,SPL,M0:fold4,,,mode137,POLISH_EXPANDED,True,RSS=95.06441818835347,True,-1,-1,-1,0.0
SCEN-A,SPL,M0:fold4,,,mode138,POLISH_EXPANDED,True,RSS=95.06441818835347,True,-1,-1,-1,0.0
SCEN-A,SPL,M0:fold4,,,mode139,POLISH_EXPANDED,True,RSS=95.06441818835347,True,-1,-1,-1,0.0
SCEN-A,SPL,M0:fold4,,,mode140,POLISH_EXPANDED,True,RSS=95.06441818835347,True,-1,-1,-1,0.0
SCEN-A,SPL,M0:fold4,,,mode141,POLISH_EXPANDED,True,RSS=95.06441818835347,True,-1,-1,-1,0.0
SCEN-A,SPL,M0:fold4,,,mode142,POLISH_EXPANDED,True,RSS=95.06441818835347,True,-1,-1,-1,0.0
SCEN-A,SPL,M0:fold4,,,mode143,POLISH_EXPANDED,True,RSS=95.06441818835347,True,-1,-1,-1,0.0
SCEN-A,SPL,M0:fold4,,,mode144,POLISH_EXPANDED,True,RSS=95.06441818835347,True,-1,-1,-1,0.0
SCEN-A,SPL,M0:fold4,,,mode145,FALLBACK,True,RSS=95.06441818835505,True,-1,-1,-1,0.0
SCEN-A,SPL,M0:probeL,,,mode0,POLISH_EXPANDED,True,RSS=39.714768229775316,True,-1,-1,-1,0.0
SCEN-A,SPL,M0:probeL,,,mode1,POLISH_EXPANDED,True,RSS=39.70939999483637,True,-1,-1,-1,0.0
SCEN-A,SPL,M0:probeL,,,mode2,POLISH_EXPANDED,True,RSS=39.70359377100823,True,-1,-1,-1,0.0
SCEN-A,SPL,M0:probeL,,,mode3,POLISH_EXPANDED,True,RSS=39.69729400643338,True,-1,-1,-1,0.0
SCEN-A,SPL,M0:probeL,,,mode4,POLISH_EXPANDED,True,RSS=39.6904353943136,True,-1,-1,-1,0.0
SCEN-A,SPL,M0:probeL,,,mode5,POLISH_EXPANDED,True,RSS=39.68294064506106,True,-1,-1,-1,0.0
SCEN-A,SPL,M0:probeL,,,mode6,POLISH,True,RSS=39.67471762183924,True,-1,-1,-1,0.0
SCEN-A,SPL,M0:probeL,,,mode7,POLISH,True,RSS=39.66560799715037,True,-1,-1,-1,0.0
SCEN-A,SPL,M0:probeL,,,mode8,POLISH,True,RSS=39.65266621169547,True,-1,-1,-1,0.0
SCEN-A,SPL,M0:probeL,,,mode9,POLISH_EXPANDED,True,RSS=39.63757553830211,True,-1,-1,-1,0.0
SCEN-A,SPL,M0:probeL,,,mode10,POLISH_EXPANDED,True,RSS=39.62064487392993,True,-1,-1,-1,0.0
SCEN-A,SPL,M0:probeL,,,mode11,POLISH,True,RSS=39.601520792117824,True,-1,-1,-1,0.0
SCEN-A,SPL,M0:probeL,,,mode12,POLISH_EXPANDED,True,RSS=39.5797543650963,True,-1,-1,-1,0.0
SCEN-A,SPL,M0:probeL,,,mode13,POLISH,True,RSS=39.554766966771346,True,-1,-1,-1,0.0
SCEN-A,SPL,M0:probeL,,,mode14,POLISH_EXPANDED,True,RSS=39.52580041858165,True,-1,-1,-1,0.0
SCEN-A,SPL,M0:probeL,,,mode15,POLISH,True,RSS=39.4918425172819,True,-1,-1,-1,0.0
SCEN-A,SPL,M0:probeL,,,mode16,POLISH,True,RSS=39.45151266479778,True,-1,-1,-1,0.0
SCEN-A,SPL,M0:probeL,,,mode17,POLISH_EXPANDED,True,RSS=39.39856543705382,True,-1,-1,-1,0.0
SCEN-A,SPL,M0:probeL,,,mode18,POLISH_EXPANDED,True,RSS=39.31859713577566,True,-1,-1,-1,0.0
SCEN-A,SPL,M0:probeL,,,mode19,POLISH,True,RSS=39.217832605785574,True,-1,-1,-1,0.0
SCEN-A,SPL,M0:probeL,,,mode20,POLISH,True,RSS=39.068484829642955,True,-1,-1,-1,0.0
SCEN-A,SPL,M0:probeL,,,mode21,POLISH,True,RSS=38.83309329635119,True,-1,-1,-1,0.0
SCEN-A,SPL,M0:probeL,,,mode22,POLISH,True,RSS=38.3771046936521,True,-1,-1,-1,0.0
SCEN-A,SPL,M0:probeL,,,mode23,POLISH,True,RSS=37.330124678490066,True,-1,-1,-1,0.0
SCEN-A,SPL,M0:probeL,,,mode24,POLISH,True,RSS=34.53372342604372,True,-1,-1,-1,0.0
SCEN-A,SPL,M0:probeL,,,mode25,POLISH,True,RSS=30.4771472127164,True,-1,-1,-1,0.0
SCEN-A,SPL,M0:probeL,,,mode26,POLISH,True,RSS=27.88693434172607,True,-1,-1,-1,0.0
SCEN-A,SPL,M0:probeL,,,mode27,POLISH,True,RSS=27.068610925453747,True,-1,-1,-1,0.0
SCEN-A,SPL,M0:probeL,,,mode28,POLISH,True,RSS=27.057558072413038,True,-1,-1,-1,0.0
SCEN-A,SPL,M0:probeL,,,mode29,POLISH,True,RSS=27.526814133450983,True,-1,-1,-1,0.0
SCEN-A,SPL,M0:probeL,,,mode30,POLISH,True,RSS=28.164358713082738,True,-1,-1,-1,0.0
SCEN-A,SPL,M0:probeL,,,mode31,POLISH,True,RSS=28.034806619680573,True,-1,-1,-1,0.0
SCEN-A,SPL,M0:probeL,,,mode32,POLISH_EXPANDED,True,RSS=27.89600041433679,True,-1,-1,-1,0.0
SCEN-A,SPL,M0:probeL,,,mode33,POLISH,True,RSS=27.746933594904643,True,-1,-1,-1,0.0
SCEN-A,SPL,M0:probeL,,,mode34,POLISH_EXPANDED,True,RSS=27.58645200422317,True,-1,-1,-1,0.0
SCEN-A,SPL,M0:probeL,,,mode35,POLISH,True,RSS=27.413226604774366,True,-1,-1,-1,0.0
SCEN-A,SPL,M0:probeL,,,mode36,POLISH_EXPANDED,True,RSS=27.225720262791544,True,-1,-1,-1,0.0
SCEN-A,SPL,M0:probeL,,,mode37,POLISH,True,RSS=27.008137813263883,True,-1,-1,-1,0.0
SCEN-A,SPL,M0:probeL,,,mode38,POLISH,True,RSS=25.82877644951261,True,-1,-1,-1,0.0
SCEN-A,SPL,M0:probeL,,,mode39,POLISH,True,RSS=23.504255870136006,True,-1,-1,-1,0.0
SCEN-A,SPL,M0:probeL,,,mode40,POLISH_EXPANDED,True,RSS=20.85446292055008,True,-1,-1,-1,0.0
SCEN-A,SPL,M0:probeL,,,mode41,POLISH,True,RSS=18.646343688403967,True,-1,-1,-1,0.0
SCEN-A,SPL,M0:probeL,,,mode42,POLISH_EXPANDED,True,RSS=16.86450510230653,True,-1,-1,-1,0.0
SCEN-A,SPL,M0:probeL,,,mode43,POLISH_EXPANDED,True,RSS=15.421204161088939,True,-1,-1,-1,0.0
SCEN-A,SPL,M0:probeL,,,mode44,POLISH,True,RSS=14.242392132432578,True,-1,-1,-1,0.0
SCEN-A,SPL,M0:probeL,,,mode45,POLISH_EXPANDED,True,RSS=13.269590108654555,True,-1,-1,-1,0.0
SCEN-A,SPL,M0:probeL,,,mode46,POLISH_EXPANDED,True,RSS=12.46071282064393,True,-1,-1,-1,0.0
SCEN-A,SPL,M0:probeL,,,mode47,POLISH_EXPANDED,True,RSS=11.785521200659451,True,-1,-1,-1,0.0
SCEN-A,SPL,M0:probeL,,,mode48,POLISH,True,RSS=11.224995358969831,True,-1,-1,-1,0.0
SCEN-A,SPL,M0:probeL,,,mode49,POLISH_EXPANDED,True,RSS=10.770929135796768,True,-1,-1,-1,0.0
SCEN-A,SPL,M0:probeL,,,mode50,POLISH,True,RSS=10.425789861969047,True,-1,-1,-1,0.0
SCEN-A,SPL,M0:probeL,,,mode51,POLISH_EXPANDED,True,RSS=10.203308622253845,True,-1,-1,-1,0.0
SCEN-A,SPL,M0:probeL,,,mode52,POLISH,True,RSS=10.143141969377794,True,-1,-1,-1,0.0
SCEN-A,SPL,M0:probeL,,,mode53,POLISH,True,RSS=10.149266401542569,True,-1,-1,-1,0.0
SCEN-A,SPL,M0:probeL,,,mode54,POLISH_EXPANDED,True,RSS=10.339591227636035,True,-1,-1,-1,0.0
SCEN-A,SPL,M0:probeL,,,mode55,POLISH,True,RSS=10.851924266043001,True,-1,-1,-1,0.0
SCEN-A,SPL,M0:probeL,,,mode56,POLISH,True,RSS=11.755813989316662,True,-1,-1,-1,0.0
SCEN-A,SPL,M0:probeL,,,mode57,POLISH,True,RSS=13.279555656063396,True,-1,-1,-1,0.0
SCEN-A,SPL,M0:probeL,,,mode58,POLISH,True,RSS=15.82276200485654,True,-1,-1,-1,0.0
SCEN-A,SPL,M0:probeL,,,mode59,POLISH,True,RSS=20.36665963823291,True,-1,-1,-1,0.0
SCEN-A,SPL,M0:probeL,,,mode60,POLISH,True,RSS=26.57585752859878,True,-1,-1,-1,0.0
SCEN-A,SPL,M0:probeL,,,mode61,POLISH,True,RSS=32.57992459426094,True,-1,-1,-1,0.0
SCEN-A,SPL,M0:probeL,,,mode62,POLISH,True,RSS=37.47693129320636,True,-1,-1,-1,0.0
SCEN-A,SPL,M0:probeL,,,mode63,POLISH,True,RSS=41.05852313144238,True,-1,-1,-1,0.0
SCEN-A,SPL,M0:probeL,,,mode64,POLISH,True,RSS=43.10645513399425,True,-1,-1,-1,0.0
SCEN-A,SPL,M0:probeL,,,mode65,POLISH,True,RSS=43.78344676225743,True,-1,-1,-1,0.0
SCEN-A,SPL,M0:probeL,,,mode66,POLISH,True,RSS=44.34114863482853,True,-1,-1,-1,0.0
SCEN-A,SPL,M0:probeL,,,mode67,POLISH,True,RSS=44.97297944276652,True,-1,-1,-1,0.0
SCEN-A,SPL,M0:probeL,,,mode68,POLISH,True,RSS=45.69204591315054,True,-1,-1,-1,0.0
SCEN-A,SPL,M0:probeL,,,mode69,POLISH_EXPANDED,True,RSS=46.51278073691861,True,-1,-1,-1,0.0
SCEN-A,SPL,M0:probeL,,,mode70,POLISH,True,RSS=47.448561126748956,True,-1,-1,-1,0.0
SCEN-A,SPL,M0:probeL,,,mode71,POLISH,True,RSS=48.53038721531761,True,-1,-1,-1,0.0
SCEN-A,SPL,M0:probeL,,,mode72,POLISH,True,RSS=49.767760128451286,True,-1,-1,-1,0.0
SCEN-A,SPL,M0:probeL,,,mode73,POLISH,True,RSS=51.21976951404621,True,-1,-1,-1,0.0
SCEN-A,SPL,M0:probeL,,,mode74,POLISH_EXPANDED,True,RSS=52.897213185331346,True,-1,-1,-1,0.0
SCEN-A,SPL,M0:probeL,,,mode75,POLISH,True,RSS=54.89935814359316,True,-1,-1,-1,0.0
SCEN-A,SPL,M0:probeL,,,mode76,POLISH,True,RSS=57.259069077533624,True,-1,-1,-1,0.0
SCEN-A,SPL,M0:probeL,,,mode77,POLISH_EXPANDED,True,RSS=60.130134406412246,True,-1,-1,-1,0.0
SCEN-A,SPL,M0:probeL,,,mode78,POLISH_EXPANDED,True,RSS=63.59030366007133,True,-1,-1,-1,0.0
SCEN-A,SPL,M0:probeL,,,mode79,POLISH_EXPANDED,True,RSS=67.86418414418058,True,-1,-1,-1,0.0
SCEN-A,SPL,M0:probeL,,,mode80,POLISH,True,RSS=73.09024757026614,True,-1,-1,-1,0.0
SCEN-A,SPL,M0:probeL,,,mode81,POLISH,True,RSS=79.3111742607346,True,-1,-1,-1,0.0
SCEN-A,SPL,M0:probeL,,,mode82,POLISH_EXPANDED,True,RSS=85.91531973679318,True,-1,-1,-1,0.0
SCEN-A,SPL,M0:probeL,,,mode83,POLISH_EXPANDED,True,RSS=91.5677527247943,True,-1,-1,-1,0.0
SCEN-A,SPL,M0:probeL,,,mode84,POLISH,True,RSS=94.78186192050856,True,-1,-1,-1,0.0
SCEN-A,SPL,M0:probeL,,,mode85,POLISH,True,RSS=95.30693284514595,True,-1,-1,-1,0.0
SCEN-A,SPL,M0:probeL,,,mode86,POLISH,True,RSS=95.3069328451463,True,-1,-1,-1,0.0
SCEN-A,SPL,M0:probeL,,,mode87,POLISH,True,RSS=95.30693284514635,True,-1,-1,-1,0.0
SCEN-A,SPL,M0:probeL,,,mode88,POLISH,True,RSS=95.3449940430617,True,-1,-1,-1,0.0
SCEN-A,SPL,M0:probeL,,,mode89,FALLBACK,True,RSS=95.55742691407617,True,-1,-1,-1,0.0
SCEN-A,SPL,M0:probeL,,,mode90,POLISH,True,RSS=95.95235656472131,True,-1,-1,-1,0.0
SCEN-A,SPL,M0:probeL,,,mode91,POLISH_EXPANDED,True,RSS=96.5098659185144,True,-1,-1,-1,0.0
SCEN-A,SPL,M0:probeL,,,mode92,POLISH,True,RSS=97.22143259969685,True,-1,-1,-1,0.0
SCEN-A,SPL,M0:probeL,,,mode93,POLISH_EXPANDED,True,RSS=98.08347597200354,True,-1,-1,-1,0.0
SCEN-A,SPL,M0:probeL,,,mode94,POLISH,True,RSS=99.1023001789446,True,-1,-1,-1,0.0
SCEN-A,SPL,M0:probeL,,,mode95,POLISH,True,RSS=100.28577974101128,True,-1,-1,-1,0.0
SCEN-A,SPL,M0:probeL,,,mode96,POLISH_EXPANDED,True,RSS=101.6471295010018,True,-1,-1,-1,0.0
SCEN-A,SPL,M0:probeL,,,mode97,POLISH_EXPANDED,True,RSS=103.20858664338222,True,-1,-1,-1,0.0
SCEN-A,SPL,M0:probeL,,,mode98,POLISH_EXPANDED,True,RSS=104.99540712320069,True,-1,-1,-1,0.0
SCEN-A,SPL,M0:probeL,,,mode99,POLISH_EXPANDED,True,RSS=107.03828449507185,True,-1,-1,-1,0.0
SCEN-A,SPL,M0:probeL,,,mode100,POLISH_EXPANDED,True,RSS=109.37181976328871,True,-1,-1,-1,0.0
SCEN-A,SPL,M0:probeL,,,mode101,POLISH,True,RSS=112.02980238750958,True,-1,-1,-1,0.0
SCEN-A,SPL,M0:probeL,,,mode102,POLISH,True,RSS=115.0591502373968,True,-1,-1,-1,0.0
SCEN-A,SPL,M0:probeL,,,mode103,POLISH,True,RSS=118.49639460542613,True,-1,-1,-1,0.0
SCEN-A,SPL,M0:probeL,,,mode104,POLISH,True,RSS=121.7464056825374,True,-1,-1,-1,0.0
SCEN-A,SPL,M0:probeL,,,mode105,POLISH,True,RSS=123.54549004228,True,-1,-1,-1,0.0
SCEN-A,SPL,M0:probeL,,,mode106,POLISH,True,RSS=123.60837761418624,True,-1,-1,-1,0.0
SCEN-A,SPL,M0:probeL,,,mode107,POLISH_EXPANDED,True,RSS=123.60837761418624,True,-1,-1,-1,0.0
SCEN-A,SPL,M0:probeL,,,mode108,POLISH_EXPANDED,True,RSS=123.60837761418624,True,-1,-1,-1,0.0
SCEN-A,SPL,M0:probeL,,,mode109,POLISH_EXPANDED,True,RSS=123.60837761418624,True,-1,-1,-1,0.0
SCEN-A,SPL,M0:probeL,,,mode110,POLISH_EXPANDED,True,RSS=123.60837761418624,True,-1,-1,-1,0.0
SCEN-A,SPL,M0:probeL,,,mode111,POLISH_EXPANDED,True,RSS=123.60837761418624,True,-1,-1,-1,0.0
SCEN-A,SPL,M0:probeL,,,mode112,POLISH_EXPANDED,True,RSS=123.60837761418624,True,-1,-1,-1,0.0
SCEN-A,SPL,M0:probeL,,,mode113,POLISH_EXPANDED,True,RSS=123.60837761418624,True,-1,-1,-1,0.0
SCEN-A,SPL,M0:probeL,,,mode114,POLISH_EXPANDED,True,RSS=123.60837761418624,True,-1,-1,-1,0.0
SCEN-A,SPL,M0:probeL,,,mode115,POLISH_EXPANDED,True,RSS=123.60837761418624,True,-1,-1,-1,0.0
SCEN-A,SPL,M0:probeL,,,mode116,POLISH,True,RSS=123.60837761418637,True,-1,-1,-1,0.0
SCEN-A,SPL,M0:probeL,,,mode117,POLISH,True,RSS=123.67674599662142,True,-1,-1,-1,0.0
SCEN-A,SPL,M0:probeL,,,mode118,POLISH,True,RSS=124.06356299694559,True,-1,-1,-1,0.0
SCEN-A,SPL,M0:probeL,,,mode119,POLISH,True,RSS=124.80241833290309,True,-1,-1,-1,0.0
SCEN-A,SPL,M0:probeL,,,mode120,POLISH,True,RSS=125.88590836739856,True,-1,-1,-1,0.0
SCEN-A,SPL,M0:probeL,,,mode121,POLISH,True,RSS=127.32625955475343,True,-1,-1,-1,0.0
SCEN-A,SPL,M0:probeL,,,mode122,POLISH,True,RSS=129.1419292658925,True,-1,-1,-1,0.0
SCEN-A,SPL,M0:probeL,,,mode123,POLISH,True,RSS=131.3320949449599,True,-1,-1,-1,0.0
SCEN-A,SPL,M0:probeL,,,mode124,POLISH,True,RSS=133.8165194355039,True,-1,-1,-1,0.0
SCEN-A,SPL,M0:probeL,,,mode125,POLISH,True,RSS=136.29467408526412,True,-1,-1,-1,0.0
SCEN-A,SPL,M0:probeL,,,mode126,POLISH,True,RSS=137.95681850230537,True,-1,-1,-1,0.0
SCEN-A,SPL,M0:probeL,,,mode127,POLISH_EXPANDED,True,RSS=138.0692311657479,True,-1,-1,-1,0.0
SCEN-A,SPL,M0:probeL,,,mode128,POLISH,True,RSS=138.06923116574657,True,-1,-1,-1,0.0
SCEN-A,SPL,M0:probeL,,,mode129,POLISH,True,RSS=138.06923116574723,True,-1,-1,-1,0.0
SCEN-A,SPL,M0:probeL,,,mode130,POLISH,True,RSS=138.06923116574393,True,-1,-1,-1,0.0
SCEN-A,SPL,M0:probeL,,,mode131,POLISH_EXPANDED,True,RSS=138.06923116574723,True,-1,-1,-1,0.0
SCEN-A,SPL,M0:probeL,,,mode132,POLISH,True,RSS=138.06923116574725,True,-1,-1,-1,0.0
SCEN-A,SPL,M0:probeL,,,mode133,POLISH,True,RSS=138.0692311657462,True,-1,-1,-1,0.0
SCEN-A,SPL,M0:probeL,,,mode134,POLISH,True,RSS=138.06923116574762,True,-1,-1,-1,0.0
SCEN-A,SPL,M0:probeL,,,mode135,POLISH,True,RSS=138.06923116574762,True,-1,-1,-1,0.0
SCEN-A,SPL,M0:probeL,,,mode136,POLISH_EXPANDED,True,RSS=138.06923116574762,True,-1,-1,-1,0.0
SCEN-A,SPL,M0:probeL,,,mode137,POLISH,True,RSS=138.06923116574762,True,-1,-1,-1,0.0
SCEN-A,SPL,M0:probeL,,,mode138,POLISH,True,RSS=138.06923116574762,True,-1,-1,-1,0.0
SCEN-A,SPL,M0:probeL,,,mode139,POLISH,True,RSS=138.06923116574762,True,-1,-1,-1,0.0
SCEN-A,SPL,M0:probeL,,,mode140,POLISH,True,RSS=138.06923116574868,True,-1,-1,-1,0.0
SCEN-A,SPL,M0:probeL,,,mode141,POLISH,True,RSS=138.06923116574762,True,-1,-1,-1,0.0
SCEN-A,SPL,M0:probeL,,,mode142,POLISH,True,RSS=138.06923116574762,True,-1,-1,-1,0.0
SCEN-A,SPL,M0:probeL,,,mode143,POLISH,True,RSS=138.06923116574762,True,-1,-1,-1,0.0
SCEN-A,SPL,M0:probeL,,,mode144,POLISH,True,RSS=138.06923116574762,True,-1,-1,-1,0.0
SCEN-A,SPL,M0:probeL,,,mode145,POLISH,True,RSS=138.0692311657491,True,-1,-1,-1,0.0
SCEN-A,SPL,M0:probeR,,,mode0,POLISH,True,RSS=71.8569350657419,True,-1,-1,-1,0.0
SCEN-A,SPL,M0:probeR,,,mode1,POLISH_EXPANDED,True,RSS=71.85326877175541,True,-1,-1,-1,0.0
SCEN-A,SPL,M0:probeR,,,mode2,POLISH_EXPANDED,True,RSS=71.84767192335144,True,-1,-1,-1,0.0
SCEN-A,SPL,M0:probeR,,,mode3,POLISH,True,RSS=71.83809305734941,True,-1,-1,-1,0.0
SCEN-A,SPL,M0:probeR,,,mode4,POLISH_EXPANDED,True,RSS=71.82764526783882,True,-1,-1,-1,0.0
SCEN-A,SPL,M0:probeR,,,mode5,POLISH_EXPANDED,True,RSS=71.81620544156303,True,-1,-1,-1,0.0
SCEN-A,SPL,M0:probeR,,,mode6,POLISH_EXPANDED,True,RSS=71.80362619557152,True,-1,-1,-1,0.0
SCEN-A,SPL,M0:probeR,,,mode7,POLISH_EXPANDED,True,RSS=71.7833891921231,True,-1,-1,-1,0.0
SCEN-A,SPL,M0:probeR,,,mode8,POLISH_EXPANDED,True,RSS=71.75727998808166,True,-1,-1,-1,0.0
SCEN-A,SPL,M0:probeR,,,mode9,POLISH_EXPANDED,True,RSS=71.7278921107513,True,-1,-1,-1,0.0
SCEN-A,SPL,M0:probeR,,,mode10,POLISH,True,RSS=71.67904262399028,True,-1,-1,-1,0.0
SCEN-A,SPL,M0:probeR,,,mode11,POLISH_EXPANDED,True,RSS=71.61751994434667,True,-1,-1,-1,0.0
SCEN-A,SPL,M0:probeR,,,mode12,POLISH_EXPANDED,True,RSS=71.5216956321883,True,-1,-1,-1,0.0
SCEN-A,SPL,M0:probeR,,,mode13,POLISH,True,RSS=71.36847883074762,True,-1,-1,-1,0.0
SCEN-A,SPL,M0:probeR,,,mode14,POLISH_EXPANDED,True,RSS=71.08583807402472,True,-1,-1,-1,0.0
SCEN-A,SPL,M0:probeR,,,mode15,POLISH_EXPANDED,True,RSS=70.51034216512613,True,-1,-1,-1,0.0
SCEN-A,SPL,M0:probeR,,,mode16,POLISH,True,RSS=69.12314575330144,True,-1,-1,-1,0.0
SCEN-A,SPL,M0:probeR,,,mode17,POLISH,True,RSS=66.0818946546391,True,-1,-1,-1,0.0
SCEN-A,SPL,M0:probeR,,,mode18,POLISH,True,RSS=61.5509221321753,True,-1,-1,-1,0.0
SCEN-A,SPL,M0:probeR,,,mode19,POLISH_EXPANDED,True,RSS=56.796945389640904,True,-1,-1,-1,0.0
SCEN-A,SPL,M0:probeR,,,mode20,POLISH,True,RSS=52.706463133478806,True,-1,-1,-1,0.0
SCEN-A,SPL,M0:probeR,,,mode21,POLISH,True,RSS=49.46828574839757,True,-1,-1,-1,0.0
SCEN-A,SPL,M0:probeR,,,mode22,POLISH,True,RSS=47.02638643003761,True,-1,-1,-1,0.0
SCEN-A,SPL,M0:probeR,,,mode23,POLISH_EXPANDED,True,RSS=45.244207326186356,True,-1,-1,-1,0.0
SCEN-A,SPL,M0:probeR,,,mode24,POLISH,True,RSS=44.010113112335596,True,-1,-1,-1,0.0
SCEN-A,SPL,M0:probeR,,,mode25,POLISH,True,RSS=43.19355522039362,True,-1,-1,-1,0.0
SCEN-A,SPL,M0:probeR,,,mode26,POLISH,True,RSS=42.75357882557369,True,-1,-1,-1,0.0
SCEN-A,SPL,M0:probeR,,,mode27,POLISH,True,RSS=42.62899476885613,True,-1,-1,-1,0.0
SCEN-A,SPL,M0:probeR,,,mode28,POLISH,True,RSS=42.62781318669869,True,-1,-1,-1,0.0
SCEN-A,SPL,M0:probeR,,,mode29,POLISH,True,RSS=42.78802755366812,True,-1,-1,-1,0.0
SCEN-A,SPL,M0:probeR,,,mode30,POLISH,True,RSS=42.884703280622944,True,-1,-1,-1,0.0
SCEN-A,SPL,M0:probeR,,,mode31,POLISH_EXPANDED,True,RSS=42.80177265875255,True,-1,-1,-1,0.0
SCEN-A,SPL,M0:probeR,,,mode32,POLISH,True,RSS=42.712416514619385,True,-1,-1,-1,0.0
SCEN-A,SPL,M0:probeR,,,mode33,POLISH_EXPANDED,True,RSS=42.58841453984246,True,-1,-1,-1,0.0
SCEN-A,SPL,M0:probeR,,,mode34,POLISH,True,RSS=40.87346647997608,True,-1,-1,-1,0.0
SCEN-A,SPL,M0:probeR,,,mode35,POLISH_EXPANDED,True,RSS=37.34660005960275,True,-1,-1,-1,0.0
SCEN-A,SPL,M0:probeR,,,mode36,POLISH_EXPANDED,True,RSS=33.114151146135946,True,-1,-1,-1,0.0
SCEN-A,SPL,M0:probeR,,,mode37,POLISH_EXPANDED,True,RSS=29.061396271156745,True,-1,-1,-1,0.0
SCEN-A,SPL,M0:probeR,,,mode38,POLISH_EXPANDED,True,RSS=25.742896007802887,True,-1,-1,-1,0.0
SCEN-A,SPL,M0:probeR,,,mode39,POLISH,True,RSS=23.0413238798777,True,-1,-1,-1,0.0
SCEN-A,SPL,M0:probeR,,,mode40,POLISH,True,RSS=20.812187649118254,True,-1,-1,-1,0.0
SCEN-A,SPL,M0:probeR,,,mode41,POLISH_EXPANDED,True,RSS=18.94332151413374,True,-1,-1,-1,0.0
SCEN-A,SPL,M0:probeR,,,mode42,POLISH_EXPANDED,True,RSS=17.353523551043807,True,-1,-1,-1,0.0
SCEN-A,SPL,M0:probeR,,,mode43,POLISH,True,RSS=15.978336160810972,True,-1,-1,-1,0.0
SCEN-A,SPL,M0:probeR,,,mode44,POLISH,True,RSS=14.76970400781356,True,-1,-1,-1,0.0
SCEN-A,SPL,M0:probeR,,,mode45,FALLBACK,True,RSS=13.691020468117761,True,-1,-1,-1,0.0
SCEN-A,SPL,M0:probeR,,,mode46,POLISH_EXPANDED,True,RSS=12.716838445165648,True,-1,-1,-1,0.0
SCEN-A,SPL,M0:probeR,,,mode47,POLISH,True,RSS=11.829178925988742,True,-1,-1,-1,0.0
SCEN-A,SPL,M0:probeR,,,mode48,POLISH_EXPANDED,True,RSS=11.019939405252552,True,-1,-1,-1,0.0
SCEN-A,SPL,M0:probeR,,,mode49,POLISH_EXPANDED,True,RSS=10.292796620447001,True,-1,-1,-1,0.0
SCEN-A,SPL,M0:probeR,,,mode50,POLISH_EXPANDED,True,RSS=9.666737375759404,True,-1,-1,-1,0.0
SCEN-A,SPL,M0:probeR,,,mode51,POLISH_EXPANDED,True,RSS=9.184383512650804,True,-1,-1,-1,0.0
SCEN-A,SPL,M0:probeR,,,mode52,POLISH_EXPANDED,True,RSS=8.926129302570343,True,-1,-1,-1,0.0
SCEN-A,SPL,M0:probeR,,,mode53,POLISH,True,RSS=8.91113043958479,True,-1,-1,-1,0.0
SCEN-A,SPL,M0:probeR,,,mode54,POLISH,True,RSS=9.025010220324996,True,-1,-1,-1,0.0
SCEN-A,SPL,M0:probeR,,,mode55,POLISH,True,RSS=9.5836462945872,True,-1,-1,-1,0.0
SCEN-A,SPL,M0:probeR,,,mode56,POLISH_EXPANDED,True,RSS=10.82746839446419,True,-1,-1,-1,0.0
SCEN-A,SPL,M0:probeR,,,mode57,POLISH_EXPANDED,True,RSS=13.106866522382536,True,-1,-1,-1,0.0
SCEN-A,SPL,M0:probeR,,,mode58,POLISH,True,RSS=16.761768218815668,True,-1,-1,-1,0.0
SCEN-A,SPL,M0:probeR,,,mode59,POLISH_EXPANDED,True,RSS=21.839847617849244,True,-1,-1,-1,0.0
SCEN-A,SPL,M0:probeR,,,mode60,POLISH_EXPANDED,True,RSS=27.27411168482029,True,-1,-1,-1,0.0
SCEN-A,SPL,M0:probeR,,,mode61,POLISH,True,RSS=31.845561661755273,True,-1,-1,-1,0.0
SCEN-A,SPL,M0:probeR,,,mode62,POLISH,True,RSS=34.97590170919036,True,-1,-1,-1,0.0
SCEN-A,SPL,M0:probeR,,,mode63,POLISH,True,RSS=36.75447627579657,True,-1,-1,-1,0.0
SCEN-A,SPL,M0:probeR,,,mode64,POLISH_EXPANDED,True,RSS=37.57895373475413,True,-1,-1,-1,0.0
SCEN-A,SPL,M0:probeR,,,mode65,POLISH,True,RSS=38.088609559391735,True,-1,-1,-1,0.0
SCEN-A,SPL,M0:probeR,,,mode66,POLISH_EXPANDED,True,RSS=38.670216313695114,True,-1,-1,-1,0.0
SCEN-A,SPL,M0:probeR,,,mode67,POLISH,True,RSS=39.331522740927795,True,-1,-1,-1,0.0
SCEN-A,SPL,M0:probeR,,,mode68,POLISH,True,RSS=40.09387702006468,True,-1,-1,-1,0.0
SCEN-A,SPL,M0:probeR,,,mode69,POLISH_EXPANDED,True,RSS=40.965130967045276,True,-1,-1,-1,0.0
SCEN-A,SPL,M0:probeR,,,mode70,POLISH_EXPANDED,True,RSS=41.977015264697016,True,-1,-1,-1,0.0
SCEN-A,SPL,M0:probeR,,,mode71,POLISH,True,RSS=43.14463177783055,True,-1,-1,-1,0.0
SCEN-A,SPL,M0:probeR,,,mode72,POLISH_EXPANDED,True,RSS=44.517720635616456,True,-1,-1,-1,0.0
SCEN-A,SPL,M0:probeR,,,mode73,POLISH,True,RSS=46.12000357500958,True,-1,-1,-1,0.0
SCEN-A,SPL,M0:probeR,,,mode74,POLISH_EXPANDED,True,RSS=48.04062539543166,True,-1,-1,-1,0.0
SCEN-A,SPL,M0:probeR,,,mode75,POLISH_EXPANDED,True,RSS=50.32518066787691,True,-1,-1,-1,0.0
SCEN-A,SPL,M0:probeR,,,mode76,POLISH,True,RSS=53.10253108746599,True,-1,-1,-1,0.0
SCEN-A,SPL,M0:probeR,,,mode77,POLISH_EXPANDED,True,RSS=56.506152877849885,True,-1,-1,-1,0.0
SCEN-A,SPL,M0:probeR,,,mode78,POLISH_EXPANDED,True,RSS=60.66345180203065,True,-1,-1,-1,0.0
SCEN-A,SPL,M0:probeR,,,mode79,POLISH_EXPANDED,True,RSS=65.78364795320809,True,-1,-1,-1,0.0
SCEN-A,SPL,M0:probeR,,,mode80,FALLBACK,True,RSS=71.52275366820062,True,-1,-1,-1,0.0
SCEN-A,SPL,M0:probeR,,,mode81,POLISH_EXPANDED,True,RSS=77.25182314684788,True,-1,-1,-1,0.0
SCEN-A,SPL,M0:probeR,,,mode82,POLISH_EXPANDED,True,RSS=81.98378794299191,True,-1,-1,-1,0.0
SCEN-A,SPL,M0:probeR,,,mode83,POLISH,True,RSS=84.80342524100551,True,-1,-1,-1,0.0
SCEN-A,SPL,M0:probeR,,,mode84,POLISH_EXPANDED,True,RSS=85.94643153685351,True,-1,-1,-1,0.0
SCEN-A,SPL,M0:probeR,,,mode85,POLISH_EXPANDED,True,RSS=86.31315276397595,True,-1,-1,-1,0.0
SCEN-A,SPL,M0:probeR,,,mode86,POLISH_EXPANDED,True,RSS=86.38219498666074,True,-1,-1,-1,0.0
SCEN-A,SPL,M0:probeR,,,mode87,POLISH,True,RSS=86.3870728526339,True,-1,-1,-1,0.0
SCEN-A,SPL,M0:probeR,,,mode88,POLISH,True,RSS=86.44116110234188,True,-1,-1,-1,0.0
SCEN-A,SPL,M0:probeR,,,mode89,FALLBACK,True,RSS=86.74311123991559,True,-1,-1,-1,0.0
SCEN-A,SPL,M0:probeR,,,mode90,POLISH,True,RSS=87.30629024903308,True,-1,-1,-1,0.0
SCEN-A,SPL,M0:probeR,,,mode91,POLISH_EXPANDED,True,RSS=88.1066463396861,True,-1,-1,-1,0.0
SCEN-A,SPL,M0:probeR,,,mode92,POLISH,True,RSS=89.13645864329753,True,-1,-1,-1,0.0
SCEN-A,SPL,M0:probeR,,,mode93,POLISH_EXPANDED,True,RSS=90.39577043038028,True,-1,-1,-1,0.0
SCEN-A,SPL,M0:probeR,,,mode94,POLISH_EXPANDED,True,RSS=91.89939337927895,True,-1,-1,-1,0.0
SCEN-A,SPL,M0:probeR,,,mode95,POLISH_EXPANDED,True,RSS=93.66777086423697,True,-1,-1,-1,0.0
SCEN-A,SPL,M0:probeR,,,mode96,POLISH_EXPANDED,True,RSS=95.72075364738973,True,-1,-1,-1,0.0
SCEN-A,SPL,M0:probeR,,,mode97,POLISH_EXPANDED,True,RSS=98.09201287005467,True,-1,-1,-1,0.0
SCEN-A,SPL,M0:probeR,,,mode98,POLISH,True,RSS=100.81557870937264,True,-1,-1,-1,0.0
SCEN-A,SPL,M0:probeR,,,mode99,POLISH_EXPANDED,True,RSS=103.91690989533662,True,-1,-1,-1,0.0
SCEN-A,SPL,M0:probeR,,,mode100,POLISH_EXPANDED,True,RSS=107.39788061332625,True,-1,-1,-1,0.0
SCEN-A,SPL,M0:probeR,,,mode101,POLISH,True,RSS=110.90443973465445,True,-1,-1,-1,0.0
SCEN-A,SPL,M0:probeR,,,mode102,POLISH,True,RSS=112.38602017650621,True,-1,-1,-1,0.0
SCEN-A,SPL,M0:probeR,,,mode103,POLISH,True,RSS=112.38602017650618,True,-1,-1,-1,0.0
SCEN-A,SPL,M0:probeR,,,mode104,POLISH,True,RSS=112.3860201765062,True,-1,-1,-1,0.0
SCEN-A,SPL,M0:probeR,,,mode105,POLISH,True,RSS=112.3860201765062,True,-1,-1,-1,0.0
SCEN-A,SPL,M0:probeR,,,mode106,POLISH,True,RSS=112.38602017650605,True,-1,-1,-1,0.0
SCEN-A,SPL,M0:probeR,,,mode107,POLISH,True,RSS=112.38602017650634,True,-1,-1,-1,0.0
SCEN-A,SPL,M0:probeR,,,mode108,POLISH,True,RSS=112.3860201765062,True,-1,-1,-1,0.0
SCEN-A,SPL,M0:probeR,,,mode109,POLISH,True,RSS=112.3860201765062,True,-1,-1,-1,0.0
SCEN-A,SPL,M0:probeR,,,mode110,POLISH,True,RSS=112.3860201765062,True,-1,-1,-1,0.0
SCEN-A,SPL,M0:probeR,,,mode111,POLISH,True,RSS=112.3860201765062,True,-1,-1,-1,0.0
SCEN-A,SPL,M0:probeR,,,mode112,POLISH,True,RSS=112.3860201765062,True,-1,-1,-1,0.0
SCEN-A,SPL,M0:probeR,,,mode113,POLISH,True,RSS=112.3860201765062,True,-1,-1,-1,0.0
SCEN-A,SPL,M0:probeR,,,mode114,POLISH,True,RSS=112.3860201765062,True,-1,-1,-1,0.0
SCEN-A,SPL,M0:probeR,,,mode115,POLISH,True,RSS=112.3860201765062,True,-1,-1,-1,0.0
SCEN-A,SPL,M0:probeR,,,mode116,POLISH,True,RSS=112.3860201765062,True,-1,-1,-1,0.0
SCEN-A,SPL,M0:probeR,,,mode117,POLISH,True,RSS=112.72122074337274,True,-1,-1,-1,0.0
SCEN-A,SPL,M0:probeR,,,mode118,POLISH,True,RSS=114.66142870554408,True,-1,-1,-1,0.0
SCEN-A,SPL,M0:probeR,,,mode119,POLISH,True,RSS=118.3566669253365,True,-1,-1,-1,0.0
SCEN-A,SPL,M0:probeR,,,mode120,POLISH,True,RSS=121.80815981394315,True,-1,-1,-1,0.0
SCEN-A,SPL,M0:probeR,,,mode121,POLISH,True,RSS=121.85506299802331,True,-1,-1,-1,0.0
SCEN-A,SPL,M0:probeR,,,mode122,POLISH_EXPANDED,True,RSS=121.85506299802599,True,-1,-1,-1,0.0
SCEN-A,SPL,M0:probeR,,,mode123,POLISH_EXPANDED,True,RSS=121.85506299802626,True,-1,-1,-1,0.0
SCEN-A,SPL,M0:probeR,,,mode124,POLISH,True,RSS=121.85506299802611,True,-1,-1,-1,0.0
SCEN-A,SPL,M0:probeR,,,mode125,POLISH,True,RSS=121.85506299802586,True,-1,-1,-1,0.0
SCEN-A,SPL,M0:probeR,,,mode126,POLISH,True,RSS=121.85506299802725,True,-1,-1,-1,0.0
SCEN-A,SPL,M0:probeR,,,mode127,POLISH,True,RSS=121.85506299802603,True,-1,-1,-1,0.0
SCEN-A,SPL,M0:probeR,,,mode128,POLISH,True,RSS=121.85506299801341,True,-1,-1,-1,0.0
SCEN-A,SPL,M0:probeR,,,mode129,POLISH,True,RSS=121.85506299802603,True,-1,-1,-1,0.0
SCEN-A,SPL,M0:probeR,,,mode130,POLISH,True,RSS=121.85506299802603,True,-1,-1,-1,0.0
SCEN-A,SPL,M0:probeR,,,mode131,POLISH,True,RSS=121.85506299802603,True,-1,-1,-1,0.0
SCEN-A,SPL,M0:probeR,,,mode132,POLISH,True,RSS=121.85506299802603,True,-1,-1,-1,0.0
SCEN-A,SPL,M0:probeR,,,mode133,POLISH,True,RSS=121.85506299802603,True,-1,-1,-1,0.0
SCEN-A,SPL,M0:probeR,,,mode134,POLISH_EXPANDED,True,RSS=121.85506299802725,True,-1,-1,-1,0.0
SCEN-A,SPL,M0:probeR,,,mode135,POLISH,True,RSS=121.85506299802603,True,-1,-1,-1,0.0
SCEN-A,SPL,M0:probeR,,,mode136,POLISH,True,RSS=121.85506299802626,True,-1,-1,-1,0.0
SCEN-A,SPL,M0:probeR,,,mode137,POLISH,True,RSS=121.85506299802603,True,-1,-1,-1,0.0
SCEN-A,SPL,M0:probeR,,,mode138,POLISH,True,RSS=121.85506299802603,True,-1,-1,-1,0.0
SCEN-A,SPL,M0:probeR,,,mode139,POLISH,True,RSS=121.85506299802603,True,-1,-1,-1,0.0
SCEN-A,SPL,M0:probeR,,,mode140,POLISH,True,RSS=121.85506299802603,True,-1,-1,-1,0.0
SCEN-A,SPL,M0:probeR,,,mode141,POLISH,True,RSS=121.85506299802603,True,-1,-1,-1,0.0
SCEN-A,SPL,M0:probeR,,,mode142,POLISH,True,RSS=121.85506299802603,True,-1,-1,-1,0.0
SCEN-A,SPL,M0:probeR,,,mode143,POLISH,True,RSS=121.85506299802603,True,-1,-1,-1,0.0
SCEN-A,SPL,M0:probeR,,,mode144,POLISH,True,RSS=121.85506299802603,True,-1,-1,-1,0.0
SCEN-A,SPL,M0:probeR,,,mode145,POLISH_EXPANDED,True,RSS=121.85506299802672,True,-1,-1,-1,0.0
SCEN-B,P-01,F0:full,SCEN-B,P-01,feature,primary,2,`xtol` termination condition is satisfied.,True,135,705,141,0.2915779000031762
SCEN-B,P-01,F0:full,SCEN-B,P-01,grid0,primary,2,`xtol` termination condition is satisfied.,True,202,1270,254,0.5153622999787331
SCEN-B,P-01,F0:full,SCEN-B,P-01,grid365,primary,2,`xtol` termination condition is satisfied.,True,362,2320,464,0.9379849000251852
SCEN-B,P-01,F0:full,SCEN-B,P-01,grid730,primary,2,`xtol` termination condition is satisfied.,True,107,710,142,0.2574575000326149
SCEN-B,P-01,F0:fold0,SCEN-B,P-01,feature,primary,2,`xtol` termination condition is satisfied.,True,163,1175,235,0.4130408000200987
SCEN-B,P-01,F0:fold0,SCEN-B,P-01,grid0,primary,2,`xtol` termination condition is satisfied.,True,159,1120,224,0.4133612000150606
SCEN-B,P-01,F0:fold0,SCEN-B,P-01,grid365,primary,2,`xtol` termination condition is satisfied.,True,205,1380,276,0.49273559998255223
SCEN-B,P-01,F0:fold0,SCEN-B,P-01,grid730,primary,2,`xtol` termination condition is satisfied.,True,115,305,61,0.16925289999926463
SCEN-B,P-01,F0:fold1,SCEN-B,P-01,feature,primary,2,`xtol` termination condition is satisfied.,True,137,765,153,0.31287630001315847
SCEN-B,P-01,F0:fold1,SCEN-B,P-01,grid0,primary,2,`xtol` termination condition is satisfied.,True,190,1170,234,0.4692386999959126
SCEN-B,P-01,F0:fold1,SCEN-B,P-01,grid365,primary,2,`xtol` termination condition is satisfied.,True,200,1215,243,0.5151751999510452
SCEN-B,P-01,F0:fold1,SCEN-B,P-01,grid730,primary,2,`xtol` termination condition is satisfied.,True,105,365,73,0.18147040001349524
SCEN-B,P-01,F0:fold2,SCEN-B,P-01,feature,primary,-1,EXCEPTION:RuntimeError:FAULT_INJECTION_TEST_ONLY,False,-1,-1,-1,nan
SCEN-B,P-01,F0:fold2,SCEN-B,P-01,feature,fallback,-1,FABRICATED_FALLBACK:FAULT_INJECTION_TEST_ONLY:nonfinite_return,False,-1,-1,-1,nan
SCEN-B,P-01,F0:fold2,SCEN-B,P-01,grid0,primary,-1,EXCEPTION:RuntimeError:FAULT_INJECTION_TEST_ONLY,False,-1,-1,-1,nan
SCEN-B,P-01,F0:fold2,SCEN-B,P-01,grid0,fallback,-1,FABRICATED_FALLBACK:FAULT_INJECTION_TEST_ONLY:nonfinite_return,False,-1,-1,-1,nan
SCEN-B,P-01,F0:fold2,SCEN-B,P-01,grid365,primary,-1,EXCEPTION:RuntimeError:FAULT_INJECTION_TEST_ONLY,False,-1,-1,-1,nan
SCEN-B,P-01,F0:fold2,SCEN-B,P-01,grid365,fallback,-1,FABRICATED_FALLBACK:FAULT_INJECTION_TEST_ONLY:nonfinite_return,False,-1,-1,-1,nan
SCEN-B,P-01,F0:fold2,SCEN-B,P-01,grid730,primary,-1,EXCEPTION:RuntimeError:FAULT_INJECTION_TEST_ONLY,False,-1,-1,-1,nan
SCEN-B,P-01,F0:fold2,SCEN-B,P-01,grid730,fallback,-1,FABRICATED_FALLBACK:FAULT_INJECTION_TEST_ONLY:nonfinite_return,False,-1,-1,-1,nan
SCEN-B,P-01,F0:fold3,SCEN-B,P-01,feature,primary,2,`xtol` termination condition is satisfied.,True,134,870,174,0.34965920000104234
SCEN-B,P-01,F0:fold3,SCEN-B,P-01,grid0,primary,2,`xtol` termination condition is satisfied.,True,170,995,199,0.4152321000001393
SCEN-B,P-01,F0:fold3,SCEN-B,P-01,grid365,primary,2,`xtol` termination condition is satisfied.,True,234,1415,283,0.6177249999600463
SCEN-B,P-01,F0:fold3,SCEN-B,P-01,grid730,primary,1,`gtol` termination condition is satisfied.,True,105,355,71,0.16691179998451844
SCEN-B,P-01,F0:fold4,SCEN-B,P-01,feature,primary,2,`xtol` termination condition is satisfied.,True,174,1150,230,0.4481713999994099
SCEN-B,P-01,F0:fold4,SCEN-B,P-01,grid0,primary,2,`xtol` termination condition is satisfied.,True,193,880,176,0.40953629999421537
SCEN-B,P-01,F0:fold4,SCEN-B,P-01,grid365,primary,2,`xtol` termination condition is satisfied.,True,214,1405,281,0.5376440000254661
SCEN-B,P-01,F0:fold4,SCEN-B,P-01,grid730,primary,2,`xtol` termination condition is satisfied.,True,100,770,154,0.2441772999591194
SCEN-B,P-01,F0:probeL,SCEN-B,P-01,feature,primary,2,`xtol` termination condition is satisfied.,True,166,1180,236,0.4125521000241861
SCEN-B,P-01,F0:probeL,SCEN-B,P-01,grid0,primary,1,`gtol` termination condition is satisfied.,True,41,150,30,0.0836791000328958
SCEN-B,P-01,F0:probeL,SCEN-B,P-01,grid365,primary,2,`xtol` termination condition is satisfied.,True,211,990,198,0.47839920001570135
SCEN-B,P-01,F0:probeL,SCEN-B,P-01,grid730,primary,2,`xtol` termination condition is satisfied.,True,113,160,32,0.13874359999317676
SCEN-B,P-01,F0:probeR,SCEN-B,P-01,feature,primary,2,`xtol` termination condition is satisfied.,True,138,725,145,0.30693310004426166
SCEN-B,P-01,F0:probeR,SCEN-B,P-01,grid0,primary,2,`xtol` termination condition is satisfied.,True,181,1110,222,0.5020644000032917
SCEN-B,P-01,F0:probeR,SCEN-B,P-01,grid365,primary,2,`xtol` termination condition is satisfied.,True,239,1630,326,0.7621957999654114
SCEN-B,P-01,F0:probeR,SCEN-B,P-01,grid730,primary,2,`xtol` termination condition is satisfied.,True,92,445,89,0.18023699999321252
SCEN-B,P-02,F0:full,SCEN-B,P-02,feature,primary,2,`xtol` termination condition is satisfied.,True,168,1350,270,0.5485607000300661
SCEN-B,P-02,F0:full,SCEN-B,P-02,grid0,primary,2,`xtol` termination condition is satisfied.,True,201,1470,294,0.694425499998033
SCEN-B,P-02,F0:full,SCEN-B,P-02,grid130,primary,2,`xtol` termination condition is satisfied.,True,130,905,181,0.44879229995422065
SCEN-B,P-02,F0:full,SCEN-B,P-02,grid260,primary,2,`xtol` termination condition is satisfied.,True,250,1845,369,0.8409945999737829
SCEN-B,P-02,F0:fold0,SCEN-B,P-02,grid0,primary,2,`xtol` termination condition is satisfied.,True,359,3205,641,1.3312029999797232
SCEN-B,P-02,F0:fold0,SCEN-B,P-02,grid130,primary,2,`xtol` termination condition is satisfied.,True,143,1065,213,0.48266789998160675
SCEN-B,P-02,F0:fold0,SCEN-B,P-02,grid260,primary,0,The maximum number of function evaluations is exceeded.,False,500,2530,506,1.5869575000251643
SCEN-B,P-02,F0:fold1,SCEN-B,P-02,feature,primary,2,`xtol` termination condition is satisfied.,True,142,1045,209,0.46321590000297874
SCEN-B,P-02,F0:fold1,SCEN-B,P-02,grid0,primary,2,`xtol` termination condition is satisfied.,True,333,2945,589,1.1733722999924794
SCEN-B,P-02,F0:fold1,SCEN-B,P-02,grid130,primary,2,`xtol` termination condition is satisfied.,True,134,845,169,0.4065825999714434
SCEN-B,P-02,F0:fold1,SCEN-B,P-02,grid260,primary,0,The maximum number of function evaluations is exceeded.,False,500,2560,512,1.5637325999559835
SCEN-B,P-02,F0:fold2,SCEN-B,P-02,feature,primary,2,`xtol` termination condition is satisfied.,True,183,1425,285,0.5923654000507668
SCEN-B,P-02,F0:fold2,SCEN-B,P-02,grid0,primary,2,`xtol` termination condition is satisfied.,True,191,1410,282,0.6474116999888793
SCEN-B,P-02,F0:fold2,SCEN-B,P-02,grid130,primary,2,`xtol` termination condition is satisfied.,True,184,1415,283,0.6035849000327289
SCEN-B,P-02,F0:fold2,SCEN-B,P-02,grid260,primary,2,`xtol` termination condition is satisfied.,True,199,1460,292,0.6641931999474764
SCEN-B,P-02,F0:fold3,SCEN-B,P-02,feature,primary,2,`xtol` termination condition is satisfied.,True,162,1245,249,0.5485366000211798
SCEN-B,P-02,F0:fold3,SCEN-B,P-02,grid0,primary,2,`xtol` termination condition is satisfied.,True,209,1605,321,0.7003547999775037
SCEN-B,P-02,F0:fold3,SCEN-B,P-02,grid130,primary,2,`xtol` termination condition is satisfied.,True,166,1340,268,0.5765364999533631
SCEN-B,P-02,F0:fold3,SCEN-B,P-02,grid260,primary,2,`xtol` termination condition is satisfied.,True,190,1470,294,0.6489029999938793
SCEN-B,P-02,F0:fold4,SCEN-B,P-02,feature,primary,2,`xtol` termination condition is satisfied.,True,179,1470,294,0.6200764999957755
SCEN-B,P-02,F0:fold4,SCEN-B,P-02,grid0,primary,0,The maximum number of function evaluations is exceeded.,False,500,2555,511,1.558020199998282
SCEN-B,P-02,F0:fold4,SCEN-B,P-02,grid130,primary,2,`xtol` termination condition is satisfied.,True,146,1085,217,0.4774578000069596
SCEN-B,P-02,F0:fold4,SCEN-B,P-02,grid260,primary,0,The maximum number of function evaluations is exceeded.,False,500,2565,513,1.560478100029286
SCEN-B,P-02,F0:probeL,SCEN-B,P-02,feature,primary,2,`xtol` termination condition is satisfied.,True,137,965,193,0.42960040003526956
SCEN-B,P-02,F0:probeL,SCEN-B,P-02,grid0,primary,2,`xtol` termination condition is satisfied.,True,360,2785,557,1.2197876999853179
SCEN-B,P-02,F0:probeL,SCEN-B,P-02,grid130,primary,2,`xtol` termination condition is satisfied.,True,162,1195,239,0.5362453999696299
SCEN-B,P-02,F0:probeL,SCEN-B,P-02,grid260,primary,0,The maximum number of function evaluations is exceeded.,False,500,2560,512,1.5623678999836557
SCEN-B,P-02,F0:probeR,SCEN-B,P-02,feature,primary,2,`xtol` termination condition is satisfied.,True,151,1115,223,0.5009100000024773
SCEN-B,P-02,F0:probeR,SCEN-B,P-02,grid0,primary,2,`xtol` termination condition is satisfied.,True,181,1295,259,0.604901000042446
SCEN-B,P-02,F0:probeR,SCEN-B,P-02,grid130,primary,2,`xtol` termination condition is satisfied.,True,142,1050,210,0.47182859998429194
SCEN-B,P-02,F0:probeR,SCEN-B,P-02,grid260,primary,0,The maximum number of function evaluations is exceeded.,False,500,2525,505,1.6029820999829099
SCEN-B,SPL,F0:full,,,mode0,POLISH,True,RSS=108.92268642223242,True,-1,-1,-1,0.0
SCEN-B,SPL,F0:full,,,mode1,POLISH,True,RSS=108.92268642223242,True,-1,-1,-1,0.0
SCEN-B,SPL,F0:full,,,mode2,POLISH,True,RSS=108.92268642223242,True,-1,-1,-1,0.0
SCEN-B,SPL,F0:full,,,mode3,POLISH,True,RSS=108.92268642223242,True,-1,-1,-1,0.0
SCEN-B,SPL,F0:full,,,mode4,POLISH,True,RSS=108.92268642223242,True,-1,-1,-1,0.0
SCEN-B,SPL,F0:full,,,mode5,POLISH,True,RSS=108.92268642223242,True,-1,-1,-1,0.0
SCEN-B,SPL,F0:full,,,mode6,POLISH,True,RSS=108.92268642223242,True,-1,-1,-1,0.0
SCEN-B,SPL,F0:full,,,mode7,POLISH,True,RSS=108.92268642223242,True,-1,-1,-1,0.0
SCEN-B,SPL,F0:full,,,mode8,POLISH,True,RSS=108.92268642223242,True,-1,-1,-1,0.0
SCEN-B,SPL,F0:full,,,mode9,POLISH,True,RSS=108.92268642223242,True,-1,-1,-1,0.0
SCEN-B,SPL,F0:full,,,mode10,POLISH,True,RSS=108.92268642223242,True,-1,-1,-1,0.0
SCEN-B,SPL,F0:full,,,mode11,POLISH,True,RSS=108.92268642223264,True,-1,-1,-1,0.0
SCEN-B,SPL,F0:full,,,mode12,POLISH,True,RSS=108.92268642223242,True,-1,-1,-1,0.0
SCEN-B,SPL,F0:full,,,mode13,POLISH,True,RSS=108.92268642223242,True,-1,-1,-1,0.0
SCEN-B,SPL,F0:full,,,mode14,POLISH,True,RSS=108.92268642223246,True,-1,-1,-1,0.0
SCEN-B,SPL,F0:full,,,mode15,POLISH,True,RSS=108.92268642223242,True,-1,-1,-1,0.0
SCEN-B,SPL,F0:full,,,mode16,POLISH,True,RSS=108.92268642223242,True,-1,-1,-1,0.0
SCEN-B,SPL,F0:full,,,mode17,POLISH,True,RSS=108.92268642223213,True,-1,-1,-1,0.0
SCEN-B,SPL,F0:full,,,mode18,POLISH,True,RSS=108.92268642223236,True,-1,-1,-1,0.0
SCEN-B,SPL,F0:full,,,mode19,POLISH_EXPANDED,True,RSS=107.627194648832,True,-1,-1,-1,0.0
SCEN-B,SPL,F0:full,,,mode20,POLISH_EXPANDED,True,RSS=104.51681627282845,True,-1,-1,-1,0.0
SCEN-B,SPL,F0:full,,,mode21,POLISH_EXPANDED,True,RSS=101.03756804740718,True,-1,-1,-1,0.0
SCEN-B,SPL,F0:full,,,mode22,POLISH_EXPANDED,True,RSS=97.81803949053504,True,-1,-1,-1,0.0
SCEN-B,SPL,F0:full,,,mode23,POLISH_EXPANDED,True,RSS=95.06369356445995,True,-1,-1,-1,0.0
SCEN-B,SPL,F0:full,,,mode24,POLISH,True,RSS=92.80158167270174,True,-1,-1,-1,0.0
SCEN-B,SPL,F0:full,,,mode25,POLISH,True,RSS=91.00849227556056,True,-1,-1,-1,0.0
SCEN-B,SPL,F0:full,,,mode26,POLISH_EXPANDED,True,RSS=89.65384774422063,True,-1,-1,-1,0.0
SCEN-B,SPL,F0:full,,,mode27,POLISH,True,RSS=88.72278734631728,True,-1,-1,-1,0.0
SCEN-B,SPL,F0:full,,,mode28,POLISH,True,RSS=88.22960616555113,True,-1,-1,-1,0.0
SCEN-B,SPL,F0:full,,,mode29,POLISH_EXPANDED,True,RSS=88.1414661457534,True,-1,-1,-1,0.0
SCEN-B,SPL,F0:full,,,mode30,POLISH,True,RSS=88.1414661457533,True,-1,-1,-1,0.0
SCEN-B,SPL,F0:full,,,mode31,POLISH_EXPANDED,True,RSS=88.1414661457534,True,-1,-1,-1,0.0
SCEN-B,SPL,F0:full,,,mode32,POLISH_EXPANDED,True,RSS=88.14146614575364,True,-1,-1,-1,0.0
SCEN-B,SPL,F0:full,,,mode33,POLISH_EXPANDED,True,RSS=88.13356500852339,True,-1,-1,-1,0.0
SCEN-B,SPL,F0:full,,,mode34,POLISH_EXPANDED,True,RSS=88.04178177750742,True,-1,-1,-1,0.0
SCEN-B,SPL,F0:full,,,mode35,POLISH,True,RSS=87.64133393392939,True,-1,-1,-1,0.0
SCEN-B,SPL,F0:full,,,mode36,POLISH,True,RSS=86.5165440516179,True,-1,-1,-1,0.0
SCEN-B,SPL,F0:full,,,mode37,POLISH,True,RSS=83.94857417401606,True,-1,-1,-1,0.0
SCEN-B,SPL,F0:full,,,mode38,POLISH,True,RSS=79.76178534273826,True,-1,-1,-1,0.0
SCEN-B,SPL,F0:full,,,mode39,POLISH,True,RSS=75.04487709827553,True,-1,-1,-1,0.0
SCEN-B,SPL,F0:full,,,mode40,POLISH,True,RSS=71.0645032721589,True,-1,-1,-1,0.0
SCEN-B,SPL,F0:full,,,mode41,POLISH_EXPANDED,True,RSS=67.75579208441115,True,-1,-1,-1,0.0
SCEN-B,SPL,F0:full,,,mode42,POLISH_EXPANDED,True,RSS=64.99610529105416,True,-1,-1,-1,0.0
SCEN-B,SPL,F0:full,,,mode43,POLISH_EXPANDED,True,RSS=62.68884296398571,True,-1,-1,-1,0.0
SCEN-B,SPL,F0:full,,,mode44,POLISH,True,RSS=60.732356234308796,True,-1,-1,-1,0.0
SCEN-B,SPL,F0:full,,,mode45,POLISH,True,RSS=59.06596540874462,True,-1,-1,-1,0.0
SCEN-B,SPL,F0:full,,,mode46,POLISH_EXPANDED,True,RSS=57.6347117988956,True,-1,-1,-1,0.0
SCEN-B,SPL,F0:full,,,mode47,POLISH,True,RSS=56.39514825151601,True,-1,-1,-1,0.0
SCEN-B,SPL,F0:full,,,mode48,POLISH_EXPANDED,True,RSS=55.317723410478926,True,-1,-1,-1,0.0
SCEN-B,SPL,F0:full,,,mode49,POLISH_EXPANDED,True,RSS=54.31262010519873,True,-1,-1,-1,0.0
SCEN-B,SPL,F0:full,,,mode50,POLISH,True,RSS=53.25593275014253,True,-1,-1,-1,0.0
SCEN-B,SPL,F0:full,,,mode51,POLISH_EXPANDED,True,RSS=52.06642445752063,True,-1,-1,-1,0.0
SCEN-B,SPL,F0:full,,,mode52,POLISH_EXPANDED,True,RSS=50.634247443986546,True,-1,-1,-1,0.0
SCEN-B,SPL,F0:full,,,mode53,POLISH,True,RSS=48.797791119847325,True,-1,-1,-1,0.0
SCEN-B,SPL,F0:full,,,mode54,POLISH,True,RSS=46.305224400464276,True,-1,-1,-1,0.0
SCEN-B,SPL,F0:full,,,mode55,POLISH,True,RSS=42.81983652095212,True,-1,-1,-1,0.0
SCEN-B,SPL,F0:full,,,mode56,POLISH,True,RSS=37.95749935143517,True,-1,-1,-1,0.0
SCEN-B,SPL,F0:full,,,mode57,POLISH_EXPANDED,True,RSS=31.506634824696725,True,-1,-1,-1,0.0
SCEN-B,SPL,F0:full,,,mode58,POLISH,True,RSS=24.212703471208897,True,-1,-1,-1,0.0
SCEN-B,SPL,F0:full,,,mode59,POLISH,True,RSS=18.173670392432914,True,-1,-1,-1,0.0
SCEN-B,SPL,F0:full,,,mode60,POLISH,True,RSS=14.414256505458892,True,-1,-1,-1,0.0
SCEN-B,SPL,F0:full,,,mode61,POLISH,True,RSS=12.999900049921278,True,-1,-1,-1,0.0
SCEN-B,SPL,F0:full,,,mode62,POLISH_EXPANDED,True,RSS=12.918763669456279,True,-1,-1,-1,0.0
SCEN-B,SPL,F0:full,,,mode63,POLISH,True,RSS=13.172665505947354,True,-1,-1,-1,0.0
SCEN-B,SPL,F0:full,,,mode64,POLISH_EXPANDED,True,RSS=14.232174631877731,True,-1,-1,-1,0.0
SCEN-B,SPL,F0:full,,,mode65,POLISH_EXPANDED,True,RSS=15.745628260245686,True,-1,-1,-1,0.0
SCEN-B,SPL,F0:full,,,mode66,POLISH_EXPANDED,True,RSS=17.485268599619264,True,-1,-1,-1,0.0
SCEN-B,SPL,F0:full,,,mode67,POLISH,True,RSS=19.327175793131502,True,-1,-1,-1,0.0
SCEN-B,SPL,F0:full,,,mode68,POLISH,True,RSS=21.207172569233215,True,-1,-1,-1,0.0
SCEN-B,SPL,F0:full,,,mode69,POLISH_EXPANDED,True,RSS=23.09538060004233,True,-1,-1,-1,0.0
SCEN-B,SPL,F0:full,,,mode70,POLISH,True,RSS=24.97285649492116,True,-1,-1,-1,0.0
SCEN-B,SPL,F0:full,,,mode71,POLISH,True,RSS=26.835456800194297,True,-1,-1,-1,0.0
SCEN-B,SPL,F0:full,,,mode72,POLISH,True,RSS=28.707983338891953,True,-1,-1,-1,0.0
SCEN-B,SPL,F0:full,,,mode73,POLISH_EXPANDED,True,RSS=30.626983711527224,True,-1,-1,-1,0.0
SCEN-B,SPL,F0:full,,,mode74,POLISH_EXPANDED,True,RSS=32.62480638846116,True,-1,-1,-1,0.0
SCEN-B,SPL,F0:full,,,mode75,POLISH_EXPANDED,True,RSS=34.738539538943606,True,-1,-1,-1,0.0
SCEN-B,SPL,F0:full,,,mode76,POLISH_EXPANDED,True,RSS=37.01669795511688,True,-1,-1,-1,0.0
SCEN-B,SPL,F0:full,,,mode77,POLISH_EXPANDED,True,RSS=39.51850653428729,True,-1,-1,-1,0.0
SCEN-B,SPL,F0:full,,,mode78,POLISH,True,RSS=42.31803016719852,True,-1,-1,-1,0.0
SCEN-B,SPL,F0:full,,,mode79,POLISH,True,RSS=45.501362184438776,True,-1,-1,-1,0.0
SCEN-B,SPL,F0:full,,,mode80,POLISH,True,RSS=49.17687006541495,True,-1,-1,-1,0.0
SCEN-B,SPL,F0:full,,,mode81,POLISH,True,RSS=53.51892376030528,True,-1,-1,-1,0.0
SCEN-B,SPL,F0:full,,,mode82,POLISH,True,RSS=58.683066299941274,True,-1,-1,-1,0.0
SCEN-B,SPL,F0:full,,,mode83,POLISH,True,RSS=64.82596895445582,True,-1,-1,-1,0.0
SCEN-B,SPL,F0:full,,,mode84,POLISH,True,RSS=71.82963045215043,True,-1,-1,-1,0.0
SCEN-B,SPL,F0:full,,,mode85,POLISH_EXPANDED,True,RSS=78.88668782027972,True,-1,-1,-1,0.0
SCEN-B,SPL,F0:full,,,mode86,POLISH_EXPANDED,True,RSS=83.95576517368099,True,-1,-1,-1,0.0
SCEN-B,SPL,F0:full,,,mode87,POLISH,True,RSS=85.02882985572757,True,-1,-1,-1,0.0
SCEN-B,SPL,F0:full,,,mode88,POLISH,True,RSS=85.02864853668564,True,-1,-1,-1,0.0
SCEN-B,SPL,F0:full,,,mode89,POLISH,True,RSS=85.07339648420233,True,-1,-1,-1,0.0
SCEN-B,SPL,F0:full,,,mode90,POLISH,True,RSS=85.20560997882018,True,-1,-1,-1,0.0
SCEN-B,SPL,F0:full,,,mode91,POLISH,True,RSS=85.42984031279201,True,-1,-1,-1,0.0
SCEN-B,SPL,F0:full,,,mode92,POLISH,True,RSS=85.75067882781953,True,-1,-1,-1,0.0
SCEN-B,SPL,F0:full,,,mode93,POLISH,True,RSS=86.17400449778823,True,-1,-1,-1,0.0
SCEN-B,SPL,F0:full,,,mode94,POLISH,True,RSS=86.70730961903384,True,-1,-1,-1,0.0
SCEN-B,SPL,F0:full,,,mode95,POLISH,True,RSS=87.37110794866076,True,-1,-1,-1,0.0
SCEN-B,SPL,F0:full,,,mode96,POLISH,True,RSS=88.17554812815717,True,-1,-1,-1,0.0
SCEN-B,SPL,F0:full,,,mode97,POLISH,True,RSS=89.13306363239317,True,-1,-1,-1,0.0
SCEN-B,SPL,F0:full,,,mode98,POLISH_EXPANDED,True,RSS=90.27021838483756,True,-1,-1,-1,0.0
SCEN-B,SPL,F0:full,,,mode99,POLISH,True,RSS=91.63391742516703,True,-1,-1,-1,0.0
SCEN-B,SPL,F0:full,,,mode100,POLISH,True,RSS=93.23015592183197,True,-1,-1,-1,0.0
SCEN-B,SPL,F0:full,,,mode101,POLISH,True,RSS=95.12864061322067,True,-1,-1,-1,0.0
SCEN-B,SPL,F0:full,,,mode102,POLISH,True,RSS=97.36740899991223,True,-1,-1,-1,0.0
SCEN-B,SPL,F0:full,,,mode103,POLISH_EXPANDED,True,RSS=99.99489837324816,True,-1,-1,-1,0.0
SCEN-B,SPL,F0:full,,,mode104,POLISH,True,RSS=103.08876592329219,True,-1,-1,-1,0.0
SCEN-B,SPL,F0:full,,,mode105,POLISH,True,RSS=106.66048421273102,True,-1,-1,-1,0.0
SCEN-B,SPL,F0:full,,,mode106,POLISH_EXPANDED,True,RSS=109.88860364308961,True,-1,-1,-1,0.0
SCEN-B,SPL,F0:full,,,mode107,POLISH_EXPANDED,True,RSS=111.86421389493671,True,-1,-1,-1,0.0
SCEN-B,SPL,F0:full,,,mode108,POLISH_EXPANDED,True,RSS=112.63295337807556,True,-1,-1,-1,0.0
SCEN-B,SPL,F0:full,,,mode109,POLISH_EXPANDED,True,RSS=112.84385606308548,True,-1,-1,-1,0.0
SCEN-B,SPL,F0:full,,,mode110,POLISH,True,RSS=112.88977434303341,True,-1,-1,-1,0.0
SCEN-B,SPL,F0:full,,,mode111,POLISH,True,RSS=112.89338778923111,True,-1,-1,-1,0.0
SCEN-B,SPL,F0:full,,,mode112,POLISH,True,RSS=112.89338778923111,True,-1,-1,-1,0.0
SCEN-B,SPL,F0:full,,,mode113,POLISH,True,RSS=112.89338778923111,True,-1,-1,-1,0.0
SCEN-B,SPL,F0:full,,,mode114,POLISH,True,RSS=112.89338778923111,True,-1,-1,-1,0.0
SCEN-B,SPL,F0:full,,,mode115,POLISH,True,RSS=112.89338778923111,True,-1,-1,-1,0.0
SCEN-B,SPL,F0:full,,,mode116,POLISH,True,RSS=112.89338778923111,True,-1,-1,-1,0.0
SCEN-B,SPL,F0:full,,,mode117,POLISH,True,RSS=112.9544129536956,True,-1,-1,-1,0.0
SCEN-B,SPL,F0:full,,,mode118,POLISH,True,RSS=113.2993230240118,True,-1,-1,-1,0.0
SCEN-B,SPL,F0:full,,,mode119,POLISH,True,RSS=113.95680801105294,True,-1,-1,-1,0.0
SCEN-B,SPL,F0:full,,,mode120,POLISH,True,RSS=114.91806480582134,True,-1,-1,-1,0.0
SCEN-B,SPL,F0:full,,,mode121,POLISH,True,RSS=116.18988770786802,True,-1,-1,-1,0.0
SCEN-B,SPL,F0:full,,,mode122,POLISH,True,RSS=117.77861452199237,True,-1,-1,-1,0.0
SCEN-B,SPL,F0:full,,,mode123,POLISH,True,RSS=119.67802570755704,True,-1,-1,-1,0.0
SCEN-B,SPL,F0:full,,,mode124,POLISH,True,RSS=121.80791496543551,True,-1,-1,-1,0.0
SCEN-B,SPL,F0:full,,,mode125,POLISH,True,RSS=123.89559848025137,True,-1,-1,-1,0.0
SCEN-B,SPL,F0:full,,,mode126,POLISH,True,RSS=125.23361556814427,True,-1,-1,-1,0.0
SCEN-B,SPL,F0:full,,,mode127,POLISH_EXPANDED,True,RSS=125.29992895705655,True,-1,-1,-1,0.0
SCEN-B,SPL,F0:full,,,mode128,POLISH_EXPANDED,True,RSS=125.2999289570567,True,-1,-1,-1,0.0
SCEN-B,SPL,F0:full,,,mode129,POLISH_EXPANDED,True,RSS=125.29992895705648,True,-1,-1,-1,0.0
SCEN-B,SPL,F0:full,,,mode130,POLISH,True,RSS=125.29992895705674,True,-1,-1,-1,0.0
SCEN-B,SPL,F0:full,,,mode131,POLISH_EXPANDED,True,RSS=125.29992895705648,True,-1,-1,-1,0.0
SCEN-B,SPL,F0:full,,,mode132,POLISH_EXPANDED,True,RSS=125.29992895705598,True,-1,-1,-1,0.0
SCEN-B,SPL,F0:full,,,mode133,POLISH,True,RSS=125.29992895705648,True,-1,-1,-1,0.0
SCEN-B,SPL,F0:full,,,mode134,POLISH_EXPANDED,True,RSS=125.29992895705648,True,-1,-1,-1,0.0
SCEN-B,SPL,F0:full,,,mode135,POLISH_EXPANDED,True,RSS=125.29992895705648,True,-1,-1,-1,0.0
SCEN-B,SPL,F0:full,,,mode136,POLISH,True,RSS=125.29992895705648,True,-1,-1,-1,0.0
SCEN-B,SPL,F0:full,,,mode137,POLISH,True,RSS=125.29992895705651,True,-1,-1,-1,0.0
SCEN-B,SPL,F0:full,,,mode138,POLISH,True,RSS=125.29992895705648,True,-1,-1,-1,0.0
SCEN-B,SPL,F0:full,,,mode139,POLISH,True,RSS=125.29992895705674,True,-1,-1,-1,0.0
SCEN-B,SPL,F0:full,,,mode140,POLISH_EXPANDED,True,RSS=125.29992895705648,True,-1,-1,-1,0.0
SCEN-B,SPL,F0:full,,,mode141,POLISH_EXPANDED,True,RSS=125.29992895705648,True,-1,-1,-1,0.0
SCEN-B,SPL,F0:full,,,mode142,POLISH_EXPANDED,True,RSS=125.29992895705648,True,-1,-1,-1,0.0
SCEN-B,SPL,F0:full,,,mode143,POLISH_EXPANDED,True,RSS=125.29992895705648,True,-1,-1,-1,0.0
SCEN-B,SPL,F0:full,,,mode144,POLISH_EXPANDED,True,RSS=125.29992895705648,True,-1,-1,-1,0.0
SCEN-B,SPL,F0:full,,,mode145,POLISH,True,RSS=125.29992895705642,True,-1,-1,-1,0.0
SCEN-B,SPL,F0:fold0,,,mode0,FALLBACK,True,RSS=49.02261770833518,True,-1,-1,-1,0.0
SCEN-B,SPL,F0:fold0,,,mode1,POLISH_EXPANDED,True,RSS=49.022617708397846,True,-1,-1,-1,0.0
SCEN-B,SPL,F0:fold0,,,mode2,POLISH_EXPANDED,True,RSS=49.02261770839767,True,-1,-1,-1,0.0
SCEN-B,SPL,F0:fold0,,,mode3,POLISH_EXPANDED,True,RSS=49.02261770839767,True,-1,-1,-1,0.0
SCEN-B,SPL,F0:fold0,,,mode4,POLISH,True,RSS=49.02261770839796,True,-1,-1,-1,0.0
SCEN-B,SPL,F0:fold0,,,mode5,POLISH_EXPANDED,True,RSS=49.02261770839767,True,-1,-1,-1,0.0
SCEN-B,SPL,F0:fold0,,,mode6,POLISH,True,RSS=49.02261770839785,True,-1,-1,-1,0.0
SCEN-B,SPL,F0:fold0,,,mode7,POLISH_EXPANDED,True,RSS=49.02261770839767,True,-1,-1,-1,0.0
SCEN-B,SPL,F0:fold0,,,mode8,POLISH,True,RSS=49.022617708397924,True,-1,-1,-1,0.0
SCEN-B,SPL,F0:fold0,,,mode9,POLISH_EXPANDED,True,RSS=49.02261770839767,True,-1,-1,-1,0.0
SCEN-B,SPL,F0:fold0,,,mode10,POLISH,True,RSS=49.022617708397945,True,-1,-1,-1,0.0
SCEN-B,SPL,F0:fold0,,,mode11,POLISH,True,RSS=49.02261770839806,True,-1,-1,-1,0.0
SCEN-B,SPL,F0:fold0,,,mode12,POLISH,True,RSS=49.02261770839784,True,-1,-1,-1,0.0
SCEN-B,SPL,F0:fold0,,,mode13,POLISH_EXPANDED,True,RSS=49.02261770839856,True,-1,-1,-1,0.0
SCEN-B,SPL,F0:fold0,,,mode14,POLISH_EXPANDED,True,RSS=49.02261770839765,True,-1,-1,-1,0.0
SCEN-B,SPL,F0:fold0,,,mode15,POLISH_EXPANDED,True,RSS=49.02261770839783,True,-1,-1,-1,0.0
SCEN-B,SPL,F0:fold0,,,mode16,POLISH_EXPANDED,True,RSS=49.02261770839797,True,-1,-1,-1,0.0
SCEN-B,SPL,F0:fold0,,,mode17,POLISH_EXPANDED,True,RSS=49.02261770839766,True,-1,-1,-1,0.0
SCEN-B,SPL,F0:fold0,,,mode18,POLISH_EXPANDED,True,RSS=49.022617708397405,True,-1,-1,-1,0.0
SCEN-B,SPL,F0:fold0,,,mode19,POLISH_EXPANDED,True,RSS=49.02261770839832,True,-1,-1,-1,0.0
SCEN-B,SPL,F0:fold0,,,mode20,POLISH,True,RSS=49.02261770839802,True,-1,-1,-1,0.0
SCEN-B,SPL,F0:fold0,,,mode21,POLISH,True,RSS=49.02261770839773,True,-1,-1,-1,0.0
SCEN-B,SPL,F0:fold0,,,mode22,POLISH,True,RSS=49.02261770839775,True,-1,-1,-1,0.0
SCEN-B,SPL,F0:fold0,,,mode23,POLISH_EXPANDED,True,RSS=49.022617708397725,True,-1,-1,-1,0.0
SCEN-B,SPL,F0:fold0,,,mode24,POLISH,True,RSS=49.022617708397846,True,-1,-1,-1,0.0
SCEN-B,SPL,F0:fold0,,,mode25,POLISH_EXPANDED,True,RSS=49.02261770839779,True,-1,-1,-1,0.0
SCEN-B,SPL,F0:fold0,,,mode26,POLISH,True,RSS=49.022617708397945,True,-1,-1,-1,0.0
SCEN-B,SPL,F0:fold0,,,mode27,POLISH,True,RSS=49.02261770839796,True,-1,-1,-1,0.0
SCEN-B,SPL,F0:fold0,,,mode28,POLISH,True,RSS=49.02261770839797,True,-1,-1,-1,0.0
SCEN-B,SPL,F0:fold0,,,mode29,POLISH,True,RSS=49.02261770839786,True,-1,-1,-1,0.0
SCEN-B,SPL,F0:fold0,,,mode30,POLISH,True,RSS=49.02261770839786,True,-1,-1,-1,0.0
SCEN-B,SPL,F0:fold0,,,mode31,POLISH,True,RSS=49.02261770839786,True,-1,-1,-1,0.0
SCEN-B,SPL,F0:fold0,,,mode32,POLISH,True,RSS=49.02261770839786,True,-1,-1,-1,0.0
SCEN-B,SPL,F0:fold0,,,mode33,POLISH,True,RSS=49.02261770839786,True,-1,-1,-1,0.0
SCEN-B,SPL,F0:fold0,,,mode34,POLISH,True,RSS=49.02261770839786,True,-1,-1,-1,0.0
SCEN-B,SPL,F0:fold0,,,mode35,POLISH,True,RSS=49.02261770839786,True,-1,-1,-1,0.0
SCEN-B,SPL,F0:fold0,,,mode36,POLISH,True,RSS=49.02261770839786,True,-1,-1,-1,0.0
SCEN-B,SPL,F0:fold0,,,mode37,POLISH,True,RSS=49.02261770839786,True,-1,-1,-1,0.0
SCEN-B,SPL,F0:fold0,,,mode38,POLISH,True,RSS=49.02261770839786,True,-1,-1,-1,0.0
SCEN-B,SPL,F0:fold0,,,mode39,POLISH,True,RSS=49.02261770839786,True,-1,-1,-1,0.0
SCEN-B,SPL,F0:fold0,,,mode40,POLISH,True,RSS=49.02261770839786,True,-1,-1,-1,0.0
SCEN-B,SPL,F0:fold0,,,mode41,POLISH,True,RSS=49.02261770839786,True,-1,-1,-1,0.0
SCEN-B,SPL,F0:fold0,,,mode42,POLISH,True,RSS=49.00033092107263,True,-1,-1,-1,0.0
SCEN-B,SPL,F0:fold0,,,mode43,FALLBACK,True,RSS=48.6934251077907,True,-1,-1,-1,0.0
SCEN-B,SPL,F0:fold0,,,mode44,FALLBACK,True,RSS=46.81171795512455,True,-1,-1,-1,0.0
SCEN-B,SPL,F0:fold0,,,mode45,FALLBACK,True,RSS=43.03899302633472,True,-1,-1,-1,0.0
SCEN-B,SPL,F0:fold0,,,mode46,FALLBACK,True,RSS=38.930073428458215,True,-1,-1,-1,0.0
SCEN-B,SPL,F0:fold0,,,mode47,FALLBACK,True,RSS=35.16336797682172,True,-1,-1,-1,0.0
SCEN-B,SPL,F0:fold0,,,mode48,FALLBACK,True,RSS=31.954347067626443,True,-1,-1,-1,0.0
SCEN-B,SPL,F0:fold0,,,mode49,FALLBACK,True,RSS=29.29030975849555,True,-1,-1,-1,0.0
SCEN-B,SPL,F0:fold0,,,mode50,FALLBACK,True,RSS=27.08241042094321,True,-1,-1,-1,0.0
SCEN-B,SPL,F0:fold0,,,mode51,FALLBACK,True,RSS=25.23156448613375,True,-1,-1,-1,0.0
SCEN-B,SPL,F0:fold0,,,mode52,FALLBACK,True,RSS=23.648063528249168,True,-1,-1,-1,0.0
SCEN-B,SPL,F0:fold0,,,mode53,FALLBACK,True,RSS=22.25382007814687,True,-1,-1,-1,0.0
SCEN-B,SPL,F0:fold0,,,mode54,FALLBACK,True,RSS=20.981085642703746,True,-1,-1,-1,0.0
SCEN-B,SPL,F0:fold0,,,mode55,FALLBACK,True,RSS=19.76450520675952,True,-1,-1,-1,0.0
SCEN-B,SPL,F0:fold0,,,mode56,FALLBACK,True,RSS=18.529744877734156,True,-1,-1,-1,0.0
SCEN-B,SPL,F0:fold0,,,mode57,FALLBACK,True,RSS=17.182388394338613,True,-1,-1,-1,0.0
SCEN-B,SPL,F0:fold0,,,mode58,FALLBACK,True,RSS=15.601596910176,True,-1,-1,-1,0.0
SCEN-B,SPL,F0:fold0,,,mode59,FALLBACK,True,RSS=13.791786373393808,True,-1,-1,-1,0.0
SCEN-B,SPL,F0:fold0,,,mode60,FALLBACK,True,RSS=11.985899043776126,True,-1,-1,-1,0.0
SCEN-B,SPL,F0:fold0,,,mode61,FALLBACK,True,RSS=10.628664213639698,True,-1,-1,-1,0.0
SCEN-B,SPL,F0:fold0,,,mode62,FALLBACK,True,RSS=10.2124797307621,True,-1,-1,-1,0.0
SCEN-B,SPL,F0:fold0,,,mode63,FALLBACK,True,RSS=10.228520165197798,True,-1,-1,-1,0.0
SCEN-B,SPL,F0:fold0,,,mode64,FALLBACK,True,RSS=11.108797641939795,True,-1,-1,-1,0.0
SCEN-B,SPL,F0:fold0,,,mode65,FALLBACK,True,RSS=12.903188420756683,True,-1,-1,-1,0.0
SCEN-B,SPL,F0:fold0,,,mode66,FALLBACK,True,RSS=15.079047109712167,True,-1,-1,-1,0.0
SCEN-B,SPL,F0:fold0,,,mode67,FALLBACK,True,RSS=17.35027181239584,True,-1,-1,-1,0.0
SCEN-B,SPL,F0:fold0,,,mode68,FALLBACK,True,RSS=19.482845802607397,True,-1,-1,-1,0.0
SCEN-B,SPL,F0:fold0,,,mode69,FALLBACK,True,RSS=21.372006060491913,True,-1,-1,-1,0.0
SCEN-B,SPL,F0:fold0,,,mode70,FALLBACK,True,RSS=23.034116515910554,True,-1,-1,-1,0.0
SCEN-B,SPL,F0:fold0,,,mode71,FALLBACK,True,RSS=24.517548294393514,True,-1,-1,-1,0.0
SCEN-B,SPL,F0:fold0,,,mode72,FALLBACK,True,RSS=25.876859304511132,True,-1,-1,-1,0.0
SCEN-B,SPL,F0:fold0,,,mode73,FALLBACK,True,RSS=27.16340785298123,True,-1,-1,-1,0.0
SCEN-B,SPL,F0:fold0,,,mode74,FALLBACK,True,RSS=28.42360938795703,True,-1,-1,-1,0.0
SCEN-B,SPL,F0:fold0,,,mode75,FALLBACK,True,RSS=29.70025534228174,True,-1,-1,-1,0.0
SCEN-B,SPL,F0:fold0,,,mode76,FALLBACK,True,RSS=31.03495686096244,True,-1,-1,-1,0.0
SCEN-B,SPL,F0:fold0,,,mode77,FALLBACK,True,RSS=32.47108275380889,True,-1,-1,-1,0.0
SCEN-B,SPL,F0:fold0,,,mode78,FALLBACK,True,RSS=34.057166328870096,True,-1,-1,-1,0.0
SCEN-B,SPL,F0:fold0,,,mode79,FALLBACK,True,RSS=35.87287523128442,True,-1,-1,-1,0.0
SCEN-B,SPL,F0:fold0,,,mode80,FALLBACK,True,RSS=38.143404094046325,True,-1,-1,-1,0.0
SCEN-B,SPL,F0:fold0,,,mode81,FALLBACK,True,RSS=41.07201463716643,True,-1,-1,-1,0.0
SCEN-B,SPL,F0:fold0,,,mode82,FALLBACK,True,RSS=44.97223209379479,True,-1,-1,-1,0.0
SCEN-B,SPL,F0:fold0,,,mode83,FALLBACK,True,RSS=50.17814009635663,True,-1,-1,-1,0.0
SCEN-B,SPL,F0:fold0,,,mode84,FALLBACK,True,RSS=57.00488241222214,True,-1,-1,-1,0.0
SCEN-B,SPL,F0:fold0,,,mode85,FALLBACK,True,RSS=64.73279301825993,True,-1,-1,-1,0.0
SCEN-B,SPL,F0:fold0,,,mode86,FALLBACK,True,RSS=71.23157969829116,True,-1,-1,-1,0.0
SCEN-B,SPL,F0:fold0,,,mode87,FALLBACK,True,RSS=74.54787915371715,True,-1,-1,-1,0.0
SCEN-B,SPL,F0:fold0,,,mode88,FALLBACK,True,RSS=74.89125273579128,True,-1,-1,-1,0.0
SCEN-B,SPL,F0:fold0,,,mode89,FALLBACK,True,RSS=75.09806002546982,True,-1,-1,-1,0.0
SCEN-B,SPL,F0:fold0,,,mode90,FALLBACK,True,RSS=75.47756919089014,True,-1,-1,-1,0.0
SCEN-B,SPL,F0:fold0,,,mode91,FALLBACK,True,RSS=76.0053630441406,True,-1,-1,-1,0.0
SCEN-B,SPL,F0:fold0,,,mode92,FALLBACK,True,RSS=76.66827544565166,True,-1,-1,-1,0.0
SCEN-B,SPL,F0:fold0,,,mode93,FALLBACK,True,RSS=77.46183173686933,True,-1,-1,-1,0.0
SCEN-B,SPL,F0:fold0,,,mode94,FALLBACK,True,RSS=78.38679303551416,True,-1,-1,-1,0.0
SCEN-B,SPL,F0:fold0,,,mode95,FALLBACK,True,RSS=79.45278501991446,True,-1,-1,-1,0.0
SCEN-B,SPL,F0:fold0,,,mode96,FALLBACK,True,RSS=80.66814828685314,True,-1,-1,-1,0.0
SCEN-B,SPL,F0:fold0,,,mode97,FALLBACK,True,RSS=82.05418914964126,True,-1,-1,-1,0.0
SCEN-B,SPL,F0:fold0,,,mode98,FALLBACK,True,RSS=83.63327931044127,True,-1,-1,-1,0.0
SCEN-B,SPL,F0:fold0,,,mode99,FALLBACK,True,RSS=85.43314749428397,True,-1,-1,-1,0.0
SCEN-B,SPL,F0:fold0,,,mode100,FALLBACK,True,RSS=87.48623207180256,True,-1,-1,-1,0.0
SCEN-B,SPL,F0:fold0,,,mode101,FALLBACK,True,RSS=89.82870424044977,True,-1,-1,-1,0.0
SCEN-B,SPL,F0:fold0,,,mode102,FALLBACK,True,RSS=92.50898367149327,True,-1,-1,-1,0.0
SCEN-B,SPL,F0:fold0,,,mode103,FALLBACK,True,RSS=95.57392227997538,True,-1,-1,-1,0.0
SCEN-B,SPL,F0:fold0,,,mode104,FALLBACK,True,RSS=99.06423692718397,True,-1,-1,-1,0.0
SCEN-B,SPL,F0:fold0,,,mode105,FALLBACK,True,RSS=102.75664676346467,True,-1,-1,-1,0.0
SCEN-B,SPL,F0:fold0,,,mode106,FALLBACK,True,RSS=105.24449027859602,True,-1,-1,-1,0.0
SCEN-B,SPL,F0:fold0,,,mode107,FALLBACK,True,RSS=inf,False,-1,-1,-1,0.0
SCEN-B,SPL,F0:fold0,,,mode108,FALLBACK,True,RSS=inf,False,-1,-1,-1,0.0
SCEN-B,SPL,F0:fold0,,,mode109,FALLBACK,True,RSS=105.5967013383599,True,-1,-1,-1,0.0
SCEN-B,SPL,F0:fold0,,,mode110,FALLBACK,True,RSS=inf,False,-1,-1,-1,0.0
SCEN-B,SPL,F0:fold0,,,mode111,FALLBACK,True,RSS=inf,False,-1,-1,-1,0.0
SCEN-B,SPL,F0:fold0,,,mode112,FALLBACK,True,RSS=105.59670133810846,True,-1,-1,-1,0.0
SCEN-B,SPL,F0:fold0,,,mode113,FALLBACK,True,RSS=105.59670133797846,True,-1,-1,-1,0.0
SCEN-B,SPL,F0:fold0,,,mode114,FALLBACK,True,RSS=105.59670133823504,True,-1,-1,-1,0.0
SCEN-B,SPL,F0:fold0,,,mode115,FALLBACK,True,RSS=105.59670133836377,True,-1,-1,-1,0.0
SCEN-B,SPL,F0:fold0,,,mode116,FALLBACK,True,RSS=inf,False,-1,-1,-1,0.0
SCEN-B,SPL,F0:fold0,,,mode117,FALLBACK,True,RSS=105.66662961599768,True,-1,-1,-1,0.0
SCEN-B,SPL,F0:fold0,,,mode118,FALLBACK,True,RSS=106.06155595032422,True,-1,-1,-1,0.0
SCEN-B,SPL,F0:fold0,,,mode119,FALLBACK,True,RSS=106.8120299946131,True,-1,-1,-1,0.0
SCEN-B,SPL,F0:fold0,,,mode120,FALLBACK,True,RSS=107.90581299007813,True,-1,-1,-1,0.0
SCEN-B,SPL,F0:fold0,,,mode121,FALLBACK,True,RSS=109.34899335926754,True,-1,-1,-1,0.0
SCEN-B,SPL,F0:fold0,,,mode122,FALLBACK,True,RSS=111.151808169074,True,-1,-1,-1,0.0
SCEN-B,SPL,F0:fold0,,,mode123,FALLBACK,True,RSS=113.2981874798255,True,-1,-1,-1,0.0
SCEN-B,SPL,F0:fold0,,,mode124,FALLBACK,True,RSS=115.69526219620009,True,-1,-1,-1,0.0
SCEN-B,SPL,F0:fold0,,,mode125,FALLBACK,True,RSS=118.04932913879709,True,-1,-1,-1,0.0
SCEN-B,SPL,F0:fold0,,,mode126,FALLBACK,True,RSS=119.60080812641363,True,-1,-1,-1,0.0
SCEN-B,SPL,F0:fold0,,,mode127,FALLBACK,True,RSS=119.69879248700367,True,-1,-1,-1,0.0
SCEN-B,SPL,F0:fold0,,,mode128,FALLBACK,True,RSS=119.698792487047,True,-1,-1,-1,0.0
SCEN-B,SPL,F0:fold0,,,mode129,FALLBACK,True,RSS=119.69879249050237,True,-1,-1,-1,0.0
SCEN-B,SPL,F0:fold0,,,mode130,FALLBACK,True,RSS=119.6987924870428,True,-1,-1,-1,0.0
SCEN-B,SPL,F0:fold0,,,mode131,FALLBACK,True,RSS=119.69879248700607,True,-1,-1,-1,0.0
SCEN-B,SPL,F0:fold0,,,mode132,FALLBACK,True,RSS=119.6987924993236,True,-1,-1,-1,0.0
SCEN-B,SPL,F0:fold0,,,mode133,FALLBACK,True,RSS=119.69879248702557,True,-1,-1,-1,0.0
SCEN-B,SPL,F0:fold0,,,mode134,FALLBACK,True,RSS=119.69879248701052,True,-1,-1,-1,0.0
SCEN-B,SPL,F0:fold0,,,mode135,FALLBACK,True,RSS=119.69879248702956,True,-1,-1,-1,0.0
SCEN-B,SPL,F0:fold0,,,mode136,FALLBACK,True,RSS=119.69879248702672,True,-1,-1,-1,0.0
SCEN-B,SPL,F0:fold0,,,mode137,FALLBACK,True,RSS=119.698792487024,True,-1,-1,-1,0.0
SCEN-B,SPL,F0:fold0,,,mode138,FALLBACK,True,RSS=119.69879248921296,True,-1,-1,-1,0.0
SCEN-B,SPL,F0:fold0,,,mode139,FALLBACK,True,RSS=119.6987924902964,True,-1,-1,-1,0.0
SCEN-B,SPL,F0:fold0,,,mode140,FALLBACK,True,RSS=119.69879248821324,True,-1,-1,-1,0.0
SCEN-B,SPL,F0:fold0,,,mode141,FALLBACK,True,RSS=119.69879248702536,True,-1,-1,-1,0.0
SCEN-B,SPL,F0:fold0,,,mode142,FALLBACK,True,RSS=inf,False,-1,-1,-1,0.0
SCEN-B,SPL,F0:fold0,,,mode143,FALLBACK,True,RSS=119.69879248702603,True,-1,-1,-1,0.0
SCEN-B,SPL,F0:fold0,,,mode144,FALLBACK,True,RSS=119.69879248702158,True,-1,-1,-1,0.0
SCEN-B,SPL,F0:fold0,,,mode145,FALLBACK,True,RSS=119.69879248702772,True,-1,-1,-1,0.0
SCEN-B,SPL,F0:fold1,,,mode0,POLISH_EXPANDED,True,RSS=92.08316400951571,True,-1,-1,-1,0.0
SCEN-B,SPL,F0:fold1,,,mode1,POLISH,True,RSS=92.08316400951571,True,-1,-1,-1,0.0
SCEN-B,SPL,F0:fold1,,,mode2,POLISH_EXPANDED,True,RSS=92.08316400951571,True,-1,-1,-1,0.0
SCEN-B,SPL,F0:fold1,,,mode3,POLISH,True,RSS=92.08316400951571,True,-1,-1,-1,0.0
SCEN-B,SPL,F0:fold1,,,mode4,POLISH_EXPANDED,True,RSS=92.08316400951571,True,-1,-1,-1,0.0
SCEN-B,SPL,F0:fold1,,,mode5,POLISH,True,RSS=92.08316400951571,True,-1,-1,-1,0.0
SCEN-B,SPL,F0:fold1,,,mode6,POLISH,True,RSS=92.08316400951571,True,-1,-1,-1,0.0
SCEN-B,SPL,F0:fold1,,,mode7,POLISH,True,RSS=92.08316400951571,True,-1,-1,-1,0.0
SCEN-B,SPL,F0:fold1,,,mode8,POLISH_EXPANDED,True,RSS=92.08316400951571,True,-1,-1,-1,0.0
SCEN-B,SPL,F0:fold1,,,mode9,POLISH,True,RSS=92.08316400951571,True,-1,-1,-1,0.0
SCEN-B,SPL,F0:fold1,,,mode10,POLISH,True,RSS=92.0831640095158,True,-1,-1,-1,0.0
SCEN-B,SPL,F0:fold1,,,mode11,POLISH_EXPANDED,True,RSS=92.08316400951571,True,-1,-1,-1,0.0
SCEN-B,SPL,F0:fold1,,,mode12,POLISH_EXPANDED,True,RSS=92.08316400951571,True,-1,-1,-1,0.0
SCEN-B,SPL,F0:fold1,,,mode13,POLISH_EXPANDED,True,RSS=92.08316400951571,True,-1,-1,-1,0.0
SCEN-B,SPL,F0:fold1,,,mode14,POLISH_EXPANDED,True,RSS=92.08316400951571,True,-1,-1,-1,0.0
SCEN-B,SPL,F0:fold1,,,mode15,POLISH_EXPANDED,True,RSS=92.08316400951571,True,-1,-1,-1,0.0
SCEN-B,SPL,F0:fold1,,,mode16,POLISH_EXPANDED,True,RSS=92.08316400951571,True,-1,-1,-1,0.0
SCEN-B,SPL,F0:fold1,,,mode17,POLISH_EXPANDED,True,RSS=92.08316400951509,True,-1,-1,-1,0.0
SCEN-B,SPL,F0:fold1,,,mode18,POLISH_EXPANDED,True,RSS=92.07125721437262,True,-1,-1,-1,0.0
SCEN-B,SPL,F0:fold1,,,mode19,POLISH_EXPANDED,True,RSS=90.33935308574549,True,-1,-1,-1,0.0
SCEN-B,SPL,F0:fold1,,,mode20,POLISH,True,RSS=87.09646343132955,True,-1,-1,-1,0.0
SCEN-B,SPL,F0:fold1,,,mode21,POLISH_EXPANDED,True,RSS=83.61301017043478,True,-1,-1,-1,0.0
SCEN-B,SPL,F0:fold1,,,mode22,POLISH_EXPANDED,True,RSS=80.43247757902569,True,-1,-1,-1,0.0
SCEN-B,SPL,F0:fold1,,,mode23,POLISH,True,RSS=77.72485323870542,True,-1,-1,-1,0.0
SCEN-B,SPL,F0:fold1,,,mode24,POLISH_EXPANDED,True,RSS=75.50610201784312,True,-1,-1,-1,0.0
SCEN-B,SPL,F0:fold1,,,mode25,POLISH_EXPANDED,True,RSS=73.75027543259894,True,-1,-1,-1,0.0
SCEN-B,SPL,F0:fold1,,,mode26,POLISH,True,RSS=72.42526350483864,True,-1,-1,-1,0.0
SCEN-B,SPL,F0:fold1,,,mode27,POLISH_EXPANDED,True,RSS=71.51399942096124,True,-1,-1,-1,0.0
SCEN-B,SPL,F0:fold1,,,mode28,POLISH,True,RSS=71.03256371483727,True,-1,-1,-1,0.0
SCEN-B,SPL,F0:fold1,,,mode29,POLISH,True,RSS=70.94661972784505,True,-1,-1,-1,0.0
SCEN-B,SPL,F0:fold1,,,mode30,POLISH_EXPANDED,True,RSS=70.94661972784505,True,-1,-1,-1,0.0
SCEN-B,SPL,F0:fold1,,,mode31,POLISH,True,RSS=70.94661972784527,True,-1,-1,-1,0.0
SCEN-B,SPL,F0:fold1,,,mode32,POLISH_EXPANDED,True,RSS=70.93819408128434,True,-1,-1,-1,0.0
SCEN-B,SPL,F0:fold1,,,mode33,POLISH_EXPANDED,True,RSS=70.8292058321483,True,-1,-1,-1,0.0
SCEN-B,SPL,F0:fold1,,,mode34,POLISH_EXPANDED,True,RSS=70.41455146027084,True,-1,-1,-1,0.0
SCEN-B,SPL,F0:fold1,,,mode35,POLISH_EXPANDED,True,RSS=69.09715212884899,True,-1,-1,-1,0.0
SCEN-B,SPL,F0:fold1,,,mode36,POLISH,True,RSS=65.28094510196358,True,-1,-1,-1,0.0
SCEN-B,SPL,F0:fold1,,,mode37,POLISH,True,RSS=59.18763218221403,True,-1,-1,-1,0.0
SCEN-B,SPL,F0:fold1,,,mode38,POLISH,True,RSS=54.372935082243956,True,-1,-1,-1,0.0
SCEN-B,SPL,F0:fold1,,,mode39,POLISH,True,RSS=50.73719756448484,True,-1,-1,-1,0.0
SCEN-B,SPL,F0:fold1,,,mode40,POLISH_EXPANDED,True,RSS=47.93067844361728,True,-1,-1,-1,0.0
SCEN-B,SPL,F0:fold1,,,mode41,POLISH_EXPANDED,True,RSS=45.691641872236914,True,-1,-1,-1,0.0
SCEN-B,SPL,F0:fold1,,,mode42,POLISH_EXPANDED,True,RSS=43.715180648775885,True,-1,-1,-1,0.0
SCEN-B,SPL,F0:fold1,,,mode43,POLISH_EXPANDED,True,RSS=41.922108303474786,True,-1,-1,-1,0.0
SCEN-B,SPL,F0:fold1,,,mode44,POLISH_EXPANDED,True,RSS=40.27723886200501,True,-1,-1,-1,0.0
SCEN-B,SPL,F0:fold1,,,mode45,POLISH_EXPANDED,True,RSS=38.746632974597475,True,-1,-1,-1,0.0
SCEN-B,SPL,F0:fold1,,,mode46,POLISH_EXPANDED,True,RSS=37.29767794058199,True,-1,-1,-1,0.0
SCEN-B,SPL,F0:fold1,,,mode47,POLISH,True,RSS=35.89811821774996,True,-1,-1,-1,0.0
SCEN-B,SPL,F0:fold1,,,mode48,POLISH,True,RSS=34.51342067623375,True,-1,-1,-1,0.0
SCEN-B,SPL,F0:fold1,,,mode49,POLISH_EXPANDED,True,RSS=33.10923329904845,True,-1,-1,-1,0.0
SCEN-B,SPL,F0:fold1,,,mode50,POLISH_EXPANDED,True,RSS=31.64924851356122,True,-1,-1,-1,0.0
SCEN-B,SPL,F0:fold1,,,mode51,POLISH_EXPANDED,True,RSS=30.08969537193685,True,-1,-1,-1,0.0
SCEN-B,SPL,F0:fold1,,,mode52,POLISH_EXPANDED,True,RSS=28.37891401074641,True,-1,-1,-1,0.0
SCEN-B,SPL,F0:fold1,,,mode53,POLISH_EXPANDED,True,RSS=26.457365568552017,True,-1,-1,-1,0.0
SCEN-B,SPL,F0:fold1,,,mode54,POLISH,True,RSS=24.268712810872103,True,-1,-1,-1,0.0
SCEN-B,SPL,F0:fold1,,,mode55,POLISH_EXPANDED,True,RSS=21.767151467488322,True,-1,-1,-1,0.0
SCEN-B,SPL,F0:fold1,,,mode56,POLISH,True,RSS=18.957828881215754,True,-1,-1,-1,0.0
SCEN-B,SPL,F0:fold1,,,mode57,POLISH_EXPANDED,True,RSS=15.961693588326526,True,-1,-1,-1,0.0
SCEN-B,SPL,F0:fold1,,,mode58,POLISH,True,RSS=13.138127029098014,True,-1,-1,-1,0.0
SCEN-B,SPL,F0:fold1,,,mode59,POLISH,True,RSS=11.099275353406176,True,-1,-1,-1,0.0
SCEN-B,SPL,F0:fold1,,,mode60,POLISH_EXPANDED,True,RSS=10.112692106566817,True,-1,-1,-1,0.0
SCEN-B,SPL,F0:fold1,,,mode61,POLISH,True,RSS=10.019406839191669,True,-1,-1,-1,0.0
SCEN-B,SPL,F0:fold1,,,mode62,POLISH,True,RSS=10.207385902030573,True,-1,-1,-1,0.0
SCEN-B,SPL,F0:fold1,,,mode63,POLISH_EXPANDED,True,RSS=11.134488090116973,True,-1,-1,-1,0.0
SCEN-B,SPL,F0:fold1,,,mode64,POLISH_EXPANDED,True,RSS=12.456611215203235,True,-1,-1,-1,0.0
SCEN-B,SPL,F0:fold1,,,mode65,POLISH_EXPANDED,True,RSS=13.933923511650997,True,-1,-1,-1,0.0
SCEN-B,SPL,F0:fold1,,,mode66,POLISH_EXPANDED,True,RSS=15.446710418609692,True,-1,-1,-1,0.0
SCEN-B,SPL,F0:fold1,,,mode67,POLISH_EXPANDED,True,RSS=16.944785703893064,True,-1,-1,-1,0.0
SCEN-B,SPL,F0:fold1,,,mode68,POLISH_EXPANDED,True,RSS=18.412318213847016,True,-1,-1,-1,0.0
SCEN-B,SPL,F0:fold1,,,mode69,POLISH,True,RSS=19.85052734936801,True,-1,-1,-1,0.0
SCEN-B,SPL,F0:fold1,,,mode70,POLISH_EXPANDED,True,RSS=21.269391414044655,True,-1,-1,-1,0.0
SCEN-B,SPL,F0:fold1,,,mode71,POLISH,True,RSS=22.682812284191996,True,-1,-1,-1,0.0
SCEN-B,SPL,F0:fold1,,,mode72,POLISH_EXPANDED,True,RSS=24.106046138634184,True,-1,-1,-1,0.0
SCEN-B,SPL,F0:fold1,,,mode73,POLISH_EXPANDED,True,RSS=25.56300891839266,True,-1,-1,-1,0.0
SCEN-B,SPL,F0:fold1,,,mode74,POLISH_EXPANDED,True,RSS=27.0752807071513,True,-1,-1,-1,0.0
SCEN-B,SPL,F0:fold1,,,mode75,POLISH,True,RSS=28.669174921942425,True,-1,-1,-1,0.0
SCEN-B,SPL,F0:fold1,,,mode76,POLISH,True,RSS=30.369554563593077,True,-1,-1,-1,0.0
SCEN-B,SPL,F0:fold1,,,mode77,POLISH_EXPANDED,True,RSS=32.210462468443794,True,-1,-1,-1,0.0
SCEN-B,SPL,F0:fold1,,,mode78,POLISH,True,RSS=34.24784664345932,True,-1,-1,-1,0.0
SCEN-B,SPL,F0:fold1,,,mode79,POLISH_EXPANDED,True,RSS=36.546537807927784,True,-1,-1,-1,0.0
SCEN-B,SPL,F0:fold1,,,mode80,POLISH,True,RSS=39.18124290457598,True,-1,-1,-1,0.0
SCEN-B,SPL,F0:fold1,,,mode81,POLISH_EXPANDED,True,RSS=42.25305773431404,True,-1,-1,-1,0.0
SCEN-B,SPL,F0:fold1,,,mode82,POLISH_EXPANDED,True,RSS=45.92287022410214,True,-1,-1,-1,0.0
SCEN-B,SPL,F0:fold1,,,mode83,POLISH_EXPANDED,True,RSS=50.35359457881584,True,-1,-1,-1,0.0
SCEN-B,SPL,F0:fold1,,,mode84,POLISH,True,RSS=55.73631527213729,True,-1,-1,-1,0.0
SCEN-B,SPL,F0:fold1,,,mode85,POLISH,True,RSS=62.03236661054421,True,-1,-1,-1,0.0
SCEN-B,SPL,F0:fold1,,,mode86,POLISH_EXPANDED,True,RSS=68.51806572055783,True,-1,-1,-1,0.0
SCEN-B,SPL,F0:fold1,,,mode87,POLISH_EXPANDED,True,RSS=72.9537391710172,True,-1,-1,-1,0.0
SCEN-B,SPL,F0:fold1,,,mode88,POLISH_EXPANDED,True,RSS=73.53136227124924,True,-1,-1,-1,0.0
SCEN-B,SPL,F0:fold1,,,mode89,POLISH,True,RSS=73.59727950630405,True,-1,-1,-1,0.0
SCEN-B,SPL,F0:fold1,,,mode90,POLISH,True,RSS=73.73262218948646,True,-1,-1,-1,0.0
SCEN-B,SPL,F0:fold1,,,mode91,POLISH,True,RSS=73.93909966332653,True,-1,-1,-1,0.0
SCEN-B,SPL,F0:fold1,,,mode92,POLISH,True,RSS=74.21864990600349,True,-1,-1,-1,0.0
SCEN-B,SPL,F0:fold1,,,mode93,POLISH,True,RSS=74.57352328510039,True,-1,-1,-1,0.0
SCEN-B,SPL,F0:fold1,,,mode94,POLISH,True,RSS=75.01803724544051,True,-1,-1,-1,0.0
SCEN-B,SPL,F0:fold1,,,mode95,POLISH,True,RSS=75.55619031685302,True,-1,-1,-1,0.0
SCEN-B,SPL,F0:fold1,,,mode96,POLISH,True,RSS=76.18891929691445,True,-1,-1,-1,0.0
SCEN-B,SPL,F0:fold1,,,mode97,POLISH,True,RSS=76.95324815222503,True,-1,-1,-1,0.0
SCEN-B,SPL,F0:fold1,,,mode98,POLISH,True,RSS=77.83544688320542,True,-1,-1,-1,0.0
SCEN-B,SPL,F0:fold1,,,mode99,POLISH,True,RSS=78.88742777913743,True,-1,-1,-1,0.0
SCEN-B,SPL,F0:fold1,,,mode100,POLISH_EXPANDED,True,RSS=80.09781819813129,True,-1,-1,-1,0.0
SCEN-B,SPL,F0:fold1,,,mode101,POLISH,True,RSS=81.53633657835945,True,-1,-1,-1,0.0
SCEN-B,SPL,F0:fold1,,,mode102,POLISH_EXPANDED,True,RSS=83.19039208851605,True,-1,-1,-1,0.0
SCEN-B,SPL,F0:fold1,,,mode103,POLISH,True,RSS=85.14015298698236,True,-1,-1,-1,0.0
SCEN-B,SPL,F0:fold1,,,mode104,POLISH,True,RSS=87.39828298415854,True,-1,-1,-1,0.0
SCEN-B,SPL,F0:fold1,,,mode105,POLISH,True,RSS=89.9814258817207,True,-1,-1,-1,0.0
SCEN-B,SPL,F0:fold1,,,mode106,POLISH,True,RSS=92.821964278332,True,-1,-1,-1,0.0
SCEN-B,SPL,F0:fold1,,,mode107,POLISH,True,RSS=95.03596813257451,True,-1,-1,-1,0.0
SCEN-B,SPL,F0:fold1,,,mode108,POLISH,True,RSS=96.28014461717974,True,-1,-1,-1,0.0
SCEN-B,SPL,F0:fold1,,,mode109,POLISH_EXPANDED,True,RSS=96.82333365891374,True,-1,-1,-1,0.0
SCEN-B,SPL,F0:fold1,,,mode110,POLISH_EXPANDED,True,RSS=97.04468415066762,True,-1,-1,-1,0.0
SCEN-B,SPL,F0:fold1,,,mode111,POLISH_EXPANDED,True,RSS=97.13518992013462,True,-1,-1,-1,0.0
SCEN-B,SPL,F0:fold1,,,mode112,POLISH_EXPANDED,True,RSS=97.17903942728623,True,-1,-1,-1,0.0
SCEN-B,SPL,F0:fold1,,,mode113,POLISH_EXPANDED,True,RSS=97.20028884897205,True,-1,-1,-1,0.0
SCEN-B,SPL,F0:fold1,,,mode114,POLISH_EXPANDED,True,RSS=97.21047983901835,True,-1,-1,-1,0.0
SCEN-B,SPL,F0:fold1,,,mode115,POLISH,True,RSS=97.21719065496622,True,-1,-1,-1,0.0
SCEN-B,SPL,F0:fold1,,,mode116,POLISH,True,RSS=97.21868515970563,True,-1,-1,-1,0.0
SCEN-B,SPL,F0:fold1,,,mode117,POLISH,True,RSS=97.269442634321,True,-1,-1,-1,0.0
SCEN-B,SPL,F0:fold1,,,mode118,POLISH,True,RSS=97.55179387507077,True,-1,-1,-1,0.0
SCEN-B,SPL,F0:fold1,,,mode119,POLISH,True,RSS=98.08563511680624,True,-1,-1,-1,0.0
SCEN-B,SPL,F0:fold1,,,mode120,POLISH,True,RSS=98.85995859595276,True,-1,-1,-1,0.0
SCEN-B,SPL,F0:fold1,,,mode121,POLISH,True,RSS=99.87479731911789,True,-1,-1,-1,0.0
SCEN-B,SPL,F0:fold1,,,mode122,POLISH,True,RSS=101.13138517054266,True,-1,-1,-1,0.0
SCEN-B,SPL,F0:fold1,,,mode123,POLISH,True,RSS=102.60966859063024,True,-1,-1,-1,0.0
SCEN-B,SPL,F0:fold1,,,mode124,POLISH_EXPANDED,True,RSS=104.23818699292598,True,-1,-1,-1,0.0
SCEN-B,SPL,F0:fold1,,,mode125,POLISH_EXPANDED,True,RSS=105.813484816073,True,-1,-1,-1,0.0
SCEN-B,SPL,F0:fold1,,,mode126,POLISH_EXPANDED,True,RSS=106.8149040424834,True,-1,-1,-1,0.0
SCEN-B,SPL,F0:fold1,,,mode127,POLISH_EXPANDED,True,RSS=106.86448066561505,True,-1,-1,-1,0.0
SCEN-B,SPL,F0:fold1,,,mode128,POLISH_EXPANDED,True,RSS=106.86448066561505,True,-1,-1,-1,0.0
SCEN-B,SPL,F0:fold1,,,mode129,POLISH_EXPANDED,True,RSS=106.86448066561536,True,-1,-1,-1,0.0
SCEN-B,SPL,F0:fold1,,,mode130,POLISH,True,RSS=106.8644806656153,True,-1,-1,-1,0.0
SCEN-B,SPL,F0:fold1,,,mode131,POLISH,True,RSS=106.86448066561528,True,-1,-1,-1,0.0
SCEN-B,SPL,F0:fold1,,,mode132,POLISH_EXPANDED,True,RSS=106.86448066561505,True,-1,-1,-1,0.0
SCEN-B,SPL,F0:fold1,,,mode133,POLISH,True,RSS=106.86448066561483,True,-1,-1,-1,0.0
SCEN-B,SPL,F0:fold1,,,mode134,POLISH,True,RSS=106.86448066561483,True,-1,-1,-1,0.0
SCEN-B,SPL,F0:fold1,,,mode135,POLISH,True,RSS=106.86448066561483,True,-1,-1,-1,0.0
SCEN-B,SPL,F0:fold1,,,mode136,POLISH_EXPANDED,True,RSS=106.86448066561505,True,-1,-1,-1,0.0
SCEN-B,SPL,F0:fold1,,,mode137,POLISH_EXPANDED,True,RSS=106.86448066561505,True,-1,-1,-1,0.0
SCEN-B,SPL,F0:fold1,,,mode138,POLISH,True,RSS=106.86448066561528,True,-1,-1,-1,0.0
SCEN-B,SPL,F0:fold1,,,mode139,POLISH,True,RSS=106.86448066561528,True,-1,-1,-1,0.0
SCEN-B,SPL,F0:fold1,,,mode140,POLISH_EXPANDED,True,RSS=106.86448066561533,True,-1,-1,-1,0.0
SCEN-B,SPL,F0:fold1,,,mode141,POLISH,True,RSS=106.86448066561528,True,-1,-1,-1,0.0
SCEN-B,SPL,F0:fold1,,,mode142,POLISH_EXPANDED,True,RSS=106.86448066561505,True,-1,-1,-1,0.0
SCEN-B,SPL,F0:fold1,,,mode143,POLISH,True,RSS=106.86448066561483,True,-1,-1,-1,0.0
SCEN-B,SPL,F0:fold1,,,mode144,POLISH_EXPANDED,True,RSS=106.86448066561533,True,-1,-1,-1,0.0
SCEN-B,SPL,F0:fold1,,,mode145,POLISH_EXPANDED,True,RSS=106.86448066561505,True,-1,-1,-1,0.0
SCEN-B,SPL,F0:fold2,,,mode0,POLISH_EXPANDED,True,RSS=47.18808857518521,True,-1,-1,-1,0.0
SCEN-B,SPL,F0:fold2,,,mode1,POLISH,True,RSS=47.18808857518521,True,-1,-1,-1,0.0
SCEN-B,SPL,F0:fold2,,,mode2,POLISH_EXPANDED,True,RSS=47.18808857518521,True,-1,-1,-1,0.0
SCEN-B,SPL,F0:fold2,,,mode3,POLISH_EXPANDED,True,RSS=47.18808857518521,True,-1,-1,-1,0.0
SCEN-B,SPL,F0:fold2,,,mode4,POLISH_EXPANDED,True,RSS=47.18808857518521,True,-1,-1,-1,0.0
SCEN-B,SPL,F0:fold2,,,mode5,POLISH_EXPANDED,True,RSS=47.18808857518521,True,-1,-1,-1,0.0
SCEN-B,SPL,F0:fold2,,,mode6,POLISH_EXPANDED,True,RSS=47.18808857518521,True,-1,-1,-1,0.0
SCEN-B,SPL,F0:fold2,,,mode7,POLISH_EXPANDED,True,RSS=47.18808857518521,True,-1,-1,-1,0.0
SCEN-B,SPL,F0:fold2,,,mode8,POLISH_EXPANDED,True,RSS=47.18808857518521,True,-1,-1,-1,0.0
SCEN-B,SPL,F0:fold2,,,mode9,POLISH_EXPANDED,True,RSS=47.18808857518521,True,-1,-1,-1,0.0
SCEN-B,SPL,F0:fold2,,,mode10,POLISH,True,RSS=47.18808857518521,True,-1,-1,-1,0.0
SCEN-B,SPL,F0:fold2,,,mode11,POLISH,True,RSS=47.18808857518553,True,-1,-1,-1,0.0
SCEN-B,SPL,F0:fold2,,,mode12,POLISH_EXPANDED,True,RSS=47.18808857518521,True,-1,-1,-1,0.0
SCEN-B,SPL,F0:fold2,,,mode13,POLISH_EXPANDED,True,RSS=47.18808857518521,True,-1,-1,-1,0.0
SCEN-B,SPL,F0:fold2,,,mode14,POLISH_EXPANDED,True,RSS=47.18808857518521,True,-1,-1,-1,0.0
SCEN-B,SPL,F0:fold2,,,mode15,POLISH,True,RSS=47.188088575185255,True,-1,-1,-1,0.0
SCEN-B,SPL,F0:fold2,,,mode16,POLISH_EXPANDED,True,RSS=47.18808857518521,True,-1,-1,-1,0.0
SCEN-B,SPL,F0:fold2,,,mode17,POLISH_EXPANDED,True,RSS=47.18808857518531,True,-1,-1,-1,0.0
SCEN-B,SPL,F0:fold2,,,mode18,POLISH_EXPANDED,True,RSS=47.120296954532854,True,-1,-1,-1,0.0
SCEN-B,SPL,F0:fold2,,,mode19,POLISH_EXPANDED,True,RSS=46.39256902592629,True,-1,-1,-1,0.0
SCEN-B,SPL,F0:fold2,,,mode20,POLISH_EXPANDED,True,RSS=45.287095803173216,True,-1,-1,-1,0.0
SCEN-B,SPL,F0:fold2,,,mode21,POLISH,True,RSS=44.143684835255264,True,-1,-1,-1,0.0
SCEN-B,SPL,F0:fold2,,,mode22,POLISH_EXPANDED,True,RSS=43.105511686547956,True,-1,-1,-1,0.0
SCEN-B,SPL,F0:fold2,,,mode23,POLISH,True,RSS=42.218471351516556,True,-1,-1,-1,0.0
SCEN-B,SPL,F0:fold2,,,mode24,POLISH_EXPANDED,True,RSS=41.48705787267818,True,-1,-1,-1,0.0
SCEN-B,SPL,F0:fold2,,,mode25,POLISH,True,RSS=40.903069551533534,True,-1,-1,-1,0.0
SCEN-B,SPL,F0:fold2,,,mode26,POLISH,True,RSS=40.458084815307366,True,-1,-1,-1,0.0
SCEN-B,SPL,F0:fold2,,,mode27,POLISH_EXPANDED,True,RSS=40.14832873244955,True,-1,-1,-1,0.0
SCEN-B,SPL,F0:fold2,,,mode28,FALLBACK,True,RSS=39.981685716978824,True,-1,-1,-1,0.0
SCEN-B,SPL,F0:fold2,,,mode29,POLISH_EXPANDED,True,RSS=39.95148781395826,True,-1,-1,-1,0.0
SCEN-B,SPL,F0:fold2,,,mode30,POLISH,True,RSS=39.95148781395826,True,-1,-1,-1,0.0
SCEN-B,SPL,F0:fold2,,,mode31,POLISH,True,RSS=39.95148781395826,True,-1,-1,-1,0.0
SCEN-B,SPL,F0:fold2,,,mode32,POLISH_EXPANDED,True,RSS=39.95148781395824,True,-1,-1,-1,0.0
SCEN-B,SPL,F0:fold2,,,mode33,POLISH_EXPANDED,True,RSS=39.929570868316766,True,-1,-1,-1,0.0
SCEN-B,SPL,F0:fold2,,,mode34,POLISH_EXPANDED,True,RSS=39.63895201905326,True,-1,-1,-1,0.0
SCEN-B,SPL,F0:fold2,,,mode35,POLISH,True,RSS=38.536137616216976,True,-1,-1,-1,0.0
SCEN-B,SPL,F0:fold2,,,mode36,POLISH,True,RSS=36.61956332933232,True,-1,-1,-1,0.0
SCEN-B,SPL,F0:fold2,,,mode37,POLISH_EXPANDED,True,RSS=34.68226666272455,True,-1,-1,-1,0.0
SCEN-B,SPL,F0:fold2,,,mode38,POLISH_EXPANDED,True,RSS=33.09683203374522,True,-1,-1,-1,0.0
SCEN-B,SPL,F0:fold2,,,mode39,POLISH,True,RSS=31.800986767930457,True,-1,-1,-1,0.0
SCEN-B,SPL,F0:fold2,,,mode40,POLISH,True,RSS=30.733410403322036,True,-1,-1,-1,0.0
SCEN-B,SPL,F0:fold2,,,mode41,POLISH_EXPANDED,True,RSS=29.83913766840348,True,-1,-1,-1,0.0
SCEN-B,SPL,F0:fold2,,,mode42,POLISH_EXPANDED,True,RSS=29.049176569167685,True,-1,-1,-1,0.0
SCEN-B,SPL,F0:fold2,,,mode43,POLISH_EXPANDED,True,RSS=28.336850040923103,True,-1,-1,-1,0.0
SCEN-B,SPL,F0:fold2,,,mode44,POLISH_EXPANDED,True,RSS=27.685302338327578,True,-1,-1,-1,0.0
SCEN-B,SPL,F0:fold2,,,mode45,POLISH,True,RSS=27.079308596185218,True,-1,-1,-1,0.0
SCEN-B,SPL,F0:fold2,,,mode46,POLISH,True,RSS=26.502605394916742,True,-1,-1,-1,0.0
SCEN-B,SPL,F0:fold2,,,mode47,POLISH,True,RSS=25.94226473356619,True,-1,-1,-1,0.0
SCEN-B,SPL,F0:fold2,,,mode48,POLISH,True,RSS=25.381720260330237,True,-1,-1,-1,0.0
SCEN-B,SPL,F0:fold2,,,mode49,POLISH,True,RSS=24.802346351401713,True,-1,-1,-1,0.0
SCEN-B,SPL,F0:fold2,,,mode50,POLISH_EXPANDED,True,RSS=24.180556674114893,True,-1,-1,-1,0.0
SCEN-B,SPL,F0:fold2,,,mode51,POLISH,True,RSS=23.48593944321,True,-1,-1,-1,0.0
SCEN-B,SPL,F0:fold2,,,mode52,POLISH_EXPANDED,True,RSS=22.677107832097878,True,-1,-1,-1,0.0
SCEN-B,SPL,F0:fold2,,,mode53,POLISH,True,RSS=21.695015293180834,True,-1,-1,-1,0.0
SCEN-B,SPL,F0:fold2,,,mode54,POLISH_EXPANDED,True,RSS=20.44505727249001,True,-1,-1,-1,0.0
SCEN-B,SPL,F0:fold2,,,mode55,POLISH,True,RSS=18.834326925475114,True,-1,-1,-1,0.0
SCEN-B,SPL,F0:fold2,,,mode56,POLISH,True,RSS=16.793683285791246,True,-1,-1,-1,0.0
SCEN-B,SPL,F0:fold2,,,mode57,POLISH,True,RSS=14.35818815568063,True,-1,-1,-1,0.0
SCEN-B,SPL,F0:fold2,,,mode58,POLISH_EXPANDED,True,RSS=11.842614269523157,True,-1,-1,-1,0.0
SCEN-B,SPL,F0:fold2,,,mode59,POLISH,True,RSS=9.917305964733988,True,-1,-1,-1,0.0
SCEN-B,SPL,F0:fold2,,,mode60,POLISH,True,RSS=8.848076060388877,True,-1,-1,-1,0.0
SCEN-B,SPL,F0:fold2,,,mode61,POLISH,True,RSS=8.690637015331374,True,-1,-1,-1,0.0
SCEN-B,SPL,F0:fold2,,,mode62,POLISH_EXPANDED,True,RSS=8.75746561270207,True,-1,-1,-1,0.0
SCEN-B,SPL,F0:fold2,,,mode63,POLISH,True,RSS=9.368881816525473,True,-1,-1,-1,0.0
SCEN-B,SPL,F0:fold2,,,mode64,POLISH,True,RSS=10.3696170291738,True,-1,-1,-1,0.0
SCEN-B,SPL,F0:fold2,,,mode65,POLISH,True,RSS=11.553581386450277,True,-1,-1,-1,0.0
SCEN-B,SPL,F0:fold2,,,mode66,POLISH,True,RSS=12.800532671747545,True,-1,-1,-1,0.0
SCEN-B,SPL,F0:fold2,,,mode67,POLISH,True,RSS=14.035809985861736,True,-1,-1,-1,0.0
SCEN-B,SPL,F0:fold2,,,mode68,POLISH,True,RSS=15.20929254157486,True,-1,-1,-1,0.0
SCEN-B,SPL,F0:fold2,,,mode69,POLISH,True,RSS=16.31498923706703,True,-1,-1,-1,0.0
SCEN-B,SPL,F0:fold2,,,mode70,POLISH_EXPANDED,True,RSS=17.37069506061439,True,-1,-1,-1,0.0
SCEN-B,SPL,F0:fold2,,,mode71,POLISH_EXPANDED,True,RSS=18.386154239777778,True,-1,-1,-1,0.0
SCEN-B,SPL,F0:fold2,,,mode72,POLISH_EXPANDED,True,RSS=19.375237489297945,True,-1,-1,-1,0.0
SCEN-B,SPL,F0:fold2,,,mode73,POLISH,True,RSS=20.35514714087418,True,-1,-1,-1,0.0
SCEN-B,SPL,F0:fold2,,,mode74,POLISH_EXPANDED,True,RSS=21.343475004004564,True,-1,-1,-1,0.0
SCEN-B,SPL,F0:fold2,,,mode75,POLISH,True,RSS=22.3582340941567,True,-1,-1,-1,0.0
SCEN-B,SPL,F0:fold2,,,mode76,POLISH,True,RSS=23.415778944896896,True,-1,-1,-1,0.0
SCEN-B,SPL,F0:fold2,,,mode77,POLISH_EXPANDED,True,RSS=24.534653220611723,True,-1,-1,-1,0.0
SCEN-B,SPL,F0:fold2,,,mode78,POLISH,True,RSS=25.740810989425263,True,-1,-1,-1,0.0
SCEN-B,SPL,F0:fold2,,,mode79,POLISH_EXPANDED,True,RSS=27.060781040522524,True,-1,-1,-1,0.0
SCEN-B,SPL,F0:fold2,,,mode80,POLISH_EXPANDED,True,RSS=28.51790659978873,True,-1,-1,-1,0.0
SCEN-B,SPL,F0:fold2,,,mode81,POLISH,True,RSS=30.133527305424103,True,-1,-1,-1,0.0
SCEN-B,SPL,F0:fold2,,,mode82,POLISH_EXPANDED,True,RSS=31.91705343901456,True,-1,-1,-1,0.0
SCEN-B,SPL,F0:fold2,,,mode83,POLISH_EXPANDED,True,RSS=33.86924720034828,True,-1,-1,-1,0.0
SCEN-B,SPL,F0:fold2,,,mode84,POLISH,True,RSS=36.09492214412117,True,-1,-1,-1,0.0
SCEN-B,SPL,F0:fold2,,,mode85,POLISH,True,RSS=37.81705194457344,True,-1,-1,-1,0.0
SCEN-B,SPL,F0:fold2,,,mode86,POLISH,True,RSS=38.48460613579741,True,-1,-1,-1,0.0
SCEN-B,SPL,F0:fold2,,,mode87,POLISH_EXPANDED,True,RSS=38.54824115169945,True,-1,-1,-1,0.0
SCEN-B,SPL,F0:fold2,,,mode88,POLISH,True,RSS=38.558650641442924,True,-1,-1,-1,0.0
SCEN-B,SPL,F0:fold2,,,mode89,POLISH,True,RSS=38.61616816247263,True,-1,-1,-1,0.0
SCEN-B,SPL,F0:fold2,,,mode90,POLISH,True,RSS=38.72160232874443,True,-1,-1,-1,0.0
SCEN-B,SPL,F0:fold2,,,mode91,POLISH,True,RSS=38.868719405055515,True,-1,-1,-1,0.0
SCEN-B,SPL,F0:fold2,,,mode92,POLISH,True,RSS=39.05430330193326,True,-1,-1,-1,0.0
SCEN-B,SPL,F0:fold2,,,mode93,POLISH,True,RSS=39.278049720810564,True,-1,-1,-1,0.0
SCEN-B,SPL,F0:fold2,,,mode94,POLISH,True,RSS=39.54054422183541,True,-1,-1,-1,0.0
SCEN-B,SPL,F0:fold2,,,mode95,POLISH,True,RSS=39.84505956317877,True,-1,-1,-1,0.0
SCEN-B,SPL,F0:fold2,,,mode96,POLISH_EXPANDED,True,RSS=40.19573399062115,True,-1,-1,-1,0.0
SCEN-B,SPL,F0:fold2,,,mode97,POLISH_EXPANDED,True,RSS=40.59811481060409,True,-1,-1,-1,0.0
SCEN-B,SPL,F0:fold2,,,mode98,POLISH_EXPANDED,True,RSS=41.059255641042455,True,-1,-1,-1,0.0
SCEN-B,SPL,F0:fold2,,,mode99,POLISH_EXPANDED,True,RSS=41.58784634729404,True,-1,-1,-1,0.0
SCEN-B,SPL,F0:fold2,,,mode100,POLISH_EXPANDED,True,RSS=42.19431652859334,True,-1,-1,-1,0.0
SCEN-B,SPL,F0:fold2,,,mode101,POLISH_EXPANDED,True,RSS=42.89079967034521,True,-1,-1,-1,0.0
SCEN-B,SPL,F0:fold2,,,mode102,POLISH,True,RSS=43.69040797090644,True,-1,-1,-1,0.0
SCEN-B,SPL,F0:fold2,,,mode103,POLISH_EXPANDED,True,RSS=44.603035050543824,True,-1,-1,-1,0.0
SCEN-B,SPL,F0:fold2,,,mode104,POLISH_EXPANDED,True,RSS=45.64153677390831,True,-1,-1,-1,0.0
SCEN-B,SPL,F0:fold2,,,mode105,POLISH_EXPANDED,True,RSS=46.8034621283901,True,-1,-1,-1,0.0
SCEN-B,SPL,F0:fold2,,,mode106,POLISH_EXPANDED,True,RSS=47.74484383033184,True,-1,-1,-1,0.0
SCEN-B,SPL,F0:fold2,,,mode107,POLISH,True,RSS=48.00740067534034,True,-1,-1,-1,0.0
SCEN-B,SPL,F0:fold2,,,mode108,POLISH_EXPANDED,True,RSS=48.007400675340264,True,-1,-1,-1,0.0
SCEN-B,SPL,F0:fold2,,,mode109,POLISH_EXPANDED,True,RSS=48.007400675340264,True,-1,-1,-1,0.0
SCEN-B,SPL,F0:fold2,,,mode110,POLISH,True,RSS=48.007400675340264,True,-1,-1,-1,0.0
SCEN-B,SPL,F0:fold2,,,mode111,POLISH_EXPANDED,True,RSS=48.007400675340264,True,-1,-1,-1,0.0
SCEN-B,SPL,F0:fold2,,,mode112,POLISH_EXPANDED,True,RSS=48.007400675340264,True,-1,-1,-1,0.0
SCEN-B,SPL,F0:fold2,,,mode113,POLISH_EXPANDED,True,RSS=48.007400675340264,True,-1,-1,-1,0.0
SCEN-B,SPL,F0:fold2,,,mode114,POLISH_EXPANDED,True,RSS=48.007400675340264,True,-1,-1,-1,0.0
SCEN-B,SPL,F0:fold2,,,mode115,POLISH_EXPANDED,True,RSS=48.007400675340264,True,-1,-1,-1,0.0
SCEN-B,SPL,F0:fold2,,,mode116,POLISH_EXPANDED,True,RSS=48.007400675340264,True,-1,-1,-1,0.0
SCEN-B,SPL,F0:fold2,,,mode117,POLISH,True,RSS=48.026948658920546,True,-1,-1,-1,0.0
SCEN-B,SPL,F0:fold2,,,mode118,POLISH,True,RSS=48.137214815436046,True,-1,-1,-1,0.0
SCEN-B,SPL,F0:fold2,,,mode119,POLISH,True,RSS=48.34617985800537,True,-1,-1,-1,0.0
SCEN-B,SPL,F0:fold2,,,mode120,POLISH_EXPANDED,True,RSS=48.64848569038419,True,-1,-1,-1,0.0
SCEN-B,SPL,F0:fold2,,,mode121,POLISH_EXPANDED,True,RSS=49.04343859507225,True,-1,-1,-1,0.0
SCEN-B,SPL,F0:fold2,,,mode122,POLISH,True,RSS=49.530114162169674,True,-1,-1,-1,0.0
SCEN-B,SPL,F0:fold2,,,mode123,POLISH,True,RSS=50.10013404938838,True,-1,-1,-1,0.0
SCEN-B,SPL,F0:fold2,,,mode124,POLISH_EXPANDED,True,RSS=50.7206442851227,True,-1,-1,-1,0.0
SCEN-B,SPL,F0:fold2,,,mode125,POLISH,True,RSS=51.29792265553674,True,-1,-1,-1,0.0
SCEN-B,SPL,F0:fold2,,,mode126,POLISH,True,RSS=51.613121730345064,True,-1,-1,-1,0.0
SCEN-B,SPL,F0:fold2,,,mode127,POLISH_EXPANDED,True,RSS=51.616683686422746,True,-1,-1,-1,0.0
SCEN-B,SPL,F0:fold2,,,mode128,POLISH,True,RSS=51.61668368642282,True,-1,-1,-1,0.0
SCEN-B,SPL,F0:fold2,,,mode129,POLISH_EXPANDED,True,RSS=51.61668368642282,True,-1,-1,-1,0.0
SCEN-B,SPL,F0:fold2,,,mode130,POLISH_EXPANDED,True,RSS=51.61668368642278,True,-1,-1,-1,0.0
SCEN-B,SPL,F0:fold2,,,mode131,POLISH,True,RSS=51.616683686438755,True,-1,-1,-1,0.0
SCEN-B,SPL,F0:fold2,,,mode132,POLISH,True,RSS=51.616683686417936,True,-1,-1,-1,0.0
SCEN-B,SPL,F0:fold2,,,mode133,POLISH_EXPANDED,True,RSS=51.61668368642296,True,-1,-1,-1,0.0
SCEN-B,SPL,F0:fold2,,,mode134,POLISH_EXPANDED,True,RSS=51.61668368642296,True,-1,-1,-1,0.0
SCEN-B,SPL,F0:fold2,,,mode135,POLISH,True,RSS=51.61668368642296,True,-1,-1,-1,0.0
SCEN-B,SPL,F0:fold2,,,mode136,POLISH,True,RSS=51.61668368642296,True,-1,-1,-1,0.0
SCEN-B,SPL,F0:fold2,,,mode137,POLISH,True,RSS=51.61668368642296,True,-1,-1,-1,0.0
SCEN-B,SPL,F0:fold2,,,mode138,POLISH_EXPANDED,True,RSS=51.61668368642296,True,-1,-1,-1,0.0
SCEN-B,SPL,F0:fold2,,,mode139,POLISH_EXPANDED,True,RSS=51.61668368642296,True,-1,-1,-1,0.0
SCEN-B,SPL,F0:fold2,,,mode140,POLISH_EXPANDED,True,RSS=51.61668368642296,True,-1,-1,-1,0.0
SCEN-B,SPL,F0:fold2,,,mode141,POLISH_EXPANDED,True,RSS=51.61668368642296,True,-1,-1,-1,0.0
SCEN-B,SPL,F0:fold2,,,mode142,POLISH_EXPANDED,True,RSS=51.61668368642296,True,-1,-1,-1,0.0
SCEN-B,SPL,F0:fold2,,,mode143,POLISH_EXPANDED,True,RSS=51.61668368642296,True,-1,-1,-1,0.0
SCEN-B,SPL,F0:fold2,,,mode144,POLISH,True,RSS=51.61668368642296,True,-1,-1,-1,0.0
SCEN-B,SPL,F0:fold2,,,mode145,POLISH_EXPANDED,True,RSS=51.61668368642296,True,-1,-1,-1,0.0
SCEN-B,SPL,F0:fold3,,,mode0,POLISH,True,RSS=105.30911897910734,True,-1,-1,-1,0.0
SCEN-B,SPL,F0:fold3,,,mode1,POLISH,True,RSS=105.30911897910734,True,-1,-1,-1,0.0
SCEN-B,SPL,F0:fold3,,,mode2,POLISH,True,RSS=105.30911897910734,True,-1,-1,-1,0.0
SCEN-B,SPL,F0:fold3,,,mode3,POLISH,True,RSS=105.30911897909435,True,-1,-1,-1,0.0
SCEN-B,SPL,F0:fold3,,,mode4,POLISH_EXPANDED,True,RSS=105.30911897910734,True,-1,-1,-1,0.0
SCEN-B,SPL,F0:fold3,,,mode5,POLISH,True,RSS=105.30911897910734,True,-1,-1,-1,0.0
SCEN-B,SPL,F0:fold3,,,mode6,POLISH,True,RSS=105.30911897910734,True,-1,-1,-1,0.0
SCEN-B,SPL,F0:fold3,,,mode7,POLISH,True,RSS=105.30911897910734,True,-1,-1,-1,0.0
SCEN-B,SPL,F0:fold3,,,mode8,POLISH,True,RSS=105.30911897910734,True,-1,-1,-1,0.0
SCEN-B,SPL,F0:fold3,,,mode9,POLISH,True,RSS=105.30911897910734,True,-1,-1,-1,0.0
SCEN-B,SPL,F0:fold3,,,mode10,POLISH,True,RSS=105.30911897910734,True,-1,-1,-1,0.0
SCEN-B,SPL,F0:fold3,,,mode11,POLISH,True,RSS=105.30911897910734,True,-1,-1,-1,0.0
SCEN-B,SPL,F0:fold3,,,mode12,POLISH_EXPANDED,True,RSS=105.30911897910734,True,-1,-1,-1,0.0
SCEN-B,SPL,F0:fold3,,,mode13,POLISH_EXPANDED,True,RSS=105.30911897910734,True,-1,-1,-1,0.0
SCEN-B,SPL,F0:fold3,,,mode14,POLISH,True,RSS=105.30911897910785,True,-1,-1,-1,0.0
SCEN-B,SPL,F0:fold3,,,mode15,POLISH_EXPANDED,True,RSS=105.30911897910734,True,-1,-1,-1,0.0
SCEN-B,SPL,F0:fold3,,,mode16,POLISH,True,RSS=105.30911897915496,True,-1,-1,-1,0.0
SCEN-B,SPL,F0:fold3,,,mode17,POLISH,True,RSS=105.30911897910734,True,-1,-1,-1,0.0
SCEN-B,SPL,F0:fold3,,,mode18,POLISH,True,RSS=105.30911897910734,True,-1,-1,-1,0.0
SCEN-B,SPL,F0:fold3,,,mode19,POLISH,True,RSS=104.06774044411823,True,-1,-1,-1,0.0
SCEN-B,SPL,F0:fold3,,,mode20,POLISH,True,RSS=100.95452823080701,True,-1,-1,-1,0.0
SCEN-B,SPL,F0:fold3,,,mode21,POLISH_EXPANDED,True,RSS=97.42022322083632,True,-1,-1,-1,0.0
SCEN-B,SPL,F0:fold3,,,mode22,POLISH_EXPANDED,True,RSS=94.12360113634658,True,-1,-1,-1,0.0
SCEN-B,SPL,F0:fold3,,,mode23,POLISH_EXPANDED,True,RSS=91.28216617021954,True,-1,-1,-1,0.0
SCEN-B,SPL,F0:fold3,,,mode24,POLISH_EXPANDED,True,RSS=88.93648735895805,True,-1,-1,-1,0.0
SCEN-B,SPL,F0:fold3,,,mode25,POLISH_EXPANDED,True,RSS=87.068418546117,True,-1,-1,-1,0.0
SCEN-B,SPL,F0:fold3,,,mode26,POLISH,True,RSS=85.64919296839398,True,-1,-1,-1,0.0
SCEN-B,SPL,F0:fold3,,,mode27,POLISH,True,RSS=84.67245036946011,True,-1,-1,-1,0.0
SCEN-B,SPL,F0:fold3,,,mode28,POLISH,True,RSS=84.1555647362462,True,-1,-1,-1,0.0
SCEN-B,SPL,F0:fold3,,,mode29,POLISH,True,RSS=84.0632701143222,True,-1,-1,-1,0.0
SCEN-B,SPL,F0:fold3,,,mode30,POLISH,True,RSS=84.0632701143222,True,-1,-1,-1,0.0
SCEN-B,SPL,F0:fold3,,,mode31,POLISH,True,RSS=84.0632701143222,True,-1,-1,-1,0.0
SCEN-B,SPL,F0:fold3,,,mode32,POLISH_EXPANDED,True,RSS=84.06207398560787,True,-1,-1,-1,0.0
SCEN-B,SPL,F0:fold3,,,mode33,POLISH_EXPANDED,True,RSS=84.03618784611483,True,-1,-1,-1,0.0
SCEN-B,SPL,F0:fold3,,,mode34,POLISH,True,RSS=83.8887966568867,True,-1,-1,-1,0.0
SCEN-B,SPL,F0:fold3,,,mode35,POLISH,True,RSS=83.44350827824442,True,-1,-1,-1,0.0
SCEN-B,SPL,F0:fold3,,,mode36,POLISH,True,RSS=82.24579065181845,True,-1,-1,-1,0.0
SCEN-B,SPL,F0:fold3,,,mode37,POLISH_EXPANDED,True,RSS=79.55339640127146,True,-1,-1,-1,0.0
SCEN-B,SPL,F0:fold3,,,mode38,POLISH,True,RSS=75.18406912935573,True,-1,-1,-1,0.0
SCEN-B,SPL,F0:fold3,,,mode39,POLISH,True,RSS=70.08837809611178,True,-1,-1,-1,0.0
SCEN-B,SPL,F0:fold3,,,mode40,POLISH_EXPANDED,True,RSS=65.71302308744441,True,-1,-1,-1,0.0
SCEN-B,SPL,F0:fold3,,,mode41,POLISH_EXPANDED,True,RSS=62.08649290993983,True,-1,-1,-1,0.0
SCEN-B,SPL,F0:fold3,,,mode42,POLISH_EXPANDED,True,RSS=59.05860608844597,True,-1,-1,-1,0.0
SCEN-B,SPL,F0:fold3,,,mode43,POLISH_EXPANDED,True,RSS=56.520932630843795,True,-1,-1,-1,0.0
SCEN-B,SPL,F0:fold3,,,mode44,POLISH_EXPANDED,True,RSS=54.39619597976347,True,-1,-1,-1,0.0
SCEN-B,SPL,F0:fold3,,,mode45,POLISH,True,RSS=52.589575595911946,True,-1,-1,-1,0.0
SCEN-B,SPL,F0:fold3,,,mode46,FALLBACK,True,RSS=51.05500636607961,True,-1,-1,-1,0.0
SCEN-B,SPL,F0:fold3,,,mode47,POLISH_EXPANDED,True,RSS=49.741557644570904,True,-1,-1,-1,0.0
SCEN-B,SPL,F0:fold3,,,mode48,POLISH,True,RSS=48.60804833164118,True,-1,-1,-1,0.0
SCEN-B,SPL,F0:fold3,,,mode49,POLISH,True,RSS=47.6370096933679,True,-1,-1,-1,0.0
SCEN-B,SPL,F0:fold3,,,mode50,POLISH,True,RSS=46.79311158836635,True,-1,-1,-1,0.0
SCEN-B,SPL,F0:fold3,,,mode51,POLISH_EXPANDED,True,RSS=46.06350576145362,True,-1,-1,-1,0.0
SCEN-B,SPL,F0:fold3,,,mode52,POLISH,True,RSS=45.43244432075391,True,-1,-1,-1,0.0
SCEN-B,SPL,F0:fold3,,,mode53,POLISH_EXPANDED,True,RSS=44.688107838145065,True,-1,-1,-1,0.0
SCEN-B,SPL,F0:fold3,,,mode54,POLISH_EXPANDED,True,RSS=43.04154117077712,True,-1,-1,-1,0.0
SCEN-B,SPL,F0:fold3,,,mode55,POLISH_EXPANDED,True,RSS=39.88896033525994,True,-1,-1,-1,0.0
SCEN-B,SPL,F0:fold3,,,mode56,POLISH_EXPANDED,True,RSS=34.738664279246,True,-1,-1,-1,0.0
SCEN-B,SPL,F0:fold3,,,mode57,POLISH,True,RSS=27.80450846906688,True,-1,-1,-1,0.0
SCEN-B,SPL,F0:fold3,,,mode58,POLISH,True,RSS=20.567482576276333,True,-1,-1,-1,0.0
SCEN-B,SPL,F0:fold3,,,mode59,POLISH_EXPANDED,True,RSS=15.136064379677205,True,-1,-1,-1,0.0
SCEN-B,SPL,F0:fold3,,,mode60,POLISH,True,RSS=11.807479608324492,True,-1,-1,-1,0.0
SCEN-B,SPL,F0:fold3,,,mode61,POLISH_EXPANDED,True,RSS=10.078197392172958,True,-1,-1,-1,0.0
SCEN-B,SPL,F0:fold3,,,mode62,POLISH_EXPANDED,True,RSS=9.363037269335454,True,-1,-1,-1,0.0
SCEN-B,SPL,F0:fold3,,,mode63,POLISH,True,RSS=9.226992905071297,True,-1,-1,-1,0.0
SCEN-B,SPL,F0:fold3,,,mode64,POLISH,True,RSS=9.23486026062262,True,-1,-1,-1,0.0
SCEN-B,SPL,F0:fold3,,,mode65,POLISH_EXPANDED,True,RSS=9.452212464304111,True,-1,-1,-1,0.0
SCEN-B,SPL,F0:fold3,,,mode66,POLISH_EXPANDED,True,RSS=9.877617167152769,True,-1,-1,-1,0.0
SCEN-B,SPL,F0:fold3,,,mode67,POLISH,True,RSS=10.433437799533436,True,-1,-1,-1,0.0
SCEN-B,SPL,F0:fold3,,,mode68,POLISH_EXPANDED,True,RSS=11.064897358350299,True,-1,-1,-1,0.0
SCEN-B,SPL,F0:fold3,,,mode69,POLISH_EXPANDED,True,RSS=11.75138525040402,True,-1,-1,-1,0.0
SCEN-B,SPL,F0:fold3,,,mode70,POLISH,True,RSS=12.475947447362213,True,-1,-1,-1,0.0
SCEN-B,SPL,F0:fold3,,,mode71,POLISH,True,RSS=13.23043832276338,True,-1,-1,-1,0.0
SCEN-B,SPL,F0:fold3,,,mode72,POLISH,True,RSS=14.016952182726438,True,-1,-1,-1,0.0
SCEN-B,SPL,F0:fold3,,,mode73,POLISH,True,RSS=14.845127356246314,True,-1,-1,-1,0.0
SCEN-B,SPL,F0:fold3,,,mode74,POLISH,True,RSS=15.727282490372957,True,-1,-1,-1,0.0
SCEN-B,SPL,F0:fold3,,,mode75,POLISH,True,RSS=16.681386828825758,True,-1,-1,-1,0.0
SCEN-B,SPL,F0:fold3,,,mode76,POLISH,True,RSS=17.72551361909072,True,-1,-1,-1,0.0
SCEN-B,SPL,F0:fold3,,,mode77,POLISH_EXPANDED,True,RSS=18.878577280939542,True,-1,-1,-1,0.0
SCEN-B,SPL,F0:fold3,,,mode78,POLISH,True,RSS=20.16754107053867,True,-1,-1,-1,0.0
SCEN-B,SPL,F0:fold3,,,mode79,POLISH,True,RSS=21.62429149671876,True,-1,-1,-1,0.0
SCEN-B,SPL,F0:fold3,,,mode80,POLISH_EXPANDED,True,RSS=23.287065503963298,True,-1,-1,-1,0.0
SCEN-B,SPL,F0:fold3,,,mode81,POLISH,True,RSS=25.167864554793105,True,-1,-1,-1,0.0
SCEN-B,SPL,F0:fold3,,,mode82,POLISH_EXPANDED,True,RSS=27.26031774890632,True,-1,-1,-1,0.0
SCEN-B,SPL,F0:fold3,,,mode83,POLISH_EXPANDED,True,RSS=29.522055459674583,True,-1,-1,-1,0.0
SCEN-B,SPL,F0:fold3,,,mode84,POLISH_EXPANDED,True,RSS=31.82700376820124,True,-1,-1,-1,0.0
SCEN-B,SPL,F0:fold3,,,mode85,POLISH_EXPANDED,True,RSS=33.91444778191912,True,-1,-1,-1,0.0
SCEN-B,SPL,F0:fold3,,,mode86,POLISH,True,RSS=35.36013711385664,True,-1,-1,-1,0.0
SCEN-B,SPL,F0:fold3,,,mode87,POLISH,True,RSS=35.7131344536957,True,-1,-1,-1,0.0
SCEN-B,SPL,F0:fold3,,,mode88,POLISH,True,RSS=35.7032787072959,True,-1,-1,-1,0.0
SCEN-B,SPL,F0:fold3,,,mode89,POLISH,True,RSS=35.71239757814837,True,-1,-1,-1,0.0
SCEN-B,SPL,F0:fold3,,,mode90,POLISH,True,RSS=35.75063254955772,True,-1,-1,-1,0.0
SCEN-B,SPL,F0:fold3,,,mode91,POLISH_EXPANDED,True,RSS=35.83576266107629,True,-1,-1,-1,0.0
SCEN-B,SPL,F0:fold3,,,mode92,POLISH_EXPANDED,True,RSS=35.961789944789956,True,-1,-1,-1,0.0
SCEN-B,SPL,F0:fold3,,,mode93,POLISH,True,RSS=36.1398807363173,True,-1,-1,-1,0.0
SCEN-B,SPL,F0:fold3,,,mode94,POLISH_EXPANDED,True,RSS=36.383694629545886,True,-1,-1,-1,0.0
SCEN-B,SPL,F0:fold3,,,mode95,POLISH_EXPANDED,True,RSS=36.68845706561344,True,-1,-1,-1,0.0
SCEN-B,SPL,F0:fold3,,,mode96,POLISH,True,RSS=37.07470033959479,True,-1,-1,-1,0.0
SCEN-B,SPL,F0:fold3,,,mode97,POLISH_EXPANDED,True,RSS=37.56073028822105,True,-1,-1,-1,0.0
SCEN-B,SPL,F0:fold3,,,mode98,POLISH,True,RSS=38.1521606473738,True,-1,-1,-1,0.0
SCEN-B,SPL,F0:fold3,,,mode99,POLISH,True,RSS=38.88834531869347,True,-1,-1,-1,0.0
SCEN-B,SPL,F0:fold3,,,mode100,POLISH_EXPANDED,True,RSS=39.80220786613781,True,-1,-1,-1,0.0
SCEN-B,SPL,F0:fold3,,,mode101,POLISH_EXPANDED,True,RSS=40.92665345211882,True,-1,-1,-1,0.0
SCEN-B,SPL,F0:fold3,,,mode102,POLISH,True,RSS=42.33666213237957,True,-1,-1,-1,0.0
SCEN-B,SPL,F0:fold3,,,mode103,POLISH_EXPANDED,True,RSS=44.130242162757,True,-1,-1,-1,0.0
SCEN-B,SPL,F0:fold3,,,mode104,POLISH,True,RSS=46.414923191621504,True,-1,-1,-1,0.0
SCEN-B,SPL,F0:fold3,,,mode105,POLISH_EXPANDED,True,RSS=49.37233622452268,True,-1,-1,-1,0.0
SCEN-B,SPL,F0:fold3,,,mode106,POLISH_EXPANDED,True,RSS=53.281975440766416,True,-1,-1,-1,0.0
SCEN-B,SPL,F0:fold3,,,mode107,POLISH,True,RSS=58.54250376293421,True,-1,-1,-1,0.0
SCEN-B,SPL,F0:fold3,,,mode108,POLISH_EXPANDED,True,RSS=65.61913863779448,True,-1,-1,-1,0.0
SCEN-B,SPL,F0:fold3,,,mode109,POLISH,True,RSS=74.08778590060383,True,-1,-1,-1,0.0
SCEN-B,SPL,F0:fold3,,,mode110,POLISH,True,RSS=78.93542109773792,True,-1,-1,-1,0.0
SCEN-B,SPL,F0:fold3,,,mode111,POLISH_EXPANDED,True,RSS=80.8291129149836,True,-1,-1,-1,0.0
SCEN-B,SPL,F0:fold3,,,mode112,POLISH_EXPANDED,True,RSS=81.63300318742652,True,-1,-1,-1,0.0
SCEN-B,SPL,F0:fold3,,,mode113,POLISH_EXPANDED,True,RSS=82.01767973929991,True,-1,-1,-1,0.0
SCEN-B,SPL,F0:fold3,,,mode114,POLISH_EXPANDED,True,RSS=82.22764279228788,True,-1,-1,-1,0.0
SCEN-B,SPL,F0:fold3,,,mode115,POLISH_EXPANDED,True,RSS=82.34224432528107,True,-1,-1,-1,0.0
SCEN-B,SPL,F0:fold3,,,mode116,POLISH_EXPANDED,True,RSS=82.40426455524532,True,-1,-1,-1,0.0
SCEN-B,SPL,F0:fold3,,,mode117,POLISH_EXPANDED,True,RSS=82.5406188185827,True,-1,-1,-1,0.0
SCEN-B,SPL,F0:fold3,,,mode118,POLISH,True,RSS=83.11895765636854,True,-1,-1,-1,0.0
SCEN-B,SPL,F0:fold3,,,mode119,POLISH_EXPANDED,True,RSS=84.21131136807253,True,-1,-1,-1,0.0
SCEN-B,SPL,F0:fold3,,,mode120,POLISH,True,RSS=85.79806131423123,True,-1,-1,-1,0.0
SCEN-B,SPL,F0:fold3,,,mode121,POLISH_EXPANDED,True,RSS=87.88265617248938,True,-1,-1,-1,0.0
SCEN-B,SPL,F0:fold3,,,mode122,POLISH_EXPANDED,True,RSS=90.48437173813014,True,-1,-1,-1,0.0
SCEN-B,SPL,F0:fold3,,,mode123,POLISH_EXPANDED,True,RSS=93.598425814736,True,-1,-1,-1,0.0
SCEN-B,SPL,F0:fold3,,,mode124,POLISH_EXPANDED,True,RSS=97.13327210684082,True,-1,-1,-1,0.0
SCEN-B,SPL,F0:fold3,,,mode125,POLISH_EXPANDED,True,RSS=100.77249445654745,True,-1,-1,-1,0.0
SCEN-B,SPL,F0:fold3,,,mode126,POLISH,True,RSS=103.72782727379415,True,-1,-1,-1,0.0
SCEN-B,SPL,F0:fold3,,,mode127,POLISH,True,RSS=104.52142526623508,True,-1,-1,-1,0.0
SCEN-B,SPL,F0:fold3,,,mode128,POLISH,True,RSS=104.5214252662383,True,-1,-1,-1,0.0
SCEN-B,SPL,F0:fold3,,,mode129,POLISH,True,RSS=104.52142526623913,True,-1,-1,-1,0.0
SCEN-B,SPL,F0:fold3,,,mode130,POLISH,True,RSS=104.52142526623861,True,-1,-1,-1,0.0
SCEN-B,SPL,F0:fold3,,,mode131,POLISH_EXPANDED,True,RSS=104.5214252662383,True,-1,-1,-1,0.0
SCEN-B,SPL,F0:fold3,,,mode132,POLISH,True,RSS=104.5214252662383,True,-1,-1,-1,0.0
SCEN-B,SPL,F0:fold3,,,mode133,POLISH,True,RSS=104.5214252662383,True,-1,-1,-1,0.0
SCEN-B,SPL,F0:fold3,,,mode134,POLISH,True,RSS=104.5214252662383,True,-1,-1,-1,0.0
SCEN-B,SPL,F0:fold3,,,mode135,POLISH_EXPANDED,True,RSS=104.5214252662383,True,-1,-1,-1,0.0
SCEN-B,SPL,F0:fold3,,,mode136,POLISH_EXPANDED,True,RSS=104.5214252662383,True,-1,-1,-1,0.0
SCEN-B,SPL,F0:fold3,,,mode137,POLISH,True,RSS=104.5214252662383,True,-1,-1,-1,0.0
SCEN-B,SPL,F0:fold3,,,mode138,POLISH,True,RSS=104.52142526623862,True,-1,-1,-1,0.0
SCEN-B,SPL,F0:fold3,,,mode139,POLISH_EXPANDED,True,RSS=104.5214252662383,True,-1,-1,-1,0.0
SCEN-B,SPL,F0:fold3,,,mode140,POLISH,True,RSS=104.52142526623352,True,-1,-1,-1,0.0
SCEN-B,SPL,F0:fold3,,,mode141,POLISH,True,RSS=104.5214252662383,True,-1,-1,-1,0.0
SCEN-B,SPL,F0:fold3,,,mode142,POLISH,True,RSS=104.5214252662383,True,-1,-1,-1,0.0
SCEN-B,SPL,F0:fold3,,,mode143,POLISH,True,RSS=104.5214252662393,True,-1,-1,-1,0.0
SCEN-B,SPL,F0:fold3,,,mode144,POLISH,True,RSS=104.5214252662383,True,-1,-1,-1,0.0
SCEN-B,SPL,F0:fold3,,,mode145,POLISH_EXPANDED,True,RSS=104.5214252662383,True,-1,-1,-1,0.0
SCEN-B,SPL,F0:fold4,,,mode0,FALLBACK,True,RSS=105.66511198397504,True,-1,-1,-1,0.0
SCEN-B,SPL,F0:fold4,,,mode1,FALLBACK,True,RSS=inf,False,-1,-1,-1,0.0
SCEN-B,SPL,F0:fold4,,,mode2,FALLBACK,True,RSS=inf,False,-1,-1,-1,0.0
SCEN-B,SPL,F0:fold4,,,mode3,FALLBACK,True,RSS=105.66511198368376,True,-1,-1,-1,0.0
SCEN-B,SPL,F0:fold4,,,mode4,FALLBACK,True,RSS=105.66511198365146,True,-1,-1,-1,0.0
SCEN-B,SPL,F0:fold4,,,mode5,FALLBACK,True,RSS=105.66511198376155,True,-1,-1,-1,0.0
SCEN-B,SPL,F0:fold4,,,mode6,FALLBACK,True,RSS=105.66511198389107,True,-1,-1,-1,0.0
SCEN-B,SPL,F0:fold4,,,mode7,FALLBACK,True,RSS=inf,False,-1,-1,-1,0.0
SCEN-B,SPL,F0:fold4,,,mode8,FALLBACK,True,RSS=105.66511198403681,True,-1,-1,-1,0.0
SCEN-B,SPL,F0:fold4,,,mode9,FALLBACK,True,RSS=inf,False,-1,-1,-1,0.0
SCEN-B,SPL,F0:fold4,,,mode10,FALLBACK,True,RSS=105.6651119841482,True,-1,-1,-1,0.0
SCEN-B,SPL,F0:fold4,,,mode11,FALLBACK,True,RSS=105.66511198583069,True,-1,-1,-1,0.0
SCEN-B,SPL,F0:fold4,,,mode12,FALLBACK,True,RSS=105.66511198417545,True,-1,-1,-1,0.0
SCEN-B,SPL,F0:fold4,,,mode13,FALLBACK,True,RSS=inf,False,-1,-1,-1,0.0
SCEN-B,SPL,F0:fold4,,,mode14,FALLBACK,True,RSS=105.66511198417969,True,-1,-1,-1,0.0
SCEN-B,SPL,F0:fold4,,,mode15,FALLBACK,True,RSS=105.66511198428402,True,-1,-1,-1,0.0
SCEN-B,SPL,F0:fold4,,,mode16,FALLBACK,True,RSS=105.66511198379435,True,-1,-1,-1,0.0
SCEN-B,SPL,F0:fold4,,,mode17,FALLBACK,True,RSS=105.66511198398061,True,-1,-1,-1,0.0
SCEN-B,SPL,F0:fold4,,,mode18,FALLBACK,True,RSS=105.66511198498087,True,-1,-1,-1,0.0
SCEN-B,SPL,F0:fold4,,,mode19,FALLBACK,True,RSS=104.3693402553066,True,-1,-1,-1,0.0
SCEN-B,SPL,F0:fold4,,,mode20,FALLBACK,True,RSS=101.27347426061013,True,-1,-1,-1,0.0
SCEN-B,SPL,F0:fold4,,,mode21,FALLBACK,True,RSS=97.80263238910838,True,-1,-1,-1,0.0
SCEN-B,SPL,F0:fold4,,,mode22,FALLBACK,True,RSS=94.56881937743795,True,-1,-1,-1,0.0
SCEN-B,SPL,F0:fold4,,,mode23,FALLBACK,True,RSS=91.77463672029876,True,-1,-1,-1,0.0
SCEN-B,SPL,F0:fold4,,,mode24,FALLBACK,True,RSS=89.46817893544947,True,-1,-1,-1,0.0
SCEN-B,SPL,F0:fold4,,,mode25,FALLBACK,True,RSS=87.63113719330731,True,-1,-1,-1,0.0
SCEN-B,SPL,F0:fold4,,,mode26,FALLBACK,True,RSS=86.23762659725004,True,-1,-1,-1,0.0
SCEN-B,SPL,F0:fold4,,,mode27,FALLBACK,True,RSS=85.27545649238932,True,-1,-1,-1,0.0
SCEN-B,SPL,F0:fold4,,,mode28,FALLBACK,True,RSS=84.76604803905228,True,-1,-1,-1,0.0
SCEN-B,SPL,F0:fold4,,,mode29,FALLBACK,True,RSS=inf,False,-1,-1,-1,0.0
SCEN-B,SPL,F0:fold4,,,mode30,FALLBACK,True,RSS=84.67504300123025,True,-1,-1,-1,0.0
SCEN-B,SPL,F0:fold4,,,mode31,FALLBACK,True,RSS=84.6750430012625,True,-1,-1,-1,0.0
SCEN-B,SPL,F0:fold4,,,mode32,FALLBACK,True,RSS=84.6750430008032,True,-1,-1,-1,0.0
SCEN-B,SPL,F0:fold4,,,mode33,FALLBACK,True,RSS=84.65968726523369,True,-1,-1,-1,0.0
SCEN-B,SPL,F0:fold4,,,mode34,FALLBACK,True,RSS=84.4812139909409,True,-1,-1,-1,0.0
SCEN-B,SPL,F0:fold4,,,mode35,FALLBACK,True,RSS=83.90343030483224,True,-1,-1,-1,0.0
SCEN-B,SPL,F0:fold4,,,mode36,FALLBACK,True,RSS=82.34772367601342,True,-1,-1,-1,0.0
SCEN-B,SPL,F0:fold4,,,mode37,FALLBACK,True,RSS=79.12662371068103,True,-1,-1,-1,0.0
SCEN-B,SPL,F0:fold4,,,mode38,FALLBACK,True,RSS=74.39046041831453,True,-1,-1,-1,0.0
SCEN-B,SPL,F0:fold4,,,mode39,FALLBACK,True,RSS=69.49906208911999,True,-1,-1,-1,0.0
SCEN-B,SPL,F0:fold4,,,mode40,FALLBACK,True,RSS=65.40991351836826,True,-1,-1,-1,0.0
SCEN-B,SPL,F0:fold4,,,mode41,FALLBACK,True,RSS=62.03527196381235,True,-1,-1,-1,0.0
SCEN-B,SPL,F0:fold4,,,mode42,FALLBACK,True,RSS=59.222146011876106,True,-1,-1,-1,0.0
SCEN-B,SPL,F0:fold4,,,mode43,FALLBACK,True,RSS=56.86542016272972,True,-1,-1,-1,0.0
SCEN-B,SPL,F0:fold4,,,mode44,FALLBACK,True,RSS=54.884693789193925,True,-1,-1,-1,0.0
SCEN-B,SPL,F0:fold4,,,mode45,FALLBACK,True,RSS=53.19375657382567,True,-1,-1,-1,0.0
SCEN-B,SPL,F0:fold4,,,mode46,FALLBACK,True,RSS=51.75809236966876,True,-1,-1,-1,0.0
SCEN-B,SPL,F0:fold4,,,mode47,FALLBACK,True,RSS=50.513813641627614,True,-1,-1,-1,0.0
SCEN-B,SPL,F0:fold4,,,mode48,FALLBACK,True,RSS=49.44664354356822,True,-1,-1,-1,0.0
SCEN-B,SPL,F0:fold4,,,mode49,FALLBACK,True,RSS=48.51313366467876,True,-1,-1,-1,0.0
SCEN-B,SPL,F0:fold4,,,mode50,FALLBACK,True,RSS=47.704821034092674,True,-1,-1,-1,0.0
SCEN-B,SPL,F0:fold4,,,mode51,FALLBACK,True,RSS=46.995807600935656,True,-1,-1,-1,0.0
SCEN-B,SPL,F0:fold4,,,mode52,FALLBACK,True,RSS=46.336949624929936,True,-1,-1,-1,0.0
SCEN-B,SPL,F0:fold4,,,mode53,FALLBACK,True,RSS=45.298522888721905,True,-1,-1,-1,0.0
SCEN-B,SPL,F0:fold4,,,mode54,FALLBACK,True,RSS=43.252197753772336,True,-1,-1,-1,0.0
SCEN-B,SPL,F0:fold4,,,mode55,FALLBACK,True,RSS=39.549542152408094,True,-1,-1,-1,0.0
SCEN-B,SPL,F0:fold4,,,mode56,FALLBACK,True,RSS=33.85748867372627,True,-1,-1,-1,0.0
SCEN-B,SPL,F0:fold4,,,mode57,FALLBACK,True,RSS=26.646380306227815,True,-1,-1,-1,0.0
SCEN-B,SPL,F0:fold4,,,mode58,FALLBACK,True,RSS=19.58314953889635,True,-1,-1,-1,0.0
SCEN-B,SPL,F0:fold4,,,mode59,FALLBACK,True,RSS=14.517523576258284,True,-1,-1,-1,0.0
SCEN-B,SPL,F0:fold4,,,mode60,FALLBACK,True,RSS=11.522824431016915,True,-1,-1,-1,0.0
SCEN-B,SPL,F0:fold4,,,mode61,FALLBACK,True,RSS=9.997862358952391,True,-1,-1,-1,0.0
SCEN-B,SPL,F0:fold4,,,mode62,FALLBACK,True,RSS=9.385391200109579,True,-1,-1,-1,0.0
SCEN-B,SPL,F0:fold4,,,mode63,FALLBACK,True,RSS=9.340880611747433,True,-1,-1,-1,0.0
SCEN-B,SPL,F0:fold4,,,mode64,FALLBACK,True,RSS=9.45045114627671,True,-1,-1,-1,0.0
SCEN-B,SPL,F0:fold4,,,mode65,FALLBACK,True,RSS=9.97177718393053,True,-1,-1,-1,0.0
SCEN-B,SPL,F0:fold4,,,mode66,FALLBACK,True,RSS=10.775608672781777,True,-1,-1,-1,0.0
SCEN-B,SPL,F0:fold4,,,mode67,FALLBACK,True,RSS=11.771678988493228,True,-1,-1,-1,0.0
SCEN-B,SPL,F0:fold4,,,mode68,FALLBACK,True,RSS=12.903805011504243,True,-1,-1,-1,0.0
SCEN-B,SPL,F0:fold4,,,mode69,FALLBACK,True,RSS=14.1471814493464,True,-1,-1,-1,0.0
SCEN-B,SPL,F0:fold4,,,mode70,FALLBACK,True,RSS=15.485532144168783,True,-1,-1,-1,0.0
SCEN-B,SPL,F0:fold4,,,mode71,FALLBACK,True,RSS=16.92148494131844,True,-1,-1,-1,0.0
SCEN-B,SPL,F0:fold4,,,mode72,FALLBACK,True,RSS=18.47799782629391,True,-1,-1,-1,0.0
SCEN-B,SPL,F0:fold4,,,mode73,FALLBACK,True,RSS=20.19321281863327,True,-1,-1,-1,0.0
SCEN-B,SPL,F0:fold4,,,mode74,FALLBACK,True,RSS=22.11195348736089,True,-1,-1,-1,0.0
SCEN-B,SPL,F0:fold4,,,mode75,FALLBACK,True,RSS=24.286754231249862,True,-1,-1,-1,0.0
SCEN-B,SPL,F0:fold4,,,mode76,FALLBACK,True,RSS=26.793172928501775,True,-1,-1,-1,0.0
SCEN-B,SPL,F0:fold4,,,mode77,FALLBACK,True,RSS=29.729459924718835,True,-1,-1,-1,0.0
SCEN-B,SPL,F0:fold4,,,mode78,FALLBACK,True,RSS=33.2226555875729,True,-1,-1,-1,0.0
SCEN-B,SPL,F0:fold4,,,mode79,FALLBACK,True,RSS=37.43396838959708,True,-1,-1,-1,0.0
SCEN-B,SPL,F0:fold4,,,mode80,FALLBACK,True,RSS=42.47889943908104,True,-1,-1,-1,0.0
SCEN-B,SPL,F0:fold4,,,mode81,FALLBACK,True,RSS=47.49588437926647,True,-1,-1,-1,0.0
SCEN-B,SPL,F0:fold4,,,mode82,FALLBACK,True,RSS=51.20793374939793,True,-1,-1,-1,0.0
SCEN-B,SPL,F0:fold4,,,mode83,FALLBACK,True,RSS=52.313483453394745,True,-1,-1,-1,0.0
SCEN-B,SPL,F0:fold4,,,mode84,FALLBACK,True,RSS=52.454849129616775,True,-1,-1,-1,0.0
SCEN-B,SPL,F0:fold4,,,mode85,FALLBACK,True,RSS=52.585751802063484,True,-1,-1,-1,0.0
SCEN-B,SPL,F0:fold4,,,mode86,FALLBACK,True,RSS=52.70695902030175,True,-1,-1,-1,0.0
SCEN-B,SPL,F0:fold4,,,mode87,FALLBACK,True,RSS=52.56820405572107,True,-1,-1,-1,0.0
SCEN-B,SPL,F0:fold4,,,mode88,FALLBACK,True,RSS=52.28927522219658,True,-1,-1,-1,0.0
SCEN-B,SPL,F0:fold4,,,mode89,FALLBACK,True,RSS=52.273759179781905,True,-1,-1,-1,0.0
SCEN-B,SPL,F0:fold4,,,mode90,FALLBACK,True,RSS=52.364746084062496,True,-1,-1,-1,0.0
SCEN-B,SPL,F0:fold4,,,mode91,FALLBACK,True,RSS=52.845368685789104,True,-1,-1,-1,0.0
SCEN-B,SPL,F0:fold4,,,mode92,FALLBACK,True,RSS=53.79008946557485,True,-1,-1,-1,0.0
SCEN-B,SPL,F0:fold4,,,mode93,FALLBACK,True,RSS=55.28058707956116,True,-1,-1,-1,0.0
SCEN-B,SPL,F0:fold4,,,mode94,FALLBACK,True,RSS=57.44508787505325,True,-1,-1,-1,0.0
SCEN-B,SPL,F0:fold4,,,mode95,FALLBACK,True,RSS=60.46604873000487,True,-1,-1,-1,0.0
SCEN-B,SPL,F0:fold4,,,mode96,FALLBACK,True,RSS=64.47373455437167,True,-1,-1,-1,0.0
SCEN-B,SPL,F0:fold4,,,mode97,FALLBACK,True,RSS=69.48273291164945,True,-1,-1,-1,0.0
SCEN-B,SPL,F0:fold4,,,mode98,FALLBACK,True,RSS=74.9025854406945,True,-1,-1,-1,0.0
SCEN-B,SPL,F0:fold4,,,mode99,FALLBACK,True,RSS=79.43355105416079,True,-1,-1,-1,0.0
SCEN-B,SPL,F0:fold4,,,mode100,FALLBACK,True,RSS=82.00898978390843,True,-1,-1,-1,0.0
SCEN-B,SPL,F0:fold4,,,mode101,FALLBACK,True,RSS=83.1469463251065,True,-1,-1,-1,0.0
SCEN-B,SPL,F0:fold4,,,mode102,POLISH,True,RSS=83.67592525237458,True,-1,-1,-1,0.0
SCEN-B,SPL,F0:fold4,,,mode103,POLISH,True,RSS=83.95886045340698,True,-1,-1,-1,0.0
SCEN-B,SPL,F0:fold4,,,mode104,POLISH,True,RSS=84.1317437946968,True,-1,-1,-1,0.0
SCEN-B,SPL,F0:fold4,,,mode105,POLISH,True,RSS=84.25017376015593,True,-1,-1,-1,0.0
SCEN-B,SPL,F0:fold4,,,mode106,POLISH,True,RSS=84.32358357950287,True,-1,-1,-1,0.0
SCEN-B,SPL,F0:fold4,,,mode107,POLISH,True,RSS=84.38699772334321,True,-1,-1,-1,0.0
SCEN-B,SPL,F0:fold4,,,mode108,POLISH,True,RSS=84.42456375570796,True,-1,-1,-1,0.0
SCEN-B,SPL,F0:fold4,,,mode109,POLISH,True,RSS=84.45803226171256,True,-1,-1,-1,0.0
SCEN-B,SPL,F0:fold4,,,mode110,POLISH,True,RSS=84.48803236169142,True,-1,-1,-1,0.0
SCEN-B,SPL,F0:fold4,,,mode111,POLISH,True,RSS=84.50729086210768,True,-1,-1,-1,0.0
SCEN-B,SPL,F0:fold4,,,mode112,POLISH,True,RSS=84.52198425101973,True,-1,-1,-1,0.0
SCEN-B,SPL,F0:fold4,,,mode113,POLISH,True,RSS=84.53541975328048,True,-1,-1,-1,0.0
SCEN-B,SPL,F0:fold4,,,mode114,POLISH,True,RSS=84.54775173947807,True,-1,-1,-1,0.0
SCEN-B,SPL,F0:fold4,,,mode115,POLISH,True,RSS=84.55911038344045,True,-1,-1,-1,0.0
SCEN-B,SPL,F0:fold4,,,mode116,POLISH,True,RSS=84.56960621305957,True,-1,-1,-1,0.0
SCEN-B,SPL,F0:fold4,,,mode117,FALLBACK,True,RSS=84.5756275626516,True,-1,-1,-1,0.0
SCEN-B,SPL,F0:fold4,,,mode118,POLISH_EXPANDED,True,RSS=84.57921890433249,True,-1,-1,-1,0.0
SCEN-B,SPL,F0:fold4,,,mode119,POLISH_EXPANDED,True,RSS=84.58221340919789,True,-1,-1,-1,0.0
SCEN-B,SPL,F0:fold4,,,mode120,POLISH_EXPANDED,True,RSS=84.58474843926942,True,-1,-1,-1,0.0
SCEN-B,SPL,F0:fold4,,,mode121,POLISH_EXPANDED,True,RSS=84.58692220909893,True,-1,-1,-1,0.0
SCEN-B,SPL,F0:fold4,,,mode122,POLISH,True,RSS=84.58880680394124,True,-1,-1,-1,0.0
SCEN-B,SPL,F0:fold4,,,mode123,POLISH_EXPANDED,True,RSS=84.59045632709596,True,-1,-1,-1,0.0
SCEN-B,SPL,F0:fold4,,,mode124,POLISH_EXPANDED,True,RSS=84.59191217775407,True,-1,-1,-1,0.0
SCEN-B,SPL,F0:fold4,,,mode125,POLISH_EXPANDED,True,RSS=84.5932065730387,True,-1,-1,-1,0.0
SCEN-B,SPL,F0:fold4,,,mode126,POLISH,True,RSS=84.59436495987892,True,-1,-1,-1,0.0
SCEN-B,SPL,F0:fold4,,,mode127,POLISH_EXPANDED,True,RSS=84.59540770461692,True,-1,-1,-1,0.0
SCEN-B,SPL,F0:fold4,,,mode128,POLISH_EXPANDED,True,RSS=84.59635130065988,True,-1,-1,-1,0.0
SCEN-B,SPL,F0:fold4,,,mode129,POLISH,True,RSS=84.59720924730193,True,-1,-1,-1,0.0
SCEN-B,SPL,F0:fold4,,,mode130,POLISH,True,RSS=84.59799269964643,True,-1,-1,-1,0.0
SCEN-B,SPL,F0:fold4,,,mode131,POLISH_EXPANDED,True,RSS=84.5987109562688,True,-1,-1,-1,0.0
SCEN-B,SPL,F0:fold4,,,mode132,POLISH_EXPANDED,True,RSS=84.59937183000804,True,-1,-1,-1,0.0
SCEN-B,SPL,F0:fold4,,,mode133,POLISH_EXPANDED,True,RSS=84.59998193331379,True,-1,-1,-1,0.0
SCEN-B,SPL,F0:fold4,,,mode134,POLISH_EXPANDED,True,RSS=84.60054690025201,True,-1,-1,-1,0.0
SCEN-B,SPL,F0:fold4,,,mode135,POLISH,True,RSS=84.6010715610018,True,-1,-1,-1,0.0
SCEN-B,SPL,F0:fold4,,,mode136,POLISH_EXPANDED,True,RSS=84.60156008029631,True,-1,-1,-1,0.0
SCEN-B,SPL,F0:fold4,,,mode137,POLISH_EXPANDED,True,RSS=84.60201606820192,True,-1,-1,-1,0.0
SCEN-B,SPL,F0:fold4,,,mode138,POLISH,True,RSS=84.60244266947689,True,-1,-1,-1,0.0
SCEN-B,SPL,F0:fold4,,,mode139,POLISH,True,RSS=84.60284263621033,True,-1,-1,-1,0.0
SCEN-B,SPL,F0:fold4,,,mode140,POLISH,True,RSS=84.60321838723947,True,-1,-1,-1,0.0
SCEN-B,SPL,F0:fold4,,,mode141,POLISH,True,RSS=84.60357205712234,True,-1,-1,-1,0.0
SCEN-B,SPL,F0:fold4,,,mode142,FALLBACK,True,RSS=84.60390553662269,True,-1,-1,-1,0.0
SCEN-B,SPL,F0:fold4,,,mode143,POLISH,True,RSS=84.60422050691885,True,-1,-1,-1,0.0
SCEN-B,SPL,F0:fold4,,,mode144,FALLBACK,True,RSS=84.60451846749348,True,-1,-1,-1,0.0
SCEN-B,SPL,F0:fold4,,,mode145,FALLBACK,True,RSS=84.56960621296226,True,-1,-1,-1,0.0
SCEN-B,SPL,F0:probeL,,,mode0,POLISH_EXPANDED,True,RSS=83.43633812262493,True,-1,-1,-1,0.0
SCEN-B,SPL,F0:probeL,,,mode1,POLISH_EXPANDED,True,RSS=83.43633812262289,True,-1,-1,-1,0.0
SCEN-B,SPL,F0:probeL,,,mode2,POLISH,True,RSS=83.43633812262289,True,-1,-1,-1,0.0
SCEN-B,SPL,F0:probeL,,,mode3,POLISH_EXPANDED,True,RSS=83.43633812262289,True,-1,-1,-1,0.0
SCEN-B,SPL,F0:probeL,,,mode4,POLISH_EXPANDED,True,RSS=83.43633812262289,True,-1,-1,-1,0.0
SCEN-B,SPL,F0:probeL,,,mode5,POLISH_EXPANDED,True,RSS=83.43633812262289,True,-1,-1,-1,0.0
SCEN-B,SPL,F0:probeL,,,mode6,POLISH_EXPANDED,True,RSS=83.43633812262289,True,-1,-1,-1,0.0
SCEN-B,SPL,F0:probeL,,,mode7,POLISH,True,RSS=83.43633812262478,True,-1,-1,-1,0.0
SCEN-B,SPL,F0:probeL,,,mode8,POLISH_EXPANDED,True,RSS=83.43633812262289,True,-1,-1,-1,0.0
SCEN-B,SPL,F0:probeL,,,mode9,POLISH,True,RSS=83.43633812262479,True,-1,-1,-1,0.0
SCEN-B,SPL,F0:probeL,,,mode10,POLISH_EXPANDED,True,RSS=83.43633812262289,True,-1,-1,-1,0.0
SCEN-B,SPL,F0:probeL,,,mode11,POLISH_EXPANDED,True,RSS=83.43633812262289,True,-1,-1,-1,0.0
SCEN-B,SPL,F0:probeL,,,mode12,POLISH_EXPANDED,True,RSS=83.43633812262289,True,-1,-1,-1,0.0
SCEN-B,SPL,F0:probeL,,,mode13,POLISH_EXPANDED,True,RSS=83.43633812262289,True,-1,-1,-1,0.0
SCEN-B,SPL,F0:probeL,,,mode14,POLISH,True,RSS=83.43633812262289,True,-1,-1,-1,0.0
SCEN-B,SPL,F0:probeL,,,mode15,POLISH_EXPANDED,True,RSS=83.43633812262414,True,-1,-1,-1,0.0
SCEN-B,SPL,F0:probeL,,,mode16,POLISH_EXPANDED,True,RSS=83.43633812262289,True,-1,-1,-1,0.0
SCEN-B,SPL,F0:probeL,,,mode17,POLISH_EXPANDED,True,RSS=83.43633812262289,True,-1,-1,-1,0.0
SCEN-B,SPL,F0:probeL,,,mode18,POLISH_EXPANDED,True,RSS=83.43633812262289,True,-1,-1,-1,0.0
SCEN-B,SPL,F0:probeL,,,mode19,POLISH,True,RSS=83.43633812262543,True,-1,-1,-1,0.0
SCEN-B,SPL,F0:probeL,,,mode20,POLISH,True,RSS=83.43633812262459,True,-1,-1,-1,0.0
SCEN-B,SPL,F0:probeL,,,mode21,POLISH,True,RSS=83.43633812262485,True,-1,-1,-1,0.0
SCEN-B,SPL,F0:probeL,,,mode22,POLISH,True,RSS=83.43633812262476,True,-1,-1,-1,0.0
SCEN-B,SPL,F0:probeL,,,mode23,POLISH_EXPANDED,True,RSS=83.43633812262478,True,-1,-1,-1,0.0
SCEN-B,SPL,F0:probeL,,,mode24,POLISH_EXPANDED,True,RSS=83.43633812262506,True,-1,-1,-1,0.0
SCEN-B,SPL,F0:probeL,,,mode25,POLISH,True,RSS=82.91305074359101,True,-1,-1,-1,0.0
SCEN-B,SPL,F0:probeL,,,mode26,POLISH,True,RSS=78.16458197697979,True,-1,-1,-1,0.0
SCEN-B,SPL,F0:probeL,,,mode27,POLISH_EXPANDED,True,RSS=73.96867979926013,True,-1,-1,-1,0.0
SCEN-B,SPL,F0:probeL,,,mode28,POLISH,True,RSS=71.82126610048373,True,-1,-1,-1,0.0
SCEN-B,SPL,F0:probeL,,,mode29,POLISH_EXPANDED,True,RSS=71.44938202458661,True,-1,-1,-1,0.0
SCEN-B,SPL,F0:probeL,,,mode30,POLISH,True,RSS=71.44938202458667,True,-1,-1,-1,0.0
SCEN-B,SPL,F0:probeL,,,mode31,POLISH,True,RSS=71.44938202458665,True,-1,-1,-1,0.0
SCEN-B,SPL,F0:probeL,,,mode32,POLISH_EXPANDED,True,RSS=71.44938202458661,True,-1,-1,-1,0.0
SCEN-B,SPL,F0:probeL,,,mode33,POLISH_EXPANDED,True,RSS=71.44938202458661,True,-1,-1,-1,0.0
SCEN-B,SPL,F0:probeL,,,mode34,POLISH_EXPANDED,True,RSS=71.44938202458661,True,-1,-1,-1,0.0
SCEN-B,SPL,F0:probeL,,,mode35,POLISH,True,RSS=71.4493820245867,True,-1,-1,-1,0.0
SCEN-B,SPL,F0:probeL,,,mode36,POLISH,True,RSS=71.44825869522315,True,-1,-1,-1,0.0
SCEN-B,SPL,F0:probeL,,,mode37,POLISH_EXPANDED,True,RSS=71.41304733756441,True,-1,-1,-1,0.0
SCEN-B,SPL,F0:probeL,,,mode38,POLISH,True,RSS=71.20677676070957,True,-1,-1,-1,0.0
SCEN-B,SPL,F0:probeL,,,mode39,POLISH,True,RSS=70.4616275083644,True,-1,-1,-1,0.0
SCEN-B,SPL,F0:probeL,,,mode40,POLISH,True,RSS=68.18961454978665,True,-1,-1,-1,0.0
SCEN-B,SPL,F0:probeL,,,mode41,POLISH,True,RSS=63.913466556521456,True,-1,-1,-1,0.0
SCEN-B,SPL,F0:probeL,,,mode42,POLISH_EXPANDED,True,RSS=59.72855052566425,True,-1,-1,-1,0.0
SCEN-B,SPL,F0:probeL,,,mode43,POLISH_EXPANDED,True,RSS=56.228768652495155,True,-1,-1,-1,0.0
SCEN-B,SPL,F0:probeL,,,mode44,POLISH,True,RSS=53.33492638623968,True,-1,-1,-1,0.0
SCEN-B,SPL,F0:probeL,,,mode45,POLISH_EXPANDED,True,RSS=50.947714019565936,True,-1,-1,-1,0.0
SCEN-B,SPL,F0:probeL,,,mode46,POLISH,True,RSS=48.96005661081602,True,-1,-1,-1,0.0
SCEN-B,SPL,F0:probeL,,,mode47,POLISH_EXPANDED,True,RSS=47.2560421129755,True,-1,-1,-1,0.0
SCEN-B,SPL,F0:probeL,,,mode48,FALLBACK,True,RSS=45.69858184133566,True,-1,-1,-1,0.0
SCEN-B,SPL,F0:probeL,,,mode49,POLISH_EXPANDED,True,RSS=44.24372938358842,True,-1,-1,-1,0.0
SCEN-B,SPL,F0:probeL,,,mode50,POLISH_EXPANDED,True,RSS=42.84795343555041,True,-1,-1,-1,0.0
SCEN-B,SPL,F0:probeL,,,mode51,POLISH,True,RSS=41.460052886187064,True,-1,-1,-1,0.0
SCEN-B,SPL,F0:probeL,,,mode52,POLISH_EXPANDED,True,RSS=40.01255150299958,True,-1,-1,-1,0.0
SCEN-B,SPL,F0:probeL,,,mode53,POLISH_EXPANDED,True,RSS=38.42117273812877,True,-1,-1,-1,0.0
SCEN-B,SPL,F0:probeL,,,mode54,POLISH_EXPANDED,True,RSS=36.564095550293246,True,-1,-1,-1,0.0
SCEN-B,SPL,F0:probeL,,,mode55,POLISH_EXPANDED,True,RSS=34.25611668371418,True,-1,-1,-1,0.0
SCEN-B,SPL,F0:probeL,,,mode56,POLISH_EXPANDED,True,RSS=31.248388929402577,True,-1,-1,-1,0.0
SCEN-B,SPL,F0:probeL,,,mode57,POLISH,True,RSS=27.25352229278698,True,-1,-1,-1,0.0
SCEN-B,SPL,F0:probeL,,,mode58,POLISH,True,RSS=22.25442289269035,True,-1,-1,-1,0.0
SCEN-B,SPL,F0:probeL,,,mode59,POLISH,True,RSS=17.224596985214667,True,-1,-1,-1,0.0
SCEN-B,SPL,F0:probeL,,,mode60,POLISH,True,RSS=13.467466110109378,True,-1,-1,-1,0.0
SCEN-B,SPL,F0:probeL,,,mode61,POLISH,True,RSS=11.575383123797712,True,-1,-1,-1,0.0
SCEN-B,SPL,F0:probeL,,,mode62,POLISH,True,RSS=11.312592718515665,True,-1,-1,-1,0.0
SCEN-B,SPL,F0:probeL,,,mode63,POLISH_EXPANDED,True,RSS=11.441740485328124,True,-1,-1,-1,0.0
SCEN-B,SPL,F0:probeL,,,mode64,POLISH_EXPANDED,True,RSS=12.539809247445225,True,-1,-1,-1,0.0
SCEN-B,SPL,F0:probeL,,,mode65,POLISH_EXPANDED,True,RSS=14.282768383722095,True,-1,-1,-1,0.0
SCEN-B,SPL,F0:probeL,,,mode66,POLISH_EXPANDED,True,RSS=16.305817389470047,True,-1,-1,-1,0.0
SCEN-B,SPL,F0:probeL,,,mode67,POLISH_EXPANDED,True,RSS=18.390838809019844,True,-1,-1,-1,0.0
SCEN-B,SPL,F0:probeL,,,mode68,POLISH_EXPANDED,True,RSS=20.427531981085497,True,-1,-1,-1,0.0
SCEN-B,SPL,F0:probeL,,,mode69,POLISH,True,RSS=22.384562778460676,True,-1,-1,-1,0.0
SCEN-B,SPL,F0:probeL,,,mode70,POLISH,True,RSS=24.2694788429168,True,-1,-1,-1,0.0
SCEN-B,SPL,F0:probeL,,,mode71,POLISH,True,RSS=26.106065633151765,True,-1,-1,-1,0.0
SCEN-B,SPL,F0:probeL,,,mode72,POLISH_EXPANDED,True,RSS=27.92026188261126,True,-1,-1,-1,0.0
SCEN-B,SPL,F0:probeL,,,mode73,POLISH_EXPANDED,True,RSS=29.738857985219173,True,-1,-1,-1,0.0
SCEN-B,SPL,F0:probeL,,,mode74,POLISH_EXPANDED,True,RSS=31.598059254666026,True,-1,-1,-1,0.0
SCEN-B,SPL,F0:probeL,,,mode75,POLISH_EXPANDED,True,RSS=33.538116753741356,True,-1,-1,-1,0.0
SCEN-B,SPL,F0:probeL,,,mode76,POLISH_EXPANDED,True,RSS=35.60491600315501,True,-1,-1,-1,0.0
SCEN-B,SPL,F0:probeL,,,mode77,POLISH_EXPANDED,True,RSS=37.85257213124571,True,-1,-1,-1,0.0
SCEN-B,SPL,F0:probeL,,,mode78,POLISH_EXPANDED,True,RSS=40.3471150641246,True,-1,-1,-1,0.0
SCEN-B,SPL,F0:probeL,,,mode79,POLISH,True,RSS=43.16770534351857,True,-1,-1,-1,0.0
SCEN-B,SPL,F0:probeL,,,mode80,POLISH_EXPANDED,True,RSS=46.40348561546618,True,-1,-1,-1,0.0
SCEN-B,SPL,F0:probeL,,,mode81,POLISH_EXPANDED,True,RSS=50.20536318891761,True,-1,-1,-1,0.0
SCEN-B,SPL,F0:probeL,,,mode82,POLISH_EXPANDED,True,RSS=54.72879738262814,True,-1,-1,-1,0.0
SCEN-B,SPL,F0:probeL,,,mode83,POLISH_EXPANDED,True,RSS=60.149375081866054,True,-1,-1,-1,0.0
SCEN-B,SPL,F0:probeL,,,mode84,POLISH,True,RSS=66.4958850740168,True,-1,-1,-1,0.0
SCEN-B,SPL,F0:probeL,,,mode85,POLISH,True,RSS=73.434692143359,True,-1,-1,-1,0.0
SCEN-B,SPL,F0:probeL,,,mode86,POLISH_EXPANDED,True,RSS=79.02332482310932,True,-1,-1,-1,0.0
SCEN-B,SPL,F0:probeL,,,mode87,POLISH,True,RSS=81.11854355731242,True,-1,-1,-1,0.0
SCEN-B,SPL,F0:probeL,,,mode88,POLISH,True,RSS=81.138955933028,True,-1,-1,-1,0.0
SCEN-B,SPL,F0:probeL,,,mode89,POLISH,True,RSS=81.26717862346972,True,-1,-1,-1,0.0
SCEN-B,SPL,F0:probeL,,,mode90,POLISH,True,RSS=81.51105474949237,True,-1,-1,-1,0.0
SCEN-B,SPL,F0:probeL,,,mode91,POLISH,True,RSS=81.86025298719431,True,-1,-1,-1,0.0
SCEN-B,SPL,F0:probeL,,,mode92,POLISH_EXPANDED,True,RSS=82.31229934643966,True,-1,-1,-1,0.0
SCEN-B,SPL,F0:probeL,,,mode93,POLISH,True,RSS=82.87367560308408,True,-1,-1,-1,0.0
SCEN-B,SPL,F0:probeL,,,mode94,POLISH,True,RSS=83.55007427878931,True,-1,-1,-1,0.0
SCEN-B,SPL,F0:probeL,,,mode95,POLISH_EXPANDED,True,RSS=84.34946083223446,True,-1,-1,-1,0.0
SCEN-B,SPL,F0:probeL,,,mode96,POLISH,True,RSS=85.29620385923504,True,-1,-1,-1,0.0
SCEN-B,SPL,F0:probeL,,,mode97,POLISH,True,RSS=86.39637157378652,True,-1,-1,-1,0.0
SCEN-B,SPL,F0:probeL,,,mode98,POLISH,True,RSS=87.68874902809627,True,-1,-1,-1,0.0
SCEN-B,SPL,F0:probeL,,,mode99,POLISH_EXPANDED,True,RSS=89.19060190335598,True,-1,-1,-1,0.0
SCEN-B,SPL,F0:probeL,,,mode100,POLISH_EXPANDED,True,RSS=90.94125302947123,True,-1,-1,-1,0.0
SCEN-B,SPL,F0:probeL,,,mode101,POLISH,True,RSS=92.99654653422499,True,-1,-1,-1,0.0
SCEN-B,SPL,F0:probeL,,,mode102,POLISH_EXPANDED,True,RSS=95.37483984889603,True,-1,-1,-1,0.0
SCEN-B,SPL,F0:probeL,,,mode103,POLISH_EXPANDED,True,RSS=98.16347206278238,True,-1,-1,-1,0.0
SCEN-B,SPL,F0:probeL,,,mode104,POLISH,True,RSS=101.40245364395183,True,-1,-1,-1,0.0
SCEN-B,SPL,F0:probeL,,,mode105,POLISH,True,RSS=105.03681849602609,True,-1,-1,-1,0.0
SCEN-B,SPL,F0:probeL,,,mode106,POLISH_EXPANDED,True,RSS=107.96308794448551,True,-1,-1,-1,0.0
SCEN-B,SPL,F0:probeL,,,mode107,POLISH,True,RSS=109.21758120757279,True,-1,-1,-1,0.0
SCEN-B,SPL,F0:probeL,,,mode108,POLISH_EXPANDED,True,RSS=109.24759091904242,True,-1,-1,-1,0.0
SCEN-B,SPL,F0:probeL,,,mode109,POLISH_EXPANDED,True,RSS=109.24759091904242,True,-1,-1,-1,0.0
SCEN-B,SPL,F0:probeL,,,mode110,POLISH_EXPANDED,True,RSS=109.24759091904242,True,-1,-1,-1,0.0
SCEN-B,SPL,F0:probeL,,,mode111,POLISH_EXPANDED,True,RSS=109.24759091904242,True,-1,-1,-1,0.0
SCEN-B,SPL,F0:probeL,,,mode112,POLISH_EXPANDED,True,RSS=109.24759091904242,True,-1,-1,-1,0.0
SCEN-B,SPL,F0:probeL,,,mode113,POLISH,True,RSS=109.24759091904242,True,-1,-1,-1,0.0
SCEN-B,SPL,F0:probeL,,,mode114,POLISH_EXPANDED,True,RSS=109.24759091904242,True,-1,-1,-1,0.0
SCEN-B,SPL,F0:probeL,,,mode115,POLISH_EXPANDED,True,RSS=109.24759091904242,True,-1,-1,-1,0.0
SCEN-B,SPL,F0:probeL,,,mode116,POLISH_EXPANDED,True,RSS=109.24759091904242,True,-1,-1,-1,0.0
SCEN-B,SPL,F0:probeL,,,mode117,POLISH,True,RSS=109.31261218266597,True,-1,-1,-1,0.0
SCEN-B,SPL,F0:probeL,,,mode118,POLISH,True,RSS=109.68006714475811,True,-1,-1,-1,0.0
SCEN-B,SPL,F0:probeL,,,mode119,FALLBACK,True,RSS=110.3803372843336,True,-1,-1,-1,0.0
SCEN-B,SPL,F0:probeL,,,mode120,POLISH_EXPANDED,True,RSS=111.40098867977194,True,-1,-1,-1,0.0
SCEN-B,SPL,F0:probeL,,,mode121,POLISH_EXPANDED,True,RSS=112.74905245302683,True,-1,-1,-1,0.0
SCEN-B,SPL,F0:probeL,,,mode122,POLISH_EXPANDED,True,RSS=114.43536023318293,True,-1,-1,-1,0.0
SCEN-B,SPL,F0:probeL,,,mode123,POLISH_EXPANDED,True,RSS=116.45054767793313,True,-1,-1,-1,0.0
SCEN-B,SPL,F0:probeL,,,mode124,POLISH_EXPANDED,True,RSS=118.70984949734417,True,-1,-1,-1,0.0
SCEN-B,SPL,F0:probeL,,,mode125,POLISH_EXPANDED,True,RSS=120.92327815076837,True,-1,-1,-1,0.0
SCEN-B,SPL,F0:probeL,,,mode126,POLISH_EXPANDED,True,RSS=122.35778264007523,True,-1,-1,-1,0.0
SCEN-B,SPL,F0:probeL,,,mode127,POLISH_EXPANDED,True,RSS=122.44017747817057,True,-1,-1,-1,0.0
SCEN-B,SPL,F0:probeL,,,mode128,POLISH_EXPANDED,True,RSS=122.44017747817033,True,-1,-1,-1,0.0
SCEN-B,SPL,F0:probeL,,,mode129,POLISH_EXPANDED,True,RSS=122.44017747817007,True,-1,-1,-1,0.0
SCEN-B,SPL,F0:probeL,,,mode130,POLISH_EXPANDED,True,RSS=122.44017747817007,True,-1,-1,-1,0.0
SCEN-B,SPL,F0:probeL,,,mode131,POLISH_EXPANDED,True,RSS=122.44017747817007,True,-1,-1,-1,0.0
SCEN-B,SPL,F0:probeL,,,mode132,POLISH_EXPANDED,True,RSS=122.44017747817007,True,-1,-1,-1,0.0
SCEN-B,SPL,F0:probeL,,,mode133,POLISH_EXPANDED,True,RSS=122.44017747817007,True,-1,-1,-1,0.0
SCEN-B,SPL,F0:probeL,,,mode134,FALLBACK,True,RSS=inf,False,-1,-1,-1,0.0
SCEN-B,SPL,F0:probeL,,,mode135,FALLBACK,True,RSS=122.44017747816011,True,-1,-1,-1,0.0
SCEN-B,SPL,F0:probeL,,,mode136,POLISH,True,RSS=122.44017747817007,True,-1,-1,-1,0.0
SCEN-B,SPL,F0:probeL,,,mode137,POLISH_EXPANDED,True,RSS=122.44017747817007,True,-1,-1,-1,0.0
SCEN-B,SPL,F0:probeL,,,mode138,POLISH_EXPANDED,True,RSS=122.44017747817007,True,-1,-1,-1,0.0
SCEN-B,SPL,F0:probeL,,,mode139,POLISH_EXPANDED,True,RSS=122.44017747817007,True,-1,-1,-1,0.0
SCEN-B,SPL,F0:probeL,,,mode140,POLISH_EXPANDED,True,RSS=122.44017747817007,True,-1,-1,-1,0.0
SCEN-B,SPL,F0:probeL,,,mode141,POLISH_EXPANDED,True,RSS=122.44017747817007,True,-1,-1,-1,0.0
SCEN-B,SPL,F0:probeL,,,mode142,POLISH_EXPANDED,True,RSS=122.44017747817007,True,-1,-1,-1,0.0
SCEN-B,SPL,F0:probeL,,,mode143,POLISH_EXPANDED,True,RSS=122.44017747817007,True,-1,-1,-1,0.0
SCEN-B,SPL,F0:probeL,,,mode144,POLISH_EXPANDED,True,RSS=122.44017747817007,True,-1,-1,-1,0.0
SCEN-B,SPL,F0:probeL,,,mode145,POLISH_EXPANDED,True,RSS=122.44017747817007,True,-1,-1,-1,0.0
SCEN-B,SPL,F0:probeR,,,mode0,POLISH,True,RSS=108.17165968230024,True,-1,-1,-1,0.0
SCEN-B,SPL,F0:probeR,,,mode1,POLISH,True,RSS=108.17165968230024,True,-1,-1,-1,0.0
SCEN-B,SPL,F0:probeR,,,mode2,POLISH,True,RSS=108.17165968230024,True,-1,-1,-1,0.0
SCEN-B,SPL,F0:probeR,,,mode3,POLISH,True,RSS=108.17165968230024,True,-1,-1,-1,0.0
SCEN-B,SPL,F0:probeR,,,mode4,POLISH,True,RSS=108.17165968230024,True,-1,-1,-1,0.0
SCEN-B,SPL,F0:probeR,,,mode5,POLISH,True,RSS=108.17165968230024,True,-1,-1,-1,0.0
SCEN-B,SPL,F0:probeR,,,mode6,POLISH,True,RSS=108.17165968230024,True,-1,-1,-1,0.0
SCEN-B,SPL,F0:probeR,,,mode7,POLISH,True,RSS=108.17165968230024,True,-1,-1,-1,0.0
SCEN-B,SPL,F0:probeR,,,mode8,POLISH,True,RSS=108.17165968230024,True,-1,-1,-1,0.0
SCEN-B,SPL,F0:probeR,,,mode9,POLISH,True,RSS=108.17165968230024,True,-1,-1,-1,0.0
SCEN-B,SPL,F0:probeR,,,mode10,POLISH,True,RSS=108.17165968230024,True,-1,-1,-1,0.0
SCEN-B,SPL,F0:probeR,,,mode11,POLISH,True,RSS=108.17165968230024,True,-1,-1,-1,0.0
SCEN-B,SPL,F0:probeR,,,mode12,POLISH,True,RSS=108.17165968230024,True,-1,-1,-1,0.0
SCEN-B,SPL,F0:probeR,,,mode13,POLISH,True,RSS=108.17165968230024,True,-1,-1,-1,0.0
SCEN-B,SPL,F0:probeR,,,mode14,POLISH,True,RSS=108.17165968230024,True,-1,-1,-1,0.0
SCEN-B,SPL,F0:probeR,,,mode15,POLISH,True,RSS=108.17165968230057,True,-1,-1,-1,0.0
SCEN-B,SPL,F0:probeR,,,mode16,POLISH,True,RSS=108.17165968230024,True,-1,-1,-1,0.0
SCEN-B,SPL,F0:probeR,,,mode17,POLISH,True,RSS=108.17165968230024,True,-1,-1,-1,0.0
SCEN-B,SPL,F0:probeR,,,mode18,POLISH,True,RSS=108.17165968230024,True,-1,-1,-1,0.0
SCEN-B,SPL,F0:probeR,,,mode19,POLISH,True,RSS=106.90993249996276,True,-1,-1,-1,0.0
SCEN-B,SPL,F0:probeR,,,mode20,POLISH_EXPANDED,True,RSS=103.77884181473851,True,-1,-1,-1,0.0
SCEN-B,SPL,F0:probeR,,,mode21,POLISH,True,RSS=100.24575474112581,True,-1,-1,-1,0.0
SCEN-B,SPL,F0:probeR,,,mode22,POLISH_EXPANDED,True,RSS=96.95607127609269,True,-1,-1,-1,0.0
SCEN-B,SPL,F0:probeR,,,mode23,POLISH_EXPANDED,True,RSS=94.13183993989983,True,-1,-1,-1,0.0
SCEN-B,SPL,F0:probeR,,,mode24,POLISH,True,RSS=91.80836464807422,True,-1,-1,-1,0.0
SCEN-B,SPL,F0:probeR,,,mode25,POLISH_EXPANDED,True,RSS=89.96476808431365,True,-1,-1,-1,0.0
SCEN-B,SPL,F0:probeR,,,mode26,POLISH,True,RSS=88.57054473871437,True,-1,-1,-1,0.0
SCEN-B,SPL,F0:probeR,,,mode27,POLISH,True,RSS=87.60951227268592,True,-1,-1,-1,0.0
SCEN-B,SPL,F0:probeR,,,mode28,FALLBACK,True,RSS=87.10097971793519,True,-1,-1,-1,0.0
SCEN-B,SPL,F0:probeR,,,mode29,POLISH,True,RSS=87.01017534964929,True,-1,-1,-1,0.0
SCEN-B,SPL,F0:probeR,,,mode30,POLISH_EXPANDED,True,RSS=87.01017534964929,True,-1,-1,-1,0.0
SCEN-B,SPL,F0:probeR,,,mode31,POLISH,True,RSS=87.01017534964929,True,-1,-1,-1,0.0
SCEN-B,SPL,F0:probeR,,,mode32,POLISH_EXPANDED,True,RSS=87.01017534964929,True,-1,-1,-1,0.0
SCEN-B,SPL,F0:probeR,,,mode33,POLISH,True,RSS=86.99528364614673,True,-1,-1,-1,0.0
SCEN-B,SPL,F0:probeR,,,mode34,POLISH_EXPANDED,True,RSS=86.82964527271064,True,-1,-1,-1,0.0
SCEN-B,SPL,F0:probeR,,,mode35,POLISH,True,RSS=86.30313066432853,True,-1,-1,-1,0.0
SCEN-B,SPL,F0:probeR,,,mode36,POLISH,True,RSS=84.94116059181236,True,-1,-1,-1,0.0
SCEN-B,SPL,F0:probeR,,,mode37,POLISH_EXPANDED,True,RSS=82.04345665558107,True,-1,-1,-1,0.0
SCEN-B,SPL,F0:probeR,,,mode38,POLISH,True,RSS=77.61543207054352,True,-1,-1,-1,0.0
SCEN-B,SPL,F0:probeR,,,mode39,POLISH_EXPANDED,True,RSS=72.78094241308929,True,-1,-1,-1,0.0
SCEN-B,SPL,F0:probeR,,,mode40,POLISH_EXPANDED,True,RSS=68.74088860123692,True,-1,-1,-1,0.0
SCEN-B,SPL,F0:probeR,,,mode41,POLISH,True,RSS=65.37641698532111,True,-1,-1,-1,0.0
SCEN-B,SPL,F0:probeR,,,mode42,POLISH,True,RSS=62.59353038782494,True,-1,-1,-1,0.0
SCEN-B,SPL,F0:probeR,,,mode43,POLISH_EXPANDED,True,RSS=60.25048246747542,True,-1,-1,-1,0.0
SCEN-B,SPL,F0:probeR,,,mode44,POLISH_EXPANDED,True,RSS=58.27563209633373,True,-1,-1,-1,0.0
SCEN-B,SPL,F0:probeR,,,mode45,POLISH_EXPANDED,True,RSS=56.5955872273266,True,-1,-1,-1,0.0
SCEN-B,SPL,F0:probeR,,,mode46,POLISH_EXPANDED,True,RSS=55.15259819225884,True,-1,-1,-1,0.0
SCEN-B,SPL,F0:probeR,,,mode47,POLISH_EXPANDED,True,RSS=53.91245438685424,True,-1,-1,-1,0.0
SCEN-B,SPL,F0:probeR,,,mode48,POLISH,True,RSS=52.83254707685465,True,-1,-1,-1,0.0
SCEN-B,SPL,F0:probeR,,,mode49,POLISH_EXPANDED,True,RSS=51.895227676146874,True,-1,-1,-1,0.0
SCEN-B,SPL,F0:probeR,,,mode50,POLISH_EXPANDED,True,RSS=51.07346913311131,True,-1,-1,-1,0.0
SCEN-B,SPL,F0:probeR,,,mode51,POLISH_EXPANDED,True,RSS=50.24334662350208,True,-1,-1,-1,0.0
SCEN-B,SPL,F0:probeR,,,mode52,POLISH,True,RSS=49.184752448852144,True,-1,-1,-1,0.0
SCEN-B,SPL,F0:probeR,,,mode53,POLISH_EXPANDED,True,RSS=47.70429527203236,True,-1,-1,-1,0.0
SCEN-B,SPL,F0:probeR,,,mode54,POLISH_EXPANDED,True,RSS=45.531304959023515,True,-1,-1,-1,0.0
SCEN-B,SPL,F0:probeR,,,mode55,POLISH,True,RSS=42.243873439311216,True,-1,-1,-1,0.0
SCEN-B,SPL,F0:probeR,,,mode56,POLISH_EXPANDED,True,RSS=37.3660894945847,True,-1,-1,-1,0.0
SCEN-B,SPL,F0:probeR,,,mode57,FALLBACK,True,RSS=30.77462697124325,True,-1,-1,-1,0.0
SCEN-B,SPL,F0:probeR,,,mode58,POLISH,True,RSS=23.453926035494085,True,-1,-1,-1,0.0
SCEN-B,SPL,F0:probeR,,,mode59,POLISH,True,RSS=17.56000321779347,True,-1,-1,-1,0.0
SCEN-B,SPL,F0:probeR,,,mode60,POLISH,True,RSS=13.854082236780433,True,-1,-1,-1,0.0
SCEN-B,SPL,F0:probeR,,,mode61,POLISH,True,RSS=12.16844337546559,True,-1,-1,-1,0.0
SCEN-B,SPL,F0:probeR,,,mode62,POLISH,True,RSS=11.860895871979704,True,-1,-1,-1,0.0
SCEN-B,SPL,F0:probeR,,,mode63,POLISH_EXPANDED,True,RSS=11.886139711425114,True,-1,-1,-1,0.0
SCEN-B,SPL,F0:probeR,,,mode64,POLISH_EXPANDED,True,RSS=12.430260785871141,True,-1,-1,-1,0.0
SCEN-B,SPL,F0:probeR,,,mode65,POLISH_EXPANDED,True,RSS=13.444454768471065,True,-1,-1,-1,0.0
SCEN-B,SPL,F0:probeR,,,mode66,POLISH,True,RSS=14.721506156767182,True,-1,-1,-1,0.0
SCEN-B,SPL,F0:probeR,,,mode67,POLISH_EXPANDED,True,RSS=16.14417661346358,True,-1,-1,-1,0.0
SCEN-B,SPL,F0:probeR,,,mode68,POLISH,True,RSS=17.662564361200364,True,-1,-1,-1,0.0
SCEN-B,SPL,F0:probeR,,,mode69,POLISH_EXPANDED,True,RSS=19.23978199032721,True,-1,-1,-1,0.0
SCEN-B,SPL,F0:probeR,,,mode70,POLISH,True,RSS=20.859646632616716,True,-1,-1,-1,0.0
SCEN-B,SPL,F0:probeR,,,mode71,POLISH,True,RSS=22.519563315020026,True,-1,-1,-1,0.0
SCEN-B,SPL,F0:probeR,,,mode72,POLISH,True,RSS=24.24184030446504,True,-1,-1,-1,0.0
SCEN-B,SPL,F0:probeR,,,mode73,POLISH_EXPANDED,True,RSS=26.06144949450701,True,-1,-1,-1,0.0
SCEN-B,SPL,F0:probeR,,,mode74,POLISH_EXPANDED,True,RSS=28.01446981036627,True,-1,-1,-1,0.0
SCEN-B,SPL,F0:probeR,,,mode75,POLISH_EXPANDED,True,RSS=30.142268618679765,True,-1,-1,-1,0.0
SCEN-B,SPL,F0:probeR,,,mode76,POLISH_EXPANDED,True,RSS=32.50256751669356,True,-1,-1,-1,0.0
SCEN-B,SPL,F0:probeR,,,mode77,POLISH_EXPANDED,True,RSS=35.16879960128698,True,-1,-1,-1,0.0
SCEN-B,SPL,F0:probeR,,,mode78,POLISH_EXPANDED,True,RSS=38.235667656943946,True,-1,-1,-1,0.0
SCEN-B,SPL,F0:probeR,,,mode79,POLISH,True,RSS=41.82662031137636,True,-1,-1,-1,0.0
SCEN-B,SPL,F0:probeR,,,mode80,POLISH_EXPANDED,True,RSS=46.07660276958421,True,-1,-1,-1,0.0
SCEN-B,SPL,F0:probeR,,,mode81,POLISH,True,RSS=51.18228800969876,True,-1,-1,-1,0.0
SCEN-B,SPL,F0:probeR,,,mode82,POLISH_EXPANDED,True,RSS=57.24112713805857,True,-1,-1,-1,0.0
SCEN-B,SPL,F0:probeR,,,mode83,POLISH_EXPANDED,True,RSS=63.91295246944417,True,-1,-1,-1,0.0
SCEN-B,SPL,F0:probeR,,,mode84,POLISH_EXPANDED,True,RSS=70.32672169451212,True,-1,-1,-1,0.0
SCEN-B,SPL,F0:probeR,,,mode85,POLISH_EXPANDED,True,RSS=74.74102878259684,True,-1,-1,-1,0.0
SCEN-B,SPL,F0:probeR,,,mode86,POLISH_EXPANDED,True,RSS=75.58682883683376,True,-1,-1,-1,0.0
SCEN-B,SPL,F0:probeR,,,mode87,POLISH_EXPANDED,True,RSS=75.58439147438962,True,-1,-1,-1,0.0
SCEN-B,SPL,F0:probeR,,,mode88,POLISH_EXPANDED,True,RSS=75.56293951495782,True,-1,-1,-1,0.0
SCEN-B,SPL,F0:probeR,,,mode89,POLISH_EXPANDED,True,RSS=75.58083072278832,True,-1,-1,-1,0.0
SCEN-B,SPL,F0:probeR,,,mode90,POLISH_EXPANDED,True,RSS=75.70089335373831,True,-1,-1,-1,0.0
SCEN-B,SPL,F0:probeR,,,mode91,POLISH,True,RSS=75.96501056805361,True,-1,-1,-1,0.0
SCEN-B,SPL,F0:probeR,,,mode92,POLISH,True,RSS=76.38607988313093,True,-1,-1,-1,0.0
SCEN-B,SPL,F0:probeR,,,mode93,POLISH,True,RSS=76.97014557593565,True,-1,-1,-1,0.0
SCEN-B,SPL,F0:probeR,,,mode94,POLISH,True,RSS=77.73488506422215,True,-1,-1,-1,0.0
SCEN-B,SPL,F0:probeR,,,mode95,POLISH_EXPANDED,True,RSS=78.70516670530358,True,-1,-1,-1,0.0
SCEN-B,SPL,F0:probeR,,,mode96,POLISH,True,RSS=79.9200493139355,True,-1,-1,-1,0.0
SCEN-B,SPL,F0:probeR,,,mode97,POLISH_EXPANDED,True,RSS=81.40738516380459,True,-1,-1,-1,0.0
SCEN-B,SPL,F0:probeR,,,mode98,POLISH,True,RSS=83.20443089883369,True,-1,-1,-1,0.0
SCEN-B,SPL,F0:probeR,,,mode99,POLISH,True,RSS=85.35987365320865,True,-1,-1,-1,0.0
SCEN-B,SPL,F0:probeR,,,mode100,POLISH,True,RSS=87.955793859372,True,-1,-1,-1,0.0
SCEN-B,SPL,F0:probeR,,,mode101,POLISH,True,RSS=90.9685356461869,True,-1,-1,-1,0.0
SCEN-B,SPL,F0:probeR,,,mode102,FALLBACK,True,RSS=94.45504046669849,True,-1,-1,-1,0.0
SCEN-B,SPL,F0:probeR,,,mode103,POLISH,True,RSS=97.68216671001665,True,-1,-1,-1,0.0
SCEN-B,SPL,F0:probeR,,,mode104,POLISH,True,RSS=99.46041965728159,True,-1,-1,-1,0.0
SCEN-B,SPL,F0:probeR,,,mode105,POLISH,True,RSS=100.20983796593633,True,-1,-1,-1,0.0
SCEN-B,SPL,F0:probeR,,,mode106,POLISH_EXPANDED,True,RSS=100.53391387661108,True,-1,-1,-1,0.0
SCEN-B,SPL,F0:probeR,,,mode107,POLISH,True,RSS=100.68887376587509,True,-1,-1,-1,0.0
SCEN-B,SPL,F0:probeR,,,mode108,POLISH_EXPANDED,True,RSS=100.77566760027501,True,-1,-1,-1,0.0
SCEN-B,SPL,F0:probeR,,,mode109,POLISH,True,RSS=100.82901931194544,True,-1,-1,-1,0.0
SCEN-B,SPL,F0:probeR,,,mode110,POLISH,True,RSS=100.8601813517518,True,-1,-1,-1,0.0
SCEN-B,SPL,F0:probeR,,,mode111,POLISH,True,RSS=100.88458371043713,True,-1,-1,-1,0.0
SCEN-B,SPL,F0:probeR,,,mode112,POLISH_EXPANDED,True,RSS=100.89811407429816,True,-1,-1,-1,0.0
SCEN-B,SPL,F0:probeR,,,mode113,POLISH_EXPANDED,True,RSS=100.91017159513113,True,-1,-1,-1,0.0
SCEN-B,SPL,F0:probeR,,,mode114,POLISH,True,RSS=100.91785020152078,True,-1,-1,-1,0.0
SCEN-B,SPL,F0:probeR,,,mode115,POLISH,True,RSS=100.92227840577317,True,-1,-1,-1,0.0
SCEN-B,SPL,F0:probeR,,,mode116,POLISH,True,RSS=100.92634543009801,True,-1,-1,-1,0.0
SCEN-B,SPL,F0:probeR,,,mode117,POLISH,True,RSS=101.22869569174226,True,-1,-1,-1,0.0
SCEN-B,SPL,F0:probeR,,,mode118,POLISH,True,RSS=102.94361730267381,True,-1,-1,-1,0.0
SCEN-B,SPL,F0:probeR,,,mode119,POLISH_EXPANDED,True,RSS=106.12329782380225,True,-1,-1,-1,0.0
SCEN-B,SPL,F0:probeR,,,mode120,POLISH,True,RSS=108.87599748295972,True,-1,-1,-1,0.0
SCEN-B,SPL,F0:probeR,,,mode121,POLISH,True,RSS=108.88742638118752,True,-1,-1,-1,0.0
SCEN-B,SPL,F0:probeR,,,mode122,POLISH,True,RSS=108.8874263811877,True,-1,-1,-1,0.0
SCEN-B,SPL,F0:probeR,,,mode123,POLISH,True,RSS=108.88742638118727,True,-1,-1,-1,0.0
SCEN-B,SPL,F0:probeR,,,mode124,POLISH,True,RSS=108.8874263811873,True,-1,-1,-1,0.0
SCEN-B,SPL,F0:probeR,,,mode125,POLISH,True,RSS=108.88742638118727,True,-1,-1,-1,0.0
SCEN-B,SPL,F0:probeR,,,mode126,POLISH,True,RSS=108.88742638118718,True,-1,-1,-1,0.0
SCEN-B,SPL,F0:probeR,,,mode127,POLISH,True,RSS=108.88742638118724,True,-1,-1,-1,0.0
SCEN-B,SPL,F0:probeR,,,mode128,POLISH,True,RSS=108.88742638118734,True,-1,-1,-1,0.0
SCEN-B,SPL,F0:probeR,,,mode129,POLISH,True,RSS=108.88742638118734,True,-1,-1,-1,0.0
SCEN-B,SPL,F0:probeR,,,mode130,POLISH,True,RSS=108.88742638118734,True,-1,-1,-1,0.0
SCEN-B,SPL,F0:probeR,,,mode131,POLISH,True,RSS=108.88742638118876,True,-1,-1,-1,0.0
SCEN-B,SPL,F0:probeR,,,mode132,POLISH,True,RSS=108.88742638118764,True,-1,-1,-1,0.0
SCEN-B,SPL,F0:probeR,,,mode133,POLISH,True,RSS=108.8874263811877,True,-1,-1,-1,0.0
SCEN-B,SPL,F0:probeR,,,mode134,POLISH,True,RSS=108.88742638118734,True,-1,-1,-1,0.0
SCEN-B,SPL,F0:probeR,,,mode135,POLISH,True,RSS=108.88742638118718,True,-1,-1,-1,0.0
SCEN-B,SPL,F0:probeR,,,mode136,POLISH,True,RSS=108.88742638118764,True,-1,-1,-1,0.0
SCEN-B,SPL,F0:probeR,,,mode137,POLISH,True,RSS=108.88742638118723,True,-1,-1,-1,0.0
SCEN-B,SPL,F0:probeR,,,mode138,POLISH,True,RSS=108.88742638118838,True,-1,-1,-1,0.0
SCEN-B,SPL,F0:probeR,,,mode139,POLISH,True,RSS=108.88742638118747,True,-1,-1,-1,0.0
SCEN-B,SPL,F0:probeR,,,mode140,POLISH,True,RSS=108.88742638118734,True,-1,-1,-1,0.0
SCEN-B,SPL,F0:probeR,,,mode141,POLISH,True,RSS=108.88742638118734,True,-1,-1,-1,0.0
SCEN-B,SPL,F0:probeR,,,mode142,POLISH,True,RSS=108.88742638118764,True,-1,-1,-1,0.0
SCEN-B,SPL,F0:probeR,,,mode143,POLISH,True,RSS=108.88742638118734,True,-1,-1,-1,0.0
SCEN-B,SPL,F0:probeR,,,mode144,POLISH,True,RSS=108.88742638118734,True,-1,-1,-1,0.0
SCEN-B,SPL,F0:probeR,,,mode145,POLISH_EXPANDED,True,RSS=108.88742638118698,True,-1,-1,-1,0.0
SCEN-B,P-01,M0:full,SCEN-B,P-01,feature,primary,2,`xtol` termination condition is satisfied.,True,128,920,184,0.3181009999825619
SCEN-B,P-01,M0:full,SCEN-B,P-01,grid0,primary,2,`xtol` termination condition is satisfied.,True,228,1645,329,0.5683222999796271
SCEN-B,P-01,M0:full,SCEN-B,P-01,grid365,primary,1,`gtol` termination condition is satisfied.,True,86,395,79,0.2157526999944821
SCEN-B,P-01,M0:full,SCEN-B,P-01,grid730,primary,2,`xtol` termination condition is satisfied.,True,130,310,62,0.18840210000053048
SCEN-B,P-01,M0:fold0,SCEN-B,P-01,feature,primary,2,`xtol` termination condition is satisfied.,True,166,500,100,0.2807953999727033
SCEN-B,P-01,M0:fold0,SCEN-B,P-01,grid0,primary,2,`xtol` termination condition is satisfied.,True,130,795,159,0.30438490002416074
SCEN-B,P-01,M0:fold0,SCEN-B,P-01,grid365,primary,2,`xtol` termination condition is satisfied.,True,283,1560,312,0.7001313999644481
SCEN-B,P-01,M0:fold0,SCEN-B,P-01,grid730,primary,2,`xtol` termination condition is satisfied.,True,72,455,91,0.16691730002639815
SCEN-B,P-01,M0:fold1,SCEN-B,P-01,feature,primary,2,`xtol` termination condition is satisfied.,True,127,460,92,0.23845030000666156
SCEN-B,P-01,M0:fold1,SCEN-B,P-01,grid0,primary,2,`xtol` termination condition is satisfied.,True,167,915,183,0.37906270002713427
SCEN-B,P-01,M0:fold1,SCEN-B,P-01,grid365,primary,2,`xtol` termination condition is satisfied.,True,293,1855,371,0.7426864999579266
SCEN-B,P-01,M0:fold1,SCEN-B,P-01,grid730,primary,2,`xtol` termination condition is satisfied.,True,127,240,48,0.16740420000860468
SCEN-B,P-01,M0:fold2,SCEN-B,P-01,feature,primary,2,`xtol` termination condition is satisfied.,True,156,975,195,0.37414470000658184
SCEN-B,P-01,M0:fold2,SCEN-B,P-01,grid0,primary,2,`xtol` termination condition is satisfied.,True,186,1245,249,0.5088708999683149
SCEN-B,P-01,M0:fold2,SCEN-B,P-01,grid365,primary,0,The maximum number of function evaluations is exceeded.,False,500,2505,501,1.2263524999725632
SCEN-B,P-01,M0:fold2,SCEN-B,P-01,grid730,primary,2,`xtol` termination condition is satisfied.,True,318,1795,359,0.8100197999738157
SCEN-B,P-01,M0:fold3,SCEN-B,P-01,feature,primary,2,`xtol` termination condition is satisfied.,True,129,765,153,0.33103770000161603
SCEN-B,P-01,M0:fold3,SCEN-B,P-01,grid0,primary,2,`xtol` termination condition is satisfied.,True,189,1240,248,0.49074139998992905
SCEN-B,P-01,M0:fold3,SCEN-B,P-01,grid365,primary,2,`xtol` termination condition is satisfied.,True,236,1170,234,0.5398702000384219
SCEN-B,P-01,M0:fold3,SCEN-B,P-01,grid730,primary,2,`xtol` termination condition is satisfied.,True,102,505,101,0.23707699996884912
SCEN-B,P-01,M0:fold4,SCEN-B,P-01,feature,primary,2,`xtol` termination condition is satisfied.,True,137,750,150,0.30632409994723275
SCEN-B,P-01,M0:fold4,SCEN-B,P-01,grid0,primary,2,`xtol` termination condition is satisfied.,True,174,985,197,0.4166793000185862
SCEN-B,P-01,M0:fold4,SCEN-B,P-01,grid365,primary,2,`xtol` termination condition is satisfied.,True,288,1530,306,0.7311141999671236
SCEN-B,P-01,M0:fold4,SCEN-B,P-01,grid730,primary,1,`gtol` termination condition is satisfied.,True,44,145,29,0.08937739999964833
SCEN-B,P-01,M0:probeL,SCEN-B,P-01,feature,primary,2,`xtol` termination condition is satisfied.,True,137,425,85,0.2409584000124596
SCEN-B,P-01,M0:probeL,SCEN-B,P-01,grid0,primary,2,`xtol` termination condition is satisfied.,True,218,1800,360,0.5824443000019528
SCEN-B,P-01,M0:probeL,SCEN-B,P-01,grid365,primary,0,The maximum number of function evaluations is exceeded.,False,500,2795,559,1.3369231999968179
SCEN-B,P-01,M0:probeL,SCEN-B,P-01,grid730,primary,2,`xtol` termination condition is satisfied.,True,106,235,47,0.1578948000096716
SCEN-B,P-01,M0:probeR,SCEN-B,P-01,feature,primary,2,`xtol` termination condition is satisfied.,True,137,960,192,0.33397679997142404
SCEN-B,P-01,M0:probeR,SCEN-B,P-01,grid0,primary,2,`xtol` termination condition is satisfied.,True,214,1420,284,0.5392966999788769
SCEN-B,P-01,M0:probeR,SCEN-B,P-01,grid365,primary,2,`xtol` termination condition is satisfied.,True,261,1695,339,0.6731184999807738
SCEN-B,P-01,M0:probeR,SCEN-B,P-01,grid730,primary,2,`xtol` termination condition is satisfied.,True,104,160,32,0.13639519998105243
SCEN-B,P-02,M0:full,SCEN-B,P-02,feature,primary,2,`xtol` termination condition is satisfied.,True,157,1185,237,0.5126611000159755
SCEN-B,P-02,M0:full,SCEN-B,P-02,grid0,primary,2,`xtol` termination condition is satisfied.,True,282,2370,474,0.9368589000077918
SCEN-B,P-02,M0:full,SCEN-B,P-02,grid130,primary,2,`xtol` termination condition is satisfied.,True,155,1240,248,0.5149660999886692
SCEN-B,P-02,M0:full,SCEN-B,P-02,grid260,primary,2,`xtol` termination condition is satisfied.,True,290,2545,509,0.9848675999674015
SCEN-B,P-02,M0:fold0,SCEN-B,P-02,feature,primary,2,`xtol` termination condition is satisfied.,True,135,1045,209,0.454204999958165
SCEN-B,P-02,M0:fold0,SCEN-B,P-02,grid0,primary,0,The maximum number of function evaluations is exceeded.,False,500,2495,499,1.6411504999850877
SCEN-B,P-02,M0:fold0,SCEN-B,P-02,grid130,primary,2,`xtol` termination condition is satisfied.,True,157,1255,251,0.5740548999747261
SCEN-B,P-02,M0:fold0,SCEN-B,P-02,grid260,primary,0,The maximum number of function evaluations is exceeded.,False,500,4175,835,1.7112262999871746
SCEN-B,P-02,M0:fold1,SCEN-B,P-02,feature,primary,2,`xtol` termination condition is satisfied.,True,146,1065,213,0.4779077999992296
SCEN-B,P-02,M0:fold1,SCEN-B,P-02,grid0,primary,2,`xtol` termination condition is satisfied.,True,185,1330,266,0.6293642000528052
SCEN-B,P-02,M0:fold1,SCEN-B,P-02,grid130,primary,2,`xtol` termination condition is satisfied.,True,138,1030,206,0.46092129999306053
SCEN-B,P-02,M0:fold1,SCEN-B,P-02,grid260,primary,2,`xtol` termination condition is satisfied.,True,195,1540,308,0.667682999977842
SCEN-B,P-02,M0:fold2,SCEN-B,P-02,feature,primary,2,`xtol` termination condition is satisfied.,True,131,970,194,0.43332790001295507
SCEN-B,P-02,M0:fold2,SCEN-B,P-02,grid0,primary,2,`xtol` termination condition is satisfied.,True,427,3870,774,1.482159800012596
SCEN-B,P-02,M0:fold2,SCEN-B,P-02,grid130,primary,2,`xtol` termination condition is satisfied.,True,147,1110,222,0.49907329998677596
SCEN-B,P-02,M0:fold2,SCEN-B,P-02,grid260,primary,0,The maximum number of function evaluations is exceeded.,False,500,2545,509,1.580408699985128
SCEN-B,P-02,M0:fold3,SCEN-B,P-02,feature,primary,2,`xtol` termination condition is satisfied.,True,158,1235,247,0.5502109000226483
SCEN-B,P-02,M0:fold3,SCEN-B,P-02,grid0,primary,2,`xtol` termination condition is satisfied.,True,208,1555,311,0.7088477000361308
SCEN-B,P-02,M0:fold3,SCEN-B,P-02,grid130,primary,2,`xtol` termination condition is satisfied.,True,158,1240,248,0.5424478000495583
SCEN-B,P-02,M0:fold3,SCEN-B,P-02,grid260,primary,2,`xtol` termination condition is satisfied.,True,205,1550,310,0.6942291000159457
SCEN-B,P-02,M0:fold4,SCEN-B,P-02,feature,primary,2,`xtol` termination condition is satisfied.,True,158,1235,247,0.5333705999655649
SCEN-B,P-02,M0:fold4,SCEN-B,P-02,grid0,primary,2,`xtol` termination condition is satisfied.,True,252,1795,359,0.8679286999977194
SCEN-B,P-02,M0:fold4,SCEN-B,P-02,grid130,primary,2,`xtol` termination condition is satisfied.,True,140,1080,216,0.4694764000014402
SCEN-B,P-02,M0:fold4,SCEN-B,P-02,grid260,primary,2,`xtol` termination condition is satisfied.,True,182,1390,278,0.6232885000063106
SCEN-B,P-02,M0:probeL,SCEN-B,P-02,feature,primary,-1,EXCEPTION:RuntimeError:FAULT_INJECTION_TEST_ONLY,False,-1,-1,-1,nan
SCEN-B,P-02,M0:probeL,SCEN-B,P-02,feature,fallback,-1,FABRICATED_FALLBACK:FAULT_INJECTION_TEST_ONLY:nonfinite_return,False,-1,-1,-1,nan
SCEN-B,P-02,M0:probeL,SCEN-B,P-02,grid0,primary,-1,EXCEPTION:RuntimeError:FAULT_INJECTION_TEST_ONLY,False,-1,-1,-1,nan
SCEN-B,P-02,M0:probeL,SCEN-B,P-02,grid0,fallback,-1,FABRICATED_FALLBACK:FAULT_INJECTION_TEST_ONLY:nonfinite_return,False,-1,-1,-1,nan
SCEN-B,P-02,M0:probeL,SCEN-B,P-02,grid130,primary,-1,EXCEPTION:RuntimeError:FAULT_INJECTION_TEST_ONLY,False,-1,-1,-1,nan
SCEN-B,P-02,M0:probeL,SCEN-B,P-02,grid130,fallback,-1,FABRICATED_FALLBACK:FAULT_INJECTION_TEST_ONLY:nonfinite_return,False,-1,-1,-1,nan
SCEN-B,P-02,M0:probeL,SCEN-B,P-02,grid260,primary,-1,EXCEPTION:RuntimeError:FAULT_INJECTION_TEST_ONLY,False,-1,-1,-1,nan
SCEN-B,P-02,M0:probeL,SCEN-B,P-02,grid260,fallback,-1,FABRICATED_FALLBACK:FAULT_INJECTION_TEST_ONLY:nonfinite_return,False,-1,-1,-1,nan
SCEN-B,P-02,M0:probeR,SCEN-B,P-02,feature,primary,2,`xtol` termination condition is satisfied.,True,138,1045,209,0.4653085999889299
SCEN-B,P-02,M0:probeR,SCEN-B,P-02,grid0,primary,0,The maximum number of function evaluations is exceeded.,False,500,2590,518,1.5845582999754697
SCEN-B,P-02,M0:probeR,SCEN-B,P-02,grid130,primary,2,`xtol` termination condition is satisfied.,True,146,1095,219,0.49391630000900477
SCEN-B,P-02,M0:probeR,SCEN-B,P-02,grid260,primary,0,The maximum number of function evaluations is exceeded.,False,500,2565,513,1.5925735000055283
SCEN-B,SPL,M0:full,,,INJECTED_FAILURE,none,TEST_ONLY_INJECTION,injected,False,-1,-1,-1,0.0
SCEN-B,SPL,M0:fold0,,,mode0,FALLBACK,True,RSS=94.12493622851655,True,-1,-1,-1,0.0
SCEN-B,SPL,M0:fold0,,,mode1,POLISH,True,RSS=94.22152457415318,True,-1,-1,-1,0.0
SCEN-B,SPL,M0:fold0,,,mode2,POLISH,True,RSS=94.22095083987571,True,-1,-1,-1,0.0
SCEN-B,SPL,M0:fold0,,,mode3,POLISH,True,RSS=94.22034439148554,True,-1,-1,-1,0.0
SCEN-B,SPL,M0:fold0,,,mode4,POLISH,True,RSS=94.21970234879647,True,-1,-1,-1,0.0
SCEN-B,SPL,M0:fold0,,,mode5,POLISH,True,RSS=94.21902148337253,True,-1,-1,-1,0.0
SCEN-B,SPL,M0:fold0,,,mode6,POLISH,True,RSS=94.21829816415824,True,-1,-1,-1,0.0
SCEN-B,SPL,M0:fold0,,,mode7,POLISH,True,RSS=94.21752829272548,True,-1,-1,-1,0.0
SCEN-B,SPL,M0:fold0,,,mode8,POLISH,True,RSS=94.21670722556188,True,-1,-1,-1,0.0
SCEN-B,SPL,M0:fold0,,,mode9,POLISH,True,RSS=94.2158296803408,True,-1,-1,-1,0.0
SCEN-B,SPL,M0:fold0,,,mode10,POLISH_EXPANDED,True,RSS=94.21488962215253,True,-1,-1,-1,0.0
SCEN-B,SPL,M0:fold0,,,mode11,POLISH,True,RSS=94.21388012452515,True,-1,-1,-1,0.0
SCEN-B,SPL,M0:fold0,,,mode12,POLISH,True,RSS=94.21279319847378,True,-1,-1,-1,0.0
SCEN-B,SPL,M0:fold0,,,mode13,POLISH,True,RSS=94.21161958063587,True,-1,-1,-1,0.0
SCEN-B,SPL,M0:fold0,,,mode14,POLISH,True,RSS=94.21034846861365,True,-1,-1,-1,0.0
SCEN-B,SPL,M0:fold0,,,mode15,POLISH,True,RSS=94.20896718750184,True,-1,-1,-1,0.0
SCEN-B,SPL,M0:fold0,,,mode16,POLISH,True,RSS=94.20746076577683,True,-1,-1,-1,0.0
SCEN-B,SPL,M0:fold0,,,mode17,POLISH,True,RSS=94.20581139045593,True,-1,-1,-1,0.0
SCEN-B,SPL,M0:fold0,,,mode18,POLISH_EXPANDED,True,RSS=94.20399769941142,True,-1,-1,-1,0.0
SCEN-B,SPL,M0:fold0,,,mode19,POLISH,True,RSS=94.20199385110766,True,-1,-1,-1,0.0
SCEN-B,SPL,M0:fold0,,,mode20,POLISH,True,RSS=94.19976828554358,True,-1,-1,-1,0.0
SCEN-B,SPL,M0:fold0,,,mode21,POLISH_EXPANDED,True,RSS=94.19728204983299,True,-1,-1,-1,0.0
SCEN-B,SPL,M0:fold0,,,mode22,POLISH_EXPANDED,True,RSS=94.19448649884667,True,-1,-1,-1,0.0
SCEN-B,SPL,M0:fold0,,,mode23,POLISH,True,RSS=94.19132008075212,True,-1,-1,-1,0.0
SCEN-B,SPL,M0:fold0,,,mode24,POLISH,True,RSS=94.18770375238064,True,-1,-1,-1,0.0
SCEN-B,SPL,M0:fold0,,,mode25,POLISH_EXPANDED,True,RSS=94.18224318659112,True,-1,-1,-1,0.0
SCEN-B,SPL,M0:fold0,,,mode26,POLISH_EXPANDED,True,RSS=94.17140138337348,True,-1,-1,-1,0.0
SCEN-B,SPL,M0:fold0,,,mode27,FALLBACK,True,RSS=94.15859465527515,True,-1,-1,-1,0.0
SCEN-B,SPL,M0:fold0,,,mode28,POLISH_EXPANDED,True,RSS=94.14323564624422,True,-1,-1,-1,0.0
SCEN-B,SPL,M0:fold0,,,mode29,POLISH,True,RSS=94.1249362287309,True,-1,-1,-1,0.0
SCEN-B,SPL,M0:fold0,,,mode30,POLISH,True,RSS=94.10480297407695,True,-1,-1,-1,0.0
SCEN-B,SPL,M0:fold0,,,mode31,POLISH,True,RSS=94.08306309847075,True,-1,-1,-1,0.0
SCEN-B,SPL,M0:fold0,,,mode32,POLISH,True,RSS=94.05951670756323,True,-1,-1,-1,0.0
SCEN-B,SPL,M0:fold0,,,mode33,POLISH,True,RSS=94.0339293834735,True,-1,-1,-1,0.0
SCEN-B,SPL,M0:fold0,,,mode34,POLISH,True,RSS=93.99729226871847,True,-1,-1,-1,0.0
SCEN-B,SPL,M0:fold0,,,mode35,POLISH,True,RSS=93.94590016107693,True,-1,-1,-1,0.0
SCEN-B,SPL,M0:fold0,,,mode36,POLISH,True,RSS=93.88919442899437,True,-1,-1,-1,0.0
SCEN-B,SPL,M0:fold0,,,mode37,POLISH,True,RSS=93.82631218577605,True,-1,-1,-1,0.0
SCEN-B,SPL,M0:fold0,,,mode38,POLISH,True,RSS=93.74120079750173,True,-1,-1,-1,0.0
SCEN-B,SPL,M0:fold0,,,mode39,POLISH,True,RSS=93.62282955124635,True,-1,-1,-1,0.0
SCEN-B,SPL,M0:fold0,,,mode40,POLISH,True,RSS=93.48723430333037,True,-1,-1,-1,0.0
SCEN-B,SPL,M0:fold0,,,mode41,POLISH,True,RSS=93.26968751237969,True,-1,-1,-1,0.0
SCEN-B,SPL,M0:fold0,,,mode42,POLISH,True,RSS=92.97524359619513,True,-1,-1,-1,0.0
SCEN-B,SPL,M0:fold0,,,mode43,FALLBACK,True,RSS=92.52684205786535,True,-1,-1,-1,0.0
SCEN-B,SPL,M0:fold0,,,mode44,FALLBACK,True,RSS=91.79349455534567,True,-1,-1,-1,0.0
SCEN-B,SPL,M0:fold0,,,mode45,FALLBACK,True,RSS=90.55615190349747,True,-1,-1,-1,0.0
SCEN-B,SPL,M0:fold0,,,mode46,FALLBACK,True,RSS=88.45642090025608,True,-1,-1,-1,0.0
SCEN-B,SPL,M0:fold0,,,mode47,FALLBACK,True,RSS=85.5212624617046,True,-1,-1,-1,0.0
SCEN-B,SPL,M0:fold0,,,mode48,FALLBACK,True,RSS=82.23343320794838,True,-1,-1,-1,0.0
SCEN-B,SPL,M0:fold0,,,mode49,FALLBACK,True,RSS=79.1984684577789,True,-1,-1,-1,0.0
SCEN-B,SPL,M0:fold0,,,mode50,FALLBACK,True,RSS=76.66811817439395,True,-1,-1,-1,0.0
SCEN-B,SPL,M0:fold0,,,mode51,FALLBACK,True,RSS=74.71266732866216,True,-1,-1,-1,0.0
SCEN-B,SPL,M0:fold0,,,mode52,FALLBACK,True,RSS=73.28807649309769,True,-1,-1,-1,0.0
SCEN-B,SPL,M0:fold0,,,mode53,FALLBACK,True,RSS=72.32264223598722,True,-1,-1,-1,0.0
SCEN-B,SPL,M0:fold0,,,mode54,FALLBACK,True,RSS=71.74295669876481,True,-1,-1,-1,0.0
SCEN-B,SPL,M0:fold0,,,mode55,FALLBACK,True,RSS=71.53618274422493,True,-1,-1,-1,0.0
SCEN-B,SPL,M0:fold0,,,mode56,FALLBACK,True,RSS=71.521539601315,True,-1,-1,-1,0.0
SCEN-B,SPL,M0:fold0,,,mode57,FALLBACK,True,RSS=71.6138542435842,True,-1,-1,-1,0.0
SCEN-B,SPL,M0:fold0,,,mode58,FALLBACK,True,RSS=71.98171880405647,True,-1,-1,-1,0.0
SCEN-B,SPL,M0:fold0,,,mode59,FALLBACK,True,RSS=72.04710165626315,True,-1,-1,-1,0.0
SCEN-B,SPL,M0:fold0,,,mode60,FALLBACK,True,RSS=71.8750446046411,True,-1,-1,-1,0.0
SCEN-B,SPL,M0:fold0,,,mode61,FALLBACK,True,RSS=71.70061930858509,True,-1,-1,-1,0.0
SCEN-B,SPL,M0:fold0,,,mode62,FALLBACK,True,RSS=71.43432371988844,True,-1,-1,-1,0.0
SCEN-B,SPL,M0:fold0,,,mode63,FALLBACK,True,RSS=68.4690127752,True,-1,-1,-1,0.0
SCEN-B,SPL,M0:fold0,,,mode64,FALLBACK,True,RSS=62.445831581614144,True,-1,-1,-1,0.0
SCEN-B,SPL,M0:fold0,,,mode65,FALLBACK,True,RSS=56.02095234527067,True,-1,-1,-1,0.0
SCEN-B,SPL,M0:fold0,,,mode66,FALLBACK,True,RSS=50.59878003075959,True,-1,-1,-1,0.0
SCEN-B,SPL,M0:fold0,,,mode67,FALLBACK,True,RSS=46.08935626215283,True,-1,-1,-1,0.0
SCEN-B,SPL,M0:fold0,,,mode68,FALLBACK,True,RSS=42.33128474683127,True,-1,-1,-1,0.0
SCEN-B,SPL,M0:fold0,,,mode69,FALLBACK,True,RSS=39.16669210244832,True,-1,-1,-1,0.0
SCEN-B,SPL,M0:fold0,,,mode70,FALLBACK,True,RSS=36.46600445187503,True,-1,-1,-1,0.0
SCEN-B,SPL,M0:fold0,,,mode71,FALLBACK,True,RSS=34.13124947483623,True,-1,-1,-1,0.0
SCEN-B,SPL,M0:fold0,,,mode72,FALLBACK,True,RSS=32.077419709886094,True,-1,-1,-1,0.0
SCEN-B,SPL,M0:fold0,,,mode73,FALLBACK,True,RSS=30.25346388766212,True,-1,-1,-1,0.0
SCEN-B,SPL,M0:fold0,,,mode74,FALLBACK,True,RSS=28.599054003431025,True,-1,-1,-1,0.0
SCEN-B,SPL,M0:fold0,,,mode75,FALLBACK,True,RSS=27.093114008983736,True,-1,-1,-1,0.0
SCEN-B,SPL,M0:fold0,,,mode76,FALLBACK,True,RSS=25.71099532616068,True,-1,-1,-1,0.0
SCEN-B,SPL,M0:fold0,,,mode77,FALLBACK,True,RSS=24.432884470346703,True,-1,-1,-1,0.0
SCEN-B,SPL,M0:fold0,,,mode78,FALLBACK,True,RSS=23.253458292336532,True,-1,-1,-1,0.0
SCEN-B,SPL,M0:fold0,,,mode79,FALLBACK,True,RSS=22.198923032913406,True,-1,-1,-1,0.0
SCEN-B,SPL,M0:fold0,,,mode80,FALLBACK,True,RSS=21.312113880959,True,-1,-1,-1,0.0
SCEN-B,SPL,M0:fold0,,,mode81,FALLBACK,True,RSS=20.678800502481955,True,-1,-1,-1,0.0
SCEN-B,SPL,M0:fold0,,,mode82,FALLBACK,True,RSS=20.45559546138649,True,-1,-1,-1,0.0
SCEN-B,SPL,M0:fold0,,,mode83,FALLBACK,True,RSS=20.459171170723398,True,-1,-1,-1,0.0
SCEN-B,SPL,M0:fold0,,,mode84,FALLBACK,True,RSS=20.94545542549607,True,-1,-1,-1,0.0
SCEN-B,SPL,M0:fold0,,,mode85,FALLBACK,True,RSS=22.651788283701944,True,-1,-1,-1,0.0
SCEN-B,SPL,M0:fold0,,,mode86,FALLBACK,True,RSS=26.412643679453303,True,-1,-1,-1,0.0
SCEN-B,SPL,M0:fold0,,,mode87,FALLBACK,True,RSS=33.08539969005259,True,-1,-1,-1,0.0
SCEN-B,SPL,M0:fold0,,,mode88,FALLBACK,True,RSS=42.83284910224092,True,-1,-1,-1,0.0
SCEN-B,SPL,M0:fold0,,,mode89,FALLBACK,True,RSS=53.02593441781098,True,-1,-1,-1,0.0
SCEN-B,SPL,M0:fold0,,,mode90,FALLBACK,True,RSS=60.60903253947256,True,-1,-1,-1,0.0
SCEN-B,SPL,M0:fold0,,,mode91,FALLBACK,True,RSS=65.30193251023275,True,-1,-1,-1,0.0
SCEN-B,SPL,M0:fold0,,,mode92,FALLBACK,True,RSS=68.0828835897228,True,-1,-1,-1,0.0
SCEN-B,SPL,M0:fold0,,,mode93,FALLBACK,True,RSS=69.6397227661915,True,-1,-1,-1,0.0
SCEN-B,SPL,M0:fold0,,,mode94,FALLBACK,True,RSS=70.48065089279572,True,-1,-1,-1,0.0
SCEN-B,SPL,M0:fold0,,,mode95,FALLBACK,True,RSS=71.20390513233714,True,-1,-1,-1,0.0
SCEN-B,SPL,M0:fold0,,,mode96,FALLBACK,True,RSS=72.02199192835987,True,-1,-1,-1,0.0
SCEN-B,SPL,M0:fold0,,,mode97,FALLBACK,True,RSS=72.95892072853172,True,-1,-1,-1,0.0
SCEN-B,SPL,M0:fold0,,,mode98,FALLBACK,True,RSS=74.01960823408763,True,-1,-1,-1,0.0
SCEN-B,SPL,M0:fold0,,,mode99,FALLBACK,True,RSS=75.24241612530658,True,-1,-1,-1,0.0
SCEN-B,SPL,M0:fold0,,,mode100,FALLBACK,True,RSS=76.63544319917925,True,-1,-1,-1,0.0
SCEN-B,SPL,M0:fold0,,,mode101,FALLBACK,True,RSS=78.2543348561958,True,-1,-1,-1,0.0
SCEN-B,SPL,M0:fold0,,,mode102,FALLBACK,True,RSS=80.11295657803882,True,-1,-1,-1,0.0
SCEN-B,SPL,M0:fold0,,,mode103,FALLBACK,True,RSS=82.29194615023096,True,-1,-1,-1,0.0
SCEN-B,SPL,M0:fold0,,,mode104,FALLBACK,True,RSS=84.80895346931013,True,-1,-1,-1,0.0
SCEN-B,SPL,M0:fold0,,,mode105,FALLBACK,True,RSS=87.7697690801198,True,-1,-1,-1,0.0
SCEN-B,SPL,M0:fold0,,,mode106,FALLBACK,True,RSS=91.17852820983771,True,-1,-1,-1,0.0
SCEN-B,SPL,M0:fold0,,,mode107,FALLBACK,True,RSS=95.05453766644857,True,-1,-1,-1,0.0
SCEN-B,SPL,M0:fold0,,,mode108,FALLBACK,True,RSS=98.25796155821499,True,-1,-1,-1,0.0
SCEN-B,SPL,M0:fold0,,,mode109,FALLBACK,True,RSS=100.00618303289946,True,-1,-1,-1,0.0
SCEN-B,SPL,M0:fold0,,,mode110,FALLBACK,True,RSS=100.7497490526659,True,-1,-1,-1,0.0
SCEN-B,SPL,M0:fold0,,,mode111,FALLBACK,True,RSS=100.99280072087038,True,-1,-1,-1,0.0
SCEN-B,SPL,M0:fold0,,,mode112,FALLBACK,True,RSS=101.04702218272568,True,-1,-1,-1,0.0
SCEN-B,SPL,M0:fold0,,,mode113,FALLBACK,True,RSS=inf,False,-1,-1,-1,0.0
SCEN-B,SPL,M0:fold0,,,mode114,FALLBACK,True,RSS=101.05140569607573,True,-1,-1,-1,0.0
SCEN-B,SPL,M0:fold0,,,mode115,FALLBACK,True,RSS=101.05140569599192,True,-1,-1,-1,0.0
SCEN-B,SPL,M0:fold0,,,mode116,FALLBACK,True,RSS=101.05140569600279,True,-1,-1,-1,0.0
SCEN-B,SPL,M0:fold0,,,mode117,FALLBACK,True,RSS=101.115900943706,True,-1,-1,-1,0.0
SCEN-B,SPL,M0:fold0,,,mode118,FALLBACK,True,RSS=101.47597742427618,True,-1,-1,-1,0.0
SCEN-B,SPL,M0:fold0,,,mode119,FALLBACK,True,RSS=102.15101411264884,True,-1,-1,-1,0.0
SCEN-B,SPL,M0:fold0,,,mode120,FALLBACK,True,RSS=103.1182780643294,True,-1,-1,-1,0.0
SCEN-B,SPL,M0:fold0,,,mode121,FALLBACK,True,RSS=104.3721600585094,True,-1,-1,-1,0.0
SCEN-B,SPL,M0:fold0,,,mode122,FALLBACK,True,RSS=105.90741692287513,True,-1,-1,-1,0.0
SCEN-B,SPL,M0:fold0,,,mode123,FALLBACK,True,RSS=107.69642174282568,True,-1,-1,-1,0.0
SCEN-B,SPL,M0:fold0,,,mode124,FALLBACK,True,RSS=109.64079881297819,True,-1,-1,-1,0.0
SCEN-B,SPL,M0:fold0,,,mode125,FALLBACK,True,RSS=111.46602318226228,True,-1,-1,-1,0.0
SCEN-B,SPL,M0:fold0,,,mode126,FALLBACK,True,RSS=112.5456006606408,True,-1,-1,-1,0.0
SCEN-B,SPL,M0:fold0,,,mode127,FALLBACK,True,RSS=inf,False,-1,-1,-1,0.0
SCEN-B,SPL,M0:fold0,,,mode128,FALLBACK,True,RSS=inf,False,-1,-1,-1,0.0
SCEN-B,SPL,M0:fold0,,,mode129,FALLBACK,True,RSS=inf,False,-1,-1,-1,0.0
SCEN-B,SPL,M0:fold0,,,mode130,FALLBACK,True,RSS=inf,False,-1,-1,-1,0.0
SCEN-B,SPL,M0:fold0,,,mode131,FALLBACK,True,RSS=112.57520589387303,True,-1,-1,-1,0.0
SCEN-B,SPL,M0:fold0,,,mode132,FALLBACK,True,RSS=112.57520589379989,True,-1,-1,-1,0.0
SCEN-B,SPL,M0:fold0,,,mode133,FALLBACK,True,RSS=inf,False,-1,-1,-1,0.0
SCEN-B,SPL,M0:fold0,,,mode134,FALLBACK,True,RSS=112.57520589456973,True,-1,-1,-1,0.0
SCEN-B,SPL,M0:fold0,,,mode135,FALLBACK,True,RSS=112.57520589439875,True,-1,-1,-1,0.0
SCEN-B,SPL,M0:fold0,,,mode136,FALLBACK,True,RSS=112.57520589438883,True,-1,-1,-1,0.0
SCEN-B,SPL,M0:fold0,,,mode137,FALLBACK,True,RSS=inf,False,-1,-1,-1,0.0
SCEN-B,SPL,M0:fold0,,,mode138,FALLBACK,True,RSS=112.57520589440371,True,-1,-1,-1,0.0
SCEN-B,SPL,M0:fold0,,,mode139,FALLBACK,True,RSS=inf,False,-1,-1,-1,0.0
SCEN-B,SPL,M0:fold0,,,mode140,FALLBACK,True,RSS=112.57520589439613,True,-1,-1,-1,0.0
SCEN-B,SPL,M0:fold0,,,mode141,FALLBACK,True,RSS=112.57520589439159,True,-1,-1,-1,0.0
SCEN-B,SPL,M0:fold0,,,mode142,FALLBACK,True,RSS=inf,False,-1,-1,-1,0.0
SCEN-B,SPL,M0:fold0,,,mode143,FALLBACK,True,RSS=112.5752058939803,True,-1,-1,-1,0.0
SCEN-B,SPL,M0:fold0,,,mode144,FALLBACK,True,RSS=112.57520589450665,True,-1,-1,-1,0.0
SCEN-B,SPL,M0:fold0,,,mode145,FALLBACK,True,RSS=112.57520589398457,True,-1,-1,-1,0.0
SCEN-B,SPL,M0:fold1,,,INJECTED_FAILURE,none,TEST_ONLY_INJECTION,injected,False,-1,-1,-1,0.0
SCEN-B,SPL,M0:fold2,,,mode0,POLISH_EXPANDED,True,RSS=46.773614333835965,True,-1,-1,-1,0.0
SCEN-B,SPL,M0:fold2,,,mode1,POLISH,True,RSS=46.773614333835965,True,-1,-1,-1,0.0
SCEN-B,SPL,M0:fold2,,,mode2,POLISH_EXPANDED,True,RSS=46.773614333835965,True,-1,-1,-1,0.0
SCEN-B,SPL,M0:fold2,,,mode3,POLISH_EXPANDED,True,RSS=46.773614333835965,True,-1,-1,-1,0.0
SCEN-B,SPL,M0:fold2,,,mode4,POLISH_EXPANDED,True,RSS=46.773614333835965,True,-1,-1,-1,0.0
SCEN-B,SPL,M0:fold2,,,mode5,POLISH_EXPANDED,True,RSS=46.773614333835965,True,-1,-1,-1,0.0
SCEN-B,SPL,M0:fold2,,,mode6,POLISH_EXPANDED,True,RSS=46.773614333835965,True,-1,-1,-1,0.0
SCEN-B,SPL,M0:fold2,,,mode7,POLISH_EXPANDED,True,RSS=46.773614333835965,True,-1,-1,-1,0.0
SCEN-B,SPL,M0:fold2,,,mode8,POLISH_EXPANDED,True,RSS=46.773614333835965,True,-1,-1,-1,0.0
SCEN-B,SPL,M0:fold2,,,mode9,POLISH_EXPANDED,True,RSS=46.773614333835965,True,-1,-1,-1,0.0
SCEN-B,SPL,M0:fold2,,,mode10,POLISH_EXPANDED,True,RSS=46.773614333835965,True,-1,-1,-1,0.0
SCEN-B,SPL,M0:fold2,,,mode11,POLISH_EXPANDED,True,RSS=46.773614333835965,True,-1,-1,-1,0.0
SCEN-B,SPL,M0:fold2,,,mode12,POLISH_EXPANDED,True,RSS=46.773614333835965,True,-1,-1,-1,0.0
SCEN-B,SPL,M0:fold2,,,mode13,POLISH_EXPANDED,True,RSS=46.773614333835965,True,-1,-1,-1,0.0
SCEN-B,SPL,M0:fold2,,,mode14,POLISH_EXPANDED,True,RSS=46.773614333835965,True,-1,-1,-1,0.0
SCEN-B,SPL,M0:fold2,,,mode15,POLISH_EXPANDED,True,RSS=46.77361433383606,True,-1,-1,-1,0.0
SCEN-B,SPL,M0:fold2,,,mode16,POLISH_EXPANDED,True,RSS=46.77361433383589,True,-1,-1,-1,0.0
SCEN-B,SPL,M0:fold2,,,mode17,POLISH_EXPANDED,True,RSS=46.773614333835894,True,-1,-1,-1,0.0
SCEN-B,SPL,M0:fold2,,,mode18,POLISH_EXPANDED,True,RSS=46.77361433383596,True,-1,-1,-1,0.0
SCEN-B,SPL,M0:fold2,,,mode19,POLISH,True,RSS=46.512612723436455,True,-1,-1,-1,0.0
SCEN-B,SPL,M0:fold2,,,mode20,POLISH,True,RSS=45.95228556744201,True,-1,-1,-1,0.0
SCEN-B,SPL,M0:fold2,,,mode21,POLISH,True,RSS=45.34394309989485,True,-1,-1,-1,0.0
SCEN-B,SPL,M0:fold2,,,mode22,POLISH,True,RSS=44.792393394999976,True,-1,-1,-1,0.0
SCEN-B,SPL,M0:fold2,,,mode23,POLISH,True,RSS=44.32780653718454,True,-1,-1,-1,0.0
SCEN-B,SPL,M0:fold2,,,mode24,POLISH,True,RSS=43.951810776733545,True,-1,-1,-1,0.0
SCEN-B,SPL,M0:fold2,,,mode25,POLISH,True,RSS=43.65754174956634,True,-1,-1,-1,0.0
SCEN-B,SPL,M0:fold2,,,mode26,POLISH,True,RSS=43.4381209304048,True,-1,-1,-1,0.0
SCEN-B,SPL,M0:fold2,,,mode27,POLISH,True,RSS=43.289301402947515,True,-1,-1,-1,0.0
SCEN-B,SPL,M0:fold2,,,mode28,POLISH,True,RSS=43.21162411407647,True,-1,-1,-1,0.0
SCEN-B,SPL,M0:fold2,,,mode29,POLISH,True,RSS=43.1979108527782,True,-1,-1,-1,0.0
SCEN-B,SPL,M0:fold2,,,mode30,POLISH,True,RSS=43.197910852778364,True,-1,-1,-1,0.0
SCEN-B,SPL,M0:fold2,,,mode31,POLISH_EXPANDED,True,RSS=43.1979108527782,True,-1,-1,-1,0.0
SCEN-B,SPL,M0:fold2,,,mode32,POLISH,True,RSS=43.1979108527782,True,-1,-1,-1,0.0
SCEN-B,SPL,M0:fold2,,,mode33,POLISH,True,RSS=43.19791085277835,True,-1,-1,-1,0.0
SCEN-B,SPL,M0:fold2,,,mode34,POLISH_EXPANDED,True,RSS=43.1979108527782,True,-1,-1,-1,0.0
SCEN-B,SPL,M0:fold2,,,mode35,POLISH_EXPANDED,True,RSS=43.1979108527782,True,-1,-1,-1,0.0
SCEN-B,SPL,M0:fold2,,,mode36,POLISH,True,RSS=43.197910852778286,True,-1,-1,-1,0.0
SCEN-B,SPL,M0:fold2,,,mode37,POLISH_EXPANDED,True,RSS=43.197910852778264,True,-1,-1,-1,0.0
SCEN-B,SPL,M0:fold2,,,mode38,POLISH_EXPANDED,True,RSS=43.09543251877053,True,-1,-1,-1,0.0
SCEN-B,SPL,M0:fold2,,,mode39,POLISH,True,RSS=42.69753978204249,True,-1,-1,-1,0.0
SCEN-B,SPL,M0:fold2,,,mode40,POLISH,True,RSS=42.06391953731371,True,-1,-1,-1,0.0
SCEN-B,SPL,M0:fold2,,,mode41,POLISH,True,RSS=41.34704138252792,True,-1,-1,-1,0.0
SCEN-B,SPL,M0:fold2,,,mode42,POLISH_EXPANDED,True,RSS=40.70630217713237,True,-1,-1,-1,0.0
SCEN-B,SPL,M0:fold2,,,mode43,POLISH,True,RSS=40.170688876941284,True,-1,-1,-1,0.0
SCEN-B,SPL,M0:fold2,,,mode44,POLISH,True,RSS=39.7143521796622,True,-1,-1,-1,0.0
SCEN-B,SPL,M0:fold2,,,mode45,POLISH_EXPANDED,True,RSS=39.33294116196123,True,-1,-1,-1,0.0
SCEN-B,SPL,M0:fold2,,,mode46,POLISH,True,RSS=39.01270362087779,True,-1,-1,-1,0.0
SCEN-B,SPL,M0:fold2,,,mode47,POLISH,True,RSS=38.74136417502402,True,-1,-1,-1,0.0
SCEN-B,SPL,M0:fold2,,,mode48,POLISH,True,RSS=38.51732040697594,True,-1,-1,-1,0.0
SCEN-B,SPL,M0:fold2,,,mode49,POLISH,True,RSS=38.32969975122752,True,-1,-1,-1,0.0
SCEN-B,SPL,M0:fold2,,,mode50,POLISH,True,RSS=38.173693653833304,True,-1,-1,-1,0.0
SCEN-B,SPL,M0:fold2,,,mode51,POLISH_EXPANDED,True,RSS=38.047620850798786,True,-1,-1,-1,0.0
SCEN-B,SPL,M0:fold2,,,mode52,POLISH,True,RSS=37.947601861876926,True,-1,-1,-1,0.0
SCEN-B,SPL,M0:fold2,,,mode53,POLISH_EXPANDED,True,RSS=37.8702805893344,True,-1,-1,-1,0.0
SCEN-B,SPL,M0:fold2,,,mode54,POLISH,True,RSS=37.81414667376797,True,-1,-1,-1,0.0
SCEN-B,SPL,M0:fold2,,,mode55,POLISH,True,RSS=37.77813525799971,True,-1,-1,-1,0.0
SCEN-B,SPL,M0:fold2,,,mode56,POLISH,True,RSS=37.76300958687111,True,-1,-1,-1,0.0
SCEN-B,SPL,M0:fold2,,,mode57,POLISH,True,RSS=37.761549652240234,True,-1,-1,-1,0.0
SCEN-B,SPL,M0:fold2,,,mode58,POLISH,True,RSS=37.76658012680573,True,-1,-1,-1,0.0
SCEN-B,SPL,M0:fold2,,,mode59,POLISH_EXPANDED,True,RSS=37.76963521533374,True,-1,-1,-1,0.0
SCEN-B,SPL,M0:fold2,,,mode60,POLISH,True,RSS=37.76434550600069,True,-1,-1,-1,0.0
SCEN-B,SPL,M0:fold2,,,mode61,POLISH_EXPANDED,True,RSS=37.545569062285786,True,-1,-1,-1,0.0
SCEN-B,SPL,M0:fold2,,,mode62,POLISH_EXPANDED,True,RSS=36.50119813789153,True,-1,-1,-1,0.0
SCEN-B,SPL,M0:fold2,,,mode63,POLISH,True,RSS=34.96872193316124,True,-1,-1,-1,0.0
SCEN-B,SPL,M0:fold2,,,mode64,POLISH,True,RSS=33.18815077863336,True,-1,-1,-1,0.0
SCEN-B,SPL,M0:fold2,,,mode65,POLISH,True,RSS=31.476060821919155,True,-1,-1,-1,0.0
SCEN-B,SPL,M0:fold2,,,mode66,POLISH,True,RSS=29.913993919548904,True,-1,-1,-1,0.0
SCEN-B,SPL,M0:fold2,,,mode67,POLISH,True,RSS=28.47775825570831,True,-1,-1,-1,0.0
SCEN-B,SPL,M0:fold2,,,mode68,POLISH,True,RSS=27.150141552572492,True,-1,-1,-1,0.0
SCEN-B,SPL,M0:fold2,,,mode69,POLISH_EXPANDED,True,RSS=25.936170412453663,True,-1,-1,-1,0.0
SCEN-B,SPL,M0:fold2,,,mode70,POLISH_EXPANDED,True,RSS=24.81394595642975,True,-1,-1,-1,0.0
SCEN-B,SPL,M0:fold2,,,mode71,POLISH_EXPANDED,True,RSS=23.76060401876403,True,-1,-1,-1,0.0
SCEN-B,SPL,M0:fold2,,,mode72,POLISH,True,RSS=22.75836353620746,True,-1,-1,-1,0.0
SCEN-B,SPL,M0:fold2,,,mode73,POLISH_EXPANDED,True,RSS=21.791135334750088,True,-1,-1,-1,0.0
SCEN-B,SPL,M0:fold2,,,mode74,POLISH,True,RSS=20.845808822400464,True,-1,-1,-1,0.0
SCEN-B,SPL,M0:fold2,,,mode75,POLISH,True,RSS=19.91204150058169,True,-1,-1,-1,0.0
SCEN-B,SPL,M0:fold2,,,mode76,POLISH,True,RSS=18.9745329702091,True,-1,-1,-1,0.0
SCEN-B,SPL,M0:fold2,,,mode77,POLISH,True,RSS=18.034645091501687,True,-1,-1,-1,0.0
SCEN-B,SPL,M0:fold2,,,mode78,POLISH,True,RSS=17.083702043333673,True,-1,-1,-1,0.0
SCEN-B,SPL,M0:fold2,,,mode79,POLISH,True,RSS=16.124714587114127,True,-1,-1,-1,0.0
SCEN-B,SPL,M0:fold2,,,mode80,POLISH,True,RSS=15.179865029550898,True,-1,-1,-1,0.0
SCEN-B,SPL,M0:fold2,,,mode81,POLISH_EXPANDED,True,RSS=14.28452576336614,True,-1,-1,-1,0.0
SCEN-B,SPL,M0:fold2,,,mode82,POLISH_EXPANDED,True,RSS=13.510328810516326,True,-1,-1,-1,0.0
SCEN-B,SPL,M0:fold2,,,mode83,POLISH_EXPANDED,True,RSS=12.982334011134718,True,-1,-1,-1,0.0
SCEN-B,SPL,M0:fold2,,,mode84,POLISH,True,RSS=12.844125742873942,True,-1,-1,-1,0.0
SCEN-B,SPL,M0:fold2,,,mode85,POLISH_EXPANDED,True,RSS=12.849380134313758,True,-1,-1,-1,0.0
SCEN-B,SPL,M0:fold2,,,mode86,POLISH,True,RSS=13.201385296288647,True,-1,-1,-1,0.0
SCEN-B,SPL,M0:fold2,,,mode87,POLISH,True,RSS=14.827136917472973,True,-1,-1,-1,0.0
SCEN-B,SPL,M0:fold2,,,mode88,POLISH,True,RSS=18.105803088780565,True,-1,-1,-1,0.0
SCEN-B,SPL,M0:fold2,,,mode89,POLISH,True,RSS=21.05542683437393,True,-1,-1,-1,0.0
SCEN-B,SPL,M0:fold2,,,mode90,POLISH_EXPANDED,True,RSS=23.3889664786478,True,-1,-1,-1,0.0
SCEN-B,SPL,M0:fold2,,,mode91,POLISH,True,RSS=25.246553734709412,True,-1,-1,-1,0.0
SCEN-B,SPL,M0:fold2,,,mode92,POLISH,True,RSS=26.76024875848726,True,-1,-1,-1,0.0
SCEN-B,SPL,M0:fold2,,,mode93,POLISH_EXPANDED,True,RSS=28.02447221304393,True,-1,-1,-1,0.0
SCEN-B,SPL,M0:fold2,,,mode94,POLISH,True,RSS=29.108312440225717,True,-1,-1,-1,0.0
SCEN-B,SPL,M0:fold2,,,mode95,POLISH,True,RSS=30.04578677182246,True,-1,-1,-1,0.0
SCEN-B,SPL,M0:fold2,,,mode96,POLISH_EXPANDED,True,RSS=30.830601149686956,True,-1,-1,-1,0.0
SCEN-B,SPL,M0:fold2,,,mode97,FALLBACK,True,RSS=31.505765035767187,True,-1,-1,-1,0.0
SCEN-B,SPL,M0:fold2,,,mode98,POLISH,True,RSS=32.10539828446834,True,-1,-1,-1,0.0
SCEN-B,SPL,M0:fold2,,,mode99,POLISH,True,RSS=32.651418849675984,True,-1,-1,-1,0.0
SCEN-B,SPL,M0:fold2,,,mode100,POLISH,True,RSS=33.166883258527506,True,-1,-1,-1,0.0
SCEN-B,SPL,M0:fold2,,,mode101,POLISH_EXPANDED,True,RSS=33.670534657888254,True,-1,-1,-1,0.0
SCEN-B,SPL,M0:fold2,,,mode102,POLISH_EXPANDED,True,RSS=34.179405502828196,True,-1,-1,-1,0.0
SCEN-B,SPL,M0:fold2,,,mode103,POLISH,True,RSS=34.713372706636314,True,-1,-1,-1,0.0
SCEN-B,SPL,M0:fold2,,,mode104,POLISH,True,RSS=35.283279273959494,True,-1,-1,-1,0.0
SCEN-B,SPL,M0:fold2,,,mode105,POLISH,True,RSS=35.915799633417656,True,-1,-1,-1,0.0
SCEN-B,SPL,M0:fold2,,,mode106,POLISH_EXPANDED,True,RSS=36.642124683004475,True,-1,-1,-1,0.0
SCEN-B,SPL,M0:fold2,,,mode107,POLISH_EXPANDED,True,RSS=37.4733051598258,True,-1,-1,-1,0.0
SCEN-B,SPL,M0:fold2,,,mode108,POLISH,True,RSS=38.41563650529195,True,-1,-1,-1,0.0
SCEN-B,SPL,M0:fold2,,,mode109,POLISH,True,RSS=39.44902961184141,True,-1,-1,-1,0.0
SCEN-B,SPL,M0:fold2,,,mode110,POLISH,True,RSS=40.22841780586738,True,-1,-1,-1,0.0
SCEN-B,SPL,M0:fold2,,,mode111,POLISH,True,RSS=40.404104494134415,True,-1,-1,-1,0.0
SCEN-B,SPL,M0:fold2,,,mode112,POLISH,True,RSS=40.40842773367134,True,-1,-1,-1,0.0
SCEN-B,SPL,M0:fold2,,,mode113,POLISH,True,RSS=40.40842773367127,True,-1,-1,-1,0.0
SCEN-B,SPL,M0:fold2,,,mode114,POLISH,True,RSS=40.40842773367115,True,-1,-1,-1,0.0
SCEN-B,SPL,M0:fold2,,,mode115,POLISH,True,RSS=40.408427733671246,True,-1,-1,-1,0.0
SCEN-B,SPL,M0:fold2,,,mode116,POLISH,True,RSS=40.40842773367213,True,-1,-1,-1,0.0
SCEN-B,SPL,M0:fold2,,,mode117,FALLBACK,True,RSS=40.42049302267981,True,-1,-1,-1,0.0
SCEN-B,SPL,M0:fold2,,,mode118,POLISH,True,RSS=40.485835427243764,True,-1,-1,-1,0.0
SCEN-B,SPL,M0:fold2,,,mode119,POLISH,True,RSS=40.60462465419557,True,-1,-1,-1,0.0
SCEN-B,SPL,M0:fold2,,,mode120,POLISH,True,RSS=40.76996132588907,True,-1,-1,-1,0.0
SCEN-B,SPL,M0:fold2,,,mode121,POLISH,True,RSS=40.97802553105321,True,-1,-1,-1,0.0
SCEN-B,SPL,M0:fold2,,,mode122,POLISH,True,RSS=41.22521282634245,True,-1,-1,-1,0.0
SCEN-B,SPL,M0:fold2,,,mode123,POLISH,True,RSS=41.503524758177576,True,-1,-1,-1,0.0
SCEN-B,SPL,M0:fold2,,,mode124,POLISH,True,RSS=41.793796792159775,True,-1,-1,-1,0.0
SCEN-B,SPL,M0:fold2,,,mode125,POLISH,True,RSS=42.05338278351298,True,-1,-1,-1,0.0
SCEN-B,SPL,M0:fold2,,,mode126,POLISH,True,RSS=42.19691807561598,True,-1,-1,-1,0.0
SCEN-B,SPL,M0:fold2,,,mode127,POLISH,True,RSS=42.20021866599212,True,-1,-1,-1,0.0
SCEN-B,SPL,M0:fold2,,,mode128,POLISH,True,RSS=42.20021866599211,True,-1,-1,-1,0.0
SCEN-B,SPL,M0:fold2,,,mode129,POLISH,True,RSS=42.200218665992104,True,-1,-1,-1,0.0
SCEN-B,SPL,M0:fold2,,,mode130,POLISH,True,RSS=42.200218665992075,True,-1,-1,-1,0.0
SCEN-B,SPL,M0:fold2,,,mode131,POLISH,True,RSS=42.20021866599206,True,-1,-1,-1,0.0
SCEN-B,SPL,M0:fold2,,,mode132,POLISH,True,RSS=42.20021866599216,True,-1,-1,-1,0.0
SCEN-B,SPL,M0:fold2,,,mode133,POLISH,True,RSS=42.20021866599206,True,-1,-1,-1,0.0
SCEN-B,SPL,M0:fold2,,,mode134,POLISH,True,RSS=42.200218665992075,True,-1,-1,-1,0.0
SCEN-B,SPL,M0:fold2,,,mode135,POLISH,True,RSS=42.200218665992075,True,-1,-1,-1,0.0
SCEN-B,SPL,M0:fold2,,,mode136,POLISH,True,RSS=42.200218665992075,True,-1,-1,-1,0.0
SCEN-B,SPL,M0:fold2,,,mode137,POLISH,True,RSS=42.200218665992075,True,-1,-1,-1,0.0
SCEN-B,SPL,M0:fold2,,,mode138,POLISH,True,RSS=42.200218665992075,True,-1,-1,-1,0.0
SCEN-B,SPL,M0:fold2,,,mode139,POLISH,True,RSS=42.200218665992075,True,-1,-1,-1,0.0
SCEN-B,SPL,M0:fold2,,,mode140,POLISH,True,RSS=42.200218665992075,True,-1,-1,-1,0.0
SCEN-B,SPL,M0:fold2,,,mode141,POLISH,True,RSS=42.200218665992075,True,-1,-1,-1,0.0
SCEN-B,SPL,M0:fold2,,,mode142,POLISH,True,RSS=42.200218665992075,True,-1,-1,-1,0.0
SCEN-B,SPL,M0:fold2,,,mode143,POLISH,True,RSS=42.200218665992075,True,-1,-1,-1,0.0
SCEN-B,SPL,M0:fold2,,,mode144,POLISH,True,RSS=42.200218665992075,True,-1,-1,-1,0.0
SCEN-B,SPL,M0:fold2,,,mode145,POLISH,True,RSS=42.20021866599213,True,-1,-1,-1,0.0
SCEN-B,SPL,M0:fold3,,,mode0,POLISH,True,RSS=111.00516367491414,True,-1,-1,-1,0.0
SCEN-B,SPL,M0:fold3,,,mode1,POLISH_EXPANDED,True,RSS=111.00516367491139,True,-1,-1,-1,0.0
SCEN-B,SPL,M0:fold3,,,mode2,POLISH,True,RSS=111.00516367491139,True,-1,-1,-1,0.0
SCEN-B,SPL,M0:fold3,,,mode3,POLISH,True,RSS=111.00516367491139,True,-1,-1,-1,0.0
SCEN-B,SPL,M0:fold3,,,mode4,POLISH,True,RSS=111.00516367491139,True,-1,-1,-1,0.0
SCEN-B,SPL,M0:fold3,,,mode5,POLISH_EXPANDED,True,RSS=111.00516367491139,True,-1,-1,-1,0.0
SCEN-B,SPL,M0:fold3,,,mode6,POLISH,True,RSS=111.00516367491139,True,-1,-1,-1,0.0
SCEN-B,SPL,M0:fold3,,,mode7,POLISH,True,RSS=111.00516367491139,True,-1,-1,-1,0.0
SCEN-B,SPL,M0:fold3,,,mode8,POLISH,True,RSS=111.00516367491139,True,-1,-1,-1,0.0
SCEN-B,SPL,M0:fold3,,,mode9,POLISH,True,RSS=111.00516367491366,True,-1,-1,-1,0.0
SCEN-B,SPL,M0:fold3,,,mode10,POLISH,True,RSS=111.00516367491139,True,-1,-1,-1,0.0
SCEN-B,SPL,M0:fold3,,,mode11,POLISH,True,RSS=111.00516367491336,True,-1,-1,-1,0.0
SCEN-B,SPL,M0:fold3,,,mode12,POLISH,True,RSS=111.00516367491338,True,-1,-1,-1,0.0
SCEN-B,SPL,M0:fold3,,,mode13,POLISH,True,RSS=111.00516367491139,True,-1,-1,-1,0.0
SCEN-B,SPL,M0:fold3,,,mode14,POLISH,True,RSS=111.00516367491139,True,-1,-1,-1,0.0
SCEN-B,SPL,M0:fold3,,,mode15,POLISH,True,RSS=111.00516367491139,True,-1,-1,-1,0.0
SCEN-B,SPL,M0:fold3,,,mode16,POLISH,True,RSS=111.00516367491139,True,-1,-1,-1,0.0
SCEN-B,SPL,M0:fold3,,,mode17,POLISH,True,RSS=111.00516367491407,True,-1,-1,-1,0.0
SCEN-B,SPL,M0:fold3,,,mode18,POLISH,True,RSS=111.00516367491414,True,-1,-1,-1,0.0
SCEN-B,SPL,M0:fold3,,,mode19,POLISH,True,RSS=110.48960586540885,True,-1,-1,-1,0.0
SCEN-B,SPL,M0:fold3,,,mode20,POLISH_EXPANDED,True,RSS=108.8390888743077,True,-1,-1,-1,0.0
SCEN-B,SPL,M0:fold3,,,mode21,POLISH,True,RSS=106.89221795781398,True,-1,-1,-1,0.0
SCEN-B,SPL,M0:fold3,,,mode22,POLISH,True,RSS=105.05232583283036,True,-1,-1,-1,0.0
SCEN-B,SPL,M0:fold3,,,mode23,POLISH,True,RSS=103.46576725127866,True,-1,-1,-1,0.0
SCEN-B,SPL,M0:fold3,,,mode24,POLISH,True,RSS=102.16070538488954,True,-1,-1,-1,0.0
SCEN-B,SPL,M0:fold3,,,mode25,POLISH,True,RSS=101.12733523625988,True,-1,-1,-1,0.0
SCEN-B,SPL,M0:fold3,,,mode26,POLISH,True,RSS=100.34768000251242,True,-1,-1,-1,0.0
SCEN-B,SPL,M0:fold3,,,mode27,POLISH,True,RSS=99.813619097051,True,-1,-1,-1,0.0
SCEN-B,SPL,M0:fold3,,,mode28,POLISH,True,RSS=99.53240320758196,True,-1,-1,-1,0.0
SCEN-B,SPL,M0:fold3,,,mode29,POLISH,True,RSS=99.47998627951854,True,-1,-1,-1,0.0
SCEN-B,SPL,M0:fold3,,,mode30,POLISH,True,RSS=99.45773972995866,True,-1,-1,-1,0.0
SCEN-B,SPL,M0:fold3,,,mode31,POLISH,True,RSS=99.43250433297462,True,-1,-1,-1,0.0
SCEN-B,SPL,M0:fold3,,,mode32,POLISH,True,RSS=99.37877552228004,True,-1,-1,-1,0.0
SCEN-B,SPL,M0:fold3,,,mode33,POLISH,True,RSS=99.30154880659899,True,-1,-1,-1,0.0
SCEN-B,SPL,M0:fold3,,,mode34,POLISH,True,RSS=99.16999166054366,True,-1,-1,-1,0.0
SCEN-B,SPL,M0:fold3,,,mode35,POLISH,True,RSS=98.9427947832627,True,-1,-1,-1,0.0
SCEN-B,SPL,M0:fold3,,,mode36,POLISH_EXPANDED,True,RSS=98.53219783549753,True,-1,-1,-1,0.0
SCEN-B,SPL,M0:fold3,,,mode37,POLISH_EXPANDED,True,RSS=97.84352116892231,True,-1,-1,-1,0.0
SCEN-B,SPL,M0:fold3,,,mode38,POLISH_EXPANDED,True,RSS=96.66994082873477,True,-1,-1,-1,0.0
SCEN-B,SPL,M0:fold3,,,mode39,POLISH_EXPANDED,True,RSS=94.9031958469007,True,-1,-1,-1,0.0
SCEN-B,SPL,M0:fold3,,,mode40,POLISH,True,RSS=92.63326548504332,True,-1,-1,-1,0.0
SCEN-B,SPL,M0:fold3,,,mode41,POLISH_EXPANDED,True,RSS=90.25846388959108,True,-1,-1,-1,0.0
SCEN-B,SPL,M0:fold3,,,mode42,POLISH_EXPANDED,True,RSS=88.18930653456464,True,-1,-1,-1,0.0
SCEN-B,SPL,M0:fold3,,,mode43,POLISH_EXPANDED,True,RSS=86.46530241455669,True,-1,-1,-1,0.0
SCEN-B,SPL,M0:fold3,,,mode44,POLISH,True,RSS=84.98645589015231,True,-1,-1,-1,0.0
SCEN-B,SPL,M0:fold3,,,mode45,POLISH_EXPANDED,True,RSS=83.76082336970177,True,-1,-1,-1,0.0
SCEN-B,SPL,M0:fold3,,,mode46,POLISH,True,RSS=82.71967845970893,True,-1,-1,-1,0.0
SCEN-B,SPL,M0:fold3,,,mode47,POLISH_EXPANDED,True,RSS=81.84698141006395,True,-1,-1,-1,0.0
SCEN-B,SPL,M0:fold3,,,mode48,POLISH_EXPANDED,True,RSS=81.12513614009922,True,-1,-1,-1,0.0
SCEN-B,SPL,M0:fold3,,,mode49,POLISH,True,RSS=80.51257083135368,True,-1,-1,-1,0.0
SCEN-B,SPL,M0:fold3,,,mode50,POLISH_EXPANDED,True,RSS=80.02235996632339,True,-1,-1,-1,0.0
SCEN-B,SPL,M0:fold3,,,mode51,POLISH_EXPANDED,True,RSS=79.61861691805314,True,-1,-1,-1,0.0
SCEN-B,SPL,M0:fold3,,,mode52,POLISH,True,RSS=79.29048582452472,True,-1,-1,-1,0.0
SCEN-B,SPL,M0:fold3,,,mode53,POLISH,True,RSS=79.0499922177979,True,-1,-1,-1,0.0
SCEN-B,SPL,M0:fold3,,,mode54,POLISH,True,RSS=78.86899359851365,True,-1,-1,-1,0.0
SCEN-B,SPL,M0:fold3,,,mode55,POLISH,True,RSS=78.74181433964252,True,-1,-1,-1,0.0
SCEN-B,SPL,M0:fold3,,,mode56,POLISH,True,RSS=78.68192637361749,True,-1,-1,-1,0.0
SCEN-B,SPL,M0:fold3,,,mode57,POLISH_EXPANDED,True,RSS=78.66394258913755,True,-1,-1,-1,0.0
SCEN-B,SPL,M0:fold3,,,mode58,POLISH_EXPANDED,True,RSS=78.66909682143654,True,-1,-1,-1,0.0
SCEN-B,SPL,M0:fold3,,,mode59,POLISH_EXPANDED,True,RSS=76.95624806715261,True,-1,-1,-1,0.0
SCEN-B,SPL,M0:fold3,,,mode60,POLISH,True,RSS=72.28920317363664,True,-1,-1,-1,0.0
SCEN-B,SPL,M0:fold3,,,mode61,POLISH,True,RSS=66.72604461262249,True,-1,-1,-1,0.0
SCEN-B,SPL,M0:fold3,,,mode62,POLISH,True,RSS=61.319342883667304,True,-1,-1,-1,0.0
SCEN-B,SPL,M0:fold3,,,mode63,POLISH_EXPANDED,True,RSS=56.691883221655864,True,-1,-1,-1,0.0
SCEN-B,SPL,M0:fold3,,,mode64,POLISH_EXPANDED,True,RSS=52.82651831344978,True,-1,-1,-1,0.0
SCEN-B,SPL,M0:fold3,,,mode65,POLISH,True,RSS=49.55626734945595,True,-1,-1,-1,0.0
SCEN-B,SPL,M0:fold3,,,mode66,POLISH,True,RSS=46.73416030967699,True,-1,-1,-1,0.0
SCEN-B,SPL,M0:fold3,,,mode67,POLISH_EXPANDED,True,RSS=44.26294711750556,True,-1,-1,-1,0.0
SCEN-B,SPL,M0:fold3,,,mode68,POLISH_EXPANDED,True,RSS=42.06154698900925,True,-1,-1,-1,0.0
SCEN-B,SPL,M0:fold3,,,mode69,POLISH_EXPANDED,True,RSS=40.063830937696686,True,-1,-1,-1,0.0
SCEN-B,SPL,M0:fold3,,,mode70,POLISH,True,RSS=38.22188630453525,True,-1,-1,-1,0.0
SCEN-B,SPL,M0:fold3,,,mode71,POLISH_EXPANDED,True,RSS=36.48778797903317,True,-1,-1,-1,0.0
SCEN-B,SPL,M0:fold3,,,mode72,POLISH_EXPANDED,True,RSS=34.832526953839995,True,-1,-1,-1,0.0
SCEN-B,SPL,M0:fold3,,,mode73,POLISH_EXPANDED,True,RSS=33.220852520893644,True,-1,-1,-1,0.0
SCEN-B,SPL,M0:fold3,,,mode74,POLISH_EXPANDED,True,RSS=31.624730200111795,True,-1,-1,-1,0.0
SCEN-B,SPL,M0:fold3,,,mode75,POLISH_EXPANDED,True,RSS=30.021817378196406,True,-1,-1,-1,0.0
SCEN-B,SPL,M0:fold3,,,mode76,POLISH,True,RSS=28.385393633503025,True,-1,-1,-1,0.0
SCEN-B,SPL,M0:fold3,,,mode77,POLISH,True,RSS=26.681507857415276,True,-1,-1,-1,0.0
SCEN-B,SPL,M0:fold3,,,mode78,POLISH,True,RSS=24.89371184664358,True,-1,-1,-1,0.0
SCEN-B,SPL,M0:fold3,,,mode79,POLISH,True,RSS=23.000100958729146,True,-1,-1,-1,0.0
SCEN-B,SPL,M0:fold3,,,mode80,POLISH,True,RSS=20.98539322082504,True,-1,-1,-1,0.0
SCEN-B,SPL,M0:fold3,,,mode81,POLISH,True,RSS=18.85295283829296,True,-1,-1,-1,0.0
SCEN-B,SPL,M0:fold3,,,mode82,POLISH_EXPANDED,True,RSS=16.652571855867656,True,-1,-1,-1,0.0
SCEN-B,SPL,M0:fold3,,,mode83,POLISH_EXPANDED,True,RSS=14.546316750479326,True,-1,-1,-1,0.0
SCEN-B,SPL,M0:fold3,,,mode84,POLISH,True,RSS=12.936493103498881,True,-1,-1,-1,0.0
SCEN-B,SPL,M0:fold3,,,mode85,POLISH_EXPANDED,True,RSS=12.482184054265963,True,-1,-1,-1,0.0
SCEN-B,SPL,M0:fold3,,,mode86,POLISH,True,RSS=12.530852003138673,True,-1,-1,-1,0.0
SCEN-B,SPL,M0:fold3,,,mode87,POLISH_EXPANDED,True,RSS=13.99689291618298,True,-1,-1,-1,0.0
SCEN-B,SPL,M0:fold3,,,mode88,POLISH,True,RSS=17.783775574419014,True,-1,-1,-1,0.0
SCEN-B,SPL,M0:fold3,,,mode89,POLISH,True,RSS=22.49911865889886,True,-1,-1,-1,0.0
SCEN-B,SPL,M0:fold3,,,mode90,POLISH,True,RSS=27.18231651151136,True,-1,-1,-1,0.0
SCEN-B,SPL,M0:fold3,,,mode91,FALLBACK,True,RSS=31.395098196205723,True,-1,-1,-1,0.0
SCEN-B,SPL,M0:fold3,,,mode92,POLISH,True,RSS=34.99367918957203,True,-1,-1,-1,0.0
SCEN-B,SPL,M0:fold3,,,mode93,POLISH,True,RSS=37.989940410465636,True,-1,-1,-1,0.0
SCEN-B,SPL,M0:fold3,,,mode94,POLISH,True,RSS=40.54955028844864,True,-1,-1,-1,0.0
SCEN-B,SPL,M0:fold3,,,mode95,POLISH_EXPANDED,True,RSS=42.80100038773891,True,-1,-1,-1,0.0
SCEN-B,SPL,M0:fold3,,,mode96,POLISH_EXPANDED,True,RSS=44.83005236603164,True,-1,-1,-1,0.0
SCEN-B,SPL,M0:fold3,,,mode97,POLISH,True,RSS=46.70629849171452,True,-1,-1,-1,0.0
SCEN-B,SPL,M0:fold3,,,mode98,POLISH,True,RSS=48.486552076799896,True,-1,-1,-1,0.0
SCEN-B,SPL,M0:fold3,,,mode99,POLISH,True,RSS=50.21878206007345,True,-1,-1,-1,0.0
SCEN-B,SPL,M0:fold3,,,mode100,POLISH,True,RSS=51.943849542162745,True,-1,-1,-1,0.0
SCEN-B,SPL,M0:fold3,,,mode101,POLISH,True,RSS=53.697259527060204,True,-1,-1,-1,0.0
SCEN-B,SPL,M0:fold3,,,mode102,POLISH,True,RSS=55.510235576202746,True,-1,-1,-1,0.0
SCEN-B,SPL,M0:fold3,,,mode103,POLISH,True,RSS=57.40981023213355,True,-1,-1,-1,0.0
SCEN-B,SPL,M0:fold3,,,mode104,POLISH,True,RSS=59.41745373159606,True,-1,-1,-1,0.0
SCEN-B,SPL,M0:fold3,,,mode105,POLISH,True,RSS=61.6357600124953,True,-1,-1,-1,0.0
SCEN-B,SPL,M0:fold3,,,mode106,POLISH,True,RSS=64.36095157592854,True,-1,-1,-1,0.0
SCEN-B,SPL,M0:fold3,,,mode107,POLISH,True,RSS=67.76705884296331,True,-1,-1,-1,0.0
SCEN-B,SPL,M0:fold3,,,mode108,POLISH,True,RSS=72.03957055850758,True,-1,-1,-1,0.0
SCEN-B,SPL,M0:fold3,,,mode109,POLISH,True,RSS=76.96193234950533,True,-1,-1,-1,0.0
SCEN-B,SPL,M0:fold3,,,mode110,POLISH,True,RSS=79.52339900546477,True,-1,-1,-1,0.0
SCEN-B,SPL,M0:fold3,,,mode111,POLISH,True,RSS=80.31157841943079,True,-1,-1,-1,0.0
SCEN-B,SPL,M0:fold3,,,mode112,POLISH,True,RSS=80.5339604947638,True,-1,-1,-1,0.0
SCEN-B,SPL,M0:fold3,,,mode113,POLISH_EXPANDED,True,RSS=80.56781493815458,True,-1,-1,-1,0.0
SCEN-B,SPL,M0:fold3,,,mode114,POLISH,True,RSS=80.56781493815458,True,-1,-1,-1,0.0
SCEN-B,SPL,M0:fold3,,,mode115,POLISH,True,RSS=80.56781493815458,True,-1,-1,-1,0.0
SCEN-B,SPL,M0:fold3,,,mode116,POLISH,True,RSS=80.56781493815458,True,-1,-1,-1,0.0
SCEN-B,SPL,M0:fold3,,,mode117,POLISH,True,RSS=80.63360189971343,True,-1,-1,-1,0.0
SCEN-B,SPL,M0:fold3,,,mode118,POLISH,True,RSS=81.00039314084282,True,-1,-1,-1,0.0
SCEN-B,SPL,M0:fold3,,,mode119,POLISH,True,RSS=81.6883138395142,True,-1,-1,-1,0.0
SCEN-B,SPL,M0:fold3,,,mode120,POLISH,True,RSS=82.67818770225912,True,-1,-1,-1,0.0
SCEN-B,SPL,M0:fold3,,,mode121,POLISH,True,RSS=83.9679606449206,True,-1,-1,-1,0.0
SCEN-B,SPL,M0:fold3,,,mode122,POLISH,True,RSS=85.55792059443205,True,-1,-1,-1,0.0
SCEN-B,SPL,M0:fold3,,,mode123,POLISH,True,RSS=87.43417097960555,True,-1,-1,-1,0.0
SCEN-B,SPL,M0:fold3,,,mode124,POLISH,True,RSS=89.52052490730885,True,-1,-1,-1,0.0
SCEN-B,SPL,M0:fold3,,,mode125,POLISH,True,RSS=91.58811938322552,True,-1,-1,-1,0.0
SCEN-B,SPL,M0:fold3,,,mode126,POLISH,True,RSS=93.08206435157152,True,-1,-1,-1,0.0
SCEN-B,SPL,M0:fold3,,,mode127,POLISH,True,RSS=93.29480122005036,True,-1,-1,-1,0.0
SCEN-B,SPL,M0:fold3,,,mode128,POLISH,True,RSS=93.2948012200505,True,-1,-1,-1,0.0
SCEN-B,SPL,M0:fold3,,,mode129,POLISH,True,RSS=93.29480122005022,True,-1,-1,-1,0.0
SCEN-B,SPL,M0:fold3,,,mode130,POLISH,True,RSS=93.29480122005016,True,-1,-1,-1,0.0
SCEN-B,SPL,M0:fold3,,,mode131,POLISH,True,RSS=93.29480122005016,True,-1,-1,-1,0.0
SCEN-B,SPL,M0:fold3,,,mode132,POLISH,True,RSS=93.29480122005016,True,-1,-1,-1,0.0
SCEN-B,SPL,M0:fold3,,,mode133,POLISH,True,RSS=93.29480122005016,True,-1,-1,-1,0.0
SCEN-B,SPL,M0:fold3,,,mode134,POLISH,True,RSS=93.2948012200488,True,-1,-1,-1,0.0
SCEN-B,SPL,M0:fold3,,,mode135,POLISH,True,RSS=93.29480122005013,True,-1,-1,-1,0.0
SCEN-B,SPL,M0:fold3,,,mode136,POLISH,True,RSS=93.29480122005016,True,-1,-1,-1,0.0
SCEN-B,SPL,M0:fold3,,,mode137,POLISH,True,RSS=93.29480122005016,True,-1,-1,-1,0.0
SCEN-B,SPL,M0:fold3,,,mode138,POLISH,True,RSS=93.29480122005016,True,-1,-1,-1,0.0
SCEN-B,SPL,M0:fold3,,,mode139,POLISH,True,RSS=93.29480122005016,True,-1,-1,-1,0.0
SCEN-B,SPL,M0:fold3,,,mode140,POLISH,True,RSS=93.29480122005016,True,-1,-1,-1,0.0
SCEN-B,SPL,M0:fold3,,,mode141,POLISH,True,RSS=93.29480122005016,True,-1,-1,-1,0.0
SCEN-B,SPL,M0:fold3,,,mode142,POLISH,True,RSS=93.29480122005016,True,-1,-1,-1,0.0
SCEN-B,SPL,M0:fold3,,,mode143,POLISH,True,RSS=93.29480122005016,True,-1,-1,-1,0.0
SCEN-B,SPL,M0:fold3,,,mode144,POLISH,True,RSS=93.29480122005016,True,-1,-1,-1,0.0
SCEN-B,SPL,M0:fold3,,,mode145,POLISH,True,RSS=93.29480122005016,True,-1,-1,-1,0.0
SCEN-B,SPL,M0:fold4,,,mode0,FALLBACK,True,RSS=inf,False,-1,-1,-1,0.0
SCEN-B,SPL,M0:fold4,,,mode1,FALLBACK,True,RSS=122.07464715086883,True,-1,-1,-1,0.0
SCEN-B,SPL,M0:fold4,,,mode2,FALLBACK,True,RSS=inf,False,-1,-1,-1,0.0
SCEN-B,SPL,M0:fold4,,,mode3,FALLBACK,True,RSS=122.0746471510301,True,-1,-1,-1,0.0
SCEN-B,SPL,M0:fold4,,,mode4,FALLBACK,True,RSS=122.0746471510264,True,-1,-1,-1,0.0
SCEN-B,SPL,M0:fold4,,,mode5,FALLBACK,True,RSS=inf,False,-1,-1,-1,0.0
SCEN-B,SPL,M0:fold4,,,mode6,FALLBACK,True,RSS=inf,False,-1,-1,-1,0.0
SCEN-B,SPL,M0:fold4,,,mode7,FALLBACK,True,RSS=122.07464715077373,True,-1,-1,-1,0.0
SCEN-B,SPL,M0:fold4,,,mode8,FALLBACK,True,RSS=122.07464715043199,True,-1,-1,-1,0.0
SCEN-B,SPL,M0:fold4,,,mode9,FALLBACK,True,RSS=inf,False,-1,-1,-1,0.0
SCEN-B,SPL,M0:fold4,,,mode10,FALLBACK,True,RSS=inf,False,-1,-1,-1,0.0
SCEN-B,SPL,M0:fold4,,,mode11,FALLBACK,True,RSS=inf,False,-1,-1,-1,0.0
SCEN-B,SPL,M0:fold4,,,mode12,FALLBACK,True,RSS=inf,False,-1,-1,-1,0.0
SCEN-B,SPL,M0:fold4,,,mode13,FALLBACK,True,RSS=122.0746471510282,True,-1,-1,-1,0.0
SCEN-B,SPL,M0:fold4,,,mode14,FALLBACK,True,RSS=inf,False,-1,-1,-1,0.0
SCEN-B,SPL,M0:fold4,,,mode15,FALLBACK,True,RSS=inf,False,-1,-1,-1,0.0
SCEN-B,SPL,M0:fold4,,,mode16,FALLBACK,True,RSS=122.07464715364542,True,-1,-1,-1,0.0
SCEN-B,SPL,M0:fold4,,,mode17,FALLBACK,True,RSS=122.07464715048151,True,-1,-1,-1,0.0
SCEN-B,SPL,M0:fold4,,,mode18,FALLBACK,True,RSS=inf,False,-1,-1,-1,0.0
SCEN-B,SPL,M0:fold4,,,mode19,FALLBACK,True,RSS=121.4493408694573,True,-1,-1,-1,0.0
SCEN-B,SPL,M0:fold4,,,mode20,FALLBACK,True,RSS=119.23597139017005,True,-1,-1,-1,0.0
SCEN-B,SPL,M0:fold4,,,mode21,FALLBACK,True,RSS=116.59616255397475,True,-1,-1,-1,0.0
SCEN-B,SPL,M0:fold4,,,mode22,FALLBACK,True,RSS=114.11517794492075,True,-1,-1,-1,0.0
SCEN-B,SPL,M0:fold4,,,mode23,FALLBACK,True,RSS=111.99046727706909,True,-1,-1,-1,0.0
SCEN-B,SPL,M0:fold4,,,mode24,FALLBACK,True,RSS=110.25469090293811,True,-1,-1,-1,0.0
SCEN-B,SPL,M0:fold4,,,mode25,FALLBACK,True,RSS=108.88847162344378,True,-1,-1,-1,0.0
SCEN-B,SPL,M0:fold4,,,mode26,FALLBACK,True,RSS=107.86403591003122,True,-1,-1,-1,0.0
SCEN-B,SPL,M0:fold4,,,mode27,FALLBACK,True,RSS=107.1669676264814,True,-1,-1,-1,0.0
SCEN-B,SPL,M0:fold4,,,mode28,FALLBACK,True,RSS=106.8026599667259,True,-1,-1,-1,0.0
SCEN-B,SPL,M0:fold4,,,mode29,FALLBACK,True,RSS=106.73829740011591,True,-1,-1,-1,0.0
SCEN-B,SPL,M0:fold4,,,mode30,FALLBACK,True,RSS=106.73829739993461,True,-1,-1,-1,0.0
SCEN-B,SPL,M0:fold4,,,mode31,FALLBACK,True,RSS=106.73829740084832,True,-1,-1,-1,0.0
SCEN-B,SPL,M0:fold4,,,mode32,FALLBACK,True,RSS=106.73829740035511,True,-1,-1,-1,0.0
SCEN-B,SPL,M0:fold4,,,mode33,FALLBACK,True,RSS=106.7382974005097,True,-1,-1,-1,0.0
SCEN-B,SPL,M0:fold4,,,mode34,FALLBACK,True,RSS=106.7382974000842,True,-1,-1,-1,0.0
SCEN-B,SPL,M0:fold4,,,mode35,FALLBACK,True,RSS=106.73829740050658,True,-1,-1,-1,0.0
SCEN-B,SPL,M0:fold4,,,mode36,FALLBACK,True,RSS=106.73829740039865,True,-1,-1,-1,0.0
SCEN-B,SPL,M0:fold4,,,mode37,FALLBACK,True,RSS=inf,False,-1,-1,-1,0.0
SCEN-B,SPL,M0:fold4,,,mode38,FALLBACK,True,RSS=106.73829740028678,True,-1,-1,-1,0.0
SCEN-B,SPL,M0:fold4,,,mode39,FALLBACK,True,RSS=106.30648032366683,True,-1,-1,-1,0.0
SCEN-B,SPL,M0:fold4,,,mode40,FALLBACK,True,RSS=104.24289552701792,True,-1,-1,-1,0.0
SCEN-B,SPL,M0:fold4,,,mode41,FALLBACK,True,RSS=101.27703094222599,True,-1,-1,-1,0.0
SCEN-B,SPL,M0:fold4,,,mode42,FALLBACK,True,RSS=98.27131437842158,True,-1,-1,-1,0.0
SCEN-B,SPL,M0:fold4,,,mode43,FALLBACK,True,RSS=95.661671610183,True,-1,-1,-1,0.0
SCEN-B,SPL,M0:fold4,,,mode44,FALLBACK,True,RSS=93.40528667787304,True,-1,-1,-1,0.0
SCEN-B,SPL,M0:fold4,,,mode45,FALLBACK,True,RSS=91.45261708427986,True,-1,-1,-1,0.0
SCEN-B,SPL,M0:fold4,,,mode46,FALLBACK,True,RSS=89.75874334661034,True,-1,-1,-1,0.0
SCEN-B,SPL,M0:fold4,,,mode47,FALLBACK,True,RSS=88.2852435233956,True,-1,-1,-1,0.0
SCEN-B,SPL,M0:fold4,,,mode48,FALLBACK,True,RSS=87.0001784399944,True,-1,-1,-1,0.0
SCEN-B,SPL,M0:fold4,,,mode49,FALLBACK,True,RSS=85.87750542469179,True,-1,-1,-1,0.0
SCEN-B,SPL,M0:fold4,,,mode50,FALLBACK,True,RSS=84.89637946191695,True,-1,-1,-1,0.0
SCEN-B,SPL,M0:fold4,,,mode51,FALLBACK,True,RSS=84.0402187008909,True,-1,-1,-1,0.0
SCEN-B,SPL,M0:fold4,,,mode52,FALLBACK,True,RSS=83.2945791737716,True,-1,-1,-1,0.0
SCEN-B,SPL,M0:fold4,,,mode53,FALLBACK,True,RSS=82.65534346356903,True,-1,-1,-1,0.0
SCEN-B,SPL,M0:fold4,,,mode54,FALLBACK,True,RSS=82.11758535683234,True,-1,-1,-1,0.0
SCEN-B,SPL,M0:fold4,,,mode55,FALLBACK,True,RSS=81.68506522240011,True,-1,-1,-1,0.0
SCEN-B,SPL,M0:fold4,,,mode56,FALLBACK,True,RSS=81.36929824101847,True,-1,-1,-1,0.0
SCEN-B,SPL,M0:fold4,,,mode57,FALLBACK,True,RSS=81.19395380005754,True,-1,-1,-1,0.0
SCEN-B,SPL,M0:fold4,,,mode58,FALLBACK,True,RSS=81.16183880236171,True,-1,-1,-1,0.0
SCEN-B,SPL,M0:fold4,,,mode59,FALLBACK,True,RSS=79.78493368600617,True,-1,-1,-1,0.0
SCEN-B,SPL,M0:fold4,,,mode60,FALLBACK,True,RSS=75.26462749099889,True,-1,-1,-1,0.0
SCEN-B,SPL,M0:fold4,,,mode61,FALLBACK,True,RSS=69.29791901057129,True,-1,-1,-1,0.0
SCEN-B,SPL,M0:fold4,,,mode62,FALLBACK,True,RSS=63.44446219325955,True,-1,-1,-1,0.0
SCEN-B,SPL,M0:fold4,,,mode63,FALLBACK,True,RSS=58.670918029517026,True,-1,-1,-1,0.0
SCEN-B,SPL,M0:fold4,,,mode64,FALLBACK,True,RSS=55.049233598957066,True,-1,-1,-1,0.0
SCEN-B,SPL,M0:fold4,,,mode65,FALLBACK,True,RSS=52.08249881578117,True,-1,-1,-1,0.0
SCEN-B,SPL,M0:fold4,,,mode66,FALLBACK,True,RSS=49.48200311043031,True,-1,-1,-1,0.0
SCEN-B,SPL,M0:fold4,,,mode67,FALLBACK,True,RSS=47.15586624278251,True,-1,-1,-1,0.0
SCEN-B,SPL,M0:fold4,,,mode68,FALLBACK,True,RSS=45.026582012678645,True,-1,-1,-1,0.0
SCEN-B,SPL,M0:fold4,,,mode69,FALLBACK,True,RSS=43.024887027149425,True,-1,-1,-1,0.0
SCEN-B,SPL,M0:fold4,,,mode70,FALLBACK,True,RSS=41.08869694954858,True,-1,-1,-1,0.0
SCEN-B,SPL,M0:fold4,,,mode71,FALLBACK,True,RSS=39.15850877916689,True,-1,-1,-1,0.0
SCEN-B,SPL,M0:fold4,,,mode72,FALLBACK,True,RSS=37.17344887177537,True,-1,-1,-1,0.0
SCEN-B,SPL,M0:fold4,,,mode73,FALLBACK,True,RSS=35.067956082247996,True,-1,-1,-1,0.0
SCEN-B,SPL,M0:fold4,,,mode74,FALLBACK,True,RSS=32.769738679782314,True,-1,-1,-1,0.0
SCEN-B,SPL,M0:fold4,,,mode75,FALLBACK,True,RSS=30.20753243013633,True,-1,-1,-1,0.0
SCEN-B,SPL,M0:fold4,,,mode76,FALLBACK,True,RSS=27.471141310602224,True,-1,-1,-1,0.0
SCEN-B,SPL,M0:fold4,,,mode77,FALLBACK,True,RSS=24.602323211882712,True,-1,-1,-1,0.0
SCEN-B,SPL,M0:fold4,,,mode78,FALLBACK,True,RSS=21.612025750405003,True,-1,-1,-1,0.0
SCEN-B,SPL,M0:fold4,,,mode79,FALLBACK,True,RSS=18.57427451715786,True,-1,-1,-1,0.0
SCEN-B,SPL,M0:fold4,,,mode80,FALLBACK,True,RSS=15.689678303212984,True,-1,-1,-1,0.0
SCEN-B,SPL,M0:fold4,,,mode81,FALLBACK,True,RSS=13.391221562567091,True,-1,-1,-1,0.0
SCEN-B,SPL,M0:fold4,,,mode82,FALLBACK,True,RSS=12.450756025418592,True,-1,-1,-1,0.0
SCEN-B,SPL,M0:fold4,,,mode83,FALLBACK,True,RSS=12.45250621226294,True,-1,-1,-1,0.0
SCEN-B,SPL,M0:fold4,,,mode84,FALLBACK,True,RSS=13.730147833593419,True,-1,-1,-1,0.0
SCEN-B,SPL,M0:fold4,,,mode85,FALLBACK,True,RSS=17.26997597506902,True,-1,-1,-1,0.0
SCEN-B,SPL,M0:fold4,,,mode86,FALLBACK,True,RSS=21.276899592162355,True,-1,-1,-1,0.0
SCEN-B,SPL,M0:fold4,,,mode87,FALLBACK,True,RSS=24.89541572461598,True,-1,-1,-1,0.0
SCEN-B,SPL,M0:fold4,,,mode88,FALLBACK,True,RSS=27.750332076128522,True,-1,-1,-1,0.0
SCEN-B,SPL,M0:fold4,,,mode89,FALLBACK,True,RSS=30.053155326346637,True,-1,-1,-1,0.0
SCEN-B,SPL,M0:fold4,,,mode90,FALLBACK,True,RSS=32.10122672033885,True,-1,-1,-1,0.0
SCEN-B,SPL,M0:fold4,,,mode91,FALLBACK,True,RSS=34.0836950125106,True,-1,-1,-1,0.0
SCEN-B,SPL,M0:fold4,,,mode92,FALLBACK,True,RSS=36.13226136199915,True,-1,-1,-1,0.0
SCEN-B,SPL,M0:fold4,,,mode93,FALLBACK,True,RSS=38.35514302702491,True,-1,-1,-1,0.0
SCEN-B,SPL,M0:fold4,,,mode94,FALLBACK,True,RSS=40.85451429020271,True,-1,-1,-1,0.0
SCEN-B,SPL,M0:fold4,,,mode95,FALLBACK,True,RSS=43.73413938088149,True,-1,-1,-1,0.0
SCEN-B,SPL,M0:fold4,,,mode96,FALLBACK,True,RSS=47.09647237908678,True,-1,-1,-1,0.0
SCEN-B,SPL,M0:fold4,,,mode97,FALLBACK,True,RSS=51.01740394859442,True,-1,-1,-1,0.0
SCEN-B,SPL,M0:fold4,,,mode98,FALLBACK,True,RSS=55.468567416663234,True,-1,-1,-1,0.0
SCEN-B,SPL,M0:fold4,,,mode99,FALLBACK,True,RSS=60.12659908492577,True,-1,-1,-1,0.0
SCEN-B,SPL,M0:fold4,,,mode100,FALLBACK,True,RSS=64.11212534580035,True,-1,-1,-1,0.0
SCEN-B,SPL,M0:fold4,,,mode101,POLISH,True,RSS=65.7807689098527,True,-1,-1,-1,0.0
SCEN-B,SPL,M0:fold4,,,mode102,POLISH,True,RSS=65.97176868069754,True,-1,-1,-1,0.0
SCEN-B,SPL,M0:fold4,,,mode103,POLISH,True,RSS=65.97578907916223,True,-1,-1,-1,0.0
SCEN-B,SPL,M0:fold4,,,mode104,POLISH,True,RSS=65.97578907916223,True,-1,-1,-1,0.0
SCEN-B,SPL,M0:fold4,,,mode105,POLISH,True,RSS=65.97578907916223,True,-1,-1,-1,0.0
SCEN-B,SPL,M0:fold4,,,mode106,POLISH,True,RSS=65.97578907916223,True,-1,-1,-1,0.0
SCEN-B,SPL,M0:fold4,,,mode107,POLISH,True,RSS=65.97578907916223,True,-1,-1,-1,0.0
SCEN-B,SPL,M0:fold4,,,mode108,POLISH,True,RSS=65.97578907916223,True,-1,-1,-1,0.0
SCEN-B,SPL,M0:fold4,,,mode109,POLISH,True,RSS=65.97578907916223,True,-1,-1,-1,0.0
SCEN-B,SPL,M0:fold4,,,mode110,POLISH,True,RSS=65.97578907916223,True,-1,-1,-1,0.0
SCEN-B,SPL,M0:fold4,,,mode111,POLISH,True,RSS=65.97578907916223,True,-1,-1,-1,0.0
SCEN-B,SPL,M0:fold4,,,mode112,POLISH,True,RSS=65.97578907916223,True,-1,-1,-1,0.0
SCEN-B,SPL,M0:fold4,,,mode113,POLISH,True,RSS=65.97578907916223,True,-1,-1,-1,0.0
SCEN-B,SPL,M0:fold4,,,mode114,POLISH,True,RSS=65.97578907916223,True,-1,-1,-1,0.0
SCEN-B,SPL,M0:fold4,,,mode115,POLISH,True,RSS=65.97578907916223,True,-1,-1,-1,0.0
SCEN-B,SPL,M0:fold4,,,mode116,POLISH,True,RSS=65.97578907916223,True,-1,-1,-1,0.0
SCEN-B,SPL,M0:fold4,,,mode117,POLISH,True,RSS=65.97578907916196,True,-1,-1,-1,0.0
SCEN-B,SPL,M0:fold4,,,mode118,POLISH,True,RSS=65.97578907916163,True,-1,-1,-1,0.0
SCEN-B,SPL,M0:fold4,,,mode119,POLISH_EXPANDED,True,RSS=65.97578907916159,True,-1,-1,-1,0.0
SCEN-B,SPL,M0:fold4,,,mode120,POLISH,True,RSS=65.9757890791621,True,-1,-1,-1,0.0
SCEN-B,SPL,M0:fold4,,,mode121,POLISH,True,RSS=65.9757890791619,True,-1,-1,-1,0.0
SCEN-B,SPL,M0:fold4,,,mode122,POLISH,True,RSS=65.97578907916196,True,-1,-1,-1,0.0
SCEN-B,SPL,M0:fold4,,,mode123,POLISH,True,RSS=65.97578907916208,True,-1,-1,-1,0.0
SCEN-B,SPL,M0:fold4,,,mode124,POLISH,True,RSS=65.97578907916187,True,-1,-1,-1,0.0
SCEN-B,SPL,M0:fold4,,,mode125,POLISH,True,RSS=65.97578907916204,True,-1,-1,-1,0.0
SCEN-B,SPL,M0:fold4,,,mode126,POLISH,True,RSS=65.97578907916211,True,-1,-1,-1,0.0
SCEN-B,SPL,M0:fold4,,,mode127,POLISH,True,RSS=65.97578907916217,True,-1,-1,-1,0.0
SCEN-B,SPL,M0:fold4,,,mode128,POLISH,True,RSS=65.97578907916213,True,-1,-1,-1,0.0
SCEN-B,SPL,M0:fold4,,,mode129,POLISH,True,RSS=65.97578907916203,True,-1,-1,-1,0.0
SCEN-B,SPL,M0:fold4,,,mode130,POLISH,True,RSS=65.97578907916225,True,-1,-1,-1,0.0
SCEN-B,SPL,M0:fold4,,,mode131,POLISH,True,RSS=65.97578907916204,True,-1,-1,-1,0.0
SCEN-B,SPL,M0:fold4,,,mode132,POLISH,True,RSS=65.97578907916221,True,-1,-1,-1,0.0
SCEN-B,SPL,M0:fold4,,,mode133,POLISH,True,RSS=65.97578907916078,True,-1,-1,-1,0.0
SCEN-B,SPL,M0:fold4,,,mode134,POLISH,True,RSS=65.97578907916207,True,-1,-1,-1,0.0
SCEN-B,SPL,M0:fold4,,,mode135,POLISH,True,RSS=65.9757890791616,True,-1,-1,-1,0.0
SCEN-B,SPL,M0:fold4,,,mode136,POLISH,True,RSS=65.97578907916112,True,-1,-1,-1,0.0
SCEN-B,SPL,M0:fold4,,,mode137,POLISH,True,RSS=65.97578907916261,True,-1,-1,-1,0.0
SCEN-B,SPL,M0:fold4,,,mode138,POLISH,True,RSS=65.9757890791616,True,-1,-1,-1,0.0
SCEN-B,SPL,M0:fold4,,,mode139,POLISH,True,RSS=65.9757890791616,True,-1,-1,-1,0.0
SCEN-B,SPL,M0:fold4,,,mode140,POLISH,True,RSS=65.9757890791616,True,-1,-1,-1,0.0
SCEN-B,SPL,M0:fold4,,,mode141,POLISH_EXPANDED,True,RSS=65.9757890791616,True,-1,-1,-1,0.0
SCEN-B,SPL,M0:fold4,,,mode142,POLISH,True,RSS=65.97578907916203,True,-1,-1,-1,0.0
SCEN-B,SPL,M0:fold4,,,mode143,POLISH,True,RSS=65.9757890791616,True,-1,-1,-1,0.0
SCEN-B,SPL,M0:fold4,,,mode144,POLISH,True,RSS=65.97578907916215,True,-1,-1,-1,0.0
SCEN-B,SPL,M0:fold4,,,mode145,FALLBACK,True,RSS=65.9757890791011,True,-1,-1,-1,0.0
SCEN-B,SPL,M0:probeL,,,mode0,POLISH,True,RSS=113.44874555768368,True,-1,-1,-1,0.0
SCEN-B,SPL,M0:probeL,,,mode1,POLISH,True,RSS=113.45673502474204,True,-1,-1,-1,0.0
SCEN-B,SPL,M0:probeL,,,mode2,POLISH,True,RSS=113.45673502474204,True,-1,-1,-1,0.0
SCEN-B,SPL,M0:probeL,,,mode3,POLISH_EXPANDED,True,RSS=113.45673502474204,True,-1,-1,-1,0.0
SCEN-B,SPL,M0:probeL,,,mode4,POLISH,True,RSS=113.45673502474204,True,-1,-1,-1,0.0
SCEN-B,SPL,M0:probeL,,,mode5,POLISH_EXPANDED,True,RSS=113.45673502474204,True,-1,-1,-1,0.0
SCEN-B,SPL,M0:probeL,,,mode6,POLISH,True,RSS=113.45673502474204,True,-1,-1,-1,0.0
SCEN-B,SPL,M0:probeL,,,mode7,POLISH,True,RSS=113.45673502474204,True,-1,-1,-1,0.0
SCEN-B,SPL,M0:probeL,,,mode8,POLISH,True,RSS=113.45673502474428,True,-1,-1,-1,0.0
SCEN-B,SPL,M0:probeL,,,mode9,POLISH,True,RSS=113.45673502474204,True,-1,-1,-1,0.0
SCEN-B,SPL,M0:probeL,,,mode10,POLISH_EXPANDED,True,RSS=113.45673502475807,True,-1,-1,-1,0.0
SCEN-B,SPL,M0:probeL,,,mode11,POLISH,True,RSS=113.45673502474204,True,-1,-1,-1,0.0
SCEN-B,SPL,M0:probeL,,,mode12,POLISH,True,RSS=113.4567350247483,True,-1,-1,-1,0.0
SCEN-B,SPL,M0:probeL,,,mode13,POLISH,True,RSS=113.45673502474204,True,-1,-1,-1,0.0
SCEN-B,SPL,M0:probeL,,,mode14,POLISH,True,RSS=113.45673502474204,True,-1,-1,-1,0.0
SCEN-B,SPL,M0:probeL,,,mode15,POLISH,True,RSS=113.45673502474204,True,-1,-1,-1,0.0
SCEN-B,SPL,M0:probeL,,,mode16,POLISH,True,RSS=113.45634309733657,True,-1,-1,-1,0.0
SCEN-B,SPL,M0:probeL,,,mode17,POLISH,True,RSS=113.45579537014673,True,-1,-1,-1,0.0
SCEN-B,SPL,M0:probeL,,,mode18,POLISH,True,RSS=113.45519296857964,True,-1,-1,-1,0.0
SCEN-B,SPL,M0:probeL,,,mode19,POLISH,True,RSS=113.45452727617938,True,-1,-1,-1,0.0
SCEN-B,SPL,M0:probeL,,,mode20,POLISH_EXPANDED,True,RSS=113.45378776555206,True,-1,-1,-1,0.0
SCEN-B,SPL,M0:probeL,,,mode21,POLISH_EXPANDED,True,RSS=113.45296143752206,True,-1,-1,-1,0.0
SCEN-B,SPL,M0:probeL,,,mode22,POLISH,True,RSS=113.45203205043863,True,-1,-1,-1,0.0
SCEN-B,SPL,M0:probeL,,,mode23,POLISH,True,RSS=113.45097904195318,True,-1,-1,-1,0.0
SCEN-B,SPL,M0:probeL,,,mode24,POLISH_EXPANDED,True,RSS=113.4497759898978,True,-1,-1,-1,0.0
SCEN-B,SPL,M0:probeL,,,mode25,POLISH,True,RSS=113.13101232728617,True,-1,-1,-1,0.0
SCEN-B,SPL,M0:probeL,,,mode26,POLISH,True,RSS=109.7543211849293,True,-1,-1,-1,0.0
SCEN-B,SPL,M0:probeL,,,mode27,POLISH,True,RSS=106.73474941569712,True,-1,-1,-1,0.0
SCEN-B,SPL,M0:probeL,,,mode28,POLISH,True,RSS=105.1927207554528,True,-1,-1,-1,0.0
SCEN-B,SPL,M0:probeL,,,mode29,POLISH,True,RSS=104.91683525043189,True,-1,-1,-1,0.0
SCEN-B,SPL,M0:probeL,,,mode30,POLISH,True,RSS=104.90180146412756,True,-1,-1,-1,0.0
SCEN-B,SPL,M0:probeL,,,mode31,POLISH,True,RSS=104.8704495538435,True,-1,-1,-1,0.0
SCEN-B,SPL,M0:probeL,,,mode32,POLISH,True,RSS=104.83105899321224,True,-1,-1,-1,0.0
SCEN-B,SPL,M0:probeL,,,mode33,POLISH,True,RSS=104.78808086294819,True,-1,-1,-1,0.0
SCEN-B,SPL,M0:probeL,,,mode34,POLISH,True,RSS=104.72918129163236,True,-1,-1,-1,0.0
SCEN-B,SPL,M0:probeL,,,mode35,POLISH,True,RSS=104.64201421582406,True,-1,-1,-1,0.0
SCEN-B,SPL,M0:probeL,,,mode36,POLISH,True,RSS=104.53804202900737,True,-1,-1,-1,0.0
SCEN-B,SPL,M0:probeL,,,mode37,POLISH,True,RSS=104.37538723145929,True,-1,-1,-1,0.0
SCEN-B,SPL,M0:probeL,,,mode38,POLISH,True,RSS=104.14660381629432,True,-1,-1,-1,0.0
SCEN-B,SPL,M0:probeL,,,mode39,POLISH,True,RSS=103.80352911000749,True,-1,-1,-1,0.0
SCEN-B,SPL,M0:probeL,,,mode40,POLISH_EXPANDED,True,RSS=103.25632312890588,True,-1,-1,-1,0.0
SCEN-B,SPL,M0:probeL,,,mode41,POLISH,True,RSS=102.35661605016986,True,-1,-1,-1,0.0
SCEN-B,SPL,M0:probeL,,,mode42,POLISH,True,RSS=100.81283066726681,True,-1,-1,-1,0.0
SCEN-B,SPL,M0:probeL,,,mode43,POLISH,True,RSS=98.55277304353714,True,-1,-1,-1,0.0
SCEN-B,SPL,M0:probeL,,,mode44,POLISH,True,RSS=95.94587021366864,True,-1,-1,-1,0.0
SCEN-B,SPL,M0:probeL,,,mode45,POLISH,True,RSS=93.6580705252814,True,-1,-1,-1,0.0
SCEN-B,SPL,M0:probeL,,,mode46,POLISH_EXPANDED,True,RSS=91.73222843922932,True,-1,-1,-1,0.0
SCEN-B,SPL,M0:probeL,,,mode47,POLISH,True,RSS=90.11907522472204,True,-1,-1,-1,0.0
SCEN-B,SPL,M0:probeL,,,mode48,POLISH_EXPANDED,True,RSS=88.8291764222065,True,-1,-1,-1,0.0
SCEN-B,SPL,M0:probeL,,,mode49,POLISH_EXPANDED,True,RSS=87.77864730677487,True,-1,-1,-1,0.0
SCEN-B,SPL,M0:probeL,,,mode50,POLISH,True,RSS=86.93767710534897,True,-1,-1,-1,0.0
SCEN-B,SPL,M0:probeL,,,mode51,POLISH,True,RSS=86.28948739440827,True,-1,-1,-1,0.0
SCEN-B,SPL,M0:probeL,,,mode52,POLISH_EXPANDED,True,RSS=85.81516675737883,True,-1,-1,-1,0.0
SCEN-B,SPL,M0:probeL,,,mode53,POLISH_EXPANDED,True,RSS=85.48009285070316,True,-1,-1,-1,0.0
SCEN-B,SPL,M0:probeL,,,mode54,POLISH_EXPANDED,True,RSS=85.27194200287245,True,-1,-1,-1,0.0
SCEN-B,SPL,M0:probeL,,,mode55,POLISH_EXPANDED,True,RSS=85.18092186700486,True,-1,-1,-1,0.0
SCEN-B,SPL,M0:probeL,,,mode56,POLISH_EXPANDED,True,RSS=85.16986904914606,True,-1,-1,-1,0.0
SCEN-B,SPL,M0:probeL,,,mode57,POLISH_EXPANDED,True,RSS=85.19838567510755,True,-1,-1,-1,0.0
SCEN-B,SPL,M0:probeL,,,mode58,POLISH_EXPANDED,True,RSS=85.30196855506763,True,-1,-1,-1,0.0
SCEN-B,SPL,M0:probeL,,,mode59,POLISH_EXPANDED,True,RSS=85.26727844632619,True,-1,-1,-1,0.0
SCEN-B,SPL,M0:probeL,,,mode60,POLISH,True,RSS=85.11713415384676,True,-1,-1,-1,0.0
SCEN-B,SPL,M0:probeL,,,mode61,POLISH_EXPANDED,True,RSS=82.2653047255308,True,-1,-1,-1,0.0
SCEN-B,SPL,M0:probeL,,,mode62,POLISH,True,RSS=76.6529792653727,True,-1,-1,-1,0.0
SCEN-B,SPL,M0:probeL,,,mode63,POLISH,True,RSS=70.04831685732009,True,-1,-1,-1,0.0
SCEN-B,SPL,M0:probeL,,,mode64,POLISH_EXPANDED,True,RSS=63.575089780393334,True,-1,-1,-1,0.0
SCEN-B,SPL,M0:probeL,,,mode65,POLISH,True,RSS=58.10951536271254,True,-1,-1,-1,0.0
SCEN-B,SPL,M0:probeL,,,mode66,POLISH_EXPANDED,True,RSS=53.486996684050446,True,-1,-1,-1,0.0
SCEN-B,SPL,M0:probeL,,,mode67,POLISH_EXPANDED,True,RSS=49.587677782940595,True,-1,-1,-1,0.0
SCEN-B,SPL,M0:probeL,,,mode68,POLISH,True,RSS=46.25624755113285,True,-1,-1,-1,0.0
SCEN-B,SPL,M0:probeL,,,mode69,POLISH,True,RSS=43.362998980596416,True,-1,-1,-1,0.0
SCEN-B,SPL,M0:probeL,,,mode70,POLISH,True,RSS=40.81185947183439,True,-1,-1,-1,0.0
SCEN-B,SPL,M0:probeL,,,mode71,POLISH,True,RSS=38.52795139591017,True,-1,-1,-1,0.0
SCEN-B,SPL,M0:probeL,,,mode72,POLISH_EXPANDED,True,RSS=36.44444556832723,True,-1,-1,-1,0.0
SCEN-B,SPL,M0:probeL,,,mode73,POLISH,True,RSS=34.524959270302794,True,-1,-1,-1,0.0
SCEN-B,SPL,M0:probeL,,,mode74,POLISH_EXPANDED,True,RSS=32.71772616644897,True,-1,-1,-1,0.0
SCEN-B,SPL,M0:probeL,,,mode75,POLISH,True,RSS=31.008420844869576,True,-1,-1,-1,0.0
SCEN-B,SPL,M0:probeL,,,mode76,POLISH,True,RSS=29.376054244042567,True,-1,-1,-1,0.0
SCEN-B,SPL,M0:probeL,,,mode77,POLISH,True,RSS=27.79664041088177,True,-1,-1,-1,0.0
SCEN-B,SPL,M0:probeL,,,mode78,POLISH_EXPANDED,True,RSS=26.275559733453488,True,-1,-1,-1,0.0
SCEN-B,SPL,M0:probeL,,,mode79,POLISH_EXPANDED,True,RSS=24.836908513977637,True,-1,-1,-1,0.0
SCEN-B,SPL,M0:probeL,,,mode80,POLISH_EXPANDED,True,RSS=23.527944754310198,True,-1,-1,-1,0.0
SCEN-B,SPL,M0:probeL,,,mode81,POLISH_EXPANDED,True,RSS=22.446369479121635,True,-1,-1,-1,0.0
SCEN-B,SPL,M0:probeL,,,mode82,POLISH,True,RSS=21.77619737115451,True,-1,-1,-1,0.0
SCEN-B,SPL,M0:probeL,,,mode83,POLISH,True,RSS=21.690637148501327,True,-1,-1,-1,0.0
SCEN-B,SPL,M0:probeL,,,mode84,POLISH_EXPANDED,True,RSS=21.859881055350357,True,-1,-1,-1,0.0
SCEN-B,SPL,M0:probeL,,,mode85,POLISH,True,RSS=23.33215072612254,True,-1,-1,-1,0.0
SCEN-B,SPL,M0:probeL,,,mode86,POLISH,True,RSS=27.077544804732607,True,-1,-1,-1,0.0
SCEN-B,SPL,M0:probeL,,,mode87,POLISH,True,RSS=34.09620170649575,True,-1,-1,-1,0.0
SCEN-B,SPL,M0:probeL,,,mode88,POLISH_EXPANDED,True,RSS=44.3301936762163,True,-1,-1,-1,0.0
SCEN-B,SPL,M0:probeL,,,mode89,POLISH_EXPANDED,True,RSS=53.94568433525141,True,-1,-1,-1,0.0
SCEN-B,SPL,M0:probeL,,,mode90,POLISH,True,RSS=61.26747862694601,True,-1,-1,-1,0.0
SCEN-B,SPL,M0:probeL,,,mode91,POLISH,True,RSS=65.99668961571733,True,-1,-1,-1,0.0
SCEN-B,SPL,M0:probeL,,,mode92,POLISH,True,RSS=69.01901252220804,True,-1,-1,-1,0.0
SCEN-B,SPL,M0:probeL,,,mode93,POLISH,True,RSS=70.95711513620998,True,-1,-1,-1,0.0
SCEN-B,SPL,M0:probeL,,,mode94,POLISH_EXPANDED,True,RSS=72.22798979281286,True,-1,-1,-1,0.0
SCEN-B,SPL,M0:probeL,,,mode95,POLISH,True,RSS=73.11370602104952,True,-1,-1,-1,0.0
SCEN-B,SPL,M0:probeL,,,mode96,POLISH_EXPANDED,True,RSS=73.94012339871387,True,-1,-1,-1,0.0
SCEN-B,SPL,M0:probeL,,,mode97,POLISH,True,RSS=74.8766300010287,True,-1,-1,-1,0.0
SCEN-B,SPL,M0:probeL,,,mode98,POLISH,True,RSS=75.94467871199197,True,-1,-1,-1,0.0
SCEN-B,SPL,M0:probeL,,,mode99,POLISH_EXPANDED,True,RSS=77.15947386453851,True,-1,-1,-1,0.0
SCEN-B,SPL,M0:probeL,,,mode100,POLISH,True,RSS=78.55804040221838,True,-1,-1,-1,0.0
SCEN-B,SPL,M0:probeL,,,mode101,POLISH_EXPANDED,True,RSS=80.15794955987532,True,-1,-1,-1,0.0
SCEN-B,SPL,M0:probeL,,,mode102,POLISH_EXPANDED,True,RSS=82.02016616092862,True,-1,-1,-1,0.0
SCEN-B,SPL,M0:probeL,,,mode103,POLISH,True,RSS=84.16843204508938,True,-1,-1,-1,0.0
SCEN-B,SPL,M0:probeL,,,mode104,POLISH_EXPANDED,True,RSS=86.68099535614115,True,-1,-1,-1,0.0
SCEN-B,SPL,M0:probeL,,,mode105,POLISH,True,RSS=89.59255370405857,True,-1,-1,-1,0.0
SCEN-B,SPL,M0:probeL,,,mode106,POLISH_EXPANDED,True,RSS=92.97695391342911,True,-1,-1,-1,0.0
SCEN-B,SPL,M0:probeL,,,mode107,POLISH,True,RSS=96.75855069102646,True,-1,-1,-1,0.0
SCEN-B,SPL,M0:probeL,,,mode108,POLISH_EXPANDED,True,RSS=99.68416079786024,True,-1,-1,-1,0.0
SCEN-B,SPL,M0:probeL,,,mode109,POLISH,True,RSS=101.19612984225517,True,-1,-1,-1,0.0
SCEN-B,SPL,M0:probeL,,,mode110,POLISH,True,RSS=101.80004544368309,True,-1,-1,-1,0.0
SCEN-B,SPL,M0:probeL,,,mode111,POLISH,True,RSS=101.99058975918457,True,-1,-1,-1,0.0
SCEN-B,SPL,M0:probeL,,,mode112,POLISH,True,RSS=102.02329914531433,True,-1,-1,-1,0.0
SCEN-B,SPL,M0:probeL,,,mode113,POLISH,True,RSS=102.02394473313139,True,-1,-1,-1,0.0
SCEN-B,SPL,M0:probeL,,,mode114,POLISH,True,RSS=102.02394473313139,True,-1,-1,-1,0.0
SCEN-B,SPL,M0:probeL,,,mode115,POLISH,True,RSS=102.02394473313139,True,-1,-1,-1,0.0
SCEN-B,SPL,M0:probeL,,,mode116,POLISH,True,RSS=102.02394473313139,True,-1,-1,-1,0.0
SCEN-B,SPL,M0:probeL,,,mode117,POLISH,True,RSS=102.08694845112592,True,-1,-1,-1,0.0
SCEN-B,SPL,M0:probeL,,,mode118,POLISH,True,RSS=102.43854676412732,True,-1,-1,-1,0.0
SCEN-B,SPL,M0:probeL,,,mode119,POLISH,True,RSS=103.09687153851785,True,-1,-1,-1,0.0
SCEN-B,SPL,M0:probeL,,,mode120,POLISH,True,RSS=104.04181483337867,True,-1,-1,-1,0.0
SCEN-B,SPL,M0:probeL,,,mode121,POLISH,True,RSS=105.26836559410759,True,-1,-1,-1,0.0
SCEN-B,SPL,M0:probeL,,,mode122,POLISH,True,RSS=106.77264089202554,True,-1,-1,-1,0.0
SCEN-B,SPL,M0:probeL,,,mode123,POLISH,True,RSS=108.52653272293338,True,-1,-1,-1,0.0
SCEN-B,SPL,M0:probeL,,,mode124,POLISH,True,RSS=110.43496715579988,True,-1,-1,-1,0.0
SCEN-B,SPL,M0:probeL,,,mode125,POLISH,True,RSS=112.2388157430411,True,-1,-1,-1,0.0
SCEN-B,SPL,M0:probeL,,,mode126,POLISH,True,RSS=113.31801898563182,True,-1,-1,-1,0.0
SCEN-B,SPL,M0:probeL,,,mode127,POLISH,True,RSS=113.35126186539681,True,-1,-1,-1,0.0
SCEN-B,SPL,M0:probeL,,,mode128,POLISH,True,RSS=113.35126186539779,True,-1,-1,-1,0.0
SCEN-B,SPL,M0:probeL,,,mode129,POLISH,True,RSS=113.35126186539689,True,-1,-1,-1,0.0
SCEN-B,SPL,M0:probeL,,,mode130,POLISH,True,RSS=113.35126186539634,True,-1,-1,-1,0.0
SCEN-B,SPL,M0:probeL,,,mode131,POLISH,True,RSS=113.35126186539779,True,-1,-1,-1,0.0
SCEN-B,SPL,M0:probeL,,,mode132,POLISH,True,RSS=113.35126186539779,True,-1,-1,-1,0.0
SCEN-B,SPL,M0:probeL,,,mode133,POLISH,True,RSS=113.35126186539779,True,-1,-1,-1,0.0
SCEN-B,SPL,M0:probeL,,,mode134,POLISH,True,RSS=113.35126186539779,True,-1,-1,-1,0.0
SCEN-B,SPL,M0:probeL,,,mode135,POLISH,True,RSS=113.35126186539779,True,-1,-1,-1,0.0
SCEN-B,SPL,M0:probeL,,,mode136,POLISH,True,RSS=113.35126186539779,True,-1,-1,-1,0.0
SCEN-B,SPL,M0:probeL,,,mode137,POLISH,True,RSS=113.35126186539779,True,-1,-1,-1,0.0
SCEN-B,SPL,M0:probeL,,,mode138,POLISH,True,RSS=113.35126186539779,True,-1,-1,-1,0.0
SCEN-B,SPL,M0:probeL,,,mode139,POLISH,True,RSS=113.35126186539779,True,-1,-1,-1,0.0
SCEN-B,SPL,M0:probeL,,,mode140,POLISH,True,RSS=113.35126186539779,True,-1,-1,-1,0.0
SCEN-B,SPL,M0:probeL,,,mode141,POLISH,True,RSS=113.35126186539779,True,-1,-1,-1,0.0
SCEN-B,SPL,M0:probeL,,,mode142,POLISH,True,RSS=113.35126186539779,True,-1,-1,-1,0.0
SCEN-B,SPL,M0:probeL,,,mode143,POLISH,True,RSS=113.35126186539779,True,-1,-1,-1,0.0
SCEN-B,SPL,M0:probeL,,,mode144,POLISH,True,RSS=113.35126186539779,True,-1,-1,-1,0.0
SCEN-B,SPL,M0:probeL,,,mode145,POLISH,True,RSS=113.35126186539779,True,-1,-1,-1,0.0
SCEN-B,SPL,M0:probeR,,,mode0,POLISH_EXPANDED,True,RSS=126.00175723913823,True,-1,-1,-1,0.0
SCEN-B,SPL,M0:probeR,,,mode1,POLISH_EXPANDED,True,RSS=126.00175723913823,True,-1,-1,-1,0.0
SCEN-B,SPL,M0:probeR,,,mode2,POLISH_EXPANDED,True,RSS=126.00175723913823,True,-1,-1,-1,0.0
SCEN-B,SPL,M0:probeR,,,mode3,POLISH_EXPANDED,True,RSS=126.00175723913823,True,-1,-1,-1,0.0
SCEN-B,SPL,M0:probeR,,,mode4,POLISH_EXPANDED,True,RSS=126.00175723913823,True,-1,-1,-1,0.0
SCEN-B,SPL,M0:probeR,,,mode5,POLISH_EXPANDED,True,RSS=126.00175723913823,True,-1,-1,-1,0.0
SCEN-B,SPL,M0:probeR,,,mode6,POLISH_EXPANDED,True,RSS=126.00175723913823,True,-1,-1,-1,0.0
SCEN-B,SPL,M0:probeR,,,mode7,POLISH_EXPANDED,True,RSS=126.00175723913823,True,-1,-1,-1,0.0
SCEN-B,SPL,M0:probeR,,,mode8,POLISH_EXPANDED,True,RSS=126.00175723913823,True,-1,-1,-1,0.0
SCEN-B,SPL,M0:probeR,,,mode9,POLISH_EXPANDED,True,RSS=126.00175723913823,True,-1,-1,-1,0.0
SCEN-B,SPL,M0:probeR,,,mode10,POLISH_EXPANDED,True,RSS=126.00175723913823,True,-1,-1,-1,0.0
SCEN-B,SPL,M0:probeR,,,mode11,POLISH_EXPANDED,True,RSS=126.00175723913823,True,-1,-1,-1,0.0
SCEN-B,SPL,M0:probeR,,,mode12,POLISH_EXPANDED,True,RSS=126.00175723913823,True,-1,-1,-1,0.0
SCEN-B,SPL,M0:probeR,,,mode13,POLISH_EXPANDED,True,RSS=126.00175723913823,True,-1,-1,-1,0.0
SCEN-B,SPL,M0:probeR,,,mode14,POLISH_EXPANDED,True,RSS=126.00175723913823,True,-1,-1,-1,0.0
SCEN-B,SPL,M0:probeR,,,mode15,POLISH_EXPANDED,True,RSS=126.00175723913823,True,-1,-1,-1,0.0
SCEN-B,SPL,M0:probeR,,,mode16,POLISH_EXPANDED,True,RSS=126.00175723913823,True,-1,-1,-1,0.0
SCEN-B,SPL,M0:probeR,,,mode17,POLISH_EXPANDED,True,RSS=126.00175723913823,True,-1,-1,-1,0.0
SCEN-B,SPL,M0:probeR,,,mode18,POLISH_EXPANDED,True,RSS=126.00175723913814,True,-1,-1,-1,0.0
SCEN-B,SPL,M0:probeR,,,mode19,POLISH_EXPANDED,True,RSS=125.43159756434531,True,-1,-1,-1,0.0
SCEN-B,SPL,M0:probeR,,,mode20,POLISH_EXPANDED,True,RSS=123.39788052904655,True,-1,-1,-1,0.0
SCEN-B,SPL,M0:probeR,,,mode21,POLISH_EXPANDED,True,RSS=120.98713165379041,True,-1,-1,-1,0.0
SCEN-B,SPL,M0:probeR,,,mode22,POLISH_EXPANDED,True,RSS=118.73469590702125,True,-1,-1,-1,0.0
SCEN-B,SPL,M0:probeR,,,mode23,POLISH_EXPANDED,True,RSS=116.81236775560838,True,-1,-1,-1,0.0
SCEN-B,SPL,M0:probeR,,,mode24,POLISH_EXPANDED,True,RSS=115.24372517115324,True,-1,-1,-1,0.0
SCEN-B,SPL,M0:probeR,,,mode25,FALLBACK,True,RSS=114.01223051020837,True,-1,-1,-1,0.0
SCEN-B,SPL,M0:probeR,,,mode26,POLISH,True,RSS=113.09296417319624,True,-1,-1,-1,0.0
SCEN-B,SPL,M0:probeR,,,mode27,POLISH,True,RSS=112.4691327452243,True,-1,-1,-1,0.0
SCEN-B,SPL,M0:probeR,,,mode28,POLISH,True,RSS=112.14338072888569,True,-1,-1,-1,0.0
SCEN-B,SPL,M0:probeR,,,mode29,POLISH_EXPANDED,True,RSS=112.08585715067564,True,-1,-1,-1,0.0
SCEN-B,SPL,M0:probeR,,,mode30,POLISH,True,RSS=112.08585715067584,True,-1,-1,-1,0.0
SCEN-B,SPL,M0:probeR,,,mode31,POLISH,True,RSS=112.08585715067564,True,-1,-1,-1,0.0
SCEN-B,SPL,M0:probeR,,,mode32,POLISH_EXPANDED,True,RSS=112.08585715067564,True,-1,-1,-1,0.0
SCEN-B,SPL,M0:probeR,,,mode33,POLISH,True,RSS=112.08585715067564,True,-1,-1,-1,0.0
SCEN-B,SPL,M0:probeR,,,mode34,POLISH_EXPANDED,True,RSS=112.08585715067584,True,-1,-1,-1,0.0
SCEN-B,SPL,M0:probeR,,,mode35,POLISH,True,RSS=112.07624838583739,True,-1,-1,-1,0.0
SCEN-B,SPL,M0:probeR,,,mode36,POLISH_EXPANDED,True,RSS=112.0178005843806,True,-1,-1,-1,0.0
SCEN-B,SPL,M0:probeR,,,mode37,POLISH_EXPANDED,True,RSS=111.79253863966657,True,-1,-1,-1,0.0
SCEN-B,SPL,M0:probeR,,,mode38,POLISH_EXPANDED,True,RSS=111.06703134122483,True,-1,-1,-1,0.0
SCEN-B,SPL,M0:probeR,,,mode39,FALLBACK,True,RSS=109.39348196838519,True,-1,-1,-1,0.0
SCEN-B,SPL,M0:probeR,,,mode40,POLISH_EXPANDED,True,RSS=106.78989924820341,True,-1,-1,-1,0.0
SCEN-B,SPL,M0:probeR,,,mode41,POLISH,True,RSS=103.74303437637211,True,-1,-1,-1,0.0
SCEN-B,SPL,M0:probeR,,,mode42,POLISH_EXPANDED,True,RSS=101.02149991720975,True,-1,-1,-1,0.0
SCEN-B,SPL,M0:probeR,,,mode43,POLISH,True,RSS=98.73906600147788,True,-1,-1,-1,0.0
SCEN-B,SPL,M0:probeR,,,mode44,POLISH_EXPANDED,True,RSS=96.7960694074448,True,-1,-1,-1,0.0
SCEN-B,SPL,M0:probeR,,,mode45,POLISH,True,RSS=95.17397619292271,True,-1,-1,-1,0.0
SCEN-B,SPL,M0:probeR,,,mode46,POLISH,True,RSS=93.80311425665782,True,-1,-1,-1,0.0
SCEN-B,SPL,M0:probeR,,,mode47,POLISH_EXPANDED,True,RSS=92.64737139150873,True,-1,-1,-1,0.0
SCEN-B,SPL,M0:probeR,,,mode48,POLISH,True,RSS=91.68892698557116,True,-1,-1,-1,0.0
SCEN-B,SPL,M0:probeR,,,mode49,POLISH,True,RSS=90.87660381059263,True,-1,-1,-1,0.0
SCEN-B,SPL,M0:probeR,,,mode50,POLISH,True,RSS=90.21161617066853,True,-1,-1,-1,0.0
SCEN-B,SPL,M0:probeR,,,mode51,POLISH,True,RSS=89.66778193714906,True,-1,-1,-1,0.0
SCEN-B,SPL,M0:probeR,,,mode52,POLISH_EXPANDED,True,RSS=89.22680149849104,True,-1,-1,-1,0.0
SCEN-B,SPL,M0:probeR,,,mode53,POLISH,True,RSS=88.88153154868861,True,-1,-1,-1,0.0
SCEN-B,SPL,M0:probeR,,,mode54,POLISH,True,RSS=88.6269678976541,True,-1,-1,-1,0.0
SCEN-B,SPL,M0:probeR,,,mode55,FALLBACK,True,RSS=88.45773359105524,True,-1,-1,-1,0.0
SCEN-B,SPL,M0:probeR,,,mode56,POLISH,True,RSS=88.36695929728828,True,-1,-1,-1,0.0
SCEN-B,SPL,M0:probeR,,,mode57,POLISH_EXPANDED,True,RSS=88.34855449611685,True,-1,-1,-1,0.0
SCEN-B,SPL,M0:probeR,,,mode58,POLISH_EXPANDED,True,RSS=88.35189436430514,True,-1,-1,-1,0.0
SCEN-B,SPL,M0:probeR,,,mode59,POLISH_EXPANDED,True,RSS=88.0514707331694,True,-1,-1,-1,0.0
SCEN-B,SPL,M0:probeR,,,mode60,POLISH,True,RSS=84.55627505787038,True,-1,-1,-1,0.0
SCEN-B,SPL,M0:probeR,,,mode61,POLISH_EXPANDED,True,RSS=78.953428445186,True,-1,-1,-1,0.0
SCEN-B,SPL,M0:probeR,,,mode62,POLISH,True,RSS=72.86424836951302,True,-1,-1,-1,0.0
SCEN-B,SPL,M0:probeR,,,mode63,POLISH_EXPANDED,True,RSS=67.11233474578988,True,-1,-1,-1,0.0
SCEN-B,SPL,M0:probeR,,,mode64,POLISH_EXPANDED,True,RSS=62.17957401050333,True,-1,-1,-1,0.0
SCEN-B,SPL,M0:probeR,,,mode65,POLISH,True,RSS=57.972991736437635,True,-1,-1,-1,0.0
SCEN-B,SPL,M0:probeR,,,mode66,POLISH,True,RSS=54.328251538239954,True,-1,-1,-1,0.0
SCEN-B,SPL,M0:probeR,,,mode67,POLISH_EXPANDED,True,RSS=51.10728103472805,True,-1,-1,-1,0.0
SCEN-B,SPL,M0:probeR,,,mode68,POLISH_EXPANDED,True,RSS=48.213509137415734,True,-1,-1,-1,0.0
SCEN-B,SPL,M0:probeR,,,mode69,POLISH_EXPANDED,True,RSS=45.56225658297678,True,-1,-1,-1,0.0
SCEN-B,SPL,M0:probeR,,,mode70,POLISH,True,RSS=43.08305136468352,True,-1,-1,-1,0.0
SCEN-B,SPL,M0:probeR,,,mode71,POLISH,True,RSS=40.71860466434918,True,-1,-1,-1,0.0
SCEN-B,SPL,M0:probeR,,,mode72,POLISH,True,RSS=38.4129839705146,True,-1,-1,-1,0.0
SCEN-B,SPL,M0:probeR,,,mode73,POLISH,True,RSS=36.10066404814474,True,-1,-1,-1,0.0
SCEN-B,SPL,M0:probeR,,,mode74,POLISH,True,RSS=33.709605563020084,True,-1,-1,-1,0.0
SCEN-B,SPL,M0:probeR,,,mode75,POLISH_EXPANDED,True,RSS=31.268292722775413,True,-1,-1,-1,0.0
SCEN-B,SPL,M0:probeR,,,mode76,POLISH,True,RSS=28.8050314360919,True,-1,-1,-1,0.0
SCEN-B,SPL,M0:probeR,,,mode77,POLISH,True,RSS=26.30671060523632,True,-1,-1,-1,0.0
SCEN-B,SPL,M0:probeR,,,mode78,POLISH,True,RSS=23.779100694095572,True,-1,-1,-1,0.0
SCEN-B,SPL,M0:probeR,,,mode79,POLISH,True,RSS=21.263668963930172,True,-1,-1,-1,0.0
SCEN-B,SPL,M0:probeR,,,mode80,POLISH_EXPANDED,True,RSS=18.867639409203836,True,-1,-1,-1,0.0
SCEN-B,SPL,M0:probeR,,,mode81,POLISH,True,RSS=16.82234388808436,True,-1,-1,-1,0.0
SCEN-B,SPL,M0:probeR,,,mode82,POLISH,True,RSS=15.579098001662626,True,-1,-1,-1,0.0
SCEN-B,SPL,M0:probeR,,,mode83,POLISH_EXPANDED,True,RSS=15.470000180426634,True,-1,-1,-1,0.0
SCEN-B,SPL,M0:probeR,,,mode84,POLISH,True,RSS=15.93748493570133,True,-1,-1,-1,0.0
SCEN-B,SPL,M0:probeR,,,mode85,POLISH_EXPANDED,True,RSS=18.733948427358264,True,-1,-1,-1,0.0
SCEN-B,SPL,M0:probeR,,,mode86,POLISH,True,RSS=24.619427081178312,True,-1,-1,-1,0.0
SCEN-B,SPL,M0:probeR,,,mode87,POLISH,True,RSS=32.17990972844074,True,-1,-1,-1,0.0
SCEN-B,SPL,M0:probeR,,,mode88,POLISH_EXPANDED,True,RSS=39.857463272666756,True,-1,-1,-1,0.0
SCEN-B,SPL,M0:probeR,,,mode89,POLISH,True,RSS=45.88524078968274,True,-1,-1,-1,0.0
SCEN-B,SPL,M0:probeR,,,mode90,POLISH_EXPANDED,True,RSS=50.129666677525755,True,-1,-1,-1,0.0
SCEN-B,SPL,M0:probeR,,,mode91,POLISH_EXPANDED,True,RSS=53.18451326330075,True,-1,-1,-1,0.0
SCEN-B,SPL,M0:probeR,,,mode92,POLISH,True,RSS=55.555886292285116,True,-1,-1,-1,0.0
SCEN-B,SPL,M0:probeR,,,mode93,POLISH_EXPANDED,True,RSS=57.513771701159605,True,-1,-1,-1,0.0
SCEN-B,SPL,M0:probeR,,,mode94,POLISH,True,RSS=59.238607718728076,True,-1,-1,-1,0.0
SCEN-B,SPL,M0:probeR,,,mode95,POLISH_EXPANDED,True,RSS=60.851967073537445,True,-1,-1,-1,0.0
SCEN-B,SPL,M0:probeR,,,mode96,POLISH,True,RSS=62.43892499229704,True,-1,-1,-1,0.0
SCEN-B,SPL,M0:probeR,,,mode97,POLISH,True,RSS=64.06251245621533,True,-1,-1,-1,0.0
SCEN-B,SPL,M0:probeR,,,mode98,POLISH,True,RSS=65.77387790760834,True,-1,-1,-1,0.0
SCEN-B,SPL,M0:probeR,,,mode99,POLISH_EXPANDED,True,RSS=67.71304561364425,True,-1,-1,-1,0.0
SCEN-B,SPL,M0:probeR,,,mode100,POLISH_EXPANDED,True,RSS=69.99989715490321,True,-1,-1,-1,0.0
SCEN-B,SPL,M0:probeR,,,mode101,POLISH_EXPANDED,True,RSS=72.70638977863476,True,-1,-1,-1,0.0
SCEN-B,SPL,M0:probeR,,,mode102,POLISH,True,RSS=75.91665635090085,True,-1,-1,-1,0.0
SCEN-B,SPL,M0:probeR,,,mode103,POLISH_EXPANDED,True,RSS=79.69487749720868,True,-1,-1,-1,0.0
SCEN-B,SPL,M0:probeR,,,mode104,POLISH,True,RSS=83.45521947645071,True,-1,-1,-1,0.0
SCEN-B,SPL,M0:probeR,,,mode105,POLISH,True,RSS=85.58202406820742,True,-1,-1,-1,0.0
SCEN-B,SPL,M0:probeR,,,mode106,POLISH,True,RSS=86.32031484372656,True,-1,-1,-1,0.0
SCEN-B,SPL,M0:probeR,,,mode107,POLISH,True,RSS=86.52827575518273,True,-1,-1,-1,0.0
SCEN-B,SPL,M0:probeR,,,mode108,POLISH,True,RSS=86.56490305683789,True,-1,-1,-1,0.0
SCEN-B,SPL,M0:probeR,,,mode109,POLISH,True,RSS=86.56656601316101,True,-1,-1,-1,0.0
SCEN-B,SPL,M0:probeR,,,mode110,POLISH,True,RSS=86.56656601316101,True,-1,-1,-1,0.0
SCEN-B,SPL,M0:probeR,,,mode111,POLISH,True,RSS=86.56656601316101,True,-1,-1,-1,0.0
SCEN-B,SPL,M0:probeR,,,mode112,POLISH,True,RSS=86.56656601316101,True,-1,-1,-1,0.0
SCEN-B,SPL,M0:probeR,,,mode113,POLISH,True,RSS=86.56656601316101,True,-1,-1,-1,0.0
SCEN-B,SPL,M0:probeR,,,mode114,POLISH,True,RSS=86.56656601316101,True,-1,-1,-1,0.0
SCEN-B,SPL,M0:probeR,,,mode115,POLISH,True,RSS=86.56656601316101,True,-1,-1,-1,0.0
SCEN-B,SPL,M0:probeR,,,mode116,POLISH,True,RSS=86.56656601316101,True,-1,-1,-1,0.0
SCEN-B,SPL,M0:probeR,,,mode117,POLISH,True,RSS=86.92968758499379,True,-1,-1,-1,0.0
SCEN-B,SPL,M0:probeR,,,mode118,POLISH,True,RSS=89.04520369216606,True,-1,-1,-1,0.0
SCEN-B,SPL,M0:probeR,,,mode119,POLISH,True,RSS=93.30236121339674,True,-1,-1,-1,0.0
SCEN-B,SPL,M0:probeR,,,mode120,POLISH,True,RSS=98.61217096005988,True,-1,-1,-1,0.0
SCEN-B,SPL,M0:probeR,,,mode121,POLISH,True,RSS=99.6546705298351,True,-1,-1,-1,0.0
SCEN-B,SPL,M0:probeR,,,mode122,POLISH,True,RSS=99.65467052983513,True,-1,-1,-1,0.0
SCEN-B,SPL,M0:probeR,,,mode123,POLISH,True,RSS=99.65467052983517,True,-1,-1,-1,0.0
SCEN-B,SPL,M0:probeR,,,mode124,POLISH,True,RSS=99.65467052983526,True,-1,-1,-1,0.0
SCEN-B,SPL,M0:probeR,,,mode125,POLISH_EXPANDED,True,RSS=99.65467052983517,True,-1,-1,-1,0.0
SCEN-B,SPL,M0:probeR,,,mode126,POLISH,True,RSS=99.6546705298354,True,-1,-1,-1,0.0
SCEN-B,SPL,M0:probeR,,,mode127,POLISH_EXPANDED,True,RSS=99.6546705298354,True,-1,-1,-1,0.0
SCEN-B,SPL,M0:probeR,,,mode128,POLISH_EXPANDED,True,RSS=99.65467052983527,True,-1,-1,-1,0.0
SCEN-B,SPL,M0:probeR,,,mode129,POLISH,True,RSS=99.65467052983513,True,-1,-1,-1,0.0
SCEN-B,SPL,M0:probeR,,,mode130,POLISH,True,RSS=99.6546705298354,True,-1,-1,-1,0.0
SCEN-B,SPL,M0:probeR,,,mode131,POLISH,True,RSS=99.6546705298354,True,-1,-1,-1,0.0
SCEN-B,SPL,M0:probeR,,,mode132,POLISH,True,RSS=99.65467052983539,True,-1,-1,-1,0.0
SCEN-B,SPL,M0:probeR,,,mode133,POLISH,True,RSS=99.6546705298355,True,-1,-1,-1,0.0
SCEN-B,SPL,M0:probeR,,,mode134,POLISH,True,RSS=99.6546705298354,True,-1,-1,-1,0.0
SCEN-B,SPL,M0:probeR,,,mode135,POLISH,True,RSS=99.65467052983543,True,-1,-1,-1,0.0
SCEN-B,SPL,M0:probeR,,,mode136,POLISH_EXPANDED,True,RSS=99.6546705298354,True,-1,-1,-1,0.0
SCEN-B,SPL,M0:probeR,,,mode137,POLISH,True,RSS=99.6546705298354,True,-1,-1,-1,0.0
SCEN-B,SPL,M0:probeR,,,mode138,POLISH,True,RSS=99.6546705298354,True,-1,-1,-1,0.0
SCEN-B,SPL,M0:probeR,,,mode139,POLISH,True,RSS=99.6546705298354,True,-1,-1,-1,0.0
SCEN-B,SPL,M0:probeR,,,mode140,POLISH,True,RSS=99.65467052983587,True,-1,-1,-1,0.0
SCEN-B,SPL,M0:probeR,,,mode141,POLISH,True,RSS=99.6546705298354,True,-1,-1,-1,0.0
SCEN-B,SPL,M0:probeR,,,mode142,POLISH,True,RSS=99.65467052983503,True,-1,-1,-1,0.0
SCEN-B,SPL,M0:probeR,,,mode143,POLISH_EXPANDED,True,RSS=99.6546705298354,True,-1,-1,-1,0.0
SCEN-B,SPL,M0:probeR,,,mode144,POLISH,True,RSS=99.6546705298354,True,-1,-1,-1,0.0
SCEN-B,SPL,M0:probeR,,,mode145,POLISH,True,RSS=99.65467052983558,True,-1,-1,-1,0.0
