Number of clusters,Silhouette_mean (cosine),Silhouette_std (cosine),Silhouette_mean (euclidean),Silhouette_std (euclidean),DaviesBouldin_mean,DaviesBouldin_std,ARI_mean,ARI_std
2,0.5117358141882596,1.1102230246251565e-16,0.3449422453976752,0.0,1.1520500612806912,2.220446049250313e-16,1.0,0.0
3,0.34090823524683933,1.1102230246251565e-16,0.19452864551019175,5.551115123125783e-17,1.6197476773542305,4.440892098500626e-16,1.0,0.0
4,0.31772495277396506,0.00048798460952807575,0.18215413967263167,0.00018772431684427782,1.548336081617106,0.0008305240031153502,0.9991869198611208,0.0056915609721533336
5,0.2832101320610482,5.551115123125783e-17,0.15504193065111993,2.7755575615628914e-17,1.7428439073683126,4.440892098500626e-16,1.0,0.0
6,0.28105499383699345,0.00024833978927348254,0.15083403710198404,0.0008163876486994633,1.6489508646889457,0.0056446272664457545,0.9893487431378214,0.012026095297435898
7,0.2538406711021067,0.0029421018371956985,0.13421859861387336,0.001296072164831647,1.6656394787691438,0.022817278581965514,0.9510944607293781,0.05392069527931924
8,0.22661969507225035,0.002296171073045005,0.12795918460014258,0.0004332397179394173,1.7358699091060503,0.007442491816926056,0.9821939524484781,0.020543971618274762
9,0.20273696113852893,0.005293182619094165,0.1213510887896952,0.0030808089273737203,1.6997750803624556,0.03442247584815943,0.939012638699796,0.03955394550140843
10,0.18518799616872905,0.005386018698857771,0.10779559958408118,0.0032832963371375685,1.716869823444481,0.024738150962985955,0.9228052758756607,0.03929260790255234
