trajectory_id,sex,name,year_min,year_max,T,source_scope,eligibility_rule_id,trajectory_value_id,source_record_status,n_observed_years,n_missing_total,eligible,exclusion_reason
F_Abbie,F,Abbie,1880,2025,146,national_only,OD5_FULL_observed_support_1880_2025,OD3_released_record_share_by_year_and_sex,fully_published_146_of_146,146,0,true,none
F_Abigail,F,Abigail,1880,2025,146,national_only,OD5_FULL_observed_support_1880_2025,OD3_released_record_share_by_year_and_sex,fully_published_146_of_146,146,0,true,none
F_Ada,F,Ada,1880,2025,146,national_only,OD5_FULL_observed_support_1880_2025,OD3_released_record_share_by_year_and_sex,fully_published_146_of_146,146,0,true,none
F_Addie,F,Addie,1880,2025,146,national_only,OD5_FULL_observed_support_1880_2025,OD3_released_record_share_by_year_and_sex,fully_published_146_of_146,146,0,true,none
F_Adela,F,Adela,1880,2025,146,national_only,OD5_FULL_observed_support_1880_2025,OD3_released_record_share_by_year_and_sex,fully_published_146_of_146,146,0,true,none
F_Adelaide,F,Adelaide,1880,2025,146,national_only,OD5_FULL_observed_support_1880_2025,OD3_released_record_share_by_year_and_sex,fully_published_146_of_146,146,0,true,none
F_Adele,F,Adele,1880,2025,146,national_only,OD5_FULL_observed_support_1880_2025,OD3_released_record_share_by_year_and_sex,fully_published_146_of_146,146,0,true,none
F_Adelia,F,Adelia,1880,2025,146,national_only,OD5_FULL_observed_support_1880_2025,OD3_released_record_share_by_year_and_sex,fully_published_146_of_146,146,0,true,none
F_Adeline,F,Adeline,1880,2025,146,national_only,OD5_FULL_observed_support_1880_2025,OD3_released_record_share_by_year_and_sex,fully_published_146_of_146,146,0,true,none
F_Adella,F,Adella,1880,2025,146,national_only,OD5_FULL_observed_support_1880_2025,OD3_released_record_share_by_year_and_sex,fully_published_146_of_146,146,0,true,none
F_Agatha,F,Agatha,1880,2025,146,national_only,OD5_FULL_observed_support_1880_2025,OD3_released_record_share_by_year_and_sex,fully_published_146_of_146,146,0,true,none
F_Agnes,F,Agnes,1880,2025,146,national_only,OD5_FULL_observed_support_1880_2025,OD3_released_record_share_by_year_and_sex,fully_published_146_of_146,146,0,true,none
F_Aimee,F,Aimee,1880,2025,146,national_only,OD5_FULL_observed_support_1880_2025,OD3_released_record_share_by_year_and_sex,fully_published_146_of_146,146,0,true,none
F_Alberta,F,Alberta,1880,2025,146,national_only,OD5_FULL_observed_support_1880_2025,OD3_released_record_share_by_year_and_sex,fully_published_146_of_146,146,0,true,none
F_Alice,F,Alice,1880,2025,146,national_only,OD5_FULL_observed_support_1880_2025,OD3_released_record_share_by_year_and_sex,fully_published_146_of_146,146,0,true,none
F_Alida,F,Alida,1880,2025,146,national_only,OD5_FULL_observed_support_1880_2025,OD3_released_record_share_by_year_and_sex,fully_published_146_of_146,146,0,true,none
F_Aline,F,Aline,1880,2025,146,national_only,OD5_FULL_observed_support_1880_2025,OD3_released_record_share_by_year_and_sex,fully_published_146_of_146,146,0,true,none
F_Allie,F,Allie,1880,2025,146,national_only,OD5_FULL_observed_support_1880_2025,OD3_released_record_share_by_year_and_sex,fully_published_146_of_146,146,0,true,none
F_Alma,F,Alma,1880,2025,146,national_only,OD5_FULL_observed_support_1880_2025,OD3_released_record_share_by_year_and_sex,fully_published_146_of_146,146,0,true,none
F_Alta,F,Alta,1880,2025,146,national_only,OD5_FULL_observed_support_1880_2025,OD3_released_record_share_by_year_and_sex,fully_published_146_of_146,146,0,true,none
F_Althea,F,Althea,1880,2025,146,national_only,OD5_FULL_observed_support_1880_2025,OD3_released_record_share_by_year_and_sex,fully_published_146_of_146,146,0,true,none
F_Alva,F,Alva,1880,2025,146,national_only,OD5_FULL_observed_support_1880_2025,OD3_released_record_share_by_year_and_sex,fully_published_146_of_146,146,0,true,none
F_Alvina,F,Alvina,1880,2025,146,national_only,OD5_FULL_observed_support_1880_2025,OD3_released_record_share_by_year_and_sex,fully_published_146_of_146,146,0,true,none
F_Amalia,F,Amalia,1880,2025,146,national_only,OD5_FULL_observed_support_1880_2025,OD3_released_record_share_by_year_and_sex,fully_published_146_of_146,146,0,true,none
F_Amanda,F,Amanda,1880,2025,146,national_only,OD5_FULL_observed_support_1880_2025,OD3_released_record_share_by_year_and_sex,fully_published_146_of_146,146,0,true,none
F_Amelia,F,Amelia,1880,2025,146,national_only,OD5_FULL_observed_support_1880_2025,OD3_released_record_share_by_year_and_sex,fully_published_146_of_146,146,0,true,none
F_America,F,America,1880,2025,146,national_only,OD5_FULL_observed_support_1880_2025,OD3_released_record_share_by_year_and_sex,fully_published_146_of_146,146,0,true,none
F_Amie,F,Amie,1880,2025,146,national_only,OD5_FULL_observed_support_1880_2025,OD3_released_record_share_by_year_and_sex,fully_published_146_of_146,146,0,true,none
F_Amy,F,Amy,1880,2025,146,national_only,OD5_FULL_observed_support_1880_2025,OD3_released_record_share_by_year_and_sex,fully_published_146_of_146,146,0,true,none
F_Anastasia,F,Anastasia,1880,2025,146,national_only,OD5_FULL_observed_support_1880_2025,OD3_released_record_share_by_year_and_sex,fully_published_146_of_146,146,0,true,none
F_Angela,F,Angela,1880,2025,146,national_only,OD5_FULL_observed_support_1880_2025,OD3_released_record_share_by_year_and_sex,fully_published_146_of_146,146,0,true,none
F_Angelina,F,Angelina,1880,2025,146,national_only,OD5_FULL_observed_support_1880_2025,OD3_released_record_share_by_year_and_sex,fully_published_146_of_146,146,0,true,none
F_Angeline,F,Angeline,1880,2025,146,national_only,OD5_FULL_observed_support_1880_2025,OD3_released_record_share_by_year_and_sex,fully_published_146_of_146,146,0,true,none
F_Angie,F,Angie,1880,2025,146,national_only,OD5_FULL_observed_support_1880_2025,OD3_released_record_share_by_year_and_sex,fully_published_146_of_146,146,0,true,none
F_Anita,F,Anita,1880,2025,146,national_only,OD5_FULL_observed_support_1880_2025,OD3_released_record_share_by_year_and_sex,fully_published_146_of_146,146,0,true,none
F_Ann,F,Ann,1880,2025,146,national_only,OD5_FULL_observed_support_1880_2025,OD3_released_record_share_by_year_and_sex,fully_published_146_of_146,146,0,true,none
F_Anna,F,Anna,1880,2025,146,national_only,OD5_FULL_observed_support_1880_2025,OD3_released_record_share_by_year_and_sex,fully_published_146_of_146,146,0,true,none
F_Annabel,F,Annabel,1880,2025,146,national_only,OD5_FULL_observed_support_1880_2025,OD3_released_record_share_by_year_and_sex,fully_published_146_of_146,146,0,true,none
F_Annabelle,F,Annabelle,1880,2025,146,national_only,OD5_FULL_observed_support_1880_2025,OD3_released_record_share_by_year_and_sex,fully_published_146_of_146,146,0,true,none
F_Anne,F,Anne,1880,2025,146,national_only,OD5_FULL_observed_support_1880_2025,OD3_released_record_share_by_year_and_sex,fully_published_146_of_146,146,0,true,none
F_Annette,F,Annette,1880,2025,146,national_only,OD5_FULL_observed_support_1880_2025,OD3_released_record_share_by_year_and_sex,fully_published_146_of_146,146,0,true,none
F_Annie,F,Annie,1880,2025,146,national_only,OD5_FULL_observed_support_1880_2025,OD3_released_record_share_by_year_and_sex,fully_published_146_of_146,146,0,true,none
F_Antoinette,F,Antoinette,1880,2025,146,national_only,OD5_FULL_observed_support_1880_2025,OD3_released_record_share_by_year_and_sex,fully_published_146_of_146,146,0,true,none
F_Antonia,F,Antonia,1880,2025,146,national_only,OD5_FULL_observed_support_1880_2025,OD3_released_record_share_by_year_and_sex,fully_published_146_of_146,146,0,true,none
F_Ara,F,Ara,1880,2025,146,national_only,OD5_FULL_observed_support_1880_2025,OD3_released_record_share_by_year_and_sex,fully_published_146_of_146,146,0,true,none
F_Augusta,F,Augusta,1880,2025,146,national_only,OD5_FULL_observed_support_1880_2025,OD3_released_record_share_by_year_and_sex,fully_published_146_of_146,146,0,true,none
F_Aurelia,F,Aurelia,1880,2025,146,national_only,OD5_FULL_observed_support_1880_2025,OD3_released_record_share_by_year_and_sex,fully_published_146_of_146,146,0,true,none
F_Ava,F,Ava,1880,2025,146,national_only,OD5_FULL_observed_support_1880_2025,OD3_released_record_share_by_year_and_sex,fully_published_146_of_146,146,0,true,none
F_Barbara,F,Barbara,1880,2025,146,national_only,OD5_FULL_observed_support_1880_2025,OD3_released_record_share_by_year_and_sex,fully_published_146_of_146,146,0,true,none
F_Beatrice,F,Beatrice,1880,2025,146,national_only,OD5_FULL_observed_support_1880_2025,OD3_released_record_share_by_year_and_sex,fully_published_146_of_146,146,0,true,none
F_Bella,F,Bella,1880,2025,146,national_only,OD5_FULL_observed_support_1880_2025,OD3_released_record_share_by_year_and_sex,fully_published_146_of_146,146,0,true,none
F_Belle,F,Belle,1880,2025,146,national_only,OD5_FULL_observed_support_1880_2025,OD3_released_record_share_by_year_and_sex,fully_published_146_of_146,146,0,true,none
F_Bernice,F,Bernice,1880,2025,146,national_only,OD5_FULL_observed_support_1880_2025,OD3_released_record_share_by_year_and_sex,fully_published_146_of_146,146,0,true,none
F_Bertha,F,Bertha,1880,2025,146,national_only,OD5_FULL_observed_support_1880_2025,OD3_released_record_share_by_year_and_sex,fully_published_146_of_146,146,0,true,none
F_Bessie,F,Bessie,1880,2025,146,national_only,OD5_FULL_observed_support_1880_2025,OD3_released_record_share_by_year_and_sex,fully_published_146_of_146,146,0,true,none
F_Betsy,F,Betsy,1880,2025,146,national_only,OD5_FULL_observed_support_1880_2025,OD3_released_record_share_by_year_and_sex,fully_published_146_of_146,146,0,true,none
F_Betty,F,Betty,1880,2025,146,national_only,OD5_FULL_observed_support_1880_2025,OD3_released_record_share_by_year_and_sex,fully_published_146_of_146,146,0,true,none
F_Bonnie,F,Bonnie,1880,2025,146,national_only,OD5_FULL_observed_support_1880_2025,OD3_released_record_share_by_year_and_sex,fully_published_146_of_146,146,0,true,none
F_Bridget,F,Bridget,1880,2025,146,national_only,OD5_FULL_observed_support_1880_2025,OD3_released_record_share_by_year_and_sex,fully_published_146_of_146,146,0,true,none
F_Callie,F,Callie,1880,2025,146,national_only,OD5_FULL_observed_support_1880_2025,OD3_released_record_share_by_year_and_sex,fully_published_146_of_146,146,0,true,none
F_Camilla,F,Camilla,1880,2025,146,national_only,OD5_FULL_observed_support_1880_2025,OD3_released_record_share_by_year_and_sex,fully_published_146_of_146,146,0,true,none
F_Camille,F,Camille,1880,2025,146,national_only,OD5_FULL_observed_support_1880_2025,OD3_released_record_share_by_year_and_sex,fully_published_146_of_146,146,0,true,none
F_Carolina,F,Carolina,1880,2025,146,national_only,OD5_FULL_observed_support_1880_2025,OD3_released_record_share_by_year_and_sex,fully_published_146_of_146,146,0,true,none
F_Caroline,F,Caroline,1880,2025,146,national_only,OD5_FULL_observed_support_1880_2025,OD3_released_record_share_by_year_and_sex,fully_published_146_of_146,146,0,true,none
F_Carolyn,F,Carolyn,1880,2025,146,national_only,OD5_FULL_observed_support_1880_2025,OD3_released_record_share_by_year_and_sex,fully_published_146_of_146,146,0,true,none
F_Carrie,F,Carrie,1880,2025,146,national_only,OD5_FULL_observed_support_1880_2025,OD3_released_record_share_by_year_and_sex,fully_published_146_of_146,146,0,true,none
F_Cassie,F,Cassie,1880,2025,146,national_only,OD5_FULL_observed_support_1880_2025,OD3_released_record_share_by_year_and_sex,fully_published_146_of_146,146,0,true,none
F_Catherine,F,Catherine,1880,2025,146,national_only,OD5_FULL_observed_support_1880_2025,OD3_released_record_share_by_year_and_sex,fully_published_146_of_146,146,0,true,none
F_Cecelia,F,Cecelia,1880,2025,146,national_only,OD5_FULL_observed_support_1880_2025,OD3_released_record_share_by_year_and_sex,fully_published_146_of_146,146,0,true,none
F_Cecile,F,Cecile,1880,2025,146,national_only,OD5_FULL_observed_support_1880_2025,OD3_released_record_share_by_year_and_sex,fully_published_146_of_146,146,0,true,none
F_Cecilia,F,Cecilia,1880,2025,146,national_only,OD5_FULL_observed_support_1880_2025,OD3_released_record_share_by_year_and_sex,fully_published_146_of_146,146,0,true,none
F_Celia,F,Celia,1880,2025,146,national_only,OD5_FULL_observed_support_1880_2025,OD3_released_record_share_by_year_and_sex,fully_published_146_of_146,146,0,true,none
F_Celina,F,Celina,1880,2025,146,national_only,OD5_FULL_observed_support_1880_2025,OD3_released_record_share_by_year_and_sex,fully_published_146_of_146,146,0,true,none
F_Charity,F,Charity,1880,2025,146,national_only,OD5_FULL_observed_support_1880_2025,OD3_released_record_share_by_year_and_sex,fully_published_146_of_146,146,0,true,none
F_Charlotte,F,Charlotte,1880,2025,146,national_only,OD5_FULL_observed_support_1880_2025,OD3_released_record_share_by_year_and_sex,fully_published_146_of_146,146,0,true,none
F_Chloe,F,Chloe,1880,2025,146,national_only,OD5_FULL_observed_support_1880_2025,OD3_released_record_share_by_year_and_sex,fully_published_146_of_146,146,0,true,none
F_Christina,F,Christina,1880,2025,146,national_only,OD5_FULL_observed_support_1880_2025,OD3_released_record_share_by_year_and_sex,fully_published_146_of_146,146,0,true,none
F_Christine,F,Christine,1880,2025,146,national_only,OD5_FULL_observed_support_1880_2025,OD3_released_record_share_by_year_and_sex,fully_published_146_of_146,146,0,true,none
F_Claire,F,Claire,1880,2025,146,national_only,OD5_FULL_observed_support_1880_2025,OD3_released_record_share_by_year_and_sex,fully_published_146_of_146,146,0,true,none
F_Clara,F,Clara,1880,2025,146,national_only,OD5_FULL_observed_support_1880_2025,OD3_released_record_share_by_year_and_sex,fully_published_146_of_146,146,0,true,none
F_Clare,F,Clare,1880,2025,146,national_only,OD5_FULL_observed_support_1880_2025,OD3_released_record_share_by_year_and_sex,fully_published_146_of_146,146,0,true,none
F_Clarice,F,Clarice,1880,2025,146,national_only,OD5_FULL_observed_support_1880_2025,OD3_released_record_share_by_year_and_sex,fully_published_146_of_146,146,0,true,none
F_Claudia,F,Claudia,1880,2025,146,national_only,OD5_FULL_observed_support_1880_2025,OD3_released_record_share_by_year_and_sex,fully_published_146_of_146,146,0,true,none
F_Cleo,F,Cleo,1880,2025,146,national_only,OD5_FULL_observed_support_1880_2025,OD3_released_record_share_by_year_and_sex,fully_published_146_of_146,146,0,true,none
F_Connie,F,Connie,1880,2025,146,national_only,OD5_FULL_observed_support_1880_2025,OD3_released_record_share_by_year_and_sex,fully_published_146_of_146,146,0,true,none
F_Constance,F,Constance,1880,2025,146,national_only,OD5_FULL_observed_support_1880_2025,OD3_released_record_share_by_year_and_sex,fully_published_146_of_146,146,0,true,none
F_Cora,F,Cora,1880,2025,146,national_only,OD5_FULL_observed_support_1880_2025,OD3_released_record_share_by_year_and_sex,fully_published_146_of_146,146,0,true,none
F_Cordelia,F,Cordelia,1880,2025,146,national_only,OD5_FULL_observed_support_1880_2025,OD3_released_record_share_by_year_and_sex,fully_published_146_of_146,146,0,true,none
F_Corinne,F,Corinne,1880,2025,146,national_only,OD5_FULL_observed_support_1880_2025,OD3_released_record_share_by_year_and_sex,fully_published_146_of_146,146,0,true,none
F_Cornelia,F,Cornelia,1880,2025,146,national_only,OD5_FULL_observed_support_1880_2025,OD3_released_record_share_by_year_and_sex,fully_published_146_of_146,146,0,true,none
F_Corrie,F,Corrie,1880,2025,146,national_only,OD5_FULL_observed_support_1880_2025,OD3_released_record_share_by_year_and_sex,fully_published_146_of_146,146,0,true,none
F_Corrine,F,Corrine,1880,2025,146,national_only,OD5_FULL_observed_support_1880_2025,OD3_released_record_share_by_year_and_sex,fully_published_146_of_146,146,0,true,none
F_Cynthia,F,Cynthia,1880,2025,146,national_only,OD5_FULL_observed_support_1880_2025,OD3_released_record_share_by_year_and_sex,fully_published_146_of_146,146,0,true,none
F_Daisy,F,Daisy,1880,2025,146,national_only,OD5_FULL_observed_support_1880_2025,OD3_released_record_share_by_year_and_sex,fully_published_146_of_146,146,0,true,none
F_Deborah,F,Deborah,1880,2025,146,national_only,OD5_FULL_observed_support_1880_2025,OD3_released_record_share_by_year_and_sex,fully_published_146_of_146,146,0,true,none
F_Delia,F,Delia,1880,2025,146,national_only,OD5_FULL_observed_support_1880_2025,OD3_released_record_share_by_year_and_sex,fully_published_146_of_146,146,0,true,none
F_Delilah,F,Delilah,1880,2025,146,national_only,OD5_FULL_observed_support_1880_2025,OD3_released_record_share_by_year_and_sex,fully_published_146_of_146,146,0,true,none
F_Della,F,Della,1880,2025,146,national_only,OD5_FULL_observed_support_1880_2025,OD3_released_record_share_by_year_and_sex,fully_published_146_of_146,146,0,true,none
F_Delphine,F,Delphine,1880,2025,146,national_only,OD5_FULL_observed_support_1880_2025,OD3_released_record_share_by_year_and_sex,fully_published_146_of_146,146,0,true,none
F_Dena,F,Dena,1880,2025,146,national_only,OD5_FULL_observed_support_1880_2025,OD3_released_record_share_by_year_and_sex,fully_published_146_of_146,146,0,true,none
F_Diana,F,Diana,1880,2025,146,national_only,OD5_FULL_observed_support_1880_2025,OD3_released_record_share_by_year_and_sex,fully_published_146_of_146,146,0,true,none
F_Dixie,F,Dixie,1880,2025,146,national_only,OD5_FULL_observed_support_1880_2025,OD3_released_record_share_by_year_and_sex,fully_published_146_of_146,146,0,true,none
F_Dolly,F,Dolly,1880,2025,146,national_only,OD5_FULL_observed_support_1880_2025,OD3_released_record_share_by_year_and_sex,fully_published_146_of_146,146,0,true,none
F_Dolores,F,Dolores,1880,2025,146,national_only,OD5_FULL_observed_support_1880_2025,OD3_released_record_share_by_year_and_sex,fully_published_146_of_146,146,0,true,none
F_Donna,F,Donna,1880,2025,146,national_only,OD5_FULL_observed_support_1880_2025,OD3_released_record_share_by_year_and_sex,fully_published_146_of_146,146,0,true,none
F_Dora,F,Dora,1880,2025,146,national_only,OD5_FULL_observed_support_1880_2025,OD3_released_record_share_by_year_and_sex,fully_published_146_of_146,146,0,true,none
F_Dorcas,F,Dorcas,1880,2025,146,national_only,OD5_FULL_observed_support_1880_2025,OD3_released_record_share_by_year_and_sex,fully_published_146_of_146,146,0,true,none
F_Doris,F,Doris,1880,2025,146,national_only,OD5_FULL_observed_support_1880_2025,OD3_released_record_share_by_year_and_sex,fully_published_146_of_146,146,0,true,none
F_Dorothea,F,Dorothea,1880,2025,146,national_only,OD5_FULL_observed_support_1880_2025,OD3_released_record_share_by_year_and_sex,fully_published_146_of_146,146,0,true,none
F_Dorothy,F,Dorothy,1880,2025,146,national_only,OD5_FULL_observed_support_1880_2025,OD3_released_record_share_by_year_and_sex,fully_published_146_of_146,146,0,true,none
F_Edith,F,Edith,1880,2025,146,national_only,OD5_FULL_observed_support_1880_2025,OD3_released_record_share_by_year_and_sex,fully_published_146_of_146,146,0,true,none
F_Edna,F,Edna,1880,2025,146,national_only,OD5_FULL_observed_support_1880_2025,OD3_released_record_share_by_year_and_sex,fully_published_146_of_146,146,0,true,none
F_Effie,F,Effie,1880,2025,146,national_only,OD5_FULL_observed_support_1880_2025,OD3_released_record_share_by_year_and_sex,fully_published_146_of_146,146,0,true,none
F_Elda,F,Elda,1880,2025,146,national_only,OD5_FULL_observed_support_1880_2025,OD3_released_record_share_by_year_and_sex,fully_published_146_of_146,146,0,true,none
F_Eleanor,F,Eleanor,1880,2025,146,national_only,OD5_FULL_observed_support_1880_2025,OD3_released_record_share_by_year_and_sex,fully_published_146_of_146,146,0,true,none
F_Eleanore,F,Eleanore,1880,2025,146,national_only,OD5_FULL_observed_support_1880_2025,OD3_released_record_share_by_year_and_sex,fully_published_146_of_146,146,0,true,none
F_Elinor,F,Elinor,1880,2025,146,national_only,OD5_FULL_observed_support_1880_2025,OD3_released_record_share_by_year_and_sex,fully_published_146_of_146,146,0,true,none
F_Elisabeth,F,Elisabeth,1880,2025,146,national_only,OD5_FULL_observed_support_1880_2025,OD3_released_record_share_by_year_and_sex,fully_published_146_of_146,146,0,true,none
F_Elise,F,Elise,1880,2025,146,national_only,OD5_FULL_observed_support_1880_2025,OD3_released_record_share_by_year_and_sex,fully_published_146_of_146,146,0,true,none
F_Eliza,F,Eliza,1880,2025,146,national_only,OD5_FULL_observed_support_1880_2025,OD3_released_record_share_by_year_and_sex,fully_published_146_of_146,146,0,true,none
F_Elizabeth,F,Elizabeth,1880,2025,146,national_only,OD5_FULL_observed_support_1880_2025,OD3_released_record_share_by_year_and_sex,fully_published_146_of_146,146,0,true,none
F_Ella,F,Ella,1880,2025,146,national_only,OD5_FULL_observed_support_1880_2025,OD3_released_record_share_by_year_and_sex,fully_published_146_of_146,146,0,true,none
F_Ellen,F,Ellen,1880,2025,146,national_only,OD5_FULL_observed_support_1880_2025,OD3_released_record_share_by_year_and_sex,fully_published_146_of_146,146,0,true,none
F_Ellie,F,Ellie,1880,2025,146,national_only,OD5_FULL_observed_support_1880_2025,OD3_released_record_share_by_year_and_sex,fully_published_146_of_146,146,0,true,none
F_Elma,F,Elma,1880,2025,146,national_only,OD5_FULL_observed_support_1880_2025,OD3_released_record_share_by_year_and_sex,fully_published_146_of_146,146,0,true,none
F_Elnora,F,Elnora,1880,2025,146,national_only,OD5_FULL_observed_support_1880_2025,OD3_released_record_share_by_year_and_sex,fully_published_146_of_146,146,0,true,none
F_Eloise,F,Eloise,1880,2025,146,national_only,OD5_FULL_observed_support_1880_2025,OD3_released_record_share_by_year_and_sex,fully_published_146_of_146,146,0,true,none
F_Elsa,F,Elsa,1880,2025,146,national_only,OD5_FULL_observed_support_1880_2025,OD3_released_record_share_by_year_and_sex,fully_published_146_of_146,146,0,true,none
F_Elsie,F,Elsie,1880,2025,146,national_only,OD5_FULL_observed_support_1880_2025,OD3_released_record_share_by_year_and_sex,fully_published_146_of_146,146,0,true,none
F_Elva,F,Elva,1880,2025,146,national_only,OD5_FULL_observed_support_1880_2025,OD3_released_record_share_by_year_and_sex,fully_published_146_of_146,146,0,true,none
F_Elvira,F,Elvira,1880,2025,146,national_only,OD5_FULL_observed_support_1880_2025,OD3_released_record_share_by_year_and_sex,fully_published_146_of_146,146,0,true,none
F_Emelia,F,Emelia,1880,2025,146,national_only,OD5_FULL_observed_support_1880_2025,OD3_released_record_share_by_year_and_sex,fully_published_146_of_146,146,0,true,none
F_Emilia,F,Emilia,1880,2025,146,national_only,OD5_FULL_observed_support_1880_2025,OD3_released_record_share_by_year_and_sex,fully_published_146_of_146,146,0,true,none
F_Emilie,F,Emilie,1880,2025,146,national_only,OD5_FULL_observed_support_1880_2025,OD3_released_record_share_by_year_and_sex,fully_published_146_of_146,146,0,true,none
F_Emily,F,Emily,1880,2025,146,national_only,OD5_FULL_observed_support_1880_2025,OD3_released_record_share_by_year_and_sex,fully_published_146_of_146,146,0,true,none
F_Emma,F,Emma,1880,2025,146,national_only,OD5_FULL_observed_support_1880_2025,OD3_released_record_share_by_year_and_sex,fully_published_146_of_146,146,0,true,none
F_Emmie,F,Emmie,1880,2025,146,national_only,OD5_FULL_observed_support_1880_2025,OD3_released_record_share_by_year_and_sex,fully_published_146_of_146,146,0,true,none
F_Erma,F,Erma,1880,2025,146,national_only,OD5_FULL_observed_support_1880_2025,OD3_released_record_share_by_year_and_sex,fully_published_146_of_146,146,0,true,none
F_Estella,F,Estella,1880,2025,146,national_only,OD5_FULL_observed_support_1880_2025,OD3_released_record_share_by_year_and_sex,fully_published_146_of_146,146,0,true,none
F_Estelle,F,Estelle,1880,2025,146,national_only,OD5_FULL_observed_support_1880_2025,OD3_released_record_share_by_year_and_sex,fully_published_146_of_146,146,0,true,none
F_Esther,F,Esther,1880,2025,146,national_only,OD5_FULL_observed_support_1880_2025,OD3_released_record_share_by_year_and_sex,fully_published_146_of_146,146,0,true,none
F_Ethel,F,Ethel,1880,2025,146,national_only,OD5_FULL_observed_support_1880_2025,OD3_released_record_share_by_year_and_sex,fully_published_146_of_146,146,0,true,none
F_Etta,F,Etta,1880,2025,146,national_only,OD5_FULL_observed_support_1880_2025,OD3_released_record_share_by_year_and_sex,fully_published_146_of_146,146,0,true,none
F_Eugenia,F,Eugenia,1880,2025,146,national_only,OD5_FULL_observed_support_1880_2025,OD3_released_record_share_by_year_and_sex,fully_published_146_of_146,146,0,true,none
F_Eunice,F,Eunice,1880,2025,146,national_only,OD5_FULL_observed_support_1880_2025,OD3_released_record_share_by_year_and_sex,fully_published_146_of_146,146,0,true,none
F_Eva,F,Eva,1880,2025,146,national_only,OD5_FULL_observed_support_1880_2025,OD3_released_record_share_by_year_and_sex,fully_published_146_of_146,146,0,true,none
F_Eve,F,Eve,1880,2025,146,national_only,OD5_FULL_observed_support_1880_2025,OD3_released_record_share_by_year_and_sex,fully_published_146_of_146,146,0,true,none
F_Evelyn,F,Evelyn,1880,2025,146,national_only,OD5_FULL_observed_support_1880_2025,OD3_released_record_share_by_year_and_sex,fully_published_146_of_146,146,0,true,none
F_Evie,F,Evie,1880,2025,146,national_only,OD5_FULL_observed_support_1880_2025,OD3_released_record_share_by_year_and_sex,fully_published_146_of_146,146,0,true,none
F_Fannie,F,Fannie,1880,2025,146,national_only,OD5_FULL_observed_support_1880_2025,OD3_released_record_share_by_year_and_sex,fully_published_146_of_146,146,0,true,none
F_Fanny,F,Fanny,1880,2025,146,national_only,OD5_FULL_observed_support_1880_2025,OD3_released_record_share_by_year_and_sex,fully_published_146_of_146,146,0,true,none
F_Fay,F,Fay,1880,2025,146,national_only,OD5_FULL_observed_support_1880_2025,OD3_released_record_share_by_year_and_sex,fully_published_146_of_146,146,0,true,none
F_Faye,F,Faye,1880,2025,146,national_only,OD5_FULL_observed_support_1880_2025,OD3_released_record_share_by_year_and_sex,fully_published_146_of_146,146,0,true,none
F_Fern,F,Fern,1880,2025,146,national_only,OD5_FULL_observed_support_1880_2025,OD3_released_record_share_by_year_and_sex,fully_published_146_of_146,146,0,true,none
F_Flora,F,Flora,1880,2025,146,national_only,OD5_FULL_observed_support_1880_2025,OD3_released_record_share_by_year_and_sex,fully_published_146_of_146,146,0,true,none
F_Florence,F,Florence,1880,2025,146,national_only,OD5_FULL_observed_support_1880_2025,OD3_released_record_share_by_year_and_sex,fully_published_146_of_146,146,0,true,none
F_Frances,F,Frances,1880,2025,146,national_only,OD5_FULL_observed_support_1880_2025,OD3_released_record_share_by_year_and_sex,fully_published_146_of_146,146,0,true,none
F_Francis,F,Francis,1880,2025,146,national_only,OD5_FULL_observed_support_1880_2025,OD3_released_record_share_by_year_and_sex,fully_published_146_of_146,146,0,true,none
F_Frankie,F,Frankie,1880,2025,146,national_only,OD5_FULL_observed_support_1880_2025,OD3_released_record_share_by_year_and_sex,fully_published_146_of_146,146,0,true,none
F_Frieda,F,Frieda,1880,2025,146,national_only,OD5_FULL_observed_support_1880_2025,OD3_released_record_share_by_year_and_sex,fully_published_146_of_146,146,0,true,none
F_Geneva,F,Geneva,1880,2025,146,national_only,OD5_FULL_observed_support_1880_2025,OD3_released_record_share_by_year_and_sex,fully_published_146_of_146,146,0,true,none
F_Genevieve,F,Genevieve,1880,2025,146,national_only,OD5_FULL_observed_support_1880_2025,OD3_released_record_share_by_year_and_sex,fully_published_146_of_146,146,0,true,none
F_Georgia,F,Georgia,1880,2025,146,national_only,OD5_FULL_observed_support_1880_2025,OD3_released_record_share_by_year_and_sex,fully_published_146_of_146,146,0,true,none
F_Georgiana,F,Georgiana,1880,2025,146,national_only,OD5_FULL_observed_support_1880_2025,OD3_released_record_share_by_year_and_sex,fully_published_146_of_146,146,0,true,none
F_Georgianna,F,Georgianna,1880,2025,146,national_only,OD5_FULL_observed_support_1880_2025,OD3_released_record_share_by_year_and_sex,fully_published_146_of_146,146,0,true,none
F_Georgie,F,Georgie,1880,2025,146,national_only,OD5_FULL_observed_support_1880_2025,OD3_released_record_share_by_year_and_sex,fully_published_146_of_146,146,0,true,none
F_Geraldine,F,Geraldine,1880,2025,146,national_only,OD5_FULL_observed_support_1880_2025,OD3_released_record_share_by_year_and_sex,fully_published_146_of_146,146,0,true,none
F_Gertrude,F,Gertrude,1880,2025,146,national_only,OD5_FULL_observed_support_1880_2025,OD3_released_record_share_by_year_and_sex,fully_published_146_of_146,146,0,true,none
F_Gladys,F,Gladys,1880,2025,146,national_only,OD5_FULL_observed_support_1880_2025,OD3_released_record_share_by_year_and_sex,fully_published_146_of_146,146,0,true,none
F_Goldie,F,Goldie,1880,2025,146,national_only,OD5_FULL_observed_support_1880_2025,OD3_released_record_share_by_year_and_sex,fully_published_146_of_146,146,0,true,none
F_Grace,F,Grace,1880,2025,146,national_only,OD5_FULL_observed_support_1880_2025,OD3_released_record_share_by_year_and_sex,fully_published_146_of_146,146,0,true,none
F_Gracie,F,Gracie,1880,2025,146,national_only,OD5_FULL_observed_support_1880_2025,OD3_released_record_share_by_year_and_sex,fully_published_146_of_146,146,0,true,none
F_Hallie,F,Hallie,1880,2025,146,national_only,OD5_FULL_observed_support_1880_2025,OD3_released_record_share_by_year_and_sex,fully_published_146_of_146,146,0,true,none
F_Hanna,F,Hanna,1880,2025,146,national_only,OD5_FULL_observed_support_1880_2025,OD3_released_record_share_by_year_and_sex,fully_published_146_of_146,146,0,true,none
F_Hannah,F,Hannah,1880,2025,146,national_only,OD5_FULL_observed_support_1880_2025,OD3_released_record_share_by_year_and_sex,fully_published_146_of_146,146,0,true,none
F_Harriet,F,Harriet,1880,2025,146,national_only,OD5_FULL_observed_support_1880_2025,OD3_released_record_share_by_year_and_sex,fully_published_146_of_146,146,0,true,none
F_Hattie,F,Hattie,1880,2025,146,national_only,OD5_FULL_observed_support_1880_2025,OD3_released_record_share_by_year_and_sex,fully_published_146_of_146,146,0,true,none
F_Hazel,F,Hazel,1880,2025,146,national_only,OD5_FULL_observed_support_1880_2025,OD3_released_record_share_by_year_and_sex,fully_published_146_of_146,146,0,true,none
F_Helen,F,Helen,1880,2025,146,national_only,OD5_FULL_observed_support_1880_2025,OD3_released_record_share_by_year_and_sex,fully_published_146_of_146,146,0,true,none
F_Helena,F,Helena,1880,2025,146,national_only,OD5_FULL_observed_support_1880_2025,OD3_released_record_share_by_year_and_sex,fully_published_146_of_146,146,0,true,none
F_Helene,F,Helene,1880,2025,146,national_only,OD5_FULL_observed_support_1880_2025,OD3_released_record_share_by_year_and_sex,fully_published_146_of_146,146,0,true,none
F_Henrietta,F,Henrietta,1880,2025,146,national_only,OD5_FULL_observed_support_1880_2025,OD3_released_record_share_by_year_and_sex,fully_published_146_of_146,146,0,true,none
F_Hilda,F,Hilda,1880,2025,146,national_only,OD5_FULL_observed_support_1880_2025,OD3_released_record_share_by_year_and_sex,fully_published_146_of_146,146,0,true,none
F_Hope,F,Hope,1880,2025,146,national_only,OD5_FULL_observed_support_1880_2025,OD3_released_record_share_by_year_and_sex,fully_published_146_of_146,146,0,true,none
F_Ida,F,Ida,1880,2025,146,national_only,OD5_FULL_observed_support_1880_2025,OD3_released_record_share_by_year_and_sex,fully_published_146_of_146,146,0,true,none
F_Ila,F,Ila,1880,2025,146,national_only,OD5_FULL_observed_support_1880_2025,OD3_released_record_share_by_year_and_sex,fully_published_146_of_146,146,0,true,none
F_Ina,F,Ina,1880,2025,146,national_only,OD5_FULL_observed_support_1880_2025,OD3_released_record_share_by_year_and_sex,fully_published_146_of_146,146,0,true,none
F_India,F,India,1880,2025,146,national_only,OD5_FULL_observed_support_1880_2025,OD3_released_record_share_by_year_and_sex,fully_published_146_of_146,146,0,true,none
F_Inez,F,Inez,1880,2025,146,national_only,OD5_FULL_observed_support_1880_2025,OD3_released_record_share_by_year_and_sex,fully_published_146_of_146,146,0,true,none
F_Inga,F,Inga,1880,2025,146,national_only,OD5_FULL_observed_support_1880_2025,OD3_released_record_share_by_year_and_sex,fully_published_146_of_146,146,0,true,none
F_Iona,F,Iona,1880,2025,146,national_only,OD5_FULL_observed_support_1880_2025,OD3_released_record_share_by_year_and_sex,fully_published_146_of_146,146,0,true,none
F_Irene,F,Irene,1880,2025,146,national_only,OD5_FULL_observed_support_1880_2025,OD3_released_record_share_by_year_and_sex,fully_published_146_of_146,146,0,true,none
F_Iris,F,Iris,1880,2025,146,national_only,OD5_FULL_observed_support_1880_2025,OD3_released_record_share_by_year_and_sex,fully_published_146_of_146,146,0,true,none
F_Irma,F,Irma,1880,2025,146,national_only,OD5_FULL_observed_support_1880_2025,OD3_released_record_share_by_year_and_sex,fully_published_146_of_146,146,0,true,none
F_Isa,F,Isa,1880,2025,146,national_only,OD5_FULL_observed_support_1880_2025,OD3_released_record_share_by_year_and_sex,fully_published_146_of_146,146,0,true,none
F_Isabel,F,Isabel,1880,2025,146,national_only,OD5_FULL_observed_support_1880_2025,OD3_released_record_share_by_year_and_sex,fully_published_146_of_146,146,0,true,none
F_Isabell,F,Isabell,1880,2025,146,national_only,OD5_FULL_observed_support_1880_2025,OD3_released_record_share_by_year_and_sex,fully_published_146_of_146,146,0,true,none
F_Isabella,F,Isabella,1880,2025,146,national_only,OD5_FULL_observed_support_1880_2025,OD3_released_record_share_by_year_and_sex,fully_published_146_of_146,146,0,true,none
F_Isabelle,F,Isabelle,1880,2025,146,national_only,OD5_FULL_observed_support_1880_2025,OD3_released_record_share_by_year_and_sex,fully_published_146_of_146,146,0,true,none
F_Iva,F,Iva,1880,2025,146,national_only,OD5_FULL_observed_support_1880_2025,OD3_released_record_share_by_year_and_sex,fully_published_146_of_146,146,0,true,none
F_Ivy,F,Ivy,1880,2025,146,national_only,OD5_FULL_observed_support_1880_2025,OD3_released_record_share_by_year_and_sex,fully_published_146_of_146,146,0,true,none
F_James,F,James,1880,2025,146,national_only,OD5_FULL_observed_support_1880_2025,OD3_released_record_share_by_year_and_sex,fully_published_146_of_146,146,0,true,none
F_Jane,F,Jane,1880,2025,146,national_only,OD5_FULL_observed_support_1880_2025,OD3_released_record_share_by_year_and_sex,fully_published_146_of_146,146,0,true,none
F_Janet,F,Janet,1880,2025,146,national_only,OD5_FULL_observed_support_1880_2025,OD3_released_record_share_by_year_and_sex,fully_published_146_of_146,146,0,true,none
F_Janie,F,Janie,1880,2025,146,national_only,OD5_FULL_observed_support_1880_2025,OD3_released_record_share_by_year_and_sex,fully_published_146_of_146,146,0,true,none
F_Jean,F,Jean,1880,2025,146,national_only,OD5_FULL_observed_support_1880_2025,OD3_released_record_share_by_year_and_sex,fully_published_146_of_146,146,0,true,none
F_Jeanette,F,Jeanette,1880,2025,146,national_only,OD5_FULL_observed_support_1880_2025,OD3_released_record_share_by_year_and_sex,fully_published_146_of_146,146,0,true,none
F_Jeanne,F,Jeanne,1880,2025,146,national_only,OD5_FULL_observed_support_1880_2025,OD3_released_record_share_by_year_and_sex,fully_published_146_of_146,146,0,true,none
F_Jeannette,F,Jeannette,1880,2025,146,national_only,OD5_FULL_observed_support_1880_2025,OD3_released_record_share_by_year_and_sex,fully_published_146_of_146,146,0,true,none
F_Jennie,F,Jennie,1880,2025,146,national_only,OD5_FULL_observed_support_1880_2025,OD3_released_record_share_by_year_and_sex,fully_published_146_of_146,146,0,true,none
F_Jenny,F,Jenny,1880,2025,146,national_only,OD5_FULL_observed_support_1880_2025,OD3_released_record_share_by_year_and_sex,fully_published_146_of_146,146,0,true,none
F_Jesse,F,Jesse,1880,2025,146,national_only,OD5_FULL_observed_support_1880_2025,OD3_released_record_share_by_year_and_sex,fully_published_146_of_146,146,0,true,none
F_Jessica,F,Jessica,1880,2025,146,national_only,OD5_FULL_observed_support_1880_2025,OD3_released_record_share_by_year_and_sex,fully_published_146_of_146,146,0,true,none
F_Jessie,F,Jessie,1880,2025,146,national_only,OD5_FULL_observed_support_1880_2025,OD3_released_record_share_by_year_and_sex,fully_published_146_of_146,146,0,true,none
F_Jewel,F,Jewel,1880,2025,146,national_only,OD5_FULL_observed_support_1880_2025,OD3_released_record_share_by_year_and_sex,fully_published_146_of_146,146,0,true,none
F_Joan,F,Joan,1880,2025,146,national_only,OD5_FULL_observed_support_1880_2025,OD3_released_record_share_by_year_and_sex,fully_published_146_of_146,146,0,true,none
F_Joanna,F,Joanna,1880,2025,146,national_only,OD5_FULL_observed_support_1880_2025,OD3_released_record_share_by_year_and_sex,fully_published_146_of_146,146,0,true,none
F_Johanna,F,Johanna,1880,2025,146,national_only,OD5_FULL_observed_support_1880_2025,OD3_released_record_share_by_year_and_sex,fully_published_146_of_146,146,0,true,none
F_John,F,John,1880,2025,146,national_only,OD5_FULL_observed_support_1880_2025,OD3_released_record_share_by_year_and_sex,fully_published_146_of_146,146,0,true,none
F_Johnnie,F,Johnnie,1880,2025,146,national_only,OD5_FULL_observed_support_1880_2025,OD3_released_record_share_by_year_and_sex,fully_published_146_of_146,146,0,true,none
F_Josephine,F,Josephine,1880,2025,146,national_only,OD5_FULL_observed_support_1880_2025,OD3_released_record_share_by_year_and_sex,fully_published_146_of_146,146,0,true,none
F_Josie,F,Josie,1880,2025,146,national_only,OD5_FULL_observed_support_1880_2025,OD3_released_record_share_by_year_and_sex,fully_published_146_of_146,146,0,true,none
F_Juana,F,Juana,1880,2025,146,national_only,OD5_FULL_observed_support_1880_2025,OD3_released_record_share_by_year_and_sex,fully_published_146_of_146,146,0,true,none
F_Juanita,F,Juanita,1880,2025,146,national_only,OD5_FULL_observed_support_1880_2025,OD3_released_record_share_by_year_and_sex,fully_published_146_of_146,146,0,true,none
F_Judith,F,Judith,1880,2025,146,national_only,OD5_FULL_observed_support_1880_2025,OD3_released_record_share_by_year_and_sex,fully_published_146_of_146,146,0,true,none
F_Julia,F,Julia,1880,2025,146,national_only,OD5_FULL_observed_support_1880_2025,OD3_released_record_share_by_year_and_sex,fully_published_146_of_146,146,0,true,none
F_Julie,F,Julie,1880,2025,146,national_only,OD5_FULL_observed_support_1880_2025,OD3_released_record_share_by_year_and_sex,fully_published_146_of_146,146,0,true,none
F_Juliet,F,Juliet,1880,2025,146,national_only,OD5_FULL_observed_support_1880_2025,OD3_released_record_share_by_year_and_sex,fully_published_146_of_146,146,0,true,none
F_June,F,June,1880,2025,146,national_only,OD5_FULL_observed_support_1880_2025,OD3_released_record_share_by_year_and_sex,fully_published_146_of_146,146,0,true,none
F_Kate,F,Kate,1880,2025,146,national_only,OD5_FULL_observed_support_1880_2025,OD3_released_record_share_by_year_and_sex,fully_published_146_of_146,146,0,true,none
F_Katharine,F,Katharine,1880,2025,146,national_only,OD5_FULL_observed_support_1880_2025,OD3_released_record_share_by_year_and_sex,fully_published_146_of_146,146,0,true,none
F_Katherine,F,Katherine,1880,2025,146,national_only,OD5_FULL_observed_support_1880_2025,OD3_released_record_share_by_year_and_sex,fully_published_146_of_146,146,0,true,none
F_Katheryn,F,Katheryn,1880,2025,146,national_only,OD5_FULL_observed_support_1880_2025,OD3_released_record_share_by_year_and_sex,fully_published_146_of_146,146,0,true,none
F_Kathleen,F,Kathleen,1880,2025,146,national_only,OD5_FULL_observed_support_1880_2025,OD3_released_record_share_by_year_and_sex,fully_published_146_of_146,146,0,true,none
F_Kathrine,F,Kathrine,1880,2025,146,national_only,OD5_FULL_observed_support_1880_2025,OD3_released_record_share_by_year_and_sex,fully_published_146_of_146,146,0,true,none
F_Kathryn,F,Kathryn,1880,2025,146,national_only,OD5_FULL_observed_support_1880_2025,OD3_released_record_share_by_year_and_sex,fully_published_146_of_146,146,0,true,none
F_Katie,F,Katie,1880,2025,146,national_only,OD5_FULL_observed_support_1880_2025,OD3_released_record_share_by_year_and_sex,fully_published_146_of_146,146,0,true,none
F_Laura,F,Laura,1880,2025,146,national_only,OD5_FULL_observed_support_1880_2025,OD3_released_record_share_by_year_and_sex,fully_published_146_of_146,146,0,true,none
F_Lavina,F,Lavina,1880,2025,146,national_only,OD5_FULL_observed_support_1880_2025,OD3_released_record_share_by_year_and_sex,fully_published_146_of_146,146,0,true,none
F_Lavinia,F,Lavinia,1880,2025,146,national_only,OD5_FULL_observed_support_1880_2025,OD3_released_record_share_by_year_and_sex,fully_published_146_of_146,146,0,true,none
F_Lea,F,Lea,1880,2025,146,national_only,OD5_FULL_observed_support_1880_2025,OD3_released_record_share_by_year_and_sex,fully_published_146_of_146,146,0,true,none
F_Leah,F,Leah,1880,2025,146,national_only,OD5_FULL_observed_support_1880_2025,OD3_released_record_share_by_year_and_sex,fully_published_146_of_146,146,0,true,none
F_Leanna,F,Leanna,1880,2025,146,national_only,OD5_FULL_observed_support_1880_2025,OD3_released_record_share_by_year_and_sex,fully_published_146_of_146,146,0,true,none
F_Leda,F,Leda,1880,2025,146,national_only,OD5_FULL_observed_support_1880_2025,OD3_released_record_share_by_year_and_sex,fully_published_146_of_146,146,0,true,none
F_Lee,F,Lee,1880,2025,146,national_only,OD5_FULL_observed_support_1880_2025,OD3_released_record_share_by_year_and_sex,fully_published_146_of_146,146,0,true,none
F_Leila,F,Leila,1880,2025,146,national_only,OD5_FULL_observed_support_1880_2025,OD3_released_record_share_by_year_and_sex,fully_published_146_of_146,146,0,true,none
F_Lela,F,Lela,1880,2025,146,national_only,OD5_FULL_observed_support_1880_2025,OD3_released_record_share_by_year_and_sex,fully_published_146_of_146,146,0,true,none
F_Lelia,F,Lelia,1880,2025,146,national_only,OD5_FULL_observed_support_1880_2025,OD3_released_record_share_by_year_and_sex,fully_published_146_of_146,146,0,true,none
F_Lena,F,Lena,1880,2025,146,national_only,OD5_FULL_observed_support_1880_2025,OD3_released_record_share_by_year_and_sex,fully_published_146_of_146,146,0,true,none
F_Lenna,F,Lenna,1880,2025,146,national_only,OD5_FULL_observed_support_1880_2025,OD3_released_record_share_by_year_and_sex,fully_published_146_of_146,146,0,true,none
F_Lenora,F,Lenora,1880,2025,146,national_only,OD5_FULL_observed_support_1880_2025,OD3_released_record_share_by_year_and_sex,fully_published_146_of_146,146,0,true,none
F_Lenore,F,Lenore,1880,2025,146,national_only,OD5_FULL_observed_support_1880_2025,OD3_released_record_share_by_year_and_sex,fully_published_146_of_146,146,0,true,none
F_Leona,F,Leona,1880,2025,146,national_only,OD5_FULL_observed_support_1880_2025,OD3_released_record_share_by_year_and_sex,fully_published_146_of_146,146,0,true,none
F_Leonora,F,Leonora,1880,2025,146,national_only,OD5_FULL_observed_support_1880_2025,OD3_released_record_share_by_year_and_sex,fully_published_146_of_146,146,0,true,none
F_Leora,F,Leora,1880,2025,146,national_only,OD5_FULL_observed_support_1880_2025,OD3_released_record_share_by_year_and_sex,fully_published_146_of_146,146,0,true,none
F_Leslie,F,Leslie,1880,2025,146,national_only,OD5_FULL_observed_support_1880_2025,OD3_released_record_share_by_year_and_sex,fully_published_146_of_146,146,0,true,none
F_Lida,F,Lida,1880,2025,146,national_only,OD5_FULL_observed_support_1880_2025,OD3_released_record_share_by_year_and_sex,fully_published_146_of_146,146,0,true,none
F_Lila,F,Lila,1880,2025,146,national_only,OD5_FULL_observed_support_1880_2025,OD3_released_record_share_by_year_and_sex,fully_published_146_of_146,146,0,true,none
F_Lilian,F,Lilian,1880,2025,146,national_only,OD5_FULL_observed_support_1880_2025,OD3_released_record_share_by_year_and_sex,fully_published_146_of_146,146,0,true,none
F_Lillian,F,Lillian,1880,2025,146,national_only,OD5_FULL_observed_support_1880_2025,OD3_released_record_share_by_year_and_sex,fully_published_146_of_146,146,0,true,none
F_Lillie,F,Lillie,1880,2025,146,national_only,OD5_FULL_observed_support_1880_2025,OD3_released_record_share_by_year_and_sex,fully_published_146_of_146,146,0,true,none
F_Lilly,F,Lilly,1880,2025,146,national_only,OD5_FULL_observed_support_1880_2025,OD3_released_record_share_by_year_and_sex,fully_published_146_of_146,146,0,true,none
F_Lily,F,Lily,1880,2025,146,national_only,OD5_FULL_observed_support_1880_2025,OD3_released_record_share_by_year_and_sex,fully_published_146_of_146,146,0,true,none
F_Lina,F,Lina,1880,2025,146,national_only,OD5_FULL_observed_support_1880_2025,OD3_released_record_share_by_year_and_sex,fully_published_146_of_146,146,0,true,none
F_Linda,F,Linda,1880,2025,146,national_only,OD5_FULL_observed_support_1880_2025,OD3_released_record_share_by_year_and_sex,fully_published_146_of_146,146,0,true,none
F_Liza,F,Liza,1880,2025,146,national_only,OD5_FULL_observed_support_1880_2025,OD3_released_record_share_by_year_and_sex,fully_published_146_of_146,146,0,true,none
F_Lizzie,F,Lizzie,1880,2025,146,national_only,OD5_FULL_observed_support_1880_2025,OD3_released_record_share_by_year_and_sex,fully_published_146_of_146,146,0,true,none
F_Lois,F,Lois,1880,2025,146,national_only,OD5_FULL_observed_support_1880_2025,OD3_released_record_share_by_year_and_sex,fully_published_146_of_146,146,0,true,none
F_Lola,F,Lola,1880,2025,146,national_only,OD5_FULL_observed_support_1880_2025,OD3_released_record_share_by_year_and_sex,fully_published_146_of_146,146,0,true,none
F_Lona,F,Lona,1880,2025,146,national_only,OD5_FULL_observed_support_1880_2025,OD3_released_record_share_by_year_and_sex,fully_published_146_of_146,146,0,true,none
F_Lora,F,Lora,1880,2025,146,national_only,OD5_FULL_observed_support_1880_2025,OD3_released_record_share_by_year_and_sex,fully_published_146_of_146,146,0,true,none
F_Lorena,F,Lorena,1880,2025,146,national_only,OD5_FULL_observed_support_1880_2025,OD3_released_record_share_by_year_and_sex,fully_published_146_of_146,146,0,true,none
F_Loretta,F,Loretta,1880,2025,146,national_only,OD5_FULL_observed_support_1880_2025,OD3_released_record_share_by_year_and_sex,fully_published_146_of_146,146,0,true,none
F_Lottie,F,Lottie,1880,2025,146,national_only,OD5_FULL_observed_support_1880_2025,OD3_released_record_share_by_year_and_sex,fully_published_146_of_146,146,0,true,none
F_Louisa,F,Louisa,1880,2025,146,national_only,OD5_FULL_observed_support_1880_2025,OD3_released_record_share_by_year_and_sex,fully_published_146_of_146,146,0,true,none
F_Louise,F,Louise,1880,2025,146,national_only,OD5_FULL_observed_support_1880_2025,OD3_released_record_share_by_year_and_sex,fully_published_146_of_146,146,0,true,none
F_Lovie,F,Lovie,1880,2025,146,national_only,OD5_FULL_observed_support_1880_2025,OD3_released_record_share_by_year_and_sex,fully_published_146_of_146,146,0,true,none
F_Lucia,F,Lucia,1880,2025,146,national_only,OD5_FULL_observed_support_1880_2025,OD3_released_record_share_by_year_and_sex,fully_published_146_of_146,146,0,true,none
F_Lucie,F,Lucie,1880,2025,146,national_only,OD5_FULL_observed_support_1880_2025,OD3_released_record_share_by_year_and_sex,fully_published_146_of_146,146,0,true,none
F_Lucille,F,Lucille,1880,2025,146,national_only,OD5_FULL_observed_support_1880_2025,OD3_released_record_share_by_year_and_sex,fully_published_146_of_146,146,0,true,none
F_Lucinda,F,Lucinda,1880,2025,146,national_only,OD5_FULL_observed_support_1880_2025,OD3_released_record_share_by_year_and_sex,fully_published_146_of_146,146,0,true,none
F_Lucy,F,Lucy,1880,2025,146,national_only,OD5_FULL_observed_support_1880_2025,OD3_released_record_share_by_year_and_sex,fully_published_146_of_146,146,0,true,none
F_Luella,F,Luella,1880,2025,146,national_only,OD5_FULL_observed_support_1880_2025,OD3_released_record_share_by_year_and_sex,fully_published_146_of_146,146,0,true,none
F_Lula,F,Lula,1880,2025,146,national_only,OD5_FULL_observed_support_1880_2025,OD3_released_record_share_by_year_and_sex,fully_published_146_of_146,146,0,true,none
F_Lydia,F,Lydia,1880,2025,146,national_only,OD5_FULL_observed_support_1880_2025,OD3_released_record_share_by_year_and_sex,fully_published_146_of_146,146,0,true,none
F_Mabel,F,Mabel,1880,2025,146,national_only,OD5_FULL_observed_support_1880_2025,OD3_released_record_share_by_year_and_sex,fully_published_146_of_146,146,0,true,none
F_Mable,F,Mable,1880,2025,146,national_only,OD5_FULL_observed_support_1880_2025,OD3_released_record_share_by_year_and_sex,fully_published_146_of_146,146,0,true,none
F_Madeline,F,Madeline,1880,2025,146,national_only,OD5_FULL_observed_support_1880_2025,OD3_released_record_share_by_year_and_sex,fully_published_146_of_146,146,0,true,none
F_Mae,F,Mae,1880,2025,146,national_only,OD5_FULL_observed_support_1880_2025,OD3_released_record_share_by_year_and_sex,fully_published_146_of_146,146,0,true,none
F_Magdalena,F,Magdalena,1880,2025,146,national_only,OD5_FULL_observed_support_1880_2025,OD3_released_record_share_by_year_and_sex,fully_published_146_of_146,146,0,true,none
F_Magdalene,F,Magdalene,1880,2025,146,national_only,OD5_FULL_observed_support_1880_2025,OD3_released_record_share_by_year_and_sex,fully_published_146_of_146,146,0,true,none
F_Maggie,F,Maggie,1880,2025,146,national_only,OD5_FULL_observed_support_1880_2025,OD3_released_record_share_by_year_and_sex,fully_published_146_of_146,146,0,true,none
F_Malinda,F,Malinda,1880,2025,146,national_only,OD5_FULL_observed_support_1880_2025,OD3_released_record_share_by_year_and_sex,fully_published_146_of_146,146,0,true,none
F_Mamie,F,Mamie,1880,2025,146,national_only,OD5_FULL_observed_support_1880_2025,OD3_released_record_share_by_year_and_sex,fully_published_146_of_146,146,0,true,none
F_Mandy,F,Mandy,1880,2025,146,national_only,OD5_FULL_observed_support_1880_2025,OD3_released_record_share_by_year_and_sex,fully_published_146_of_146,146,0,true,none
F_Manuela,F,Manuela,1880,2025,146,national_only,OD5_FULL_observed_support_1880_2025,OD3_released_record_share_by_year_and_sex,fully_published_146_of_146,146,0,true,none
F_Marcella,F,Marcella,1880,2025,146,national_only,OD5_FULL_observed_support_1880_2025,OD3_released_record_share_by_year_and_sex,fully_published_146_of_146,146,0,true,none
F_Marcia,F,Marcia,1880,2025,146,national_only,OD5_FULL_observed_support_1880_2025,OD3_released_record_share_by_year_and_sex,fully_published_146_of_146,146,0,true,none
F_Margaret,F,Margaret,1880,2025,146,national_only,OD5_FULL_observed_support_1880_2025,OD3_released_record_share_by_year_and_sex,fully_published_146_of_146,146,0,true,none
F_Margie,F,Margie,1880,2025,146,national_only,OD5_FULL_observed_support_1880_2025,OD3_released_record_share_by_year_and_sex,fully_published_146_of_146,146,0,true,none
F_Margret,F,Margret,1880,2025,146,national_only,OD5_FULL_observed_support_1880_2025,OD3_released_record_share_by_year_and_sex,fully_published_146_of_146,146,0,true,none
F_Marguerite,F,Marguerite,1880,2025,146,national_only,OD5_FULL_observed_support_1880_2025,OD3_released_record_share_by_year_and_sex,fully_published_146_of_146,146,0,true,none
F_Maria,F,Maria,1880,2025,146,national_only,OD5_FULL_observed_support_1880_2025,OD3_released_record_share_by_year_and_sex,fully_published_146_of_146,146,0,true,none
F_Mariah,F,Mariah,1880,2025,146,national_only,OD5_FULL_observed_support_1880_2025,OD3_released_record_share_by_year_and_sex,fully_published_146_of_146,146,0,true,none
F_Marian,F,Marian,1880,2025,146,national_only,OD5_FULL_observed_support_1880_2025,OD3_released_record_share_by_year_and_sex,fully_published_146_of_146,146,0,true,none
F_Marie,F,Marie,1880,2025,146,national_only,OD5_FULL_observed_support_1880_2025,OD3_released_record_share_by_year_and_sex,fully_published_146_of_146,146,0,true,none
F_Marietta,F,Marietta,1880,2025,146,national_only,OD5_FULL_observed_support_1880_2025,OD3_released_record_share_by_year_and_sex,fully_published_146_of_146,146,0,true,none
F_Marion,F,Marion,1880,2025,146,national_only,OD5_FULL_observed_support_1880_2025,OD3_released_record_share_by_year_and_sex,fully_published_146_of_146,146,0,true,none
F_Marjorie,F,Marjorie,1880,2025,146,national_only,OD5_FULL_observed_support_1880_2025,OD3_released_record_share_by_year_and_sex,fully_published_146_of_146,146,0,true,none
F_Martha,F,Martha,1880,2025,146,national_only,OD5_FULL_observed_support_1880_2025,OD3_released_record_share_by_year_and_sex,fully_published_146_of_146,146,0,true,none
F_Mary,F,Mary,1880,2025,146,national_only,OD5_FULL_observed_support_1880_2025,OD3_released_record_share_by_year_and_sex,fully_published_146_of_146,146,0,true,none
F_Matilda,F,Matilda,1880,2025,146,national_only,OD5_FULL_observed_support_1880_2025,OD3_released_record_share_by_year_and_sex,fully_published_146_of_146,146,0,true,none
F_Mattie,F,Mattie,1880,2025,146,national_only,OD5_FULL_observed_support_1880_2025,OD3_released_record_share_by_year_and_sex,fully_published_146_of_146,146,0,true,none
F_Maude,F,Maude,1880,2025,146,national_only,OD5_FULL_observed_support_1880_2025,OD3_released_record_share_by_year_and_sex,fully_published_146_of_146,146,0,true,none
F_May,F,May,1880,2025,146,national_only,OD5_FULL_observed_support_1880_2025,OD3_released_record_share_by_year_and_sex,fully_published_146_of_146,146,0,true,none
F_Melinda,F,Melinda,1880,2025,146,national_only,OD5_FULL_observed_support_1880_2025,OD3_released_record_share_by_year_and_sex,fully_published_146_of_146,146,0,true,none
F_Melissa,F,Melissa,1880,2025,146,national_only,OD5_FULL_observed_support_1880_2025,OD3_released_record_share_by_year_and_sex,fully_published_146_of_146,146,0,true,none
F_Mildred,F,Mildred,1880,2025,146,national_only,OD5_FULL_observed_support_1880_2025,OD3_released_record_share_by_year_and_sex,fully_published_146_of_146,146,0,true,none
F_Millie,F,Millie,1880,2025,146,national_only,OD5_FULL_observed_support_1880_2025,OD3_released_record_share_by_year_and_sex,fully_published_146_of_146,146,0,true,none
F_Mina,F,Mina,1880,2025,146,national_only,OD5_FULL_observed_support_1880_2025,OD3_released_record_share_by_year_and_sex,fully_published_146_of_146,146,0,true,none
F_Minerva,F,Minerva,1880,2025,146,national_only,OD5_FULL_observed_support_1880_2025,OD3_released_record_share_by_year_and_sex,fully_published_146_of_146,146,0,true,none
F_Minnie,F,Minnie,1880,2025,146,national_only,OD5_FULL_observed_support_1880_2025,OD3_released_record_share_by_year_and_sex,fully_published_146_of_146,146,0,true,none
F_Miriam,F,Miriam,1880,2025,146,national_only,OD5_FULL_observed_support_1880_2025,OD3_released_record_share_by_year_and_sex,fully_published_146_of_146,146,0,true,none
F_Mollie,F,Mollie,1880,2025,146,national_only,OD5_FULL_observed_support_1880_2025,OD3_released_record_share_by_year_and_sex,fully_published_146_of_146,146,0,true,none
F_Molly,F,Molly,1880,2025,146,national_only,OD5_FULL_observed_support_1880_2025,OD3_released_record_share_by_year_and_sex,fully_published_146_of_146,146,0,true,none
F_Mona,F,Mona,1880,2025,146,national_only,OD5_FULL_observed_support_1880_2025,OD3_released_record_share_by_year_and_sex,fully_published_146_of_146,146,0,true,none
F_Muriel,F,Muriel,1880,2025,146,national_only,OD5_FULL_observed_support_1880_2025,OD3_released_record_share_by_year_and_sex,fully_published_146_of_146,146,0,true,none
F_Myra,F,Myra,1880,2025,146,national_only,OD5_FULL_observed_support_1880_2025,OD3_released_record_share_by_year_and_sex,fully_published_146_of_146,146,0,true,none
F_Nancy,F,Nancy,1880,2025,146,national_only,OD5_FULL_observed_support_1880_2025,OD3_released_record_share_by_year_and_sex,fully_published_146_of_146,146,0,true,none
F_Naomi,F,Naomi,1880,2025,146,national_only,OD5_FULL_observed_support_1880_2025,OD3_released_record_share_by_year_and_sex,fully_published_146_of_146,146,0,true,none
F_Natalie,F,Natalie,1880,2025,146,national_only,OD5_FULL_observed_support_1880_2025,OD3_released_record_share_by_year_and_sex,fully_published_146_of_146,146,0,true,none
F_Nell,F,Nell,1880,2025,146,national_only,OD5_FULL_observed_support_1880_2025,OD3_released_record_share_by_year_and_sex,fully_published_146_of_146,146,0,true,none
F_Nellie,F,Nellie,1880,2025,146,national_only,OD5_FULL_observed_support_1880_2025,OD3_released_record_share_by_year_and_sex,fully_published_146_of_146,146,0,true,none
F_Nettie,F,Nettie,1880,2025,146,national_only,OD5_FULL_observed_support_1880_2025,OD3_released_record_share_by_year_and_sex,fully_published_146_of_146,146,0,true,none
F_Neva,F,Neva,1880,2025,146,national_only,OD5_FULL_observed_support_1880_2025,OD3_released_record_share_by_year_and_sex,fully_published_146_of_146,146,0,true,none
F_Nevada,F,Nevada,1880,2025,146,national_only,OD5_FULL_observed_support_1880_2025,OD3_released_record_share_by_year_and_sex,fully_published_146_of_146,146,0,true,none
F_Nina,F,Nina,1880,2025,146,national_only,OD5_FULL_observed_support_1880_2025,OD3_released_record_share_by_year_and_sex,fully_published_146_of_146,146,0,true,none
F_Nola,F,Nola,1880,2025,146,national_only,OD5_FULL_observed_support_1880_2025,OD3_released_record_share_by_year_and_sex,fully_published_146_of_146,146,0,true,none
F_Nona,F,Nona,1880,2025,146,national_only,OD5_FULL_observed_support_1880_2025,OD3_released_record_share_by_year_and_sex,fully_published_146_of_146,146,0,true,none
F_Nora,F,Nora,1880,2025,146,national_only,OD5_FULL_observed_support_1880_2025,OD3_released_record_share_by_year_and_sex,fully_published_146_of_146,146,0,true,none
F_Norah,F,Norah,1880,2025,146,national_only,OD5_FULL_observed_support_1880_2025,OD3_released_record_share_by_year_and_sex,fully_published_146_of_146,146,0,true,none
F_Norma,F,Norma,1880,2025,146,national_only,OD5_FULL_observed_support_1880_2025,OD3_released_record_share_by_year_and_sex,fully_published_146_of_146,146,0,true,none
F_Octavia,F,Octavia,1880,2025,146,national_only,OD5_FULL_observed_support_1880_2025,OD3_released_record_share_by_year_and_sex,fully_published_146_of_146,146,0,true,none
F_Odessa,F,Odessa,1880,2025,146,national_only,OD5_FULL_observed_support_1880_2025,OD3_released_record_share_by_year_and_sex,fully_published_146_of_146,146,0,true,none
F_Ola,F,Ola,1880,2025,146,national_only,OD5_FULL_observed_support_1880_2025,OD3_released_record_share_by_year_and_sex,fully_published_146_of_146,146,0,true,none
F_Olga,F,Olga,1880,2025,146,national_only,OD5_FULL_observed_support_1880_2025,OD3_released_record_share_by_year_and_sex,fully_published_146_of_146,146,0,true,none
F_Olive,F,Olive,1880,2025,146,national_only,OD5_FULL_observed_support_1880_2025,OD3_released_record_share_by_year_and_sex,fully_published_146_of_146,146,0,true,none
F_Olivia,F,Olivia,1880,2025,146,national_only,OD5_FULL_observed_support_1880_2025,OD3_released_record_share_by_year_and_sex,fully_published_146_of_146,146,0,true,none
F_Ollie,F,Ollie,1880,2025,146,national_only,OD5_FULL_observed_support_1880_2025,OD3_released_record_share_by_year_and_sex,fully_published_146_of_146,146,0,true,none
F_Ona,F,Ona,1880,2025,146,national_only,OD5_FULL_observed_support_1880_2025,OD3_released_record_share_by_year_and_sex,fully_published_146_of_146,146,0,true,none
F_Opal,F,Opal,1880,2025,146,national_only,OD5_FULL_observed_support_1880_2025,OD3_released_record_share_by_year_and_sex,fully_published_146_of_146,146,0,true,none
F_Ophelia,F,Ophelia,1880,2025,146,national_only,OD5_FULL_observed_support_1880_2025,OD3_released_record_share_by_year_and_sex,fully_published_146_of_146,146,0,true,none
F_Ora,F,Ora,1880,2025,146,national_only,OD5_FULL_observed_support_1880_2025,OD3_released_record_share_by_year_and_sex,fully_published_146_of_146,146,0,true,none
F_Patsy,F,Patsy,1880,2025,146,national_only,OD5_FULL_observed_support_1880_2025,OD3_released_record_share_by_year_and_sex,fully_published_146_of_146,146,0,true,none
F_Paula,F,Paula,1880,2025,146,national_only,OD5_FULL_observed_support_1880_2025,OD3_released_record_share_by_year_and_sex,fully_published_146_of_146,146,0,true,none
F_Paulina,F,Paulina,1880,2025,146,national_only,OD5_FULL_observed_support_1880_2025,OD3_released_record_share_by_year_and_sex,fully_published_146_of_146,146,0,true,none
F_Pauline,F,Pauline,1880,2025,146,national_only,OD5_FULL_observed_support_1880_2025,OD3_released_record_share_by_year_and_sex,fully_published_146_of_146,146,0,true,none
F_Pearl,F,Pearl,1880,2025,146,national_only,OD5_FULL_observed_support_1880_2025,OD3_released_record_share_by_year_and_sex,fully_published_146_of_146,146,0,true,none
F_Phebe,F,Phebe,1880,2025,146,national_only,OD5_FULL_observed_support_1880_2025,OD3_released_record_share_by_year_and_sex,fully_published_146_of_146,146,0,true,none
F_Phoebe,F,Phoebe,1880,2025,146,national_only,OD5_FULL_observed_support_1880_2025,OD3_released_record_share_by_year_and_sex,fully_published_146_of_146,146,0,true,none
F_Phyllis,F,Phyllis,1880,2025,146,national_only,OD5_FULL_observed_support_1880_2025,OD3_released_record_share_by_year_and_sex,fully_published_146_of_146,146,0,true,none
F_Polly,F,Polly,1880,2025,146,national_only,OD5_FULL_observed_support_1880_2025,OD3_released_record_share_by_year_and_sex,fully_published_146_of_146,146,0,true,none
F_Priscilla,F,Priscilla,1880,2025,146,national_only,OD5_FULL_observed_support_1880_2025,OD3_released_record_share_by_year_and_sex,fully_published_146_of_146,146,0,true,none
F_Queen,F,Queen,1880,2025,146,national_only,OD5_FULL_observed_support_1880_2025,OD3_released_record_share_by_year_and_sex,fully_published_146_of_146,146,0,true,none
F_Rachael,F,Rachael,1880,2025,146,national_only,OD5_FULL_observed_support_1880_2025,OD3_released_record_share_by_year_and_sex,fully_published_146_of_146,146,0,true,none
F_Rachel,F,Rachel,1880,2025,146,national_only,OD5_FULL_observed_support_1880_2025,OD3_released_record_share_by_year_and_sex,fully_published_146_of_146,146,0,true,none
F_Rae,F,Rae,1880,2025,146,national_only,OD5_FULL_observed_support_1880_2025,OD3_released_record_share_by_year_and_sex,fully_published_146_of_146,146,0,true,none
F_Reba,F,Reba,1880,2025,146,national_only,OD5_FULL_observed_support_1880_2025,OD3_released_record_share_by_year_and_sex,fully_published_146_of_146,146,0,true,none
F_Rebecca,F,Rebecca,1880,2025,146,national_only,OD5_FULL_observed_support_1880_2025,OD3_released_record_share_by_year_and_sex,fully_published_146_of_146,146,0,true,none
F_Regina,F,Regina,1880,2025,146,national_only,OD5_FULL_observed_support_1880_2025,OD3_released_record_share_by_year_and_sex,fully_published_146_of_146,146,0,true,none
F_Rena,F,Rena,1880,2025,146,national_only,OD5_FULL_observed_support_1880_2025,OD3_released_record_share_by_year_and_sex,fully_published_146_of_146,146,0,true,none
F_Rhoda,F,Rhoda,1880,2025,146,national_only,OD5_FULL_observed_support_1880_2025,OD3_released_record_share_by_year_and_sex,fully_published_146_of_146,146,0,true,none
F_Rita,F,Rita,1880,2025,146,national_only,OD5_FULL_observed_support_1880_2025,OD3_released_record_share_by_year_and_sex,fully_published_146_of_146,146,0,true,none
F_Roberta,F,Roberta,1880,2025,146,national_only,OD5_FULL_observed_support_1880_2025,OD3_released_record_share_by_year_and_sex,fully_published_146_of_146,146,0,true,none
F_Rosa,F,Rosa,1880,2025,146,national_only,OD5_FULL_observed_support_1880_2025,OD3_released_record_share_by_year_and_sex,fully_published_146_of_146,146,0,true,none
F_Rosalia,F,Rosalia,1880,2025,146,national_only,OD5_FULL_observed_support_1880_2025,OD3_released_record_share_by_year_and_sex,fully_published_146_of_146,146,0,true,none
F_Rosalie,F,Rosalie,1880,2025,146,national_only,OD5_FULL_observed_support_1880_2025,OD3_released_record_share_by_year_and_sex,fully_published_146_of_146,146,0,true,none
F_Rosanna,F,Rosanna,1880,2025,146,national_only,OD5_FULL_observed_support_1880_2025,OD3_released_record_share_by_year_and_sex,fully_published_146_of_146,146,0,true,none
F_Rose,F,Rose,1880,2025,146,national_only,OD5_FULL_observed_support_1880_2025,OD3_released_record_share_by_year_and_sex,fully_published_146_of_146,146,0,true,none
F_Rosella,F,Rosella,1880,2025,146,national_only,OD5_FULL_observed_support_1880_2025,OD3_released_record_share_by_year_and_sex,fully_published_146_of_146,146,0,true,none
F_Rosetta,F,Rosetta,1880,2025,146,national_only,OD5_FULL_observed_support_1880_2025,OD3_released_record_share_by_year_and_sex,fully_published_146_of_146,146,0,true,none
F_Rosie,F,Rosie,1880,2025,146,national_only,OD5_FULL_observed_support_1880_2025,OD3_released_record_share_by_year_and_sex,fully_published_146_of_146,146,0,true,none
F_Rosina,F,Rosina,1880,2025,146,national_only,OD5_FULL_observed_support_1880_2025,OD3_released_record_share_by_year_and_sex,fully_published_146_of_146,146,0,true,none
F_Rowena,F,Rowena,1880,2025,146,national_only,OD5_FULL_observed_support_1880_2025,OD3_released_record_share_by_year_and_sex,fully_published_146_of_146,146,0,true,none
F_Roxie,F,Roxie,1880,2025,146,national_only,OD5_FULL_observed_support_1880_2025,OD3_released_record_share_by_year_and_sex,fully_published_146_of_146,146,0,true,none
F_Ruby,F,Ruby,1880,2025,146,national_only,OD5_FULL_observed_support_1880_2025,OD3_released_record_share_by_year_and_sex,fully_published_146_of_146,146,0,true,none
F_Ruth,F,Ruth,1880,2025,146,national_only,OD5_FULL_observed_support_1880_2025,OD3_released_record_share_by_year_and_sex,fully_published_146_of_146,146,0,true,none
F_Sabina,F,Sabina,1880,2025,146,national_only,OD5_FULL_observed_support_1880_2025,OD3_released_record_share_by_year_and_sex,fully_published_146_of_146,146,0,true,none
F_Sadie,F,Sadie,1880,2025,146,national_only,OD5_FULL_observed_support_1880_2025,OD3_released_record_share_by_year_and_sex,fully_published_146_of_146,146,0,true,none
F_Sallie,F,Sallie,1880,2025,146,national_only,OD5_FULL_observed_support_1880_2025,OD3_released_record_share_by_year_and_sex,fully_published_146_of_146,146,0,true,none
F_Sally,F,Sally,1880,2025,146,national_only,OD5_FULL_observed_support_1880_2025,OD3_released_record_share_by_year_and_sex,fully_published_146_of_146,146,0,true,none
F_Samantha,F,Samantha,1880,2025,146,national_only,OD5_FULL_observed_support_1880_2025,OD3_released_record_share_by_year_and_sex,fully_published_146_of_146,146,0,true,none
F_Sara,F,Sara,1880,2025,146,national_only,OD5_FULL_observed_support_1880_2025,OD3_released_record_share_by_year_and_sex,fully_published_146_of_146,146,0,true,none
F_Sarah,F,Sarah,1880,2025,146,national_only,OD5_FULL_observed_support_1880_2025,OD3_released_record_share_by_year_and_sex,fully_published_146_of_146,146,0,true,none
F_Savannah,F,Savannah,1880,2025,146,national_only,OD5_FULL_observed_support_1880_2025,OD3_released_record_share_by_year_and_sex,fully_published_146_of_146,146,0,true,none
F_Selena,F,Selena,1880,2025,146,national_only,OD5_FULL_observed_support_1880_2025,OD3_released_record_share_by_year_and_sex,fully_published_146_of_146,146,0,true,none
F_Selma,F,Selma,1880,2025,146,national_only,OD5_FULL_observed_support_1880_2025,OD3_released_record_share_by_year_and_sex,fully_published_146_of_146,146,0,true,none
F_Sena,F,Sena,1880,2025,146,national_only,OD5_FULL_observed_support_1880_2025,OD3_released_record_share_by_year_and_sex,fully_published_146_of_146,146,0,true,none
F_Serena,F,Serena,1880,2025,146,national_only,OD5_FULL_observed_support_1880_2025,OD3_released_record_share_by_year_and_sex,fully_published_146_of_146,146,0,true,none
F_Sidney,F,Sidney,1880,2025,146,national_only,OD5_FULL_observed_support_1880_2025,OD3_released_record_share_by_year_and_sex,fully_published_146_of_146,146,0,true,none
F_Sophia,F,Sophia,1880,2025,146,national_only,OD5_FULL_observed_support_1880_2025,OD3_released_record_share_by_year_and_sex,fully_published_146_of_146,146,0,true,none
F_Sophie,F,Sophie,1880,2025,146,national_only,OD5_FULL_observed_support_1880_2025,OD3_released_record_share_by_year_and_sex,fully_published_146_of_146,146,0,true,none
F_Stella,F,Stella,1880,2025,146,national_only,OD5_FULL_observed_support_1880_2025,OD3_released_record_share_by_year_and_sex,fully_published_146_of_146,146,0,true,none
F_Susan,F,Susan,1880,2025,146,national_only,OD5_FULL_observed_support_1880_2025,OD3_released_record_share_by_year_and_sex,fully_published_146_of_146,146,0,true,none
F_Susanna,F,Susanna,1880,2025,146,national_only,OD5_FULL_observed_support_1880_2025,OD3_released_record_share_by_year_and_sex,fully_published_146_of_146,146,0,true,none
F_Susie,F,Susie,1880,2025,146,national_only,OD5_FULL_observed_support_1880_2025,OD3_released_record_share_by_year_and_sex,fully_published_146_of_146,146,0,true,none
F_Sylvia,F,Sylvia,1880,2025,146,national_only,OD5_FULL_observed_support_1880_2025,OD3_released_record_share_by_year_and_sex,fully_published_146_of_146,146,0,true,none
F_Teresa,F,Teresa,1880,2025,146,national_only,OD5_FULL_observed_support_1880_2025,OD3_released_record_share_by_year_and_sex,fully_published_146_of_146,146,0,true,none
F_Tessie,F,Tessie,1880,2025,146,national_only,OD5_FULL_observed_support_1880_2025,OD3_released_record_share_by_year_and_sex,fully_published_146_of_146,146,0,true,none
F_Theresa,F,Theresa,1880,2025,146,national_only,OD5_FULL_observed_support_1880_2025,OD3_released_record_share_by_year_and_sex,fully_published_146_of_146,146,0,true,none
F_Therese,F,Therese,1880,2025,146,national_only,OD5_FULL_observed_support_1880_2025,OD3_released_record_share_by_year_and_sex,fully_published_146_of_146,146,0,true,none
F_Tina,F,Tina,1880,2025,146,national_only,OD5_FULL_observed_support_1880_2025,OD3_released_record_share_by_year_and_sex,fully_published_146_of_146,146,0,true,none
F_Tommie,F,Tommie,1880,2025,146,national_only,OD5_FULL_observed_support_1880_2025,OD3_released_record_share_by_year_and_sex,fully_published_146_of_146,146,0,true,none
F_Tressa,F,Tressa,1880,2025,146,national_only,OD5_FULL_observed_support_1880_2025,OD3_released_record_share_by_year_and_sex,fully_published_146_of_146,146,0,true,none
F_Una,F,Una,1880,2025,146,national_only,OD5_FULL_observed_support_1880_2025,OD3_released_record_share_by_year_and_sex,fully_published_146_of_146,146,0,true,none
F_Velma,F,Velma,1880,2025,146,national_only,OD5_FULL_observed_support_1880_2025,OD3_released_record_share_by_year_and_sex,fully_published_146_of_146,146,0,true,none
F_Vera,F,Vera,1880,2025,146,national_only,OD5_FULL_observed_support_1880_2025,OD3_released_record_share_by_year_and_sex,fully_published_146_of_146,146,0,true,none
F_Verna,F,Verna,1880,2025,146,national_only,OD5_FULL_observed_support_1880_2025,OD3_released_record_share_by_year_and_sex,fully_published_146_of_146,146,0,true,none
F_Veronica,F,Veronica,1880,2025,146,national_only,OD5_FULL_observed_support_1880_2025,OD3_released_record_share_by_year_and_sex,fully_published_146_of_146,146,0,true,none
F_Victoria,F,Victoria,1880,2025,146,national_only,OD5_FULL_observed_support_1880_2025,OD3_released_record_share_by_year_and_sex,fully_published_146_of_146,146,0,true,none
F_Vida,F,Vida,1880,2025,146,national_only,OD5_FULL_observed_support_1880_2025,OD3_released_record_share_by_year_and_sex,fully_published_146_of_146,146,0,true,none
F_Vina,F,Vina,1880,2025,146,national_only,OD5_FULL_observed_support_1880_2025,OD3_released_record_share_by_year_and_sex,fully_published_146_of_146,146,0,true,none
F_Viola,F,Viola,1880,2025,146,national_only,OD5_FULL_observed_support_1880_2025,OD3_released_record_share_by_year_and_sex,fully_published_146_of_146,146,0,true,none
F_Violet,F,Violet,1880,2025,146,national_only,OD5_FULL_observed_support_1880_2025,OD3_released_record_share_by_year_and_sex,fully_published_146_of_146,146,0,true,none
F_Virginia,F,Virginia,1880,2025,146,national_only,OD5_FULL_observed_support_1880_2025,OD3_released_record_share_by_year_and_sex,fully_published_146_of_146,146,0,true,none
F_Vivian,F,Vivian,1880,2025,146,national_only,OD5_FULL_observed_support_1880_2025,OD3_released_record_share_by_year_and_sex,fully_published_146_of_146,146,0,true,none
F_Wanda,F,Wanda,1880,2025,146,national_only,OD5_FULL_observed_support_1880_2025,OD3_released_record_share_by_year_and_sex,fully_published_146_of_146,146,0,true,none
F_Wilhelmina,F,Wilhelmina,1880,2025,146,national_only,OD5_FULL_observed_support_1880_2025,OD3_released_record_share_by_year_and_sex,fully_published_146_of_146,146,0,true,none
F_Willa,F,Willa,1880,2025,146,national_only,OD5_FULL_observed_support_1880_2025,OD3_released_record_share_by_year_and_sex,fully_published_146_of_146,146,0,true,none
F_William,F,William,1880,2025,146,national_only,OD5_FULL_observed_support_1880_2025,OD3_released_record_share_by_year_and_sex,fully_published_146_of_146,146,0,true,none
F_Wilma,F,Wilma,1880,2025,146,national_only,OD5_FULL_observed_support_1880_2025,OD3_released_record_share_by_year_and_sex,fully_published_146_of_146,146,0,true,none
F_Winifred,F,Winifred,1880,2025,146,national_only,OD5_FULL_observed_support_1880_2025,OD3_released_record_share_by_year_and_sex,fully_published_146_of_146,146,0,true,none
F_Winnie,F,Winnie,1880,2025,146,national_only,OD5_FULL_observed_support_1880_2025,OD3_released_record_share_by_year_and_sex,fully_published_146_of_146,146,0,true,none
F_Winona,F,Winona,1880,2025,146,national_only,OD5_FULL_observed_support_1880_2025,OD3_released_record_share_by_year_and_sex,fully_published_146_of_146,146,0,true,none
F_Zoe,F,Zoe,1880,2025,146,national_only,OD5_FULL_observed_support_1880_2025,OD3_released_record_share_by_year_and_sex,fully_published_146_of_146,146,0,true,none
M_Aaron,M,Aaron,1880,2025,146,national_only,OD5_FULL_observed_support_1880_2025,OD3_released_record_share_by_year_and_sex,fully_published_146_of_146,146,0,true,none
M_Abe,M,Abe,1880,2025,146,national_only,OD5_FULL_observed_support_1880_2025,OD3_released_record_share_by_year_and_sex,fully_published_146_of_146,146,0,true,none
M_Abel,M,Abel,1880,2025,146,national_only,OD5_FULL_observed_support_1880_2025,OD3_released_record_share_by_year_and_sex,fully_published_146_of_146,146,0,true,none
M_Abner,M,Abner,1880,2025,146,national_only,OD5_FULL_observed_support_1880_2025,OD3_released_record_share_by_year_and_sex,fully_published_146_of_146,146,0,true,none
M_Abraham,M,Abraham,1880,2025,146,national_only,OD5_FULL_observed_support_1880_2025,OD3_released_record_share_by_year_and_sex,fully_published_146_of_146,146,0,true,none
M_Abram,M,Abram,1880,2025,146,national_only,OD5_FULL_observed_support_1880_2025,OD3_released_record_share_by_year_and_sex,fully_published_146_of_146,146,0,true,none
M_Adam,M,Adam,1880,2025,146,national_only,OD5_FULL_observed_support_1880_2025,OD3_released_record_share_by_year_and_sex,fully_published_146_of_146,146,0,true,none
M_Addison,M,Addison,1880,2025,146,national_only,OD5_FULL_observed_support_1880_2025,OD3_released_record_share_by_year_and_sex,fully_published_146_of_146,146,0,true,none
M_Adrian,M,Adrian,1880,2025,146,national_only,OD5_FULL_observed_support_1880_2025,OD3_released_record_share_by_year_and_sex,fully_published_146_of_146,146,0,true,none
M_Al,M,Al,1880,2025,146,national_only,OD5_FULL_observed_support_1880_2025,OD3_released_record_share_by_year_and_sex,fully_published_146_of_146,146,0,true,none
M_Albert,M,Albert,1880,2025,146,national_only,OD5_FULL_observed_support_1880_2025,OD3_released_record_share_by_year_and_sex,fully_published_146_of_146,146,0,true,none
M_Alden,M,Alden,1880,2025,146,national_only,OD5_FULL_observed_support_1880_2025,OD3_released_record_share_by_year_and_sex,fully_published_146_of_146,146,0,true,none
M_Alex,M,Alex,1880,2025,146,national_only,OD5_FULL_observed_support_1880_2025,OD3_released_record_share_by_year_and_sex,fully_published_146_of_146,146,0,true,none
M_Alexander,M,Alexander,1880,2025,146,national_only,OD5_FULL_observed_support_1880_2025,OD3_released_record_share_by_year_and_sex,fully_published_146_of_146,146,0,true,none
M_Alfred,M,Alfred,1880,2025,146,national_only,OD5_FULL_observed_support_1880_2025,OD3_released_record_share_by_year_and_sex,fully_published_146_of_146,146,0,true,none
M_Allan,M,Allan,1880,2025,146,national_only,OD5_FULL_observed_support_1880_2025,OD3_released_record_share_by_year_and_sex,fully_published_146_of_146,146,0,true,none
M_Allen,M,Allen,1880,2025,146,national_only,OD5_FULL_observed_support_1880_2025,OD3_released_record_share_by_year_and_sex,fully_published_146_of_146,146,0,true,none
M_Alonzo,M,Alonzo,1880,2025,146,national_only,OD5_FULL_observed_support_1880_2025,OD3_released_record_share_by_year_and_sex,fully_published_146_of_146,146,0,true,none
M_Aloysius,M,Aloysius,1880,2025,146,national_only,OD5_FULL_observed_support_1880_2025,OD3_released_record_share_by_year_and_sex,fully_published_146_of_146,146,0,true,none
M_Alphonse,M,Alphonse,1880,2025,146,national_only,OD5_FULL_observed_support_1880_2025,OD3_released_record_share_by_year_and_sex,fully_published_146_of_146,146,0,true,none
M_Alton,M,Alton,1880,2025,146,national_only,OD5_FULL_observed_support_1880_2025,OD3_released_record_share_by_year_and_sex,fully_published_146_of_146,146,0,true,none
M_Alvin,M,Alvin,1880,2025,146,national_only,OD5_FULL_observed_support_1880_2025,OD3_released_record_share_by_year_and_sex,fully_published_146_of_146,146,0,true,none
M_Ambrose,M,Ambrose,1880,2025,146,national_only,OD5_FULL_observed_support_1880_2025,OD3_released_record_share_by_year_and_sex,fully_published_146_of_146,146,0,true,none
M_Amos,M,Amos,1880,2025,146,national_only,OD5_FULL_observed_support_1880_2025,OD3_released_record_share_by_year_and_sex,fully_published_146_of_146,146,0,true,none
M_Anderson,M,Anderson,1880,2025,146,national_only,OD5_FULL_observed_support_1880_2025,OD3_released_record_share_by_year_and_sex,fully_published_146_of_146,146,0,true,none
M_Andrew,M,Andrew,1880,2025,146,national_only,OD5_FULL_observed_support_1880_2025,OD3_released_record_share_by_year_and_sex,fully_published_146_of_146,146,0,true,none
M_Andy,M,Andy,1880,2025,146,national_only,OD5_FULL_observed_support_1880_2025,OD3_released_record_share_by_year_and_sex,fully_published_146_of_146,146,0,true,none
M_Angus,M,Angus,1880,2025,146,national_only,OD5_FULL_observed_support_1880_2025,OD3_released_record_share_by_year_and_sex,fully_published_146_of_146,146,0,true,none
M_Anthony,M,Anthony,1880,2025,146,national_only,OD5_FULL_observed_support_1880_2025,OD3_released_record_share_by_year_and_sex,fully_published_146_of_146,146,0,true,none
M_Anton,M,Anton,1880,2025,146,national_only,OD5_FULL_observed_support_1880_2025,OD3_released_record_share_by_year_and_sex,fully_published_146_of_146,146,0,true,none
M_Antonio,M,Antonio,1880,2025,146,national_only,OD5_FULL_observed_support_1880_2025,OD3_released_record_share_by_year_and_sex,fully_published_146_of_146,146,0,true,none
M_Archie,M,Archie,1880,2025,146,national_only,OD5_FULL_observed_support_1880_2025,OD3_released_record_share_by_year_and_sex,fully_published_146_of_146,146,0,true,none
M_Arnold,M,Arnold,1880,2025,146,national_only,OD5_FULL_observed_support_1880_2025,OD3_released_record_share_by_year_and_sex,fully_published_146_of_146,146,0,true,none
M_Aron,M,Aron,1880,2025,146,national_only,OD5_FULL_observed_support_1880_2025,OD3_released_record_share_by_year_and_sex,fully_published_146_of_146,146,0,true,none
M_Art,M,Art,1880,2025,146,national_only,OD5_FULL_observed_support_1880_2025,OD3_released_record_share_by_year_and_sex,fully_published_146_of_146,146,0,true,none
M_Arthur,M,Arthur,1880,2025,146,national_only,OD5_FULL_observed_support_1880_2025,OD3_released_record_share_by_year_and_sex,fully_published_146_of_146,146,0,true,none
M_Asa,M,Asa,1880,2025,146,national_only,OD5_FULL_observed_support_1880_2025,OD3_released_record_share_by_year_and_sex,fully_published_146_of_146,146,0,true,none
M_Aubrey,M,Aubrey,1880,2025,146,national_only,OD5_FULL_observed_support_1880_2025,OD3_released_record_share_by_year_and_sex,fully_published_146_of_146,146,0,true,none
M_August,M,August,1880,2025,146,national_only,OD5_FULL_observed_support_1880_2025,OD3_released_record_share_by_year_and_sex,fully_published_146_of_146,146,0,true,none
M_Augustus,M,Augustus,1880,2025,146,national_only,OD5_FULL_observed_support_1880_2025,OD3_released_record_share_by_year_and_sex,fully_published_146_of_146,146,0,true,none
M_Austin,M,Austin,1880,2025,146,national_only,OD5_FULL_observed_support_1880_2025,OD3_released_record_share_by_year_and_sex,fully_published_146_of_146,146,0,true,none
M_Avery,M,Avery,1880,2025,146,national_only,OD5_FULL_observed_support_1880_2025,OD3_released_record_share_by_year_and_sex,fully_published_146_of_146,146,0,true,none
M_Bailey,M,Bailey,1880,2025,146,national_only,OD5_FULL_observed_support_1880_2025,OD3_released_record_share_by_year_and_sex,fully_published_146_of_146,146,0,true,none
M_Basil,M,Basil,1880,2025,146,national_only,OD5_FULL_observed_support_1880_2025,OD3_released_record_share_by_year_and_sex,fully_published_146_of_146,146,0,true,none
M_Baxter,M,Baxter,1880,2025,146,national_only,OD5_FULL_observed_support_1880_2025,OD3_released_record_share_by_year_and_sex,fully_published_146_of_146,146,0,true,none
M_Ben,M,Ben,1880,2025,146,national_only,OD5_FULL_observed_support_1880_2025,OD3_released_record_share_by_year_and_sex,fully_published_146_of_146,146,0,true,none
M_Benjamin,M,Benjamin,1880,2025,146,national_only,OD5_FULL_observed_support_1880_2025,OD3_released_record_share_by_year_and_sex,fully_published_146_of_146,146,0,true,none
M_Benjiman,M,Benjiman,1880,2025,146,national_only,OD5_FULL_observed_support_1880_2025,OD3_released_record_share_by_year_and_sex,fully_published_146_of_146,146,0,true,none
M_Bennett,M,Bennett,1880,2025,146,national_only,OD5_FULL_observed_support_1880_2025,OD3_released_record_share_by_year_and_sex,fully_published_146_of_146,146,0,true,none
M_Bennie,M,Bennie,1880,2025,146,national_only,OD5_FULL_observed_support_1880_2025,OD3_released_record_share_by_year_and_sex,fully_published_146_of_146,146,0,true,none
M_Bernard,M,Bernard,1880,2025,146,national_only,OD5_FULL_observed_support_1880_2025,OD3_released_record_share_by_year_and_sex,fully_published_146_of_146,146,0,true,none
M_Bert,M,Bert,1880,2025,146,national_only,OD5_FULL_observed_support_1880_2025,OD3_released_record_share_by_year_and_sex,fully_published_146_of_146,146,0,true,none
M_Bill,M,Bill,1880,2025,146,national_only,OD5_FULL_observed_support_1880_2025,OD3_released_record_share_by_year_and_sex,fully_published_146_of_146,146,0,true,none
M_Boyd,M,Boyd,1880,2025,146,national_only,OD5_FULL_observed_support_1880_2025,OD3_released_record_share_by_year_and_sex,fully_published_146_of_146,146,0,true,none
M_Bruce,M,Bruce,1880,2025,146,national_only,OD5_FULL_observed_support_1880_2025,OD3_released_record_share_by_year_and_sex,fully_published_146_of_146,146,0,true,none
M_Bryant,M,Bryant,1880,2025,146,national_only,OD5_FULL_observed_support_1880_2025,OD3_released_record_share_by_year_and_sex,fully_published_146_of_146,146,0,true,none
M_Buck,M,Buck,1880,2025,146,national_only,OD5_FULL_observed_support_1880_2025,OD3_released_record_share_by_year_and_sex,fully_published_146_of_146,146,0,true,none
M_Burton,M,Burton,1880,2025,146,national_only,OD5_FULL_observed_support_1880_2025,OD3_released_record_share_by_year_and_sex,fully_published_146_of_146,146,0,true,none
M_Buster,M,Buster,1880,2025,146,national_only,OD5_FULL_observed_support_1880_2025,OD3_released_record_share_by_year_and_sex,fully_published_146_of_146,146,0,true,none
M_Byron,M,Byron,1880,2025,146,national_only,OD5_FULL_observed_support_1880_2025,OD3_released_record_share_by_year_and_sex,fully_published_146_of_146,146,0,true,none
M_Caleb,M,Caleb,1880,2025,146,national_only,OD5_FULL_observed_support_1880_2025,OD3_released_record_share_by_year_and_sex,fully_published_146_of_146,146,0,true,none
M_Calvin,M,Calvin,1880,2025,146,national_only,OD5_FULL_observed_support_1880_2025,OD3_released_record_share_by_year_and_sex,fully_published_146_of_146,146,0,true,none
M_Carey,M,Carey,1880,2025,146,national_only,OD5_FULL_observed_support_1880_2025,OD3_released_record_share_by_year_and_sex,fully_published_146_of_146,146,0,true,none
M_Carl,M,Carl,1880,2025,146,national_only,OD5_FULL_observed_support_1880_2025,OD3_released_record_share_by_year_and_sex,fully_published_146_of_146,146,0,true,none
M_Carlos,M,Carlos,1880,2025,146,national_only,OD5_FULL_observed_support_1880_2025,OD3_released_record_share_by_year_and_sex,fully_published_146_of_146,146,0,true,none
M_Carlton,M,Carlton,1880,2025,146,national_only,OD5_FULL_observed_support_1880_2025,OD3_released_record_share_by_year_and_sex,fully_published_146_of_146,146,0,true,none
M_Cary,M,Cary,1880,2025,146,national_only,OD5_FULL_observed_support_1880_2025,OD3_released_record_share_by_year_and_sex,fully_published_146_of_146,146,0,true,none
M_Casper,M,Casper,1880,2025,146,national_only,OD5_FULL_observed_support_1880_2025,OD3_released_record_share_by_year_and_sex,fully_published_146_of_146,146,0,true,none
M_Cecil,M,Cecil,1880,2025,146,national_only,OD5_FULL_observed_support_1880_2025,OD3_released_record_share_by_year_and_sex,fully_published_146_of_146,146,0,true,none
M_Charles,M,Charles,1880,2025,146,national_only,OD5_FULL_observed_support_1880_2025,OD3_released_record_share_by_year_and_sex,fully_published_146_of_146,146,0,true,none
M_Charley,M,Charley,1880,2025,146,national_only,OD5_FULL_observed_support_1880_2025,OD3_released_record_share_by_year_and_sex,fully_published_146_of_146,146,0,true,none
M_Charlie,M,Charlie,1880,2025,146,national_only,OD5_FULL_observed_support_1880_2025,OD3_released_record_share_by_year_and_sex,fully_published_146_of_146,146,0,true,none
M_Chauncey,M,Chauncey,1880,2025,146,national_only,OD5_FULL_observed_support_1880_2025,OD3_released_record_share_by_year_and_sex,fully_published_146_of_146,146,0,true,none
M_Chester,M,Chester,1880,2025,146,national_only,OD5_FULL_observed_support_1880_2025,OD3_released_record_share_by_year_and_sex,fully_published_146_of_146,146,0,true,none
M_Chris,M,Chris,1880,2025,146,national_only,OD5_FULL_observed_support_1880_2025,OD3_released_record_share_by_year_and_sex,fully_published_146_of_146,146,0,true,none
M_Christ,M,Christ,1880,2025,146,national_only,OD5_FULL_observed_support_1880_2025,OD3_released_record_share_by_year_and_sex,fully_published_146_of_146,146,0,true,none
M_Christian,M,Christian,1880,2025,146,national_only,OD5_FULL_observed_support_1880_2025,OD3_released_record_share_by_year_and_sex,fully_published_146_of_146,146,0,true,none
M_Christopher,M,Christopher,1880,2025,146,national_only,OD5_FULL_observed_support_1880_2025,OD3_released_record_share_by_year_and_sex,fully_published_146_of_146,146,0,true,none
M_Clarence,M,Clarence,1880,2025,146,national_only,OD5_FULL_observed_support_1880_2025,OD3_released_record_share_by_year_and_sex,fully_published_146_of_146,146,0,true,none
M_Clark,M,Clark,1880,2025,146,national_only,OD5_FULL_observed_support_1880_2025,OD3_released_record_share_by_year_and_sex,fully_published_146_of_146,146,0,true,none
M_Claude,M,Claude,1880,2025,146,national_only,OD5_FULL_observed_support_1880_2025,OD3_released_record_share_by_year_and_sex,fully_published_146_of_146,146,0,true,none
M_Clay,M,Clay,1880,2025,146,national_only,OD5_FULL_observed_support_1880_2025,OD3_released_record_share_by_year_and_sex,fully_published_146_of_146,146,0,true,none
M_Clayton,M,Clayton,1880,2025,146,national_only,OD5_FULL_observed_support_1880_2025,OD3_released_record_share_by_year_and_sex,fully_published_146_of_146,146,0,true,none
M_Clement,M,Clement,1880,2025,146,national_only,OD5_FULL_observed_support_1880_2025,OD3_released_record_share_by_year_and_sex,fully_published_146_of_146,146,0,true,none
M_Cleveland,M,Cleveland,1880,2025,146,national_only,OD5_FULL_observed_support_1880_2025,OD3_released_record_share_by_year_and_sex,fully_published_146_of_146,146,0,true,none
M_Cliff,M,Cliff,1880,2025,146,national_only,OD5_FULL_observed_support_1880_2025,OD3_released_record_share_by_year_and_sex,fully_published_146_of_146,146,0,true,none
M_Clifford,M,Clifford,1880,2025,146,national_only,OD5_FULL_observed_support_1880_2025,OD3_released_record_share_by_year_and_sex,fully_published_146_of_146,146,0,true,none
M_Clifton,M,Clifton,1880,2025,146,national_only,OD5_FULL_observed_support_1880_2025,OD3_released_record_share_by_year_and_sex,fully_published_146_of_146,146,0,true,none
M_Clint,M,Clint,1880,2025,146,national_only,OD5_FULL_observed_support_1880_2025,OD3_released_record_share_by_year_and_sex,fully_published_146_of_146,146,0,true,none
M_Clinton,M,Clinton,1880,2025,146,national_only,OD5_FULL_observed_support_1880_2025,OD3_released_record_share_by_year_and_sex,fully_published_146_of_146,146,0,true,none
M_Clyde,M,Clyde,1880,2025,146,national_only,OD5_FULL_observed_support_1880_2025,OD3_released_record_share_by_year_and_sex,fully_published_146_of_146,146,0,true,none
M_Coleman,M,Coleman,1880,2025,146,national_only,OD5_FULL_observed_support_1880_2025,OD3_released_record_share_by_year_and_sex,fully_published_146_of_146,146,0,true,none
M_Conrad,M,Conrad,1880,2025,146,national_only,OD5_FULL_observed_support_1880_2025,OD3_released_record_share_by_year_and_sex,fully_published_146_of_146,146,0,true,none
M_Cornelius,M,Cornelius,1880,2025,146,national_only,OD5_FULL_observed_support_1880_2025,OD3_released_record_share_by_year_and_sex,fully_published_146_of_146,146,0,true,none
M_Curtis,M,Curtis,1880,2025,146,national_only,OD5_FULL_observed_support_1880_2025,OD3_released_record_share_by_year_and_sex,fully_published_146_of_146,146,0,true,none
M_Cyrus,M,Cyrus,1880,2025,146,national_only,OD5_FULL_observed_support_1880_2025,OD3_released_record_share_by_year_and_sex,fully_published_146_of_146,146,0,true,none
M_Dallas,M,Dallas,1880,2025,146,national_only,OD5_FULL_observed_support_1880_2025,OD3_released_record_share_by_year_and_sex,fully_published_146_of_146,146,0,true,none
M_Dan,M,Dan,1880,2025,146,national_only,OD5_FULL_observed_support_1880_2025,OD3_released_record_share_by_year_and_sex,fully_published_146_of_146,146,0,true,none
M_Dana,M,Dana,1880,2025,146,national_only,OD5_FULL_observed_support_1880_2025,OD3_released_record_share_by_year_and_sex,fully_published_146_of_146,146,0,true,none
M_Daniel,M,Daniel,1880,2025,146,national_only,OD5_FULL_observed_support_1880_2025,OD3_released_record_share_by_year_and_sex,fully_published_146_of_146,146,0,true,none
M_Dave,M,Dave,1880,2025,146,national_only,OD5_FULL_observed_support_1880_2025,OD3_released_record_share_by_year_and_sex,fully_published_146_of_146,146,0,true,none
M_David,M,David,1880,2025,146,national_only,OD5_FULL_observed_support_1880_2025,OD3_released_record_share_by_year_and_sex,fully_published_146_of_146,146,0,true,none
M_Davis,M,Davis,1880,2025,146,national_only,OD5_FULL_observed_support_1880_2025,OD3_released_record_share_by_year_and_sex,fully_published_146_of_146,146,0,true,none
M_Dean,M,Dean,1880,2025,146,national_only,OD5_FULL_observed_support_1880_2025,OD3_released_record_share_by_year_and_sex,fully_published_146_of_146,146,0,true,none
M_Delbert,M,Delbert,1880,2025,146,national_only,OD5_FULL_observed_support_1880_2025,OD3_released_record_share_by_year_and_sex,fully_published_146_of_146,146,0,true,none
M_Dennis,M,Dennis,1880,2025,146,national_only,OD5_FULL_observed_support_1880_2025,OD3_released_record_share_by_year_and_sex,fully_published_146_of_146,146,0,true,none
M_Don,M,Don,1880,2025,146,national_only,OD5_FULL_observed_support_1880_2025,OD3_released_record_share_by_year_and_sex,fully_published_146_of_146,146,0,true,none
M_Donald,M,Donald,1880,2025,146,national_only,OD5_FULL_observed_support_1880_2025,OD3_released_record_share_by_year_and_sex,fully_published_146_of_146,146,0,true,none
M_Douglas,M,Douglas,1880,2025,146,national_only,OD5_FULL_observed_support_1880_2025,OD3_released_record_share_by_year_and_sex,fully_published_146_of_146,146,0,true,none
M_Dudley,M,Dudley,1880,2025,146,national_only,OD5_FULL_observed_support_1880_2025,OD3_released_record_share_by_year_and_sex,fully_published_146_of_146,146,0,true,none
M_Dwight,M,Dwight,1880,2025,146,national_only,OD5_FULL_observed_support_1880_2025,OD3_released_record_share_by_year_and_sex,fully_published_146_of_146,146,0,true,none
M_Earl,M,Earl,1880,2025,146,national_only,OD5_FULL_observed_support_1880_2025,OD3_released_record_share_by_year_and_sex,fully_published_146_of_146,146,0,true,none
M_Earnest,M,Earnest,1880,2025,146,national_only,OD5_FULL_observed_support_1880_2025,OD3_released_record_share_by_year_and_sex,fully_published_146_of_146,146,0,true,none
M_Eddie,M,Eddie,1880,2025,146,national_only,OD5_FULL_observed_support_1880_2025,OD3_released_record_share_by_year_and_sex,fully_published_146_of_146,146,0,true,none
M_Edgar,M,Edgar,1880,2025,146,national_only,OD5_FULL_observed_support_1880_2025,OD3_released_record_share_by_year_and_sex,fully_published_146_of_146,146,0,true,none
M_Edmond,M,Edmond,1880,2025,146,national_only,OD5_FULL_observed_support_1880_2025,OD3_released_record_share_by_year_and_sex,fully_published_146_of_146,146,0,true,none
M_Edmund,M,Edmund,1880,2025,146,national_only,OD5_FULL_observed_support_1880_2025,OD3_released_record_share_by_year_and_sex,fully_published_146_of_146,146,0,true,none
M_Edward,M,Edward,1880,2025,146,national_only,OD5_FULL_observed_support_1880_2025,OD3_released_record_share_by_year_and_sex,fully_published_146_of_146,146,0,true,none
M_Edwin,M,Edwin,1880,2025,146,national_only,OD5_FULL_observed_support_1880_2025,OD3_released_record_share_by_year_and_sex,fully_published_146_of_146,146,0,true,none
M_Eli,M,Eli,1880,2025,146,national_only,OD5_FULL_observed_support_1880_2025,OD3_released_record_share_by_year_and_sex,fully_published_146_of_146,146,0,true,none
M_Elias,M,Elias,1880,2025,146,national_only,OD5_FULL_observed_support_1880_2025,OD3_released_record_share_by_year_and_sex,fully_published_146_of_146,146,0,true,none
M_Elijah,M,Elijah,1880,2025,146,national_only,OD5_FULL_observed_support_1880_2025,OD3_released_record_share_by_year_and_sex,fully_published_146_of_146,146,0,true,none
M_Elisha,M,Elisha,1880,2025,146,national_only,OD5_FULL_observed_support_1880_2025,OD3_released_record_share_by_year_and_sex,fully_published_146_of_146,146,0,true,none
M_Elliott,M,Elliott,1880,2025,146,national_only,OD5_FULL_observed_support_1880_2025,OD3_released_record_share_by_year_and_sex,fully_published_146_of_146,146,0,true,none
M_Ellis,M,Ellis,1880,2025,146,national_only,OD5_FULL_observed_support_1880_2025,OD3_released_record_share_by_year_and_sex,fully_published_146_of_146,146,0,true,none
M_Elmer,M,Elmer,1880,2025,146,national_only,OD5_FULL_observed_support_1880_2025,OD3_released_record_share_by_year_and_sex,fully_published_146_of_146,146,0,true,none
M_Elvin,M,Elvin,1880,2025,146,national_only,OD5_FULL_observed_support_1880_2025,OD3_released_record_share_by_year_and_sex,fully_published_146_of_146,146,0,true,none
M_Elwood,M,Elwood,1880,2025,146,national_only,OD5_FULL_observed_support_1880_2025,OD3_released_record_share_by_year_and_sex,fully_published_146_of_146,146,0,true,none
M_Emanuel,M,Emanuel,1880,2025,146,national_only,OD5_FULL_observed_support_1880_2025,OD3_released_record_share_by_year_and_sex,fully_published_146_of_146,146,0,true,none
M_Emerson,M,Emerson,1880,2025,146,national_only,OD5_FULL_observed_support_1880_2025,OD3_released_record_share_by_year_and_sex,fully_published_146_of_146,146,0,true,none
M_Emery,M,Emery,1880,2025,146,national_only,OD5_FULL_observed_support_1880_2025,OD3_released_record_share_by_year_and_sex,fully_published_146_of_146,146,0,true,none
M_Emil,M,Emil,1880,2025,146,national_only,OD5_FULL_observed_support_1880_2025,OD3_released_record_share_by_year_and_sex,fully_published_146_of_146,146,0,true,none
M_Emile,M,Emile,1880,2025,146,national_only,OD5_FULL_observed_support_1880_2025,OD3_released_record_share_by_year_and_sex,fully_published_146_of_146,146,0,true,none
M_Emmett,M,Emmett,1880,2025,146,national_only,OD5_FULL_observed_support_1880_2025,OD3_released_record_share_by_year_and_sex,fully_published_146_of_146,146,0,true,none
M_Emmitt,M,Emmitt,1880,2025,146,national_only,OD5_FULL_observed_support_1880_2025,OD3_released_record_share_by_year_and_sex,fully_published_146_of_146,146,0,true,none
M_Emory,M,Emory,1880,2025,146,national_only,OD5_FULL_observed_support_1880_2025,OD3_released_record_share_by_year_and_sex,fully_published_146_of_146,146,0,true,none
M_Enoch,M,Enoch,1880,2025,146,national_only,OD5_FULL_observed_support_1880_2025,OD3_released_record_share_by_year_and_sex,fully_published_146_of_146,146,0,true,none
M_Enos,M,Enos,1880,2025,146,national_only,OD5_FULL_observed_support_1880_2025,OD3_released_record_share_by_year_and_sex,fully_published_146_of_146,146,0,true,none
M_Eric,M,Eric,1880,2025,146,national_only,OD5_FULL_observed_support_1880_2025,OD3_released_record_share_by_year_and_sex,fully_published_146_of_146,146,0,true,none
M_Ernest,M,Ernest,1880,2025,146,national_only,OD5_FULL_observed_support_1880_2025,OD3_released_record_share_by_year_and_sex,fully_published_146_of_146,146,0,true,none
M_Ervin,M,Ervin,1880,2025,146,national_only,OD5_FULL_observed_support_1880_2025,OD3_released_record_share_by_year_and_sex,fully_published_146_of_146,146,0,true,none
M_Erwin,M,Erwin,1880,2025,146,national_only,OD5_FULL_observed_support_1880_2025,OD3_released_record_share_by_year_and_sex,fully_published_146_of_146,146,0,true,none
M_Eugene,M,Eugene,1880,2025,146,national_only,OD5_FULL_observed_support_1880_2025,OD3_released_record_share_by_year_and_sex,fully_published_146_of_146,146,0,true,none
M_Evan,M,Evan,1880,2025,146,national_only,OD5_FULL_observed_support_1880_2025,OD3_released_record_share_by_year_and_sex,fully_published_146_of_146,146,0,true,none
M_Everett,M,Everett,1880,2025,146,national_only,OD5_FULL_observed_support_1880_2025,OD3_released_record_share_by_year_and_sex,fully_published_146_of_146,146,0,true,none
M_Ezekiel,M,Ezekiel,1880,2025,146,national_only,OD5_FULL_observed_support_1880_2025,OD3_released_record_share_by_year_and_sex,fully_published_146_of_146,146,0,true,none
M_Ezra,M,Ezra,1880,2025,146,national_only,OD5_FULL_observed_support_1880_2025,OD3_released_record_share_by_year_and_sex,fully_published_146_of_146,146,0,true,none
M_Felix,M,Felix,1880,2025,146,national_only,OD5_FULL_observed_support_1880_2025,OD3_released_record_share_by_year_and_sex,fully_published_146_of_146,146,0,true,none
M_Ferdinand,M,Ferdinand,1880,2025,146,national_only,OD5_FULL_observed_support_1880_2025,OD3_released_record_share_by_year_and_sex,fully_published_146_of_146,146,0,true,none
M_Fletcher,M,Fletcher,1880,2025,146,national_only,OD5_FULL_observed_support_1880_2025,OD3_released_record_share_by_year_and_sex,fully_published_146_of_146,146,0,true,none
M_Floyd,M,Floyd,1880,2025,146,national_only,OD5_FULL_observed_support_1880_2025,OD3_released_record_share_by_year_and_sex,fully_published_146_of_146,146,0,true,none
M_Forest,M,Forest,1880,2025,146,national_only,OD5_FULL_observed_support_1880_2025,OD3_released_record_share_by_year_and_sex,fully_published_146_of_146,146,0,true,none
M_Forrest,M,Forrest,1880,2025,146,national_only,OD5_FULL_observed_support_1880_2025,OD3_released_record_share_by_year_and_sex,fully_published_146_of_146,146,0,true,none
M_Foster,M,Foster,1880,2025,146,national_only,OD5_FULL_observed_support_1880_2025,OD3_released_record_share_by_year_and_sex,fully_published_146_of_146,146,0,true,none
M_Francis,M,Francis,1880,2025,146,national_only,OD5_FULL_observed_support_1880_2025,OD3_released_record_share_by_year_and_sex,fully_published_146_of_146,146,0,true,none
M_Francisco,M,Francisco,1880,2025,146,national_only,OD5_FULL_observed_support_1880_2025,OD3_released_record_share_by_year_and_sex,fully_published_146_of_146,146,0,true,none
M_Frank,M,Frank,1880,2025,146,national_only,OD5_FULL_observed_support_1880_2025,OD3_released_record_share_by_year_and_sex,fully_published_146_of_146,146,0,true,none
M_Franklin,M,Franklin,1880,2025,146,national_only,OD5_FULL_observed_support_1880_2025,OD3_released_record_share_by_year_and_sex,fully_published_146_of_146,146,0,true,none
M_Fred,M,Fred,1880,2025,146,national_only,OD5_FULL_observed_support_1880_2025,OD3_released_record_share_by_year_and_sex,fully_published_146_of_146,146,0,true,none
M_Frederic,M,Frederic,1880,2025,146,national_only,OD5_FULL_observed_support_1880_2025,OD3_released_record_share_by_year_and_sex,fully_published_146_of_146,146,0,true,none
M_Frederick,M,Frederick,1880,2025,146,national_only,OD5_FULL_observed_support_1880_2025,OD3_released_record_share_by_year_and_sex,fully_published_146_of_146,146,0,true,none
M_Fredrick,M,Fredrick,1880,2025,146,national_only,OD5_FULL_observed_support_1880_2025,OD3_released_record_share_by_year_and_sex,fully_published_146_of_146,146,0,true,none
M_Freeman,M,Freeman,1880,2025,146,national_only,OD5_FULL_observed_support_1880_2025,OD3_released_record_share_by_year_and_sex,fully_published_146_of_146,146,0,true,none
M_Fritz,M,Fritz,1880,2025,146,national_only,OD5_FULL_observed_support_1880_2025,OD3_released_record_share_by_year_and_sex,fully_published_146_of_146,146,0,true,none
M_Gabriel,M,Gabriel,1880,2025,146,national_only,OD5_FULL_observed_support_1880_2025,OD3_released_record_share_by_year_and_sex,fully_published_146_of_146,146,0,true,none
M_Garland,M,Garland,1880,2025,146,national_only,OD5_FULL_observed_support_1880_2025,OD3_released_record_share_by_year_and_sex,fully_published_146_of_146,146,0,true,none
M_Garrett,M,Garrett,1880,2025,146,national_only,OD5_FULL_observed_support_1880_2025,OD3_released_record_share_by_year_and_sex,fully_published_146_of_146,146,0,true,none
M_Gene,M,Gene,1880,2025,146,national_only,OD5_FULL_observed_support_1880_2025,OD3_released_record_share_by_year_and_sex,fully_published_146_of_146,146,0,true,none
M_George,M,George,1880,2025,146,national_only,OD5_FULL_observed_support_1880_2025,OD3_released_record_share_by_year_and_sex,fully_published_146_of_146,146,0,true,none
M_Gerald,M,Gerald,1880,2025,146,national_only,OD5_FULL_observed_support_1880_2025,OD3_released_record_share_by_year_and_sex,fully_published_146_of_146,146,0,true,none
M_Gilbert,M,Gilbert,1880,2025,146,national_only,OD5_FULL_observed_support_1880_2025,OD3_released_record_share_by_year_and_sex,fully_published_146_of_146,146,0,true,none
M_Glen,M,Glen,1880,2025,146,national_only,OD5_FULL_observed_support_1880_2025,OD3_released_record_share_by_year_and_sex,fully_published_146_of_146,146,0,true,none
M_Glenn,M,Glenn,1880,2025,146,national_only,OD5_FULL_observed_support_1880_2025,OD3_released_record_share_by_year_and_sex,fully_published_146_of_146,146,0,true,none
M_Gordon,M,Gordon,1880,2025,146,national_only,OD5_FULL_observed_support_1880_2025,OD3_released_record_share_by_year_and_sex,fully_published_146_of_146,146,0,true,none
M_Grant,M,Grant,1880,2025,146,national_only,OD5_FULL_observed_support_1880_2025,OD3_released_record_share_by_year_and_sex,fully_published_146_of_146,146,0,true,none
M_Grover,M,Grover,1880,2025,146,national_only,OD5_FULL_observed_support_1880_2025,OD3_released_record_share_by_year_and_sex,fully_published_146_of_146,146,0,true,none
M_Gus,M,Gus,1880,2025,146,national_only,OD5_FULL_observed_support_1880_2025,OD3_released_record_share_by_year_and_sex,fully_published_146_of_146,146,0,true,none
M_Gustav,M,Gustav,1880,2025,146,national_only,OD5_FULL_observed_support_1880_2025,OD3_released_record_share_by_year_and_sex,fully_published_146_of_146,146,0,true,none
M_Guy,M,Guy,1880,2025,146,national_only,OD5_FULL_observed_support_1880_2025,OD3_released_record_share_by_year_and_sex,fully_published_146_of_146,146,0,true,none
M_Hal,M,Hal,1880,2025,146,national_only,OD5_FULL_observed_support_1880_2025,OD3_released_record_share_by_year_and_sex,fully_published_146_of_146,146,0,true,none
M_Hamilton,M,Hamilton,1880,2025,146,national_only,OD5_FULL_observed_support_1880_2025,OD3_released_record_share_by_year_and_sex,fully_published_146_of_146,146,0,true,none
M_Hans,M,Hans,1880,2025,146,national_only,OD5_FULL_observed_support_1880_2025,OD3_released_record_share_by_year_and_sex,fully_published_146_of_146,146,0,true,none
M_Hardy,M,Hardy,1880,2025,146,national_only,OD5_FULL_observed_support_1880_2025,OD3_released_record_share_by_year_and_sex,fully_published_146_of_146,146,0,true,none
M_Harlan,M,Harlan,1880,2025,146,national_only,OD5_FULL_observed_support_1880_2025,OD3_released_record_share_by_year_and_sex,fully_published_146_of_146,146,0,true,none
M_Harley,M,Harley,1880,2025,146,national_only,OD5_FULL_observed_support_1880_2025,OD3_released_record_share_by_year_and_sex,fully_published_146_of_146,146,0,true,none
M_Harmon,M,Harmon,1880,2025,146,national_only,OD5_FULL_observed_support_1880_2025,OD3_released_record_share_by_year_and_sex,fully_published_146_of_146,146,0,true,none
M_Harold,M,Harold,1880,2025,146,national_only,OD5_FULL_observed_support_1880_2025,OD3_released_record_share_by_year_and_sex,fully_published_146_of_146,146,0,true,none
M_Harris,M,Harris,1880,2025,146,national_only,OD5_FULL_observed_support_1880_2025,OD3_released_record_share_by_year_and_sex,fully_published_146_of_146,146,0,true,none
M_Harrison,M,Harrison,1880,2025,146,national_only,OD5_FULL_observed_support_1880_2025,OD3_released_record_share_by_year_and_sex,fully_published_146_of_146,146,0,true,none
M_Harry,M,Harry,1880,2025,146,national_only,OD5_FULL_observed_support_1880_2025,OD3_released_record_share_by_year_and_sex,fully_published_146_of_146,146,0,true,none
M_Harvey,M,Harvey,1880,2025,146,national_only,OD5_FULL_observed_support_1880_2025,OD3_released_record_share_by_year_and_sex,fully_published_146_of_146,146,0,true,none
M_Henderson,M,Henderson,1880,2025,146,national_only,OD5_FULL_observed_support_1880_2025,OD3_released_record_share_by_year_and_sex,fully_published_146_of_146,146,0,true,none
M_Henry,M,Henry,1880,2025,146,national_only,OD5_FULL_observed_support_1880_2025,OD3_released_record_share_by_year_and_sex,fully_published_146_of_146,146,0,true,none
M_Herbert,M,Herbert,1880,2025,146,national_only,OD5_FULL_observed_support_1880_2025,OD3_released_record_share_by_year_and_sex,fully_published_146_of_146,146,0,true,none
M_Herman,M,Herman,1880,2025,146,national_only,OD5_FULL_observed_support_1880_2025,OD3_released_record_share_by_year_and_sex,fully_published_146_of_146,146,0,true,none
M_Herschel,M,Herschel,1880,2025,146,national_only,OD5_FULL_observed_support_1880_2025,OD3_released_record_share_by_year_and_sex,fully_published_146_of_146,146,0,true,none
M_Hiram,M,Hiram,1880,2025,146,national_only,OD5_FULL_observed_support_1880_2025,OD3_released_record_share_by_year_and_sex,fully_published_146_of_146,146,0,true,none
M_Hollis,M,Hollis,1880,2025,146,national_only,OD5_FULL_observed_support_1880_2025,OD3_released_record_share_by_year_and_sex,fully_published_146_of_146,146,0,true,none
M_Homer,M,Homer,1880,2025,146,national_only,OD5_FULL_observed_support_1880_2025,OD3_released_record_share_by_year_and_sex,fully_published_146_of_146,146,0,true,none
M_Horace,M,Horace,1880,2025,146,national_only,OD5_FULL_observed_support_1880_2025,OD3_released_record_share_by_year_and_sex,fully_published_146_of_146,146,0,true,none
M_Hosea,M,Hosea,1880,2025,146,national_only,OD5_FULL_observed_support_1880_2025,OD3_released_record_share_by_year_and_sex,fully_published_146_of_146,146,0,true,none
M_Houston,M,Houston,1880,2025,146,national_only,OD5_FULL_observed_support_1880_2025,OD3_released_record_share_by_year_and_sex,fully_published_146_of_146,146,0,true,none
M_Howard,M,Howard,1880,2025,146,national_only,OD5_FULL_observed_support_1880_2025,OD3_released_record_share_by_year_and_sex,fully_published_146_of_146,146,0,true,none
M_Hubert,M,Hubert,1880,2025,146,national_only,OD5_FULL_observed_support_1880_2025,OD3_released_record_share_by_year_and_sex,fully_published_146_of_146,146,0,true,none
M_Hugh,M,Hugh,1880,2025,146,national_only,OD5_FULL_observed_support_1880_2025,OD3_released_record_share_by_year_and_sex,fully_published_146_of_146,146,0,true,none
M_Hugo,M,Hugo,1880,2025,146,national_only,OD5_FULL_observed_support_1880_2025,OD3_released_record_share_by_year_and_sex,fully_published_146_of_146,146,0,true,none
M_Ike,M,Ike,1880,2025,146,national_only,OD5_FULL_observed_support_1880_2025,OD3_released_record_share_by_year_and_sex,fully_published_146_of_146,146,0,true,none
M_Ira,M,Ira,1880,2025,146,national_only,OD5_FULL_observed_support_1880_2025,OD3_released_record_share_by_year_and_sex,fully_published_146_of_146,146,0,true,none
M_Irvin,M,Irvin,1880,2025,146,national_only,OD5_FULL_observed_support_1880_2025,OD3_released_record_share_by_year_and_sex,fully_published_146_of_146,146,0,true,none
M_Irving,M,Irving,1880,2025,146,national_only,OD5_FULL_observed_support_1880_2025,OD3_released_record_share_by_year_and_sex,fully_published_146_of_146,146,0,true,none
M_Irwin,M,Irwin,1880,2025,146,national_only,OD5_FULL_observed_support_1880_2025,OD3_released_record_share_by_year_and_sex,fully_published_146_of_146,146,0,true,none
M_Isaac,M,Isaac,1880,2025,146,national_only,OD5_FULL_observed_support_1880_2025,OD3_released_record_share_by_year_and_sex,fully_published_146_of_146,146,0,true,none
M_Isaiah,M,Isaiah,1880,2025,146,national_only,OD5_FULL_observed_support_1880_2025,OD3_released_record_share_by_year_and_sex,fully_published_146_of_146,146,0,true,none
M_Isiah,M,Isiah,1880,2025,146,national_only,OD5_FULL_observed_support_1880_2025,OD3_released_record_share_by_year_and_sex,fully_published_146_of_146,146,0,true,none
M_Israel,M,Israel,1880,2025,146,national_only,OD5_FULL_observed_support_1880_2025,OD3_released_record_share_by_year_and_sex,fully_published_146_of_146,146,0,true,none
M_Issac,M,Issac,1880,2025,146,national_only,OD5_FULL_observed_support_1880_2025,OD3_released_record_share_by_year_and_sex,fully_published_146_of_146,146,0,true,none
M_Ivan,M,Ivan,1880,2025,146,national_only,OD5_FULL_observed_support_1880_2025,OD3_released_record_share_by_year_and_sex,fully_published_146_of_146,146,0,true,none
M_Jack,M,Jack,1880,2025,146,national_only,OD5_FULL_observed_support_1880_2025,OD3_released_record_share_by_year_and_sex,fully_published_146_of_146,146,0,true,none
M_Jackson,M,Jackson,1880,2025,146,national_only,OD5_FULL_observed_support_1880_2025,OD3_released_record_share_by_year_and_sex,fully_published_146_of_146,146,0,true,none
M_Jacob,M,Jacob,1880,2025,146,national_only,OD5_FULL_observed_support_1880_2025,OD3_released_record_share_by_year_and_sex,fully_published_146_of_146,146,0,true,none
M_Jake,M,Jake,1880,2025,146,national_only,OD5_FULL_observed_support_1880_2025,OD3_released_record_share_by_year_and_sex,fully_published_146_of_146,146,0,true,none
M_James,M,James,1880,2025,146,national_only,OD5_FULL_observed_support_1880_2025,OD3_released_record_share_by_year_and_sex,fully_published_146_of_146,146,0,true,none
M_Jason,M,Jason,1880,2025,146,national_only,OD5_FULL_observed_support_1880_2025,OD3_released_record_share_by_year_and_sex,fully_published_146_of_146,146,0,true,none
M_Jasper,M,Jasper,1880,2025,146,national_only,OD5_FULL_observed_support_1880_2025,OD3_released_record_share_by_year_and_sex,fully_published_146_of_146,146,0,true,none
M_Jay,M,Jay,1880,2025,146,national_only,OD5_FULL_observed_support_1880_2025,OD3_released_record_share_by_year_and_sex,fully_published_146_of_146,146,0,true,none
M_Jean,M,Jean,1880,2025,146,national_only,OD5_FULL_observed_support_1880_2025,OD3_released_record_share_by_year_and_sex,fully_published_146_of_146,146,0,true,none
M_Jeff,M,Jeff,1880,2025,146,national_only,OD5_FULL_observed_support_1880_2025,OD3_released_record_share_by_year_and_sex,fully_published_146_of_146,146,0,true,none
M_Jefferson,M,Jefferson,1880,2025,146,national_only,OD5_FULL_observed_support_1880_2025,OD3_released_record_share_by_year_and_sex,fully_published_146_of_146,146,0,true,none
M_Jeremiah,M,Jeremiah,1880,2025,146,national_only,OD5_FULL_observed_support_1880_2025,OD3_released_record_share_by_year_and_sex,fully_published_146_of_146,146,0,true,none
M_Jerome,M,Jerome,1880,2025,146,national_only,OD5_FULL_observed_support_1880_2025,OD3_released_record_share_by_year_and_sex,fully_published_146_of_146,146,0,true,none
M_Jerry,M,Jerry,1880,2025,146,national_only,OD5_FULL_observed_support_1880_2025,OD3_released_record_share_by_year_and_sex,fully_published_146_of_146,146,0,true,none
M_Jess,M,Jess,1880,2025,146,national_only,OD5_FULL_observed_support_1880_2025,OD3_released_record_share_by_year_and_sex,fully_published_146_of_146,146,0,true,none
M_Jesse,M,Jesse,1880,2025,146,national_only,OD5_FULL_observed_support_1880_2025,OD3_released_record_share_by_year_and_sex,fully_published_146_of_146,146,0,true,none
M_Jessie,M,Jessie,1880,2025,146,national_only,OD5_FULL_observed_support_1880_2025,OD3_released_record_share_by_year_and_sex,fully_published_146_of_146,146,0,true,none
M_Jesus,M,Jesus,1880,2025,146,national_only,OD5_FULL_observed_support_1880_2025,OD3_released_record_share_by_year_and_sex,fully_published_146_of_146,146,0,true,none
M_Jim,M,Jim,1880,2025,146,national_only,OD5_FULL_observed_support_1880_2025,OD3_released_record_share_by_year_and_sex,fully_published_146_of_146,146,0,true,none
M_Jimmie,M,Jimmie,1880,2025,146,national_only,OD5_FULL_observed_support_1880_2025,OD3_released_record_share_by_year_and_sex,fully_published_146_of_146,146,0,true,none
M_Joe,M,Joe,1880,2025,146,national_only,OD5_FULL_observed_support_1880_2025,OD3_released_record_share_by_year_and_sex,fully_published_146_of_146,146,0,true,none
M_Joel,M,Joel,1880,2025,146,national_only,OD5_FULL_observed_support_1880_2025,OD3_released_record_share_by_year_and_sex,fully_published_146_of_146,146,0,true,none
M_John,M,John,1880,2025,146,national_only,OD5_FULL_observed_support_1880_2025,OD3_released_record_share_by_year_and_sex,fully_published_146_of_146,146,0,true,none
M_Johnnie,M,Johnnie,1880,2025,146,national_only,OD5_FULL_observed_support_1880_2025,OD3_released_record_share_by_year_and_sex,fully_published_146_of_146,146,0,true,none
M_Johnny,M,Johnny,1880,2025,146,national_only,OD5_FULL_observed_support_1880_2025,OD3_released_record_share_by_year_and_sex,fully_published_146_of_146,146,0,true,none
M_Johnson,M,Johnson,1880,2025,146,national_only,OD5_FULL_observed_support_1880_2025,OD3_released_record_share_by_year_and_sex,fully_published_146_of_146,146,0,true,none
M_Jonas,M,Jonas,1880,2025,146,national_only,OD5_FULL_observed_support_1880_2025,OD3_released_record_share_by_year_and_sex,fully_published_146_of_146,146,0,true,none
M_Jonathan,M,Jonathan,1880,2025,146,national_only,OD5_FULL_observed_support_1880_2025,OD3_released_record_share_by_year_and_sex,fully_published_146_of_146,146,0,true,none
M_Jose,M,Jose,1880,2025,146,national_only,OD5_FULL_observed_support_1880_2025,OD3_released_record_share_by_year_and_sex,fully_published_146_of_146,146,0,true,none
M_Joseph,M,Joseph,1880,2025,146,national_only,OD5_FULL_observed_support_1880_2025,OD3_released_record_share_by_year_and_sex,fully_published_146_of_146,146,0,true,none
M_Josh,M,Josh,1880,2025,146,national_only,OD5_FULL_observed_support_1880_2025,OD3_released_record_share_by_year_and_sex,fully_published_146_of_146,146,0,true,none
M_Joshua,M,Joshua,1880,2025,146,national_only,OD5_FULL_observed_support_1880_2025,OD3_released_record_share_by_year_and_sex,fully_published_146_of_146,146,0,true,none
M_Josiah,M,Josiah,1880,2025,146,national_only,OD5_FULL_observed_support_1880_2025,OD3_released_record_share_by_year_and_sex,fully_published_146_of_146,146,0,true,none
M_Juan,M,Juan,1880,2025,146,national_only,OD5_FULL_observed_support_1880_2025,OD3_released_record_share_by_year_and_sex,fully_published_146_of_146,146,0,true,none
M_Judson,M,Judson,1880,2025,146,national_only,OD5_FULL_observed_support_1880_2025,OD3_released_record_share_by_year_and_sex,fully_published_146_of_146,146,0,true,none
M_Jules,M,Jules,1880,2025,146,national_only,OD5_FULL_observed_support_1880_2025,OD3_released_record_share_by_year_and_sex,fully_published_146_of_146,146,0,true,none
M_Julian,M,Julian,1880,2025,146,national_only,OD5_FULL_observed_support_1880_2025,OD3_released_record_share_by_year_and_sex,fully_published_146_of_146,146,0,true,none
M_Julius,M,Julius,1880,2025,146,national_only,OD5_FULL_observed_support_1880_2025,OD3_released_record_share_by_year_and_sex,fully_published_146_of_146,146,0,true,none
M_Karl,M,Karl,1880,2025,146,national_only,OD5_FULL_observed_support_1880_2025,OD3_released_record_share_by_year_and_sex,fully_published_146_of_146,146,0,true,none
M_Kelly,M,Kelly,1880,2025,146,national_only,OD5_FULL_observed_support_1880_2025,OD3_released_record_share_by_year_and_sex,fully_published_146_of_146,146,0,true,none
M_Kenneth,M,Kenneth,1880,2025,146,national_only,OD5_FULL_observed_support_1880_2025,OD3_released_record_share_by_year_and_sex,fully_published_146_of_146,146,0,true,none
M_King,M,King,1880,2025,146,national_only,OD5_FULL_observed_support_1880_2025,OD3_released_record_share_by_year_and_sex,fully_published_146_of_146,146,0,true,none
M_Lafayette,M,Lafayette,1880,2025,146,national_only,OD5_FULL_observed_support_1880_2025,OD3_released_record_share_by_year_and_sex,fully_published_146_of_146,146,0,true,none
M_Larry,M,Larry,1880,2025,146,national_only,OD5_FULL_observed_support_1880_2025,OD3_released_record_share_by_year_and_sex,fully_published_146_of_146,146,0,true,none
M_Laurence,M,Laurence,1880,2025,146,national_only,OD5_FULL_observed_support_1880_2025,OD3_released_record_share_by_year_and_sex,fully_published_146_of_146,146,0,true,none
M_Lawrence,M,Lawrence,1880,2025,146,national_only,OD5_FULL_observed_support_1880_2025,OD3_released_record_share_by_year_and_sex,fully_published_146_of_146,146,0,true,none
M_Lawson,M,Lawson,1880,2025,146,national_only,OD5_FULL_observed_support_1880_2025,OD3_released_record_share_by_year_and_sex,fully_published_146_of_146,146,0,true,none
M_Lee,M,Lee,1880,2025,146,national_only,OD5_FULL_observed_support_1880_2025,OD3_released_record_share_by_year_and_sex,fully_published_146_of_146,146,0,true,none
M_Leland,M,Leland,1880,2025,146,national_only,OD5_FULL_observed_support_1880_2025,OD3_released_record_share_by_year_and_sex,fully_published_146_of_146,146,0,true,none
M_Lemuel,M,Lemuel,1880,2025,146,national_only,OD5_FULL_observed_support_1880_2025,OD3_released_record_share_by_year_and_sex,fully_published_146_of_146,146,0,true,none
M_Leo,M,Leo,1880,2025,146,national_only,OD5_FULL_observed_support_1880_2025,OD3_released_record_share_by_year_and_sex,fully_published_146_of_146,146,0,true,none
M_Leon,M,Leon,1880,2025,146,national_only,OD5_FULL_observed_support_1880_2025,OD3_released_record_share_by_year_and_sex,fully_published_146_of_146,146,0,true,none
M_Leonard,M,Leonard,1880,2025,146,national_only,OD5_FULL_observed_support_1880_2025,OD3_released_record_share_by_year_and_sex,fully_published_146_of_146,146,0,true,none
M_Leroy,M,Leroy,1880,2025,146,national_only,OD5_FULL_observed_support_1880_2025,OD3_released_record_share_by_year_and_sex,fully_published_146_of_146,146,0,true,none
M_Leslie,M,Leslie,1880,2025,146,national_only,OD5_FULL_observed_support_1880_2025,OD3_released_record_share_by_year_and_sex,fully_published_146_of_146,146,0,true,none
M_Lester,M,Lester,1880,2025,146,national_only,OD5_FULL_observed_support_1880_2025,OD3_released_record_share_by_year_and_sex,fully_published_146_of_146,146,0,true,none
M_Levi,M,Levi,1880,2025,146,national_only,OD5_FULL_observed_support_1880_2025,OD3_released_record_share_by_year_and_sex,fully_published_146_of_146,146,0,true,none
M_Levy,M,Levy,1880,2025,146,national_only,OD5_FULL_observed_support_1880_2025,OD3_released_record_share_by_year_and_sex,fully_published_146_of_146,146,0,true,none
M_Lewis,M,Lewis,1880,2025,146,national_only,OD5_FULL_observed_support_1880_2025,OD3_released_record_share_by_year_and_sex,fully_published_146_of_146,146,0,true,none
M_Lloyd,M,Lloyd,1880,2025,146,national_only,OD5_FULL_observed_support_1880_2025,OD3_released_record_share_by_year_and_sex,fully_published_146_of_146,146,0,true,none
M_Logan,M,Logan,1880,2025,146,national_only,OD5_FULL_observed_support_1880_2025,OD3_released_record_share_by_year_and_sex,fully_published_146_of_146,146,0,true,none
M_Lonnie,M,Lonnie,1880,2025,146,national_only,OD5_FULL_observed_support_1880_2025,OD3_released_record_share_by_year_and_sex,fully_published_146_of_146,146,0,true,none
M_Loren,M,Loren,1880,2025,146,national_only,OD5_FULL_observed_support_1880_2025,OD3_released_record_share_by_year_and_sex,fully_published_146_of_146,146,0,true,none
M_Lorenzo,M,Lorenzo,1880,2025,146,national_only,OD5_FULL_observed_support_1880_2025,OD3_released_record_share_by_year_and_sex,fully_published_146_of_146,146,0,true,none
M_Louie,M,Louie,1880,2025,146,national_only,OD5_FULL_observed_support_1880_2025,OD3_released_record_share_by_year_and_sex,fully_published_146_of_146,146,0,true,none
M_Louis,M,Louis,1880,2025,146,national_only,OD5_FULL_observed_support_1880_2025,OD3_released_record_share_by_year_and_sex,fully_published_146_of_146,146,0,true,none
M_Lucian,M,Lucian,1880,2025,146,national_only,OD5_FULL_observed_support_1880_2025,OD3_released_record_share_by_year_and_sex,fully_published_146_of_146,146,0,true,none
M_Lucien,M,Lucien,1880,2025,146,national_only,OD5_FULL_observed_support_1880_2025,OD3_released_record_share_by_year_and_sex,fully_published_146_of_146,146,0,true,none
M_Lucius,M,Lucius,1880,2025,146,national_only,OD5_FULL_observed_support_1880_2025,OD3_released_record_share_by_year_and_sex,fully_published_146_of_146,146,0,true,none
M_Luis,M,Luis,1880,2025,146,national_only,OD5_FULL_observed_support_1880_2025,OD3_released_record_share_by_year_and_sex,fully_published_146_of_146,146,0,true,none
M_Luke,M,Luke,1880,2025,146,national_only,OD5_FULL_observed_support_1880_2025,OD3_released_record_share_by_year_and_sex,fully_published_146_of_146,146,0,true,none
M_Luther,M,Luther,1880,2025,146,national_only,OD5_FULL_observed_support_1880_2025,OD3_released_record_share_by_year_and_sex,fully_published_146_of_146,146,0,true,none
M_Lyle,M,Lyle,1880,2025,146,national_only,OD5_FULL_observed_support_1880_2025,OD3_released_record_share_by_year_and_sex,fully_published_146_of_146,146,0,true,none
M_Lynn,M,Lynn,1880,2025,146,national_only,OD5_FULL_observed_support_1880_2025,OD3_released_record_share_by_year_and_sex,fully_published_146_of_146,146,0,true,none
M_Mack,M,Mack,1880,2025,146,national_only,OD5_FULL_observed_support_1880_2025,OD3_released_record_share_by_year_and_sex,fully_published_146_of_146,146,0,true,none
M_Major,M,Major,1880,2025,146,national_only,OD5_FULL_observed_support_1880_2025,OD3_released_record_share_by_year_and_sex,fully_published_146_of_146,146,0,true,none
M_Malcolm,M,Malcolm,1880,2025,146,national_only,OD5_FULL_observed_support_1880_2025,OD3_released_record_share_by_year_and_sex,fully_published_146_of_146,146,0,true,none
M_Manuel,M,Manuel,1880,2025,146,national_only,OD5_FULL_observed_support_1880_2025,OD3_released_record_share_by_year_and_sex,fully_published_146_of_146,146,0,true,none
M_Marcus,M,Marcus,1880,2025,146,national_only,OD5_FULL_observed_support_1880_2025,OD3_released_record_share_by_year_and_sex,fully_published_146_of_146,146,0,true,none
M_Marion,M,Marion,1880,2025,146,national_only,OD5_FULL_observed_support_1880_2025,OD3_released_record_share_by_year_and_sex,fully_published_146_of_146,146,0,true,none
M_Mark,M,Mark,1880,2025,146,national_only,OD5_FULL_observed_support_1880_2025,OD3_released_record_share_by_year_and_sex,fully_published_146_of_146,146,0,true,none
M_Marshall,M,Marshall,1880,2025,146,national_only,OD5_FULL_observed_support_1880_2025,OD3_released_record_share_by_year_and_sex,fully_published_146_of_146,146,0,true,none
M_Martin,M,Martin,1880,2025,146,national_only,OD5_FULL_observed_support_1880_2025,OD3_released_record_share_by_year_and_sex,fully_published_146_of_146,146,0,true,none
M_Marvin,M,Marvin,1880,2025,146,national_only,OD5_FULL_observed_support_1880_2025,OD3_released_record_share_by_year_and_sex,fully_published_146_of_146,146,0,true,none
M_Mason,M,Mason,1880,2025,146,national_only,OD5_FULL_observed_support_1880_2025,OD3_released_record_share_by_year_and_sex,fully_published_146_of_146,146,0,true,none
M_Mathew,M,Mathew,1880,2025,146,national_only,OD5_FULL_observed_support_1880_2025,OD3_released_record_share_by_year_and_sex,fully_published_146_of_146,146,0,true,none
M_Matt,M,Matt,1880,2025,146,national_only,OD5_FULL_observed_support_1880_2025,OD3_released_record_share_by_year_and_sex,fully_published_146_of_146,146,0,true,none
M_Matthew,M,Matthew,1880,2025,146,national_only,OD5_FULL_observed_support_1880_2025,OD3_released_record_share_by_year_and_sex,fully_published_146_of_146,146,0,true,none
M_Maurice,M,Maurice,1880,2025,146,national_only,OD5_FULL_observed_support_1880_2025,OD3_released_record_share_by_year_and_sex,fully_published_146_of_146,146,0,true,none
M_Max,M,Max,1880,2025,146,national_only,OD5_FULL_observed_support_1880_2025,OD3_released_record_share_by_year_and_sex,fully_published_146_of_146,146,0,true,none
M_Melvin,M,Melvin,1880,2025,146,national_only,OD5_FULL_observed_support_1880_2025,OD3_released_record_share_by_year_and_sex,fully_published_146_of_146,146,0,true,none
M_Merle,M,Merle,1880,2025,146,national_only,OD5_FULL_observed_support_1880_2025,OD3_released_record_share_by_year_and_sex,fully_published_146_of_146,146,0,true,none
M_Merritt,M,Merritt,1880,2025,146,national_only,OD5_FULL_observed_support_1880_2025,OD3_released_record_share_by_year_and_sex,fully_published_146_of_146,146,0,true,none
M_Michael,M,Michael,1880,2025,146,national_only,OD5_FULL_observed_support_1880_2025,OD3_released_record_share_by_year_and_sex,fully_published_146_of_146,146,0,true,none
M_Micheal,M,Micheal,1880,2025,146,national_only,OD5_FULL_observed_support_1880_2025,OD3_released_record_share_by_year_and_sex,fully_published_146_of_146,146,0,true,none
M_Mike,M,Mike,1880,2025,146,national_only,OD5_FULL_observed_support_1880_2025,OD3_released_record_share_by_year_and_sex,fully_published_146_of_146,146,0,true,none
M_Miles,M,Miles,1880,2025,146,national_only,OD5_FULL_observed_support_1880_2025,OD3_released_record_share_by_year_and_sex,fully_published_146_of_146,146,0,true,none
M_Miller,M,Miller,1880,2025,146,national_only,OD5_FULL_observed_support_1880_2025,OD3_released_record_share_by_year_and_sex,fully_published_146_of_146,146,0,true,none
M_Milo,M,Milo,1880,2025,146,national_only,OD5_FULL_observed_support_1880_2025,OD3_released_record_share_by_year_and_sex,fully_published_146_of_146,146,0,true,none
M_Milton,M,Milton,1880,2025,146,national_only,OD5_FULL_observed_support_1880_2025,OD3_released_record_share_by_year_and_sex,fully_published_146_of_146,146,0,true,none
M_Mitchell,M,Mitchell,1880,2025,146,national_only,OD5_FULL_observed_support_1880_2025,OD3_released_record_share_by_year_and_sex,fully_published_146_of_146,146,0,true,none
M_Monroe,M,Monroe,1880,2025,146,national_only,OD5_FULL_observed_support_1880_2025,OD3_released_record_share_by_year_and_sex,fully_published_146_of_146,146,0,true,none
M_Morgan,M,Morgan,1880,2025,146,national_only,OD5_FULL_observed_support_1880_2025,OD3_released_record_share_by_year_and_sex,fully_published_146_of_146,146,0,true,none
M_Morris,M,Morris,1880,2025,146,national_only,OD5_FULL_observed_support_1880_2025,OD3_released_record_share_by_year_and_sex,fully_published_146_of_146,146,0,true,none
M_Mose,M,Mose,1880,2025,146,national_only,OD5_FULL_observed_support_1880_2025,OD3_released_record_share_by_year_and_sex,fully_published_146_of_146,146,0,true,none
M_Moses,M,Moses,1880,2025,146,national_only,OD5_FULL_observed_support_1880_2025,OD3_released_record_share_by_year_and_sex,fully_published_146_of_146,146,0,true,none
M_Murray,M,Murray,1880,2025,146,national_only,OD5_FULL_observed_support_1880_2025,OD3_released_record_share_by_year_and_sex,fully_published_146_of_146,146,0,true,none
M_Myron,M,Myron,1880,2025,146,national_only,OD5_FULL_observed_support_1880_2025,OD3_released_record_share_by_year_and_sex,fully_published_146_of_146,146,0,true,none
M_Napoleon,M,Napoleon,1880,2025,146,national_only,OD5_FULL_observed_support_1880_2025,OD3_released_record_share_by_year_and_sex,fully_published_146_of_146,146,0,true,none
M_Nathan,M,Nathan,1880,2025,146,national_only,OD5_FULL_observed_support_1880_2025,OD3_released_record_share_by_year_and_sex,fully_published_146_of_146,146,0,true,none
M_Nathaniel,M,Nathaniel,1880,2025,146,national_only,OD5_FULL_observed_support_1880_2025,OD3_released_record_share_by_year_and_sex,fully_published_146_of_146,146,0,true,none
M_Neal,M,Neal,1880,2025,146,national_only,OD5_FULL_observed_support_1880_2025,OD3_released_record_share_by_year_and_sex,fully_published_146_of_146,146,0,true,none
M_Ned,M,Ned,1880,2025,146,national_only,OD5_FULL_observed_support_1880_2025,OD3_released_record_share_by_year_and_sex,fully_published_146_of_146,146,0,true,none
M_Neil,M,Neil,1880,2025,146,national_only,OD5_FULL_observed_support_1880_2025,OD3_released_record_share_by_year_and_sex,fully_published_146_of_146,146,0,true,none
M_Nels,M,Nels,1880,2025,146,national_only,OD5_FULL_observed_support_1880_2025,OD3_released_record_share_by_year_and_sex,fully_published_146_of_146,146,0,true,none
M_Nelson,M,Nelson,1880,2025,146,national_only,OD5_FULL_observed_support_1880_2025,OD3_released_record_share_by_year_and_sex,fully_published_146_of_146,146,0,true,none
M_Newton,M,Newton,1880,2025,146,national_only,OD5_FULL_observed_support_1880_2025,OD3_released_record_share_by_year_and_sex,fully_published_146_of_146,146,0,true,none
M_Nicholas,M,Nicholas,1880,2025,146,national_only,OD5_FULL_observed_support_1880_2025,OD3_released_record_share_by_year_and_sex,fully_published_146_of_146,146,0,true,none
M_Nick,M,Nick,1880,2025,146,national_only,OD5_FULL_observed_support_1880_2025,OD3_released_record_share_by_year_and_sex,fully_published_146_of_146,146,0,true,none
M_Noah,M,Noah,1880,2025,146,national_only,OD5_FULL_observed_support_1880_2025,OD3_released_record_share_by_year_and_sex,fully_published_146_of_146,146,0,true,none
M_Noble,M,Noble,1880,2025,146,national_only,OD5_FULL_observed_support_1880_2025,OD3_released_record_share_by_year_and_sex,fully_published_146_of_146,146,0,true,none
M_Noel,M,Noel,1880,2025,146,national_only,OD5_FULL_observed_support_1880_2025,OD3_released_record_share_by_year_and_sex,fully_published_146_of_146,146,0,true,none
M_Norman,M,Norman,1880,2025,146,national_only,OD5_FULL_observed_support_1880_2025,OD3_released_record_share_by_year_and_sex,fully_published_146_of_146,146,0,true,none
M_Norris,M,Norris,1880,2025,146,national_only,OD5_FULL_observed_support_1880_2025,OD3_released_record_share_by_year_and_sex,fully_published_146_of_146,146,0,true,none
M_Olin,M,Olin,1880,2025,146,national_only,OD5_FULL_observed_support_1880_2025,OD3_released_record_share_by_year_and_sex,fully_published_146_of_146,146,0,true,none
M_Oliver,M,Oliver,1880,2025,146,national_only,OD5_FULL_observed_support_1880_2025,OD3_released_record_share_by_year_and_sex,fully_published_146_of_146,146,0,true,none
M_Ollie,M,Ollie,1880,2025,146,national_only,OD5_FULL_observed_support_1880_2025,OD3_released_record_share_by_year_and_sex,fully_published_146_of_146,146,0,true,none
M_Omar,M,Omar,1880,2025,146,national_only,OD5_FULL_observed_support_1880_2025,OD3_released_record_share_by_year_and_sex,fully_published_146_of_146,146,0,true,none
M_Omer,M,Omer,1880,2025,146,national_only,OD5_FULL_observed_support_1880_2025,OD3_released_record_share_by_year_and_sex,fully_published_146_of_146,146,0,true,none
M_Oren,M,Oren,1880,2025,146,national_only,OD5_FULL_observed_support_1880_2025,OD3_released_record_share_by_year_and_sex,fully_published_146_of_146,146,0,true,none
M_Orin,M,Orin,1880,2025,146,national_only,OD5_FULL_observed_support_1880_2025,OD3_released_record_share_by_year_and_sex,fully_published_146_of_146,146,0,true,none
M_Orlando,M,Orlando,1880,2025,146,national_only,OD5_FULL_observed_support_1880_2025,OD3_released_record_share_by_year_and_sex,fully_published_146_of_146,146,0,true,none
M_Orrin,M,Orrin,1880,2025,146,national_only,OD5_FULL_observed_support_1880_2025,OD3_released_record_share_by_year_and_sex,fully_published_146_of_146,146,0,true,none
M_Orville,M,Orville,1880,2025,146,national_only,OD5_FULL_observed_support_1880_2025,OD3_released_record_share_by_year_and_sex,fully_published_146_of_146,146,0,true,none
M_Oscar,M,Oscar,1880,2025,146,national_only,OD5_FULL_observed_support_1880_2025,OD3_released_record_share_by_year_and_sex,fully_published_146_of_146,146,0,true,none
M_Oswald,M,Oswald,1880,2025,146,national_only,OD5_FULL_observed_support_1880_2025,OD3_released_record_share_by_year_and_sex,fully_published_146_of_146,146,0,true,none
M_Otis,M,Otis,1880,2025,146,national_only,OD5_FULL_observed_support_1880_2025,OD3_released_record_share_by_year_and_sex,fully_published_146_of_146,146,0,true,none
M_Otto,M,Otto,1880,2025,146,national_only,OD5_FULL_observed_support_1880_2025,OD3_released_record_share_by_year_and_sex,fully_published_146_of_146,146,0,true,none
M_Owen,M,Owen,1880,2025,146,national_only,OD5_FULL_observed_support_1880_2025,OD3_released_record_share_by_year_and_sex,fully_published_146_of_146,146,0,true,none
M_Parker,M,Parker,1880,2025,146,national_only,OD5_FULL_observed_support_1880_2025,OD3_released_record_share_by_year_and_sex,fully_published_146_of_146,146,0,true,none
M_Patrick,M,Patrick,1880,2025,146,national_only,OD5_FULL_observed_support_1880_2025,OD3_released_record_share_by_year_and_sex,fully_published_146_of_146,146,0,true,none
M_Paul,M,Paul,1880,2025,146,national_only,OD5_FULL_observed_support_1880_2025,OD3_released_record_share_by_year_and_sex,fully_published_146_of_146,146,0,true,none
M_Pedro,M,Pedro,1880,2025,146,national_only,OD5_FULL_observed_support_1880_2025,OD3_released_record_share_by_year_and_sex,fully_published_146_of_146,146,0,true,none
M_Percy,M,Percy,1880,2025,146,national_only,OD5_FULL_observed_support_1880_2025,OD3_released_record_share_by_year_and_sex,fully_published_146_of_146,146,0,true,none
M_Perry,M,Perry,1880,2025,146,national_only,OD5_FULL_observed_support_1880_2025,OD3_released_record_share_by_year_and_sex,fully_published_146_of_146,146,0,true,none
M_Pete,M,Pete,1880,2025,146,national_only,OD5_FULL_observed_support_1880_2025,OD3_released_record_share_by_year_and_sex,fully_published_146_of_146,146,0,true,none
M_Peter,M,Peter,1880,2025,146,national_only,OD5_FULL_observed_support_1880_2025,OD3_released_record_share_by_year_and_sex,fully_published_146_of_146,146,0,true,none
M_Phil,M,Phil,1880,2025,146,national_only,OD5_FULL_observed_support_1880_2025,OD3_released_record_share_by_year_and_sex,fully_published_146_of_146,146,0,true,none
M_Philip,M,Philip,1880,2025,146,national_only,OD5_FULL_observed_support_1880_2025,OD3_released_record_share_by_year_and_sex,fully_published_146_of_146,146,0,true,none
M_Phillip,M,Phillip,1880,2025,146,national_only,OD5_FULL_observed_support_1880_2025,OD3_released_record_share_by_year_and_sex,fully_published_146_of_146,146,0,true,none
M_Pierce,M,Pierce,1880,2025,146,national_only,OD5_FULL_observed_support_1880_2025,OD3_released_record_share_by_year_and_sex,fully_published_146_of_146,146,0,true,none
M_Porter,M,Porter,1880,2025,146,national_only,OD5_FULL_observed_support_1880_2025,OD3_released_record_share_by_year_and_sex,fully_published_146_of_146,146,0,true,none
M_Preston,M,Preston,1880,2025,146,national_only,OD5_FULL_observed_support_1880_2025,OD3_released_record_share_by_year_and_sex,fully_published_146_of_146,146,0,true,none
M_Price,M,Price,1880,2025,146,national_only,OD5_FULL_observed_support_1880_2025,OD3_released_record_share_by_year_and_sex,fully_published_146_of_146,146,0,true,none
M_Prince,M,Prince,1880,2025,146,national_only,OD5_FULL_observed_support_1880_2025,OD3_released_record_share_by_year_and_sex,fully_published_146_of_146,146,0,true,none
M_Raleigh,M,Raleigh,1880,2025,146,national_only,OD5_FULL_observed_support_1880_2025,OD3_released_record_share_by_year_and_sex,fully_published_146_of_146,146,0,true,none
M_Ralph,M,Ralph,1880,2025,146,national_only,OD5_FULL_observed_support_1880_2025,OD3_released_record_share_by_year_and_sex,fully_published_146_of_146,146,0,true,none
M_Ramon,M,Ramon,1880,2025,146,national_only,OD5_FULL_observed_support_1880_2025,OD3_released_record_share_by_year_and_sex,fully_published_146_of_146,146,0,true,none
M_Randolph,M,Randolph,1880,2025,146,national_only,OD5_FULL_observed_support_1880_2025,OD3_released_record_share_by_year_and_sex,fully_published_146_of_146,146,0,true,none
M_Ray,M,Ray,1880,2025,146,national_only,OD5_FULL_observed_support_1880_2025,OD3_released_record_share_by_year_and_sex,fully_published_146_of_146,146,0,true,none
M_Raymond,M,Raymond,1880,2025,146,national_only,OD5_FULL_observed_support_1880_2025,OD3_released_record_share_by_year_and_sex,fully_published_146_of_146,146,0,true,none
M_Reginald,M,Reginald,1880,2025,146,national_only,OD5_FULL_observed_support_1880_2025,OD3_released_record_share_by_year_and_sex,fully_published_146_of_146,146,0,true,none
M_Reuben,M,Reuben,1880,2025,146,national_only,OD5_FULL_observed_support_1880_2025,OD3_released_record_share_by_year_and_sex,fully_published_146_of_146,146,0,true,none
M_Rex,M,Rex,1880,2025,146,national_only,OD5_FULL_observed_support_1880_2025,OD3_released_record_share_by_year_and_sex,fully_published_146_of_146,146,0,true,none
M_Richard,M,Richard,1880,2025,146,national_only,OD5_FULL_observed_support_1880_2025,OD3_released_record_share_by_year_and_sex,fully_published_146_of_146,146,0,true,none
M_Richmond,M,Richmond,1880,2025,146,national_only,OD5_FULL_observed_support_1880_2025,OD3_released_record_share_by_year_and_sex,fully_published_146_of_146,146,0,true,none
M_Riley,M,Riley,1880,2025,146,national_only,OD5_FULL_observed_support_1880_2025,OD3_released_record_share_by_year_and_sex,fully_published_146_of_146,146,0,true,none
M_Robert,M,Robert,1880,2025,146,national_only,OD5_FULL_observed_support_1880_2025,OD3_released_record_share_by_year_and_sex,fully_published_146_of_146,146,0,true,none
M_Rodney,M,Rodney,1880,2025,146,national_only,OD5_FULL_observed_support_1880_2025,OD3_released_record_share_by_year_and_sex,fully_published_146_of_146,146,0,true,none
M_Roger,M,Roger,1880,2025,146,national_only,OD5_FULL_observed_support_1880_2025,OD3_released_record_share_by_year_and_sex,fully_published_146_of_146,146,0,true,none
M_Roland,M,Roland,1880,2025,146,national_only,OD5_FULL_observed_support_1880_2025,OD3_released_record_share_by_year_and_sex,fully_published_146_of_146,146,0,true,none
M_Rolland,M,Rolland,1880,2025,146,national_only,OD5_FULL_observed_support_1880_2025,OD3_released_record_share_by_year_and_sex,fully_published_146_of_146,146,0,true,none
M_Roscoe,M,Roscoe,1880,2025,146,national_only,OD5_FULL_observed_support_1880_2025,OD3_released_record_share_by_year_and_sex,fully_published_146_of_146,146,0,true,none
M_Ross,M,Ross,1880,2025,146,national_only,OD5_FULL_observed_support_1880_2025,OD3_released_record_share_by_year_and_sex,fully_published_146_of_146,146,0,true,none
M_Roy,M,Roy,1880,2025,146,national_only,OD5_FULL_observed_support_1880_2025,OD3_released_record_share_by_year_and_sex,fully_published_146_of_146,146,0,true,none
M_Royal,M,Royal,1880,2025,146,national_only,OD5_FULL_observed_support_1880_2025,OD3_released_record_share_by_year_and_sex,fully_published_146_of_146,146,0,true,none
M_Ruben,M,Ruben,1880,2025,146,national_only,OD5_FULL_observed_support_1880_2025,OD3_released_record_share_by_year_and_sex,fully_published_146_of_146,146,0,true,none
M_Rudolph,M,Rudolph,1880,2025,146,national_only,OD5_FULL_observed_support_1880_2025,OD3_released_record_share_by_year_and_sex,fully_published_146_of_146,146,0,true,none
M_Rufus,M,Rufus,1880,2025,146,national_only,OD5_FULL_observed_support_1880_2025,OD3_released_record_share_by_year_and_sex,fully_published_146_of_146,146,0,true,none
M_Rupert,M,Rupert,1880,2025,146,national_only,OD5_FULL_observed_support_1880_2025,OD3_released_record_share_by_year_and_sex,fully_published_146_of_146,146,0,true,none
M_Russell,M,Russell,1880,2025,146,national_only,OD5_FULL_observed_support_1880_2025,OD3_released_record_share_by_year_and_sex,fully_published_146_of_146,146,0,true,none
M_Sam,M,Sam,1880,2025,146,national_only,OD5_FULL_observed_support_1880_2025,OD3_released_record_share_by_year_and_sex,fully_published_146_of_146,146,0,true,none
M_Sampson,M,Sampson,1880,2025,146,national_only,OD5_FULL_observed_support_1880_2025,OD3_released_record_share_by_year_and_sex,fully_published_146_of_146,146,0,true,none
M_Samuel,M,Samuel,1880,2025,146,national_only,OD5_FULL_observed_support_1880_2025,OD3_released_record_share_by_year_and_sex,fully_published_146_of_146,146,0,true,none
M_Sandy,M,Sandy,1880,2025,146,national_only,OD5_FULL_observed_support_1880_2025,OD3_released_record_share_by_year_and_sex,fully_published_146_of_146,146,0,true,none
M_Sanford,M,Sanford,1880,2025,146,national_only,OD5_FULL_observed_support_1880_2025,OD3_released_record_share_by_year_and_sex,fully_published_146_of_146,146,0,true,none
M_Scott,M,Scott,1880,2025,146,national_only,OD5_FULL_observed_support_1880_2025,OD3_released_record_share_by_year_and_sex,fully_published_146_of_146,146,0,true,none
M_Seth,M,Seth,1880,2025,146,national_only,OD5_FULL_observed_support_1880_2025,OD3_released_record_share_by_year_and_sex,fully_published_146_of_146,146,0,true,none
M_Shelby,M,Shelby,1880,2025,146,national_only,OD5_FULL_observed_support_1880_2025,OD3_released_record_share_by_year_and_sex,fully_published_146_of_146,146,0,true,none
M_Sherman,M,Sherman,1880,2025,146,national_only,OD5_FULL_observed_support_1880_2025,OD3_released_record_share_by_year_and_sex,fully_published_146_of_146,146,0,true,none
M_Sidney,M,Sidney,1880,2025,146,national_only,OD5_FULL_observed_support_1880_2025,OD3_released_record_share_by_year_and_sex,fully_published_146_of_146,146,0,true,none
M_Silas,M,Silas,1880,2025,146,national_only,OD5_FULL_observed_support_1880_2025,OD3_released_record_share_by_year_and_sex,fully_published_146_of_146,146,0,true,none
M_Simon,M,Simon,1880,2025,146,national_only,OD5_FULL_observed_support_1880_2025,OD3_released_record_share_by_year_and_sex,fully_published_146_of_146,146,0,true,none
M_Sol,M,Sol,1880,2025,146,national_only,OD5_FULL_observed_support_1880_2025,OD3_released_record_share_by_year_and_sex,fully_published_146_of_146,146,0,true,none
M_Solomon,M,Solomon,1880,2025,146,national_only,OD5_FULL_observed_support_1880_2025,OD3_released_record_share_by_year_and_sex,fully_published_146_of_146,146,0,true,none
M_Spencer,M,Spencer,1880,2025,146,national_only,OD5_FULL_observed_support_1880_2025,OD3_released_record_share_by_year_and_sex,fully_published_146_of_146,146,0,true,none
M_Stanley,M,Stanley,1880,2025,146,national_only,OD5_FULL_observed_support_1880_2025,OD3_released_record_share_by_year_and_sex,fully_published_146_of_146,146,0,true,none
M_Stephen,M,Stephen,1880,2025,146,national_only,OD5_FULL_observed_support_1880_2025,OD3_released_record_share_by_year_and_sex,fully_published_146_of_146,146,0,true,none
M_Sterling,M,Sterling,1880,2025,146,national_only,OD5_FULL_observed_support_1880_2025,OD3_released_record_share_by_year_and_sex,fully_published_146_of_146,146,0,true,none
M_Steve,M,Steve,1880,2025,146,national_only,OD5_FULL_observed_support_1880_2025,OD3_released_record_share_by_year_and_sex,fully_published_146_of_146,146,0,true,none
M_Steven,M,Steven,1880,2025,146,national_only,OD5_FULL_observed_support_1880_2025,OD3_released_record_share_by_year_and_sex,fully_published_146_of_146,146,0,true,none
M_Stewart,M,Stewart,1880,2025,146,national_only,OD5_FULL_observed_support_1880_2025,OD3_released_record_share_by_year_and_sex,fully_published_146_of_146,146,0,true,none
M_Stuart,M,Stuart,1880,2025,146,national_only,OD5_FULL_observed_support_1880_2025,OD3_released_record_share_by_year_and_sex,fully_published_146_of_146,146,0,true,none
M_Sydney,M,Sydney,1880,2025,146,national_only,OD5_FULL_observed_support_1880_2025,OD3_released_record_share_by_year_and_sex,fully_published_146_of_146,146,0,true,none
M_Sylvester,M,Sylvester,1880,2025,146,national_only,OD5_FULL_observed_support_1880_2025,OD3_released_record_share_by_year_and_sex,fully_published_146_of_146,146,0,true,none
M_Taylor,M,Taylor,1880,2025,146,national_only,OD5_FULL_observed_support_1880_2025,OD3_released_record_share_by_year_and_sex,fully_published_146_of_146,146,0,true,none
M_Ted,M,Ted,1880,2025,146,national_only,OD5_FULL_observed_support_1880_2025,OD3_released_record_share_by_year_and_sex,fully_published_146_of_146,146,0,true,none
M_Thad,M,Thad,1880,2025,146,national_only,OD5_FULL_observed_support_1880_2025,OD3_released_record_share_by_year_and_sex,fully_published_146_of_146,146,0,true,none
M_Theo,M,Theo,1880,2025,146,national_only,OD5_FULL_observed_support_1880_2025,OD3_released_record_share_by_year_and_sex,fully_published_146_of_146,146,0,true,none
M_Theodore,M,Theodore,1880,2025,146,national_only,OD5_FULL_observed_support_1880_2025,OD3_released_record_share_by_year_and_sex,fully_published_146_of_146,146,0,true,none
M_Thomas,M,Thomas,1880,2025,146,national_only,OD5_FULL_observed_support_1880_2025,OD3_released_record_share_by_year_and_sex,fully_published_146_of_146,146,0,true,none
M_Tim,M,Tim,1880,2025,146,national_only,OD5_FULL_observed_support_1880_2025,OD3_released_record_share_by_year_and_sex,fully_published_146_of_146,146,0,true,none
M_Timothy,M,Timothy,1880,2025,146,national_only,OD5_FULL_observed_support_1880_2025,OD3_released_record_share_by_year_and_sex,fully_published_146_of_146,146,0,true,none
M_Tom,M,Tom,1880,2025,146,national_only,OD5_FULL_observed_support_1880_2025,OD3_released_record_share_by_year_and_sex,fully_published_146_of_146,146,0,true,none
M_Tomas,M,Tomas,1880,2025,146,national_only,OD5_FULL_observed_support_1880_2025,OD3_released_record_share_by_year_and_sex,fully_published_146_of_146,146,0,true,none
M_Tommie,M,Tommie,1880,2025,146,national_only,OD5_FULL_observed_support_1880_2025,OD3_released_record_share_by_year_and_sex,fully_published_146_of_146,146,0,true,none
M_Tommy,M,Tommy,1880,2025,146,national_only,OD5_FULL_observed_support_1880_2025,OD3_released_record_share_by_year_and_sex,fully_published_146_of_146,146,0,true,none
M_Tony,M,Tony,1880,2025,146,national_only,OD5_FULL_observed_support_1880_2025,OD3_released_record_share_by_year_and_sex,fully_published_146_of_146,146,0,true,none
M_Troy,M,Troy,1880,2025,146,national_only,OD5_FULL_observed_support_1880_2025,OD3_released_record_share_by_year_and_sex,fully_published_146_of_146,146,0,true,none
M_Truman,M,Truman,1880,2025,146,national_only,OD5_FULL_observed_support_1880_2025,OD3_released_record_share_by_year_and_sex,fully_published_146_of_146,146,0,true,none
M_Turner,M,Turner,1880,2025,146,national_only,OD5_FULL_observed_support_1880_2025,OD3_released_record_share_by_year_and_sex,fully_published_146_of_146,146,0,true,none
M_Ulysses,M,Ulysses,1880,2025,146,national_only,OD5_FULL_observed_support_1880_2025,OD3_released_record_share_by_year_and_sex,fully_published_146_of_146,146,0,true,none
M_Valentine,M,Valentine,1880,2025,146,national_only,OD5_FULL_observed_support_1880_2025,OD3_released_record_share_by_year_and_sex,fully_published_146_of_146,146,0,true,none
M_Van,M,Van,1880,2025,146,national_only,OD5_FULL_observed_support_1880_2025,OD3_released_record_share_by_year_and_sex,fully_published_146_of_146,146,0,true,none
M_Vance,M,Vance,1880,2025,146,national_only,OD5_FULL_observed_support_1880_2025,OD3_released_record_share_by_year_and_sex,fully_published_146_of_146,146,0,true,none
M_Vernon,M,Vernon,1880,2025,146,national_only,OD5_FULL_observed_support_1880_2025,OD3_released_record_share_by_year_and_sex,fully_published_146_of_146,146,0,true,none
M_Victor,M,Victor,1880,2025,146,national_only,OD5_FULL_observed_support_1880_2025,OD3_released_record_share_by_year_and_sex,fully_published_146_of_146,146,0,true,none
M_Vincent,M,Vincent,1880,2025,146,national_only,OD5_FULL_observed_support_1880_2025,OD3_released_record_share_by_year_and_sex,fully_published_146_of_146,146,0,true,none
M_Virgil,M,Virgil,1880,2025,146,national_only,OD5_FULL_observed_support_1880_2025,OD3_released_record_share_by_year_and_sex,fully_published_146_of_146,146,0,true,none
M_Wade,M,Wade,1880,2025,146,national_only,OD5_FULL_observed_support_1880_2025,OD3_released_record_share_by_year_and_sex,fully_published_146_of_146,146,0,true,none
M_Walker,M,Walker,1880,2025,146,national_only,OD5_FULL_observed_support_1880_2025,OD3_released_record_share_by_year_and_sex,fully_published_146_of_146,146,0,true,none
M_Wallace,M,Wallace,1880,2025,146,national_only,OD5_FULL_observed_support_1880_2025,OD3_released_record_share_by_year_and_sex,fully_published_146_of_146,146,0,true,none
M_Walter,M,Walter,1880,2025,146,national_only,OD5_FULL_observed_support_1880_2025,OD3_released_record_share_by_year_and_sex,fully_published_146_of_146,146,0,true,none
M_Ward,M,Ward,1880,2025,146,national_only,OD5_FULL_observed_support_1880_2025,OD3_released_record_share_by_year_and_sex,fully_published_146_of_146,146,0,true,none
M_Warner,M,Warner,1880,2025,146,national_only,OD5_FULL_observed_support_1880_2025,OD3_released_record_share_by_year_and_sex,fully_published_146_of_146,146,0,true,none
M_Warren,M,Warren,1880,2025,146,national_only,OD5_FULL_observed_support_1880_2025,OD3_released_record_share_by_year_and_sex,fully_published_146_of_146,146,0,true,none
M_Wayne,M,Wayne,1880,2025,146,national_only,OD5_FULL_observed_support_1880_2025,OD3_released_record_share_by_year_and_sex,fully_published_146_of_146,146,0,true,none
M_Wesley,M,Wesley,1880,2025,146,national_only,OD5_FULL_observed_support_1880_2025,OD3_released_record_share_by_year_and_sex,fully_published_146_of_146,146,0,true,none
M_West,M,West,1880,2025,146,national_only,OD5_FULL_observed_support_1880_2025,OD3_released_record_share_by_year_and_sex,fully_published_146_of_146,146,0,true,none
M_Wilber,M,Wilber,1880,2025,146,national_only,OD5_FULL_observed_support_1880_2025,OD3_released_record_share_by_year_and_sex,fully_published_146_of_146,146,0,true,none
M_Wilbert,M,Wilbert,1880,2025,146,national_only,OD5_FULL_observed_support_1880_2025,OD3_released_record_share_by_year_and_sex,fully_published_146_of_146,146,0,true,none
M_Wilbur,M,Wilbur,1880,2025,146,national_only,OD5_FULL_observed_support_1880_2025,OD3_released_record_share_by_year_and_sex,fully_published_146_of_146,146,0,true,none
M_Wiley,M,Wiley,1880,2025,146,national_only,OD5_FULL_observed_support_1880_2025,OD3_released_record_share_by_year_and_sex,fully_published_146_of_146,146,0,true,none
M_Wilfred,M,Wilfred,1880,2025,146,national_only,OD5_FULL_observed_support_1880_2025,OD3_released_record_share_by_year_and_sex,fully_published_146_of_146,146,0,true,none
M_Will,M,Will,1880,2025,146,national_only,OD5_FULL_observed_support_1880_2025,OD3_released_record_share_by_year_and_sex,fully_published_146_of_146,146,0,true,none
M_Willard,M,Willard,1880,2025,146,national_only,OD5_FULL_observed_support_1880_2025,OD3_released_record_share_by_year_and_sex,fully_published_146_of_146,146,0,true,none
M_William,M,William,1880,2025,146,national_only,OD5_FULL_observed_support_1880_2025,OD3_released_record_share_by_year_and_sex,fully_published_146_of_146,146,0,true,none
M_Williams,M,Williams,1880,2025,146,national_only,OD5_FULL_observed_support_1880_2025,OD3_released_record_share_by_year_and_sex,fully_published_146_of_146,146,0,true,none
M_Willie,M,Willie,1880,2025,146,national_only,OD5_FULL_observed_support_1880_2025,OD3_released_record_share_by_year_and_sex,fully_published_146_of_146,146,0,true,none
M_Willis,M,Willis,1880,2025,146,national_only,OD5_FULL_observed_support_1880_2025,OD3_released_record_share_by_year_and_sex,fully_published_146_of_146,146,0,true,none
M_Wilmer,M,Wilmer,1880,2025,146,national_only,OD5_FULL_observed_support_1880_2025,OD3_released_record_share_by_year_and_sex,fully_published_146_of_146,146,0,true,none
M_Wilson,M,Wilson,1880,2025,146,national_only,OD5_FULL_observed_support_1880_2025,OD3_released_record_share_by_year_and_sex,fully_published_146_of_146,146,0,true,none
M_Wyatt,M,Wyatt,1880,2025,146,national_only,OD5_FULL_observed_support_1880_2025,OD3_released_record_share_by_year_and_sex,fully_published_146_of_146,146,0,true,none
M_Zack,M,Zack,1880,2025,146,national_only,OD5_FULL_observed_support_1880_2025,OD3_released_record_share_by_year_and_sex,fully_published_146_of_146,146,0,true,none
